x,y,z,class,start_time,end_time,start_datetime,end_datetime,sound_path,sampled,background_silence,birds,frogs,human_speech,insects,mammals,misc/uncertain,rain_(heavy),rain_(light),vehicles_(aircraft/cars),wind_(strong),wind_(light),propagated_class,mfcc_1,mfcc_2,mfcc_3,mfcc_4,mfcc_5,mfcc_6,mfcc_7,mfcc_8,mfcc_9,mfcc_10,mfcc_11,mfcc_12,mfcc_13
11.579153,6.8220677,6.7976236,0,0,0,00:00.0,00:00.0,uploads\b67551bc-3737-11f0-85b7-581122bb7f2c\20210419T000000+1000_REC_0.wav,False,0,0,0,0,0,0,0,0,0,0,0,0,rain (light),-5.9958186,1.4194231,0.38885492,0.6689608,-0.0204641,0.22900106,-0.014116089,0.21287183,0.048503306,0.2125301,0.07964141,0.1953333,0.11667925
10.576732,6.215612,5.965248,0,0,0,00:00.0,00:00.0,uploads\b67551bc-3737-11f0-85b7-581122bb7f2c\20210419T000000+1000_REC_1.wav,False,0,0,0,0,0,0,0,0,0,0,0,0,rain (light),-6.0353127,1.2535725,0.3897051,0.6157001,0.061873794,0.2603685,0.041235816,0.22431001,-1.7305704e-06,0.15556917,0.107101664,0.1877524,0.11744239
11.500875,7.5241375,7.143081,0,0,0,00:00.0,00:00.0,uploads\b67551bc-3737-11f0-85b7-581122bb7f2c\20210419T000000+1000_REC_2.wav,False,0,0,0,0,0,0,0,0,0,0,0,0,rain (light),-5.985396,1.4162432,0.43289876,0.755227,-0.0016636896,0.22101879,-0.014987663,0.2233186,-0.0050204033,0.20340611,0.10987786,0.18604633,0.109635815
11.077563,6.182502,6.297458,0,0,0,00:00.0,00:00.0,uploads\b67551bc-3737-11f0-85b7-581122bb7f2c\20210419T000000+1000_REC_3.wav,False,0,0,0,0,0,0,0,0,0,0,0,0,rain (light),-6.0401382,1.2163517,0.38923514,0.6264129,0.04798713,0.26366195,0.031501986,0.2331613,0.060433306,0.21517526,0.12530574,0.21659993,0.114847586
10.763161,6.088688,6.443488,0,0,0,00:00.0,00:00.0,uploads\b67551bc-3737-11f0-85b7-581122bb7f2c\20210419T000000+1000_REC_4.wav,False,0,0,0,0,0,0,0,0,0,0,0,0,rain (light),-6.041263,1.216038,0.39517292,0.62257856,0.050200496,0.24182971,0.015836198,0.2278571,0.07389722,0.23068179,0.1093946,0.17171459,0.10385223
11.158929,6.4048743,6.566027,0,0,0,00:00.0,00:00.0,uploads\b67551bc-3737-11f0-85b7-581122bb7f2c\20210419T000000+1000_REC_5.wav,False,0,0,0,0,0,0,0,0,0,0,0,0,rain (light),-6.0202193,1.3130075,0.41714728,0.62710863,0.012850428,0.25301215,0.025123397,0.25122833,0.07055575,0.2073779,0.11740544,0.19838576,0.09648229
11.265192,6.177471,6.7520247,0,0,0,00:00.0,00:00.0,uploads\b67551bc-3737-11f0-85b7-581122bb7f2c\20210419T000000+1000_REC_6.wav,False,0,0,0,0,0,0,0,0,0,0,0,0,rain (light),-6.024438,1.2692008,0.43389547,0.64756644,-0.0031817053,0.28080657,0.026288839,0.23994493,0.05755162,0.23680456,0.10021981,0.2116693,0.10981277
8.973501,6.6487894,3.813166,0,0,0,00:00.0,00:00.0,uploads\b67551bc-3737-11f0-85b7-581122bb7f2c\20210419T000000+1000_REC_7.wav,False,0,0,0,0,0,0,0,0,0,0,0,0,rain (light),-6.0780935,1.0467935,0.39775515,0.541109,0.07278447,0.22456366,0.10252918,0.22041465,0.124903776,0.17552422,0.104636155,0.14792567,0.12294415
11.191313,6.4163833,6.568081,0,0,0,00:00.0,00:00.0,uploads\b67551bc-3737-11f0-85b7-581122bb7f2c\20210419T000000+1000_REC_8.wav,False,0,0,0,0,0,0,0,0,0,0,0,0,rain (light),-6.0258794,1.2676678,0.4195221,0.6498128,0.047292177,0.294004,0.046747208,0.2546673,0.07331518,0.21002498,0.12925683,0.2093525,0.0935744
11.448857,7.3624907,7.126451,0,0,0,00:00.0,00:00.0,uploads\b67551bc-3737-11f0-85b7-581122bb7f2c\20210419T000000+1000_REC_9.wav,False,0,0,0,0,0,0,0,0,0,0,0,0,rain (light),-5.9869504,1.4196563,0.43750736,0.71131945,0.009590078,0.30923042,0.009217613,0.23336661,0.05492632,0.2172601,0.108065575,0.19411118,0.109306276
11.403059,7.155831,7.3164353,0,0,0,00:00.0,00:00.0,uploads\b67551bc-3737-11f0-85b7-581122bb7f2c\20210419T000000+1000_REC_10.wav,True,0,0,0,0,0,0,0,0,1,0,0,0,rain (light),-5.989492,1.4225533,0.45637202,0.67812186,0.020514924,0.28927946,0.018240185,0.25683308,0.05662875,0.18706384,0.040021032,0.17981982,0.11943523
11.494034,7.3917146,7.121166,0,0,0,00:00.0,00:00.0,uploads\b67551bc-3737-11f0-85b7-581122bb7f2c\20210419T000000+1000_REC_11.wav,False,0,0,0,0,0,0,0,0,0,0,0,0,rain (light),-5.9931836,1.3939677,0.4803525,0.69291157,0.020065023,0.28101388,0.016923785,0.2141581,0.062495578,0.22123125,0.10458999,0.20520644,0.099385165
11.553399,7.4697266,7.1791654,0,0,0,00:00.0,00:00.0,uploads\b67551bc-3737-11f0-85b7-581122bb7f2c\20210419T000000+1000_REC_12.wav,False,0,0,0,0,0,0,0,0,0,0,0,0,rain (light),-5.9828806,1.447163,0.49602202,0.6704379,0.04834638,0.29429132,0.0023765846,0.20858924,0.04742573,0.20284088,0.09207893,0.19608109,0.103752516
10.6012335,6.602334,6.3478937,0,0,0,00:00.0,00:00.0,uploads\b67551bc-3737-11f0-85b7-581122bb7f2c\20210419T000000+1000_REC_13.wav,False,0,0,0,0,0,0,0,0,0,0,0,0,rain (light),-6.0218425,1.3051206,0.45323133,0.61530614,0.05853994,0.27260625,0.035704143,0.240478,0.07562758,0.18465385,0.09398499,0.17594321,0.100141004
11.394159,7.322798,7.4163775,0,0,0,00:00.0,00:00.0,uploads\b67551bc-3737-11f0-85b7-581122bb7f2c\20210419T000000+1000_REC_14.wav,False,0,0,0,0,0,0,0,0,0,0,0,0,rain (light),-5.9539876,1.5727148,0.49677417,0.6587394,-0.012673464,0.2738246,-0.018261107,0.22346716,0.06551771,0.21277395,0.061929487,0.17340192,0.091672726
10.580841,6.3417478,5.887068,0,0,0,00:00.0,00:00.0,uploads\b67551bc-3737-11f0-85b7-581122bb7f2c\20210419T000000+1000_REC_15.wav,False,0,0,0,0,0,0,0,0,0,0,0,0,rain (light),-6.032493,1.264597,0.44418412,0.6032757,0.05213229,0.25364533,0.022199597,0.1905656,0.049718026,0.17282875,0.0735049,0.17539003,0.09439308
12.373549,7.746867,7.973281,0,0,0,00:00.0,00:00.0,uploads\b67551bc-3737-11f0-85b7-581122bb7f2c\20210419T000000+1000_REC_16.wav,False,0,0,0,0,0,0,0,0,0,0,0,0,rain (light),-5.93489,1.6094191,0.50401765,0.7435139,-0.05740559,0.2906247,-0.03242143,0.19156067,0.028107041,0.17295292,-0.006765779,0.13053584,0.07808381
12.170001,9.323425,8.419634,0,0,0,00:00.0,00:00.0,uploads\b67551bc-3737-11f0-85b7-581122bb7f2c\20210419T000000+1000_REC_17.wav,False,0,0,0,0,0,0,0,0,0,0,0,0,rain (light),-5.9649897,1.509402,0.51996416,0.6971222,-0.029776933,0.24425079,-0.06422438,0.1486527,0.02798972,0.19070831,0.056679435,0.1504916,0.07599119
10.625958,7.409889,6.4044256,0,0,0,00:00.0,00:00.0,uploads\b67551bc-3737-11f0-85b7-581122bb7f2c\20210419T000000+1000_REC_18.wav,False,0,0,0,0,0,0,0,0,0,0,0,0,rain (light),-6.01028,1.3281541,0.45418194,0.68291837,0.010282509,0.2683607,-0.0003075438,0.21810846,0.062254544,0.21513176,0.07029602,0.15976477,0.078839555
10.519187,6.6801,6.292493,0,0,0,00:00.0,00:00.0,uploads\b67551bc-3737-11f0-85b7-581122bb7f2c\20210419T000000+1000_REC_19.wav,False,0,0,0,0,0,0,0,0,0,0,0,0,rain (light),-6.051553,1.1845932,0.3786046,0.57633513,0.03985032,0.28074825,0.044893496,0.22174527,0.057105005,0.17850518,0.065641135,0.15502399,0.11168572
11.988315,7.483298,7.431648,0,0,0,00:00.0,00:00.0,uploads\b67551bc-3737-11f0-85b7-581122bb7f2c\20210419T000000+1000_REC_20.wav,False,0,0,0,0,0,0,0,0,0,0,0,0,rain (light),-5.9935465,1.4068342,0.4282389,0.69551104,0.037248936,0.27198666,-0.038714956,0.20682292,0.004927786,0.17105718,0.058570553,0.18747641,0.09932941
10.903844,6.8934946,6.863517,0,0,0,00:00.0,00:00.0,uploads\b67551bc-3737-11f0-85b7-581122bb7f2c\20210419T000000+1000_REC_21.wav,False,0,0,0,0,0,0,0,0,0,0,0,0,rain (light),-6.0072737,1.3571519,0.40425968,0.6645658,0.018410916,0.2751435,0.021343207,0.27494308,0.04430585,0.19597234,0.08221623,0.20203222,0.10311907
11.981192,7.5390887,7.426756,0,0,0,00:00.0,00:00.0,uploads\b67551bc-3737-11f0-85b7-581122bb7f2c\20210419T000000+1000_REC_22.wav,False,0,0,0,0,0,0,0,0,0,0,0,0,rain (light),-5.968467,1.505852,0.44589877,0.7045989,0.041143958,0.3005232,-0.022777895,0.21329667,0.004888526,0.19235902,0.05230012,0.17617826,0.10380728
10.864626,7.122512,6.8328705,0,0,0,00:00.0,00:00.0,uploads\b67551bc-3737-11f0-85b7-581122bb7f2c\20210419T000000+1000_REC_23.wav,True,0,0,0,0,0,0,0,0,1,0,0,0,rain (light),-5.976315,1.4643914,0.40456176,0.7259852,-0.018140856,0.29436827,-0.0009080858,0.2586456,0.00049053517,0.18312405,0.078753345,0.21368572,0.11287546
10.982387,6.8941803,7.0399218,0,0,0,00:00.0,00:00.0,uploads\b67551bc-3737-11f0-85b7-581122bb7f2c\20210419T000000+1000_REC_24.wav,False,0,0,0,0,0,0,0,0,0,0,0,0,rain (light),-6.000051,1.388672,0.4110819,0.66295,0.046681855,0.31132168,-0.008940816,0.25865468,0.043711092,0.18133382,0.048676405,0.17818609,0.08564725
11.345977,7.3607903,7.297707,0,0,0,00:00.0,00:00.0,uploads\b67551bc-3737-11f0-85b7-581122bb7f2c\20210419T000000+1000_REC_25.wav,False,0,0,0,0,0,0,0,0,0,0,0,0,rain (light),-5.9755974,1.4574488,0.40213254,0.7445001,0.03132755,0.30067274,-0.045669105,0.22740178,0.02255798,0.2395366,0.10620234,0.21336272,0.09897078
11.891037,7.614898,7.3798647,0,0,0,00:00.0,00:00.0,uploads\b67551bc-3737-11f0-85b7-581122bb7f2c\20210419T000000+1000_REC_26.wav,False,0,0,0,0,0,0,0,0,0,0,0,0,rain (light),-5.9844337,1.4392952,0.41024387,0.72175306,0.023441324,0.26528433,-0.047658984,0.2152017,0.037496563,0.19802691,0.05179194,0.18242748,0.11057552
12.186868,7.665504,7.7689476,0,0,0,00:00.0,00:00.0,uploads\b67551bc-3737-11f0-85b7-581122bb7f2c\20210419T000000+1000_REC_27.wav,False,0,0,0,0,0,0,0,0,0,0,0,0,rain (light),-5.9677615,1.4704247,0.45219553,0.78069544,-0.003559457,0.2997882,-0.018786663,0.19700162,-0.0155579345,0.182115,0.015374862,0.15097481,0.11040319
11.283943,7.2795477,7.4125757,0,0,0,00:00.0,00:00.0,uploads\b67551bc-3737-11f0-85b7-581122bb7f2c\20210419T000000+1000_REC_28.wav,False,0,0,0,0,0,0,0,0,0,0,0,0,rain (light),-5.9730587,1.4656829,0.43978468,0.7307481,-0.0127073405,0.33702007,0.019175226,0.23787312,0.03614614,0.23081534,0.057157837,0.16965625,0.08684411
11.521208,6.645807,6.6830025,0,0,0,00:00.0,00:00.0,uploads\b67551bc-3737-11f0-85b7-581122bb7f2c\20210419T000000+1000_REC_29.wav,False,0,0,0,0,0,0,0,0,0,0,0,0,rain (light),-6.002138,1.3721749,0.42757484,0.6776807,0.025129542,0.26913917,-0.025075832,0.2134702,0.051970374,0.21110138,0.09615574,0.21801998,0.12103707
11.861493,7.0794654,7.354092,0,0,0,00:00.0,00:00.0,uploads\b67551bc-3737-11f0-85b7-581122bb7f2c\20210419T000000+1000_REC_30.wav,False,0,0,0,0,0,0,0,0,0,0,0,0,rain (light),-6.0008273,1.3706156,0.4278987,0.69483334,0.040057924,0.31504816,-0.00014304585,0.21661122,0.055933114,0.18460621,0.061672967,0.1863098,0.098763384
10.530418,6.858659,6.262753,0,0,0,00:00.0,00:00.0,uploads\b67551bc-3737-11f0-85b7-581122bb7f2c\20210419T000000+1000_REC_31.wav,True,0,0,0,0,0,0,0,0,1,0,0,0,rain (light),-6.0370927,1.2473776,0.40941116,0.59335554,0.015005607,0.25404492,-0.0036843861,0.21557947,0.060126543,0.198534,0.0893422,0.15944424,0.10554457
11.969084,7.519471,7.415134,0,0,0,00:00.0,00:00.0,uploads\b67551bc-3737-11f0-85b7-581122bb7f2c\20210419T000000+1000_REC_32.wav,False,0,0,0,0,0,0,0,0,0,0,0,0,rain (light),-5.991773,1.4064622,0.4369603,0.6865285,0.011276779,0.31083247,-0.046430655,0.21490358,-0.014500815,0.18987189,0.08558195,0.17818253,0.11017928
11.96125,7.322962,7.6437907,0,0,0,00:00.0,00:00.0,uploads\b67551bc-3737-11f0-85b7-581122bb7f2c\20210419T000000+1000_REC_33.wav,False,0,0,0,0,0,0,0,0,0,0,0,0,rain (light),-5.9993563,1.3754405,0.44769293,0.69609106,0.07978973,0.30579576,0.013248421,0.2213574,0.029076029,0.17457661,0.042651843,0.12828027,0.035925698
12.014842,7.3663483,7.6650534,0,0,0,00:00.0,00:00.0,uploads\b67551bc-3737-11f0-85b7-581122bb7f2c\20210419T000000+1000_REC_34.wav,False,0,0,0,0,0,0,0,0,0,0,0,0,rain (light),-5.9690742,1.4922386,0.4553242,0.7268398,0.04118435,0.30397978,-0.014041414,0.20580024,-0.02820033,0.15216275,0.026872698,0.1394125,0.055898633
12.188029,9.118476,8.510453,0,0,0,00:00.0,00:00.0,uploads\b67551bc-3737-11f0-85b7-581122bb7f2c\20210419T000000+1000_REC_35.wav,False,0,0,0,0,0,0,0,0,0,0,0,0,rain (light),-5.962573,1.5272633,0.4758116,0.70099694,-0.021656191,0.25235617,-0.058557834,0.19752671,-0.013366608,0.15822214,0.053408563,0.1585562,0.09061638
11.4374895,7.5450273,7.1214647,0,0,0,00:00.0,00:00.0,uploads\b67551bc-3737-11f0-85b7-581122bb7f2c\20210419T000000+1000_REC_36.wav,False,0,0,0,0,0,0,0,0,0,0,0,0,rain (light),-5.9988575,1.3734165,0.42189077,0.7048637,0.0030186824,0.29857153,-0.014138829,0.21932621,0.040220253,0.20857814,0.06663515,0.19054429,0.07534897
11.280325,6.5968184,6.612606,0,0,0,00:00.0,00:00.0,uploads\b67551bc-3737-11f0-85b7-581122bb7f2c\20210419T000000+1000_REC_37.wav,False,0,0,0,0,0,0,0,0,0,0,0,0,rain (light),-6.0055456,1.3230493,0.3918383,0.74689955,-0.008836265,0.31078434,0.014804943,0.24099477,0.04935483,0.2041542,0.076064505,0.21092731,0.11366337
10.840247,6.7955437,7.098706,0,0,0,00:00.0,00:00.0,uploads\b67551bc-3737-11f0-85b7-581122bb7f2c\20210419T000000+1000_REC_38.wav,False,0,0,0,0,0,0,0,0,0,0,0,0,rain (light),-6.0148187,1.2980074,0.39965135,0.7024327,0.025233518,0.32219297,0.02638669,0.26497924,0.06234383,0.19857904,0.061765175,0.19256434,0.08264276
10.833386,6.7005305,6.2685304,0,0,0,00:00.0,00:00.0,uploads\b67551bc-3737-11f0-85b7-581122bb7f2c\20210419T000000+1000_REC_39.wav,False,0,0,0,0,0,0,0,0,0,0,0,0,rain (light),-6.035341,1.2325772,0.35934237,0.6565274,0.03515624,0.2658324,-0.019463714,0.24493077,0.059043612,0.18496346,0.099661596,0.20384334,0.13309759
10.520245,6.638366,6.3822894,0,0,0,00:00.0,00:00.0,uploads\b67551bc-3737-11f0-85b7-581122bb7f2c\20210419T000000+1000_REC_40.wav,False,0,0,0,0,0,0,0,0,0,0,0,0,rain (light),-6.0402517,1.2165128,0.35284832,0.64516634,0.042864054,0.27342132,0.021908315,0.25716123,0.04595194,0.18313818,0.07678691,0.1682507,0.11456938
10.679141,5.8096743,6.1436467,0,0,0,00:00.0,00:00.0,uploads\b67551bc-3737-11f0-85b7-581122bb7f2c\20210419T000000+1000_REC_41.wav,False,0,0,0,0,0,0,0,0,0,0,0,0,rain (light),-6.062177,1.1179146,0.32389507,0.59036076,0.06210555,0.30590624,0.059524313,0.25559518,0.090924725,0.2085048,0.10791859,0.19478722,0.108956896
10.742942,6.0384464,6.672999,0,0,0,00:00.0,00:00.0,uploads\b67551bc-3737-11f0-85b7-581122bb7f2c\20210419T000000+1000_REC_42.wav,False,0,0,0,0,0,0,0,0,0,0,0,0,rain (light),-6.039974,1.1944029,0.3654946,0.66329646,0.079182185,0.34117576,0.056346435,0.24472958,0.069304116,0.21591258,0.09774208,0.18965317,0.089665934
10.819224,6.7651277,7.0851808,0,0,0,00:00.0,00:00.0,uploads\b67551bc-3737-11f0-85b7-581122bb7f2c\20210419T000000+1000_REC_43.wav,False,0,0,0,0,0,0,0,0,0,0,0,0,rain (light),-6.0334673,1.2253251,0.38594982,0.66666466,0.042910855,0.30597958,0.0596542,0.2825489,0.08416626,0.20582442,0.056231827,0.17902164,0.097669885
10.785087,6.0877166,6.531259,0,0,0,00:00.0,00:00.0,uploads\b67551bc-3737-11f0-85b7-581122bb7f2c\20210419T000000+1000_REC_44.wav,True,0,0,0,0,0,0,0,0,1,0,0,0,rain (light),-6.0305343,1.2649167,0.39318138,0.62281007,0.014668597,0.28065977,0.028016567,0.23740259,0.060592197,0.23619588,0.09862095,0.17621705,0.0945198
10.63428,6.3115916,6.55165,0,0,0,00:00.0,00:00.0,uploads\b67551bc-3737-11f0-85b7-581122bb7f2c\20210419T000000+1000_REC_45.wav,False,0,0,0,0,0,0,0,0,0,0,0,0,rain (light),-6.0427003,1.2073505,0.3456835,0.6256931,0.06056921,0.32352668,0.07142392,0.2608913,0.05640739,0.1992218,0.08313719,0.16115323,0.10040103
11.071045,6.654483,6.76981,0,0,0,00:00.0,00:00.0,uploads\b67551bc-3737-11f0-85b7-581122bb7f2c\20210419T000000+1000_REC_46.wav,False,0,0,0,0,0,0,0,0,0,0,0,0,rain (light),-6.017985,1.3125646,0.35691616,0.6559351,0.03196211,0.31818256,-0.004528665,0.25853372,0.025316615,0.1931538,0.095113985,0.20706438,0.09908903
12.012311,7.1838136,7.322226,0,0,0,00:00.0,00:00.0,uploads\b67551bc-3737-11f0-85b7-581122bb7f2c\20210419T000000+1000_REC_47.wav,False,0,0,0,0,0,0,0,0,0,0,0,0,rain (light),-6.0006037,1.349141,0.42495888,0.72153586,0.03736695,0.33153322,-0.031152144,0.22515221,-0.0045613996,0.16125363,0.04899134,0.20527193,0.11283056
11.225141,6.4782796,6.500818,0,0,0,00:00.0,00:00.0,uploads\b67551bc-3737-11f0-85b7-581122bb7f2c\20210419T000000+1000_REC_48.wav,False,0,0,0,0,0,0,0,0,0,0,0,0,rain (light),-6.019589,1.3198663,0.36617118,0.62596995,0.028515147,0.2983153,0.0006048806,0.24876715,0.037442762,0.19800939,0.08996107,0.21806116,0.11697267
11.511016,6.682049,6.6448054,0,0,0,00:00.0,00:00.0,uploads\b67551bc-3737-11f0-85b7-581122bb7f2c\20210419T000000+1000_REC_49.wav,False,0,0,0,0,0,0,0,0,0,0,0,0,rain (light),-6.0144095,1.3002313,0.44684994,0.6833815,0.01400883,0.2843814,-0.0142166875,0.20850153,0.019115096,0.22443576,0.113118246,0.21143648,0.118179776
11.190167,6.0570335,6.8728323,0,0,0,00:00.0,00:00.0,uploads\b67551bc-3737-11f0-85b7-581122bb7f2c\20210419T000000+1000_REC_50.wav,False,0,0,0,0,0,0,0,0,0,0,0,0,rain (light),-6.014623,1.3146123,0.3758857,0.6743974,0.05846247,0.34166873,-0.0013743208,0.2304235,0.061671805,0.23366722,0.086201616,0.19796295,0.11799475
11.147994,6.1009717,6.271592,0,0,0,00:00.0,00:00.0,uploads\b67551bc-3737-11f0-85b7-581122bb7f2c\20210419T000000+1000_REC_51.wav,True,0,0,0,0,0,0,0,0,1,0,0,0,rain (light),-6.038798,1.2218244,0.384017,0.6124247,0.084238246,0.3065503,0.0120419925,0.23322706,0.050649434,0.21502253,0.09851924,0.23143205,0.13364194
11.140936,5.9360523,6.3118877,0,0,0,00:00.0,00:00.0,uploads\b67551bc-3737-11f0-85b7-581122bb7f2c\20210419T000000+1000_REC_52.wav,False,0,0,0,0,0,0,0,0,0,0,0,0,rain (light),-6.038602,1.2166202,0.35863015,0.62645996,0.06404041,0.3347497,0.0039248364,0.21318567,0.06430237,0.21825969,0.08802241,0.24252838,0.14089058
11.20293,5.967627,6.372611,0,0,0,00:00.0,00:00.0,uploads\b67551bc-3737-11f0-85b7-581122bb7f2c\20210419T000000+1000_REC_53.wav,False,0,0,0,0,0,0,0,0,0,0,0,0,rain (light),-6.031193,1.2365329,0.40788817,0.63701504,0.062972374,0.3312363,0.019132532,0.24644074,0.077911615,0.21602955,0.114496514,0.2503028,0.123713635
10.67794,5.8335953,6.1570907,0,0,0,00:00.0,00:00.0,uploads\b67551bc-3737-11f0-85b7-581122bb7f2c\20210419T000000+1000_REC_54.wav,False,0,0,0,0,0,0,0,0,0,0,0,0,rain (light),-6.059756,1.1440933,0.35754177,0.5605724,0.058390863,0.29440603,0.055957817,0.22305067,0.072457485,0.21215177,0.091527164,0.19021297,0.118129216
11.174132,6.28053,6.648365,0,0,0,00:00.0,00:00.0,uploads\b67551bc-3737-11f0-85b7-581122bb7f2c\20210419T000000+1000_REC_55.wav,False,0,0,0,0,0,0,0,0,0,0,0,0,rain (light),-6.0263977,1.281225,0.39081106,0.61994797,0.022503816,0.30669096,0.0033707777,0.24913412,0.045166332,0.21657941,0.09779386,0.19587646,0.11628038
11.461676,7.366514,7.3429136,0,0,0,00:00.0,00:00.0,uploads\b67551bc-3737-11f0-85b7-581122bb7f2c\20210419T000000+1000_REC_56.wav,True,0,0,0,0,0,0,0,0,1,0,0,0,rain (light),-6.0155735,1.3081514,0.41808757,0.6628409,0.09369177,0.35206893,-0.02325212,0.20321137,0.047941435,0.2207593,0.09482702,0.15736672,0.07962672
11.964785,6.9342937,7.184651,0,0,0,00:00.0,00:00.0,uploads\b67551bc-3737-11f0-85b7-581122bb7f2c\20210419T000000+1000_REC_57.wav,False,0,0,0,0,0,0,0,0,0,0,0,0,rain (light),-6.0034475,1.3669902,0.42699707,0.64781654,0.06719907,0.34605774,-0.029205402,0.23714468,0.04363407,0.18466361,0.06579469,0.20893802,0.13879065
11.272887,5.9810495,6.3576727,0,0,0,00:00.0,00:00.0,uploads\b67551bc-3737-11f0-85b7-581122bb7f2c\20210419T000000+1000_REC_58.wav,False,0,0,0,0,0,0,0,0,0,0,0,0,rain (light),-6.034408,1.217207,0.39448747,0.64707357,0.06520709,0.3455006,0.0058846963,0.21622126,0.02309804,0.22048594,0.14597386,0.22707725,0.12292401
11.290176,6.113336,6.8071575,0,0,0,00:00.0,00:00.0,uploads\b67551bc-3737-11f0-85b7-581122bb7f2c\20210419T000000+1000_REC_59.wav,False,0,0,0,0,0,0,0,0,0,0,0,0,rain (light),-6.022895,1.264925,0.39881724,0.68145686,0.040577788,0.33361945,0.036093254,0.22293656,0.053386047,0.24031189,0.09072709,0.21458676,0.11870354
11.107635,6.3302736,6.303514,0,0,0,00:00.0,00:00.0,uploads\b67551bc-3737-11f0-85b7-581122bb7f2c\20210419T000000+1000_REC_60.wav,False,0,0,0,0,0,0,0,0,0,0,0,0,rain (light),-6.0399427,1.2138815,0.3510871,0.6380319,0.04081328,0.29873884,0.03493826,0.24249646,0.016162463,0.1885071,0.10131252,0.22100003,0.1255623
11.847268,7.0628114,7.311172,0,0,0,00:00.0,00:00.0,uploads\b67551bc-3737-11f0-85b7-581122bb7f2c\20210419T000000+1000_REC_61.wav,False,0,0,0,0,0,0,0,0,0,0,0,0,rain (light),-6.00758,1.3404074,0.40644875,0.6878878,0.042407524,0.33492342,-0.014258546,0.22582512,0.03561024,0.1951021,0.06852594,0.17404118,0.120519936
10.739,6.7544775,6.804645,0,0,0,00:00.0,00:00.0,uploads\b67551bc-3737-11f0-85b7-581122bb7f2c\20210419T000000+1000_REC_62.wav,False,0,0,0,0,0,0,0,0,0,0,0,0,rain (light),-6.001521,1.3710358,0.411578,0.6870693,0.0374937,0.33098936,0.04620623,0.26228994,0.027879536,0.144368,0.074716635,0.18281727,0.07936666
11.120203,7.165979,7.4398093,0,0,0,00:00.0,00:00.0,uploads\b67551bc-3737-11f0-85b7-581122bb7f2c\20210419T000000+1000_REC_63.wav,False,0,0,0,0,0,0,0,0,0,0,0,0,rain (light),-5.999377,1.3481178,0.4609358,0.7001753,0.011726628,0.3702261,0.008902624,0.24741477,0.02651718,0.2144703,0.056165136,0.16405873,0.09919499
10.82135,6.563949,7.0088806,0,0,0,00:00.0,00:00.0,uploads\b67551bc-3737-11f0-85b7-581122bb7f2c\20210419T000000+1000_REC_64.wav,False,0,0,0,0,0,0,0,0,0,0,0,0,rain (light),-6.0043592,1.3448501,0.41737822,0.6826009,0.081468575,0.36821288,0.026782924,0.26591286,0.040726535,0.20519245,0.06325702,0.1971587,0.10713526
11.977007,6.9593244,7.2085733,0,0,0,00:00.0,00:00.0,uploads\b67551bc-3737-11f0-85b7-581122bb7f2c\20210419T000000+1000_REC_65.wav,False,0,0,0,0,0,0,0,0,0,0,0,0,rain (light),-6.013618,1.3066036,0.42342362,0.6769332,0.047267485,0.33289057,-0.013822662,0.22906072,0.01330601,0.18820302,0.06835262,0.21412155,0.1484646
10.986416,5.666656,6.3437033,0,0,0,00:00.0,00:00.0,uploads\b67551bc-3737-11f0-85b7-581122bb7f2c\20210419T000000+1000_REC_66.wav,False,0,0,0,0,0,0,0,0,0,0,0,0,rain (light),-6.0486917,1.1741829,0.3628703,0.59527814,0.06684328,0.33050403,0.045013458,0.22772427,0.071691364,0.25192213,0.10974653,0.22660562,0.12843762
10.679869,5.808112,6.1693063,0,0,0,00:00.0,00:00.0,uploads\b67551bc-3737-11f0-85b7-581122bb7f2c\20210419T000000+1000_REC_67.wav,False,0,0,0,0,0,0,0,0,0,0,0,0,rain (light),-6.0663486,1.0776118,0.35773894,0.5945041,0.085377745,0.33020258,0.07141282,0.25595567,0.07930238,0.20810798,0.08446584,0.19117524,0.11726629
10.75262,5.708755,6.097492,0,0,0,00:00.0,00:00.0,uploads\b67551bc-3737-11f0-85b7-581122bb7f2c\20210419T000000+1000_REC_68.wav,False,0,0,0,0,0,0,0,0,0,0,0,0,rain (light),-6.0742292,1.0502759,0.29807237,0.57392997,0.08824013,0.32885757,0.07438959,0.24248762,0.059868935,0.21126974,0.12390535,0.21573429,0.09904136
10.475867,5.4803324,5.7595143,0,0,0,00:00.0,00:00.0,uploads\b67551bc-3737-11f0-85b7-581122bb7f2c\20210419T000000+1000_REC_69.wav,False,0,0,0,0,0,0,0,0,0,0,0,0,rain (light),-6.0887194,0.9679301,0.3303076,0.53242713,0.10266659,0.31056505,0.06548154,0.24924603,0.10567591,0.21555327,0.108751416,0.21047719,0.14447692
10.753996,6.3486385,6.7828326,0,0,0,00:00.0,00:00.0,uploads\b67551bc-3737-11f0-85b7-581122bb7f2c\20210419T000000+1000_REC_70.wav,True,0,0,0,0,0,0,0,0,1,0,0,0,rain (light),-6.041956,1.1959201,0.3646633,0.6228993,0.08377443,0.3537442,0.062293664,0.2770511,0.081165135,0.1907463,0.06815166,0.21553445,0.10883226
10.669983,5.8323946,6.225876,0,0,0,00:00.0,00:00.0,uploads\b67551bc-3737-11f0-85b7-581122bb7f2c\20210419T000000+1000_REC_71.wav,False,0,0,0,0,0,0,0,0,0,0,0,0,rain (light),-6.0592465,1.1290007,0.35740483,0.5739905,0.09841875,0.33928615,0.05284578,0.24605025,0.1130026,0.21944498,0.08545877,0.18936494,0.08274917
10.832929,5.649437,6.283446,0,0,0,00:00.0,00:00.0,uploads\b67551bc-3737-11f0-85b7-581122bb7f2c\20210419T000000+1000_REC_72.wav,False,0,0,0,0,0,0,0,0,0,0,0,0,rain (light),-6.0600038,1.1053025,0.33074662,0.5949381,0.074858636,0.38409564,0.06817776,0.25827155,0.079374544,0.21715687,0.10000118,0.21341652,0.123605706
10.858964,5.619394,6.32414,0,0,0,00:00.0,00:00.0,uploads\b67551bc-3737-11f0-85b7-581122bb7f2c\20210419T000000+1000_REC_73.wav,False,0,0,0,0,0,0,0,0,0,0,0,0,rain (light),-6.03816,1.2177808,0.3618413,0.6072209,0.08362876,0.38394704,0.061830197,0.25320655,0.06444634,0.22428954,0.095882066,0.2078346,0.13054377
10.7705965,6.4820137,6.8899207,0,0,0,00:00.0,00:00.0,uploads\b67551bc-3737-11f0-85b7-581122bb7f2c\20210419T000000+1000_REC_74.wav,False,0,0,0,0,0,0,0,0,0,0,0,0,rain (light),-6.0359406,1.2045399,0.36907476,0.66983914,0.09209519,0.38596633,0.06364921,0.240535,0.047262117,0.1709457,0.07028091,0.20015797,0.08275789
10.752716,6.392224,6.8336253,0,0,0,00:00.0,00:00.0,uploads\b67551bc-3737-11f0-85b7-581122bb7f2c\20210419T000000+1000_REC_75.wav,False,0,0,0,0,0,0,0,0,0,0,0,0,rain (light),-6.0302463,1.2486564,0.35353625,0.63870895,0.071909085,0.37803578,0.055385277,0.26598808,0.067276664,0.19720313,0.096531354,0.22188756,0.10902465
11.992728,6.9652247,7.2165236,0,0,0,00:00.0,00:00.0,uploads\b67551bc-3737-11f0-85b7-581122bb7f2c\20210419T000000+1000_REC_76.wav,False,0,0,0,0,0,0,0,0,0,0,0,0,rain (light),-6.0071936,1.3353876,0.41883695,0.6861726,0.028340874,0.35186756,0.03411241,0.22385621,0.008251368,0.17422453,0.076304175,0.21497558,0.13884553
12.563647,8.908473,8.802443,0,0,0,00:00.0,00:00.0,uploads\b67551bc-3737-11f0-85b7-581122bb7f2c\20210419T000000+1000_REC_77.wav,False,0,0,0,0,0,0,0,0,0,0,0,0,rain (light),-5.9745474,1.4218156,0.51800185,0.77653456,0.050720803,0.30365616,-0.042932663,0.21392062,-0.010462813,0.1602008,0.03669444,0.1915146,0.09143738
11.949194,7.5034,7.414435,0,0,0,00:00.0,00:00.0,uploads\b67551bc-3737-11f0-85b7-581122bb7f2c\20210419T000000+1000_REC_78.wav,False,0,0,0,0,0,0,0,0,0,0,0,0,rain (light),-6.00062,1.3576195,0.44978425,0.70968515,0.062171187,0.31576103,-0.023484547,0.1920977,0.0025861294,0.19383805,0.082091674,0.16772912,0.083859906
10.776008,6.3585973,6.798461,0,0,0,00:00.0,00:00.0,uploads\b67551bc-3737-11f0-85b7-581122bb7f2c\20210419T000000+1000_REC_79.wav,False,0,0,0,0,0,0,0,0,0,0,0,0,rain (light),-6.0408397,1.1928552,0.3550783,0.65703714,0.08278005,0.34651077,0.031342637,0.2403271,0.054323893,0.19668074,0.085011065,0.21241078,0.101765744
10.968854,5.7383995,6.2785854,0,0,0,00:00.0,00:00.0,uploads\b67551bc-3737-11f0-85b7-581122bb7f2c\20210419T000000+1000_REC_80.wav,False,0,0,0,0,0,0,0,0,0,0,0,0,rain (light),-6.0504136,1.1532714,0.36742547,0.6164455,0.0774399,0.35316816,0.040107496,0.22209306,0.061227545,0.2218983,0.10697449,0.21596594,0.13476062
11.341772,6.162781,6.808482,0,0,0,00:00.0,00:00.0,uploads\b67551bc-3737-11f0-85b7-581122bb7f2c\20210419T000000+1000_REC_81.wav,False,0,0,0,0,0,0,0,0,0,0,0,0,rain (light),-6.037042,1.2052935,0.39558172,0.6486503,0.07682884,0.35229895,0.030796118,0.20421545,0.03491361,0.24874727,0.117837645,0.1939826,0.08936034
10.791487,6.3094587,6.752649,0,0,0,00:00.0,00:00.0,uploads\b67551bc-3737-11f0-85b7-581122bb7f2c\20210419T000000+1000_REC_82.wav,False,0,0,0,0,0,0,0,0,0,0,0,0,rain (light),-6.0371246,1.2027558,0.36772335,0.65452796,0.09713146,0.37922686,0.045483246,0.23636462,0.049443576,0.20142147,0.09288916,0.2225366,0.12644696
10.861139,5.6266565,6.32843,0,0,0,00:00.0,00:00.0,uploads\b67551bc-3737-11f0-85b7-581122bb7f2c\20210419T000000+1000_REC_83.wav,False,0,0,0,0,0,0,0,0,0,0,0,0,rain (light),-6.043446,1.2004154,0.36162162,0.6049601,0.07838105,0.338761,0.038965426,0.25831193,0.07987143,0.22560143,0.094729654,0.19280557,0.13775444
11.177311,5.9869437,6.364019,0,0,0,00:00.0,00:00.0,uploads\b67551bc-3737-11f0-85b7-581122bb7f2c\20210419T000000+1000_REC_84.wav,False,0,0,0,0,0,0,0,0,0,0,0,0,rain (light),-6.0337386,1.2308428,0.40183556,0.617395,0.095878124,0.36329442,0.00504549,0.22934334,0.04598966,0.21123956,0.12373648,0.22573356,0.123531096
10.867037,5.6288433,6.3340673,0,0,0,00:00.0,00:00.0,uploads\b67551bc-3737-11f0-85b7-581122bb7f2c\20210419T000000+1000_REC_85.wav,False,0,0,0,0,0,0,0,0,0,0,0,0,rain (light),-6.06298,1.1124024,0.37022543,0.53841233,0.053155947,0.31884405,0.0532958,0.27883208,0.08248065,0.21412505,0.10198778,0.22563699,0.16203061
10.598005,6.0283422,5.9941797,0,0,0,00:00.0,00:00.0,uploads\b67551bc-3737-11f0-85b7-581122bb7f2c\20210419T000000+1000_REC_86.wav,True,0,0,0,0,0,0,0,0,1,0,0,0,rain (light),-6.062497,1.1109931,0.352315,0.5775505,0.088193804,0.33738753,0.061033987,0.2368597,0.052061662,0.17723243,0.11465158,0.21852097,0.121006146
11.607494,6.2208724,6.593189,0,0,0,00:00.0,00:00.0,uploads\b67551bc-3737-11f0-85b7-581122bb7f2c\20210419T000000+1000_REC_87.wav,False,0,0,0,0,0,0,0,0,0,0,0,0,rain (light),-6.02268,1.2948428,0.3647531,0.637421,0.095683955,0.32088146,-0.031314246,0.19653332,0.011407833,0.21193095,0.12934402,0.23482537,0.11649931
11.120165,6.1435504,6.269127,0,0,0,00:00.0,00:00.0,uploads\b67551bc-3737-11f0-85b7-581122bb7f2c\20210419T000000+1000_REC_88.wav,True,0,0,0,0,0,0,0,0,1,0,0,0,rain (light),-6.0302916,1.2790275,0.35687447,0.58610374,0.04776842,0.33848128,0.029871047,0.24655922,0.04410979,0.20041926,0.09514622,0.22937468,0.11530239
11.979145,6.9531937,7.2045584,0,0,0,00:00.0,00:00.0,uploads\b67551bc-3737-11f0-85b7-581122bb7f2c\20210419T000000+1000_REC_89.wav,False,0,0,0,0,0,0,0,0,0,0,0,0,rain (light),-6.025768,1.2607089,0.42024234,0.65817654,0.093925856,0.33631384,0.025651585,0.23291802,0.03344391,0.16974123,0.080516845,0.2074286,0.13393988
10.55187,6.0539417,5.9817514,0,0,0,00:00.0,00:00.0,uploads\b67551bc-3737-11f0-85b7-581122bb7f2c\20210419T000000+1000_REC_90.wav,False,0,0,0,0,0,0,0,0,0,0,0,0,rain (light),-6.054354,1.1354245,0.34738752,0.64413244,0.060524754,0.31465963,0.050810542,0.22748221,0.050072376,0.17833453,0.082535,0.19133885,0.12692931
10.5796585,5.938469,6.0525694,0,0,0,00:00.0,00:00.0,uploads\b67551bc-3737-11f0-85b7-581122bb7f2c\20210419T000000+1000_REC_91.wav,False,0,0,0,0,0,0,0,0,0,0,0,0,rain (light),-6.0655794,1.0707718,0.36800668,0.63469976,0.03469112,0.27082625,0.08047706,0.25032258,0.082990065,0.20314659,0.09326619,0.1871937,0.1113252
11.037809,7.130443,7.383838,0,0,0,00:00.0,00:00.0,uploads\b67551bc-3737-11f0-85b7-581122bb7f2c\20210419T000000+1000_REC_92.wav,False,0,0,0,0,0,0,0,0,0,0,0,0,rain (light),-5.9961348,1.3456091,0.4065221,0.7819085,0.027902095,0.33976653,0.048671972,0.24858822,0.0054383385,0.19979708,0.0628753,0.16383743,0.06648917
11.176794,9.61994,7.9102774,0,0,0,00:00.0,00:00.0,uploads\b67551bc-3737-11f0-85b7-581122bb7f2c\20210419T000000+1000_REC_93.wav,False,0,0,0,0,0,0,0,0,0,0,0,0,rain (light),-5.973279,1.4354018,0.4078858,0.8150216,0.018746998,0.2870438,-0.034694783,0.2613529,0.009415394,0.18452905,0.044039197,0.18393964,0.10067769
11.1544895,9.698766,7.910996,0,0,0,00:00.0,00:00.0,uploads\b67551bc-3737-11f0-85b7-581122bb7f2c\20210419T000000+1000_REC_94.wav,False,0,0,0,0,0,0,0,0,0,0,0,0,rain (light),-5.9852843,1.4100229,0.39327383,0.7570173,-0.040748335,0.28097668,-0.006880153,0.2727908,0.008648181,0.21364772,0.06697504,0.18020266,0.10930127
10.827183,6.810301,7.2980413,0,0,0,00:00.0,00:00.0,uploads\b67551bc-3737-11f0-85b7-581122bb7f2c\20210419T000000+1000_REC_95.wav,False,0,0,0,0,0,0,0,0,0,0,0,0,rain (light),-6.0029697,1.3459358,0.38407123,0.7233992,0.008643856,0.32143593,0.021088867,0.2783736,0.057720624,0.21456888,0.071493685,0.18364125,0.07314203
10.85771,6.676731,7.2153068,0,0,0,00:00.0,00:00.0,uploads\b67551bc-3737-11f0-85b7-581122bb7f2c\20210419T000000+1000_REC_96.wav,True,0,0,0,0,0,0,0,0,1,0,0,0,rain (light),-6.0123634,1.318346,0.38268703,0.6813797,0.055062022,0.34359655,0.02706967,0.2742585,0.03989211,0.21657573,0.07411759,0.18858445,0.06189034
10.793732,6.5129924,6.9567437,0,0,0,00:00.0,00:00.0,uploads\b67551bc-3737-11f0-85b7-581122bb7f2c\20210419T000000+1000_REC_97.wav,False,0,0,0,0,0,0,0,0,0,0,0,0,rain (light),-6.015051,1.3043436,0.3380641,0.69000626,0.12062023,0.38871938,0.037601866,0.2543811,0.045046188,0.20280991,0.07001526,0.20260902,0.09027889
10.783263,6.5069394,6.945378,0,0,0,00:00.0,00:00.0,uploads\b67551bc-3737-11f0-85b7-581122bb7f2c\20210419T000000+1000_REC_98.wav,False,0,0,0,0,0,0,0,0,0,0,0,0,rain (light),-6.021872,1.2745905,0.3994061,0.6456187,0.061211932,0.39920726,0.039319996,0.26372838,0.0745727,0.2016039,0.07677882,0.19475241,0.091839775
11.934906,6.8732953,7.1241198,0,0,0,00:00.0,00:00.0,uploads\b67551bc-3737-11f0-85b7-581122bb7f2c\20210419T000000+1000_REC_99.wav,False,0,0,0,0,0,0,0,0,0,0,0,0,rain (light),-6.0168877,1.2873669,0.4046548,0.6892709,0.0869453,0.3537707,-0.008189675,0.20065981,0.024800636,0.201461,0.076901875,0.23342812,0.120060965
11.159664,5.915109,6.388871,0,0,0,00:00.0,00:00.0,uploads\b67551bc-3737-11f0-85b7-581122bb7f2c\20210419T000000+1000_REC_100.wav,False,0,0,0,0,0,0,0,0,0,0,0,0,rain (light),-6.0346365,1.2393987,0.38430116,0.5963023,0.066962056,0.348598,0.024317652,0.24768202,0.057348855,0.2178099,0.12226636,0.24653065,0.12055858
11.225594,6.0233054,6.4020615,0,0,0,00:00.0,00:00.0,uploads\b67551bc-3737-11f0-85b7-581122bb7f2c\20210419T000000+1000_REC_101.wav,True,0,0,0,0,0,0,0,0,1,0,0,0,rain (light),-6.0193644,1.286533,0.3781609,0.67440283,0.067927524,0.34537902,0.020654283,0.2431539,0.06328659,0.21135907,0.10701917,0.24600875,0.119130604
10.825547,5.6191497,6.1373477,0,0,0,00:00.0,00:00.0,uploads\b67551bc-3737-11f0-85b7-581122bb7f2c\20210419T000000+1000_REC_102.wav,False,0,0,0,0,0,0,0,0,0,0,0,0,rain (light),-6.0616045,1.1001731,0.38496265,0.59198916,0.09811765,0.33634594,0.058145814,0.22807834,0.085090615,0.20922962,0.109521545,0.21871085,0.117271796
10.781512,5.5949545,6.0362625,0,0,0,00:00.0,00:00.0,uploads\b67551bc-3737-11f0-85b7-581122bb7f2c\20210419T000000+1000_REC_103.wav,False,0,0,0,0,0,0,0,0,0,0,0,0,rain (light),-6.063044,1.0997814,0.3922462,0.56807756,0.113442674,0.32401097,0.014264462,0.21108106,0.064552344,0.21212983,0.10748082,0.23279065,0.13365728
10.914414,5.6158175,6.3755984,0,0,0,00:00.0,00:00.0,uploads\b67551bc-3737-11f0-85b7-581122bb7f2c\20210419T000000+1000_REC_104.wav,False,0,0,0,0,0,0,0,0,0,0,0,0,rain (light),-6.051193,1.1717592,0.3803237,0.5691308,0.0799035,0.30633825,0.01797512,0.25047857,0.08883367,0.22678865,0.1141301,0.21968041,0.14232123
10.75099,5.5307646,5.987711,0,0,0,00:00.0,00:00.0,uploads\b67551bc-3737-11f0-85b7-581122bb7f2c\20210419T000000+1000_REC_105.wav,False,0,0,0,0,0,0,0,0,0,0,0,0,rain (light),-6.0679493,1.0718607,0.38516012,0.57210773,0.08652114,0.28960627,0.01823209,0.22112225,0.087405585,0.23285711,0.1317806,0.23855054,0.14583011
10.737581,5.542846,5.9788322,0,0,0,00:00.0,00:00.0,uploads\b67551bc-3737-11f0-85b7-581122bb7f2c\20210419T000000+1000_REC_106.wav,False,0,0,0,0,0,0,0,0,0,0,0,0,rain (light),-6.0731483,1.0598195,0.36065853,0.5519508,0.101735264,0.29401618,0.02102012,0.20700642,0.066176124,0.22301598,0.13163865,0.2226576,0.12282334
10.464011,5.470362,5.741178,0,0,0,00:00.0,00:00.0,uploads\b67551bc-3737-11f0-85b7-581122bb7f2c\20210419T000000+1000_REC_107.wav,False,0,0,0,0,0,0,0,0,0,0,0,0,rain (light),-6.0974984,0.9316972,0.3379731,0.4812564,0.11831536,0.27570724,0.06363182,0.25137642,0.0957944,0.19283175,0.13080041,0.22135675,0.1745294
10.458658,5.466917,5.7353616,0,0,0,00:00.0,00:00.0,uploads\b67551bc-3737-11f0-85b7-581122bb7f2c\20210419T000000+1000_REC_108.wav,False,0,0,0,0,0,0,0,0,0,0,0,0,rain (light),-6.0895324,0.97502494,0.35308018,0.51178473,0.10402388,0.2852152,0.0518552,0.2318908,0.098353066,0.2088427,0.13101602,0.20188342,0.13904752
7.9086375,5.8629484,3.3095722,0,0,0,00:00.0,00:00.0,uploads\b67551bc-3737-11f0-85b7-581122bb7f2c\20210419T000000+1000_REC_109.wav,True,0,0,0,0,0,0,0,0,1,0,0,0,rain (light),-6.0993195,0.8970013,0.34854236,0.48894674,0.13499822,0.3099508,0.11855412,0.22516628,0.15537289,0.2406234,0.18198594,0.22270954,0.16440253
10.476741,5.475043,5.7559133,0,0,0,00:00.0,00:00.0,uploads\b67551bc-3737-11f0-85b7-581122bb7f2c\20210419T000000+1000_REC_110.wav,False,0,0,0,0,0,0,0,0,0,0,0,0,rain (light),-6.0766425,1.0443356,0.3821819,0.52778566,0.09997077,0.29615662,0.060503844,0.23788,0.08764501,0.19451764,0.1250858,0.2168566,0.143358
10.475744,5.469084,5.7535543,0,0,0,00:00.0,00:00.0,uploads\b67551bc-3737-11f0-85b7-581122bb7f2c\20210419T000000+1000_REC_111.wav,False,0,0,0,0,0,0,0,0,0,0,0,0,rain (light),-6.075382,1.0658956,0.36077338,0.51347905,0.082232274,0.28691447,0.047298912,0.22409308,0.09807662,0.21483982,0.13129096,0.21561612,0.13626035
10.988915,6.2571545,7.0093985,0,0,0,00:00.0,00:00.0,uploads\b67551bc-3737-11f0-85b7-581122bb7f2c\20210419T000000+1000_REC_112.wav,False,0,0,0,0,0,0,0,0,0,0,0,0,rain (light),-6.00726,1.3585585,0.4070542,0.6496789,0.06050349,0.30063522,-0.0154793095,0.26900515,0.06216846,0.22776125,0.07803151,0.17744423,0.10344024
11.963451,6.961922,7.208635,0,0,0,00:00.0,00:00.0,uploads\b67551bc-3737-11f0-85b7-581122bb7f2c\20210419T000000+1000_REC_113.wav,True,0,0,0,0,0,0,0,0,1,0,0,0,rain (light),-6.0091896,1.3498669,0.41158178,0.649589,0.052825302,0.32934693,-0.0018463195,0.22029059,0.04385652,0.19162576,0.068653144,0.20353413,0.13395217
11.937892,6.995463,7.258571,0,0,0,00:00.0,00:00.0,uploads\b67551bc-3737-11f0-85b7-581122bb7f2c\20210419T000000+1000_REC_114.wav,False,0,0,0,0,0,0,0,0,0,0,0,0,rain (light),-6.0035825,1.3706648,0.45838448,0.64736825,0.04278228,0.30669543,0.03663226,0.22280382,0.016768888,0.19000079,0.071660176,0.19955817,0.10339673
11.083907,6.1601043,6.251645,0,0,0,00:00.0,00:00.0,uploads\b67551bc-3737-11f0-85b7-581122bb7f2c\20210419T000000+1000_REC_115.wav,False,0,0,0,0,0,0,0,0,0,0,0,0,rain (light),-6.0301948,1.2615662,0.4001819,0.616756,0.090323746,0.33502644,0.008184777,0.2195994,0.049692437,0.20940906,0.09432025,0.20059943,0.11826384
11.079349,6.1068406,6.2224665,0,0,0,00:00.0,00:00.0,uploads\b67551bc-3737-11f0-85b7-581122bb7f2c\20210419T000000+1000_REC_116.wav,False,0,0,0,0,0,0,0,0,0,0,0,0,rain (light),-6.0493207,1.1662006,0.39154932,0.60128576,0.0374754,0.30911878,0.019272301,0.23611239,0.051726114,0.20165826,0.12417193,0.22683416,0.12345448
11.54066,6.249213,6.559204,0,0,0,00:00.0,00:00.0,uploads\b67551bc-3737-11f0-85b7-581122bb7f2c\20210419T000000+1000_REC_117.wav,False,0,0,0,0,0,0,0,0,0,0,0,0,rain (light),-6.027083,1.2567805,0.41774282,0.65554184,0.06831588,0.2966039,-0.005399161,0.21979265,0.05819107,0.20646273,0.08330656,0.2397704,0.13630597
10.719561,6.0950427,6.3807716,0,0,0,00:00.0,00:00.0,uploads\b67551bc-3737-11f0-85b7-581122bb7f2c\20210419T000000+1000_REC_118.wav,False,0,0,0,0,0,0,0,0,0,0,0,0,rain (light),-6.0530834,1.1494341,0.3893369,0.6148139,0.038325522,0.2715657,0.021344997,0.22493066,0.07597761,0.2270514,0.10748612,0.18638164,0.10652074
10.6431055,6.234074,6.242988,0,0,0,00:00.0,00:00.0,uploads\b67551bc-3737-11f0-85b7-581122bb7f2c\20210419T000000+1000_REC_119.wav,False,0,0,0,0,0,0,0,0,0,0,0,0,rain (light),-6.0589056,1.0938257,0.37827963,0.6518826,-0.015622741,0.2854779,0.039050262,0.21268682,0.053889822,0.21115561,0.10604762,0.19133005,0.118638664
10.54815,6.029122,5.991676,0,0,0,00:00.0,00:00.0,uploads\b67551bc-3737-11f0-85b7-581122bb7f2c\20210419T000000+1000_REC_120.wav,False,0,0,0,0,0,0,0,0,0,0,0,0,rain (light),-6.0696006,1.0537001,0.37446547,0.6074437,0.033613715,0.2949535,0.05373055,0.2330928,0.047423642,0.19340086,0.07638076,0.18630272,0.11700456
10.767776,6.105747,6.542156,0,0,0,00:00.0,00:00.0,uploads\b67551bc-3737-11f0-85b7-581122bb7f2c\20210419T000000+1000_REC_121.wav,False,0,0,0,0,0,0,0,0,0,0,0,0,rain (light),-6.042287,1.1663003,0.3974698,0.67840797,0.0077462634,0.30485365,0.023276584,0.2467488,0.0647512,0.23625976,0.10322822,0.16440515,0.08513471
10.738779,6.749836,6.804653,0,0,0,00:00.0,00:00.0,uploads\b67551bc-3737-11f0-85b7-581122bb7f2c\20210419T000000+1000_REC_122.wav,False,0,0,0,0,0,0,0,0,0,0,0,0,rain (light),-6.0246525,1.2664341,0.39456353,0.6699631,0.019489743,0.3348434,0.017075399,0.24866757,0.057706155,0.16732548,0.04296785,0.1759969,0.10808187
11.053571,5.9298053,6.7464967,0,0,0,00:00.0,00:00.0,uploads\b67551bc-3737-11f0-85b7-581122bb7f2c\20210419T000000+1000_REC_123.wav,False,0,0,0,0,0,0,0,0,0,0,0,0,rain (light),-6.0317006,1.2490976,0.3712417,0.64006394,0.04101476,0.30569854,0.032973386,0.26284292,0.07251284,0.23555505,0.10782961,0.19341041,0.10746529
10.825035,6.7630835,7.085537,0,0,0,00:00.0,00:00.0,uploads\b67551bc-3737-11f0-85b7-581122bb7f2c\20210419T000000+1000_REC_124.wav,False,0,0,0,0,0,0,0,0,0,0,0,0,rain (light),-6.013873,1.3306868,0.4092554,0.6377623,0.05421639,0.31620386,0.027384274,0.2832246,0.06350519,0.20200749,0.053680945,0.18377627,0.1007037
10.833735,6.566382,6.967596,0,0,0,00:00.0,00:00.0,uploads\b67551bc-3737-11f0-85b7-581122bb7f2c\20210419T000000+1000_REC_125.wav,False,0,0,0,0,0,0,0,0,0,0,0,0,rain (light),-6.020239,1.3016059,0.39280567,0.6341996,0.084764734,0.3483211,0.017974384,0.25536445,0.041940708,0.19423866,0.08301226,0.20075698,0.09763773
10.882006,6.759869,7.208965,0,0,0,00:00.0,00:00.0,uploads\b67551bc-3737-11f0-85b7-581122bb7f2c\20210419T000000+1000_REC_126.wav,False,0,0,0,0,0,0,0,0,0,0,0,0,rain (light),-5.9847207,1.4261583,0.42042902,0.7020694,0.049470033,0.35606825,-0.021080293,0.27732944,0.06430528,0.1991695,0.07002271,0.1892717,0.06102189
11.321746,7.315492,7.386303,0,0,0,00:00.0,00:00.0,uploads\b67551bc-3737-11f0-85b7-581122bb7f2c\20210419T000000+1000_REC_127.wav,False,0,0,0,0,0,0,0,0,0,0,0,0,rain (light),-5.9822674,1.437349,0.4401117,0.7007026,0.019848524,0.33965167,-0.0014150994,0.23709394,0.028909734,0.2360472,0.08737098,0.18471782,0.07185278
11.493397,7.6080003,7.1623745,0,0,0,00:00.0,00:00.0,uploads\b67551bc-3737-11f0-85b7-581122bb7f2c\20210419T000000+1000_REC_128.wav,True,0,0,0,0,0,0,0,0,1,0,0,0,rain (light),-5.97638,1.4264727,0.49919152,0.75856805,0.02895091,0.30778235,-0.043612976,0.2195886,0.034032717,0.20739178,0.08341145,0.19130376,0.09277283
11.963023,6.9678893,7.2105293,0,0,0,00:00.0,00:00.0,uploads\b67551bc-3737-11f0-85b7-581122bb7f2c\20210419T000000+1000_REC_129.wav,False,0,0,0,0,0,0,0,0,0,0,0,0,rain (light),-6.0006814,1.3636131,0.4163865,0.6951108,0.068807036,0.3384811,-0.0020899095,0.21560168,-0.014584868,0.19740511,0.07715315,0.21138291,0.11759148
11.116877,6.2506,6.2445335,0,0,0,00:00.0,00:00.0,uploads\b67551bc-3737-11f0-85b7-581122bb7f2c\20210419T000000+1000_REC_130.wav,False,0,0,0,0,0,0,0,0,0,0,0,0,rain (light),-6.030381,1.2436576,0.39425015,0.6675079,0.075545885,0.3101293,-0.0053180554,0.20594391,0.04821448,0.20218316,0.11197444,0.19988284,0.12383741
11.281053,6.525804,6.581579,0,0,0,00:00.0,00:00.0,uploads\b67551bc-3737-11f0-85b7-581122bb7f2c\20210419T000000+1000_REC_131.wav,False,0,0,0,0,0,0,0,0,0,0,0,0,rain (light),-6.017242,1.3081676,0.3932228,0.67350554,0.05840697,0.2892531,-0.0031092516,0.23664087,0.046357777,0.20685324,0.10400795,0.20725861,0.11302688
11.128951,6.1934085,6.861116,0,0,0,00:00.0,00:00.0,uploads\b67551bc-3737-11f0-85b7-581122bb7f2c\20210419T000000+1000_REC_132.wav,False,0,0,0,0,0,0,0,0,0,0,0,0,rain (light),-6.0128374,1.3406562,0.4396969,0.61250925,0.034516804,0.28515312,-0.038397886,0.23594661,0.07059778,0.23064849,0.12665416,0.19554769,0.09027096
10.579902,5.84953,5.992127,0,0,0,00:00.0,00:00.0,uploads\b67551bc-3737-11f0-85b7-581122bb7f2c\20210419T000000+1000_REC_133.wav,False,0,0,0,0,0,0,0,0,0,0,0,0,rain (light),-6.066467,1.118192,0.3707298,0.5380617,0.07314581,0.25002795,0.03232824,0.21692534,0.06658754,0.19596261,0.11212585,0.19435143,0.12551486
10.391112,5.455318,5.663252,0,0,0,00:00.0,00:00.0,uploads\b67551bc-3737-11f0-85b7-581122bb7f2c\20210419T000000+1000_REC_134.wav,False,0,0,0,0,0,0,0,0,0,0,0,0,rain (light),-6.093451,0.9615767,0.3501379,0.5012412,0.13270563,0.27422965,0.08331675,0.21363819,0.10430594,0.19787703,0.13259919,0.17899498,0.1429378
11.389985,7.325153,7.3942366,0,0,0,00:00.0,00:00.0,uploads\b67551bc-3737-11f0-85b7-581122bb7f2c\20210419T000000+1000_REC_135.wav,False,0,0,0,0,0,0,0,0,0,0,0,0,rain (light),-5.987287,1.430696,0.48786557,0.6609781,0.036447406,0.31293252,0.0076479493,0.21643889,0.057331365,0.22388868,0.077375576,0.1630711,0.07056048
11.370618,7.283372,7.405024,0,0,0,00:00.0,00:00.0,uploads\b67551bc-3737-11f0-85b7-581122bb7f2c\20210419T000000+1000_REC_136.wav,False,0,0,0,0,0,0,0,0,0,0,0,0,rain (light),-5.981408,1.4394572,0.48547786,0.6894756,-0.00988989,0.31430188,-0.00698362,0.23521598,0.045183897,0.21033522,0.046004627,0.1686595,0.12410735
11.467058,7.345256,7.1156807,0,0,0,00:00.0,00:00.0,uploads\b67551bc-3737-11f0-85b7-581122bb7f2c\20210419T000000+1000_REC_138.wav,False,0,0,0,0,0,0,0,0,0,0,0,0,rain (light),-5.998135,1.3650752,0.49330908,0.6933082,-1.9914196e-05,0.25628588,0.012966328,0.24283074,0.055432167,0.2360679,0.091992855,0.18667312,0.11602734
11.49072,7.5468097,7.13508,0,0,0,00:00.0,00:00.0,uploads\b67551bc-3737-11f0-85b7-581122bb7f2c\20210419T000000+1000_REC_139.wav,False,0,0,0,0,0,0,0,0,0,0,0,0,rain (light),-5.9865994,1.4056034,0.4672258,0.73754156,0.0012880586,0.27874696,-0.012241605,0.20976126,0.022617882,0.20960516,0.09555431,0.19494845,0.08560833
11.174151,7.177052,7.393056,0,0,0,00:00.0,00:00.0,uploads\b67551bc-3737-11f0-85b7-581122bb7f2c\20210419T000000+1000_REC_140.wav,False,0,0,0,0,0,0,0,0,0,0,0,0,rain (light),-5.973632,1.4516778,0.47214216,0.74231666,0.011992535,0.33820724,0.013391031,0.23957929,-0.0054760976,0.1930183,0.07689313,0.15993352,0.055169478
10.858783,6.796657,7.309077,0,0,0,00:00.0,00:00.0,uploads\b67551bc-3737-11f0-85b7-581122bb7f2c\20210419T000000+1000_REC_141.wav,True,0,0,0,0,0,0,0,0,1,0,0,0,rain (light),-6.0029106,1.3414907,0.45022333,0.7132266,0.06002061,0.30769637,0.029732449,0.25840953,0.07730278,0.2295467,0.08230551,0.17034297,0.06198317
11.169099,5.8582315,6.760483,0,0,0,00:00.0,00:00.0,uploads\b67551bc-3737-11f0-85b7-581122bb7f2c\20210419T000000+1000_REC_142.wav,False,0,0,0,0,0,0,0,0,0,0,0,0,rain (light),-6.024466,1.2618449,0.41484484,0.6620418,0.08670217,0.31871104,0.017551197,0.25255853,0.09669613,0.24094987,0.105429456,0.21127081,0.120205864
11.156783,5.897439,6.7993937,0,0,0,00:00.0,00:00.0,uploads\b67551bc-3737-11f0-85b7-581122bb7f2c\20210419T000000+1000_REC_143.wav,False,0,0,0,0,0,0,0,0,0,0,0,0,rain (light),-6.0032763,1.3581237,0.4581492,0.6467936,0.08514744,0.3380376,0.0028407474,0.25085813,0.085994005,0.24513754,0.0916125,0.20157759,0.11653503
11.17862,5.867856,6.7721324,0,0,0,00:00.0,00:00.0,uploads\b67551bc-3737-11f0-85b7-581122bb7f2c\20210419T000000+1000_REC_144.wav,False,0,0,0,0,0,0,0,0,0,0,0,0,rain (light),-6.0139756,1.3123108,0.4386814,0.64535826,0.06202543,0.31729198,-0.0044564037,0.2549521,0.100699745,0.24664728,0.1315635,0.21979761,0.11006581
11.135799,7.360739,6.9583097,0,0,0,00:00.0,00:00.0,uploads\b67551bc-3737-11f0-85b7-581122bb7f2c\20210419T000000+1000_REC_145.wav,False,0,0,0,0,0,0,0,0,0,0,0,0,rain (light),-6.018426,1.279644,0.46585375,0.6802092,0.06718939,0.30300847,-0.0026763845,0.22720551,0.054870684,0.20687053,0.09353504,0.1886998,0.09116214
11.360758,6.4846106,6.5731735,0,0,0,00:00.0,00:00.0,uploads\b67551bc-3737-11f0-85b7-581122bb7f2c\20210419T000000+1000_REC_146.wav,False,0,0,0,0,0,0,0,0,0,0,0,0,rain (light),-6.0030828,1.3515084,0.44049343,0.69245946,0.0505924,0.31339544,0.021082819,0.23667888,0.07768182,0.20605107,0.09268507,0.23376946,0.095258966
11.937206,6.8908463,7.14556,0,0,0,00:00.0,00:00.0,uploads\b67551bc-3737-11f0-85b7-581122bb7f2c\20210419T000000+1000_REC_147.wav,False,0,0,0,0,0,0,0,0,0,0,0,0,rain (light),-6.012176,1.3351247,0.42138085,0.63112813,0.08496857,0.3468665,0.0034037053,0.22698718,0.034469724,0.18903029,0.0875923,0.22727661,0.13597403
11.675725,6.266563,6.655827,0,0,0,00:00.0,00:00.0,uploads\b67551bc-3737-11f0-85b7-581122bb7f2c\20210419T000000+1000_REC_148.wav,False,0,0,0,0,0,0,0,0,0,0,0,0,rain (light),-5.9926276,1.4386536,0.41444376,0.60977095,0.0421067,0.30995712,-0.019183645,0.21644545,0.0415634,0.22435261,0.115347475,0.23617662,0.13083595
11.969996,7.4895806,7.3898425,0,0,0,00:00.0,00:00.0,uploads\b67551bc-3737-11f0-85b7-581122bb7f2c\20210419T000000+1000_REC_149.wav,False,0,0,0,0,0,0,0,0,0,0,0,0,rain (light),-5.9795527,1.4478525,0.49112636,0.6807505,0.075824946,0.3225799,-0.056987133,0.17786017,0.008196612,0.17924488,0.088738784,0.23445871,0.14076865
11.141217,6.165715,6.2671795,0,0,0,00:00.0,00:00.0,uploads\b67551bc-3737-11f0-85b7-581122bb7f2c\20210419T000000+1000_REC_150.wav,False,0,0,0,0,0,0,0,0,0,0,0,0,rain (light),-6.0335493,1.2671756,0.35978225,0.5837688,0.072117336,0.31587255,0.030820359,0.23715977,0.04396653,0.1808274,0.11067475,0.25229347,0.12823857
11.641565,6.3313355,6.6460176,0,0,0,00:00.0,00:00.0,uploads\b67551bc-3737-11f0-85b7-581122bb7f2c\20210419T000000+1000_REC_151.wav,False,0,0,0,0,0,0,0,0,0,0,0,0,rain (light),-6.0057597,1.3525866,0.43033782,0.6523353,0.08395572,0.32948956,-0.023100955,0.22653256,0.05876589,0.20322505,0.10096457,0.24766672,0.14377742
11.180232,5.823813,6.6615996,0,0,0,00:00.0,00:00.0,uploads\b67551bc-3737-11f0-85b7-581122bb7f2c\20210419T000000+1000_REC_152.wav,False,0,0,0,0,0,0,0,0,0,0,0,0,rain (light),-6.0316954,1.2471275,0.404388,0.61855674,0.075973876,0.32165742,0.030578675,0.23152716,0.069622934,0.25272974,0.11362954,0.2159074,0.14042029
11.454923,6.0573564,6.606655,0,0,0,00:00.0,00:00.0,uploads\b67551bc-3737-11f0-85b7-581122bb7f2c\20210419T000000+1000_REC_153.wav,False,0,0,0,0,0,0,0,0,0,0,0,0,rain (light),-6.0301895,1.2585856,0.40346074,0.6221702,0.061216306,0.2785191,0.004970156,0.2287227,0.06651566,0.23683448,0.1405185,0.24256842,0.12422891
11.575238,6.1930814,6.6017284,0,0,0,00:00.0,00:00.0,uploads\b67551bc-3737-11f0-85b7-581122bb7f2c\20210419T000000+1000_REC_154.wav,False,0,0,0,0,0,0,0,0,0,0,0,0,rain (light),-6.0262785,1.2833937,0.41101503,0.6077055,0.048388153,0.29819304,-0.0073866304,0.19680789,0.030086622,0.23447345,0.1181255,0.22876763,0.11353208
11.475216,6.0916724,6.611392,0,0,0,00:00.0,00:00.0,uploads\b67551bc-3737-11f0-85b7-581122bb7f2c\20210419T000000+1000_REC_155.wav,False,0,0,0,0,0,0,0,0,0,0,0,0,rain (light),-6.020626,1.2982965,0.4107187,0.6263808,0.027830439,0.29175916,-0.02760795,0.24028644,0.07390087,0.2275254,0.124225825,0.23543489,0.14498189
10.8431835,5.69387,6.366255,0,0,0,00:00.0,00:00.0,uploads\b67551bc-3737-11f0-85b7-581122bb7f2c\20210419T000000+1000_REC_156.wav,False,0,0,0,0,0,0,0,0,0,0,0,0,rain (light),-6.046006,1.1822625,0.40068957,0.60095775,0.10274449,0.31892794,0.023098677,0.25847352,0.09200254,0.20186798,0.10189549,0.20927505,0.13485798
11.375486,6.462796,6.528972,0,0,0,00:00.0,00:00.0,uploads\b67551bc-3737-11f0-85b7-581122bb7f2c\20210419T000000+1000_REC_157.wav,True,0,0,0,0,0,0,0,0,1,0,0,0,rain (light),-6.023292,1.2701939,0.42749026,0.65698326,0.087577544,0.32285106,0.026479842,0.22667569,0.045017768,0.2015078,0.10641177,0.24225041,0.10745558
11.277756,6.049532,6.7356086,0,0,0,00:00.0,00:00.0,uploads\b67551bc-3737-11f0-85b7-581122bb7f2c\20210419T000000+1000_REC_158.wav,False,0,0,0,0,0,0,0,0,0,0,0,0,rain (light),-6.0179663,1.3080256,0.35498136,0.6709783,0.01571807,0.27684826,-0.012127752,0.2527724,0.0718759,0.23704752,0.109750494,0.21764451,0.12191822
11.381014,6.5227804,6.5863853,0,0,0,00:00.0,00:00.0,uploads\b67551bc-3737-11f0-85b7-581122bb7f2c\20210419T000000+1000_REC_159.wav,True,0,0,0,0,0,0,0,0,1,0,0,0,rain (light),-6.0115094,1.3218386,0.4265636,0.6800181,0.039677065,0.30560765,0.009656494,0.2337594,0.040113736,0.19400366,0.101038925,0.22692242,0.10367937
11.557814,7.1037726,7.327976,0,0,0,00:00.0,00:00.0,uploads\b67551bc-3737-11f0-85b7-581122bb7f2c\20210419T000000+1000_REC_160.wav,False,0,0,0,0,0,0,0,0,0,0,0,0,rain (light),-6.001701,1.3454846,0.4574579,0.7034861,0.061701044,0.34193897,-0.0060505527,0.24782607,0.059995264,0.19376732,0.05535096,0.17297074,0.117757335
11.161588,6.001828,6.840688,0,0,0,00:00.0,00:00.0,uploads\b67551bc-3737-11f0-85b7-581122bb7f2c\20210419T000000+1000_REC_161.wav,False,0,0,0,0,0,0,0,0,0,0,0,0,rain (light),-6.0157623,1.305335,0.4330939,0.6520675,0.060195323,0.3328078,-0.0012815518,0.2452125,0.066610806,0.22802144,0.10595564,0.19920003,0.11418165
11.126929,5.972706,6.871448,0,0,0,00:00.0,00:00.0,uploads\b67551bc-3737-11f0-85b7-581122bb7f2c\20210419T000000+1000_REC_162.wav,False,0,0,0,0,0,0,0,0,0,0,0,0,rain (light),-6.0058374,1.3505661,0.41956946,0.66547227,0.06367082,0.31539878,0.0022982738,0.26556945,0.07009079,0.22264299,0.10233263,0.22334655,0.119370475
11.139985,6.1323104,6.8639235,0,0,0,00:00.0,00:00.0,uploads\b67551bc-3737-11f0-85b7-581122bb7f2c\20210419T000000+1000_REC_163.wav,False,0,0,0,0,0,0,0,0,0,0,0,0,rain (light),-6.009409,1.3339428,0.41502553,0.6758944,0.055085022,0.32369757,-0.008798032,0.24292211,0.074732475,0.22104715,0.091850474,0.18065923,0.13353194
11.13052,6.176234,6.261053,0,0,0,00:00.0,00:00.0,uploads\b67551bc-3737-11f0-85b7-581122bb7f2c\20210419T000000+1000_REC_164.wav,False,0,0,0,0,0,0,0,0,0,0,0,0,rain (light),-6.0297008,1.2768846,0.37222034,0.6008422,0.05705978,0.32770938,0.01729137,0.23011206,0.043896593,0.20063193,0.101192735,0.21981788,0.12668496
10.676902,5.536366,5.9341307,0,0,0,00:00.0,00:00.0,uploads\b67551bc-3737-11f0-85b7-581122bb7f2c\20210419T000000+1000_REC_165.wav,False,0,0,0,0,0,0,0,0,0,0,0,0,rain (light),-6.0763164,1.048614,0.37310636,0.52391636,0.10847231,0.31596807,0.06080137,0.21896021,0.07739794,0.21538106,0.1231915,0.20621838,0.123900704
10.4946165,5.495503,5.7838864,0,0,0,00:00.0,00:00.0,uploads\b67551bc-3737-11f0-85b7-581122bb7f2c\20210419T000000+1000_REC_166.wav,False,0,0,0,0,0,0,0,0,0,0,0,0,rain (light),-6.066351,1.0971045,0.39303356,0.55097413,0.080146946,0.28554174,0.050515965,0.23426029,0.08686564,0.19555058,0.11588853,0.2216293,0.15391454
10.757374,5.9754915,6.26469,0,0,0,00:00.0,00:00.0,uploads\b67551bc-3737-11f0-85b7-581122bb7f2c\20210419T000000+1000_REC_167.wav,False,0,0,0,0,0,0,0,0,0,0,0,0,rain (light),-6.0441375,1.1977681,0.42593235,0.5916332,0.10643305,0.3112811,0.029584158,0.22054614,0.07724625,0.21187335,0.09896154,0.19156991,0.11319757
11.885468,7.2450266,7.5065546,0,0,0,00:00.0,00:00.0,uploads\b67551bc-3737-11f0-85b7-581122bb7f2c\20210419T000000+1000_REC_168.wav,False,0,0,0,0,0,0,0,0,0,0,0,0,rain (light),-6.018754,1.3104279,0.43853503,0.6496806,0.06540799,0.27717122,0.024036009,0.2046596,0.011989761,0.15758882,0.04901259,0.1749262,0.10244064
10.543485,6.040756,5.9874578,0,0,0,00:00.0,00:00.0,uploads\b67551bc-3737-11f0-85b7-581122bb7f2c\20210419T000000+1000_REC_169.wav,False,0,0,0,0,0,0,0,0,0,0,0,0,rain (light),-6.059772,1.1188947,0.38155115,0.60659367,0.09366025,0.2905944,0.044409987,0.22928555,0.0679625,0.18638778,0.097315,0.191055,0.10152372
10.527021,6.972083,6.3170996,0,0,0,00:00.0,00:00.0,uploads\b67551bc-3737-11f0-85b7-581122bb7f2c\20210419T000000+1000_REC_170.wav,False,0,0,0,0,0,0,0,0,0,0,0,0,rain (light),-6.0325274,1.254722,0.40377042,0.6340695,0.05833743,0.28262874,0.018365493,0.21017763,0.046346452,0.2016675,0.07544332,0.15775216,0.097184405
10.718291,6.082732,6.422757,0,0,0,00:00.0,00:00.0,uploads\b67551bc-3737-11f0-85b7-581122bb7f2c\20210419T000000+1000_REC_171.wav,False,0,0,0,0,0,0,0,0,0,0,0,0,rain (light),-6.048912,1.1663938,0.42773372,0.5994477,0.07676271,0.288262,-0.004129292,0.22945131,0.06720818,0.22590931,0.103332005,0.17774749,0.08764955
10.622643,6.5997305,6.496048,0,0,0,00:00.0,00:00.0,uploads\b67551bc-3737-11f0-85b7-581122bb7f2c\20210419T000000+1000_REC_172.wav,False,0,0,0,0,0,0,0,0,0,0,0,0,rain (light),-6.0304475,1.2720454,0.40795946,0.6110365,0.05890441,0.28676453,0.027963866,0.2449352,0.049749438,0.17248563,0.07836732,0.18129514,0.08945372
11.411138,7.313551,7.4085836,0,0,0,00:00.0,00:00.0,uploads\b67551bc-3737-11f0-85b7-581122bb7f2c\20210419T000000+1000_REC_173.wav,False,0,0,0,0,0,0,0,0,0,0,0,0,rain (light),-5.9939857,1.4066677,0.4363096,0.67145807,0.070285745,0.3322277,-0.0071616615,0.22803895,0.048396118,0.2127917,0.058884457,0.13779831,0.049743757
11.988982,7.3071795,7.625039,0,0,0,00:00.0,00:00.0,uploads\b67551bc-3737-11f0-85b7-581122bb7f2c\20210419T000000+1000_REC_174.wav,False,0,0,0,0,0,0,0,0,0,0,0,0,rain (light),-5.976043,1.4565877,0.47825563,0.7141791,0.036960356,0.348526,0.015402142,0.20338155,0.024496127,0.1679995,0.0143147595,0.17083073,0.08353081
11.320018,7.2999845,7.392244,0,0,0,00:00.0,00:00.0,uploads\b67551bc-3737-11f0-85b7-581122bb7f2c\20210419T000000+1000_REC_175.wav,True,0,0,0,0,0,0,0,0,1,0,0,0,rain (light),-5.9965377,1.3885106,0.42619348,0.6832346,0.0125351325,0.31266332,0.016217427,0.23973905,0.020135488,0.22625442,0.06034862,0.19425352,0.09357437
10.731377,5.546383,5.971755,0,0,0,00:00.0,00:00.0,uploads\b67551bc-3737-11f0-85b7-581122bb7f2c\20210419T000000+1000_REC_176.wav,False,0,0,0,0,0,0,0,0,0,0,0,0,rain (light),-6.077307,0.99406916,0.4360107,0.5668653,0.020258479,0.31977162,0.04853263,0.19811365,0.087359264,0.23396872,0.11522184,0.22009917,0.11681281
10.830291,6.7111173,7.2494946,0,0,0,00:00.0,00:00.0,uploads\b67551bc-3737-11f0-85b7-581122bb7f2c\20210419T000000+1000_REC_177.wav,False,0,0,0,0,0,0,0,0,0,0,0,0,rain (light),-6.012021,1.3030368,0.46103722,0.6622197,0.048211224,0.3483296,-0.003862679,0.26005498,0.035287764,0.23561412,0.072077036,0.20461562,0.06440027
11.972848,6.951786,7.2230897,0,0,0,00:00.0,00:00.0,uploads\b67551bc-3737-11f0-85b7-581122bb7f2c\20210419T000000+1000_REC_178.wav,False,0,0,0,0,0,0,0,0,0,0,0,0,rain (light),-6.005276,1.3529235,0.44719946,0.64419913,0.06377489,0.3608387,0.0007131872,0.2246075,0.012258327,0.20555411,0.08953945,0.20772797,0.104420595
11.555905,6.4974427,6.6379194,0,0,0,00:00.0,00:00.0,uploads\b67551bc-3737-11f0-85b7-581122bb7f2c\20210419T000000+1000_REC_179.wav,True,0,0,0,0,0,0,0,0,1,0,0,0,rain (light),-5.997695,1.384193,0.44907624,0.6688462,0.060800016,0.29007816,-0.039309263,0.22956404,0.0357252,0.19906497,0.08213019,0.24198948,0.12833
11.683473,6.2791634,6.654472,0,0,0,00:00.0,00:00.0,uploads\b67551bc-3737-11f0-85b7-581122bb7f2c\20210419T000000+1000_REC_180.wav,False,0,0,0,0,0,0,0,0,0,0,0,0,rain (light),-5.9979606,1.3823397,0.43288928,0.6519648,0.013787368,0.34479427,-0.0416928,0.2047948,0.031795375,0.2153312,0.0933175,0.24661641,0.15230411
11.038026,5.782371,6.459267,0,0,0,00:00.0,00:00.0,uploads\b67551bc-3737-11f0-85b7-581122bb7f2c\20210419T000000+1000_REC_181.wav,False,0,0,0,0,0,0,0,0,0,0,0,0,rain (light),-6.0359607,1.2402482,0.3706441,0.5945233,0.05719244,0.33962646,0.029948127,0.25977862,0.058715887,0.21484828,0.11269281,0.2249291,0.11267137
10.894591,5.640614,6.3428226,0,0,0,00:00.0,00:00.0,uploads\b67551bc-3737-11f0-85b7-581122bb7f2c\20210419T000000+1000_REC_182.wav,False,0,0,0,0,0,0,0,0,0,0,0,0,rain (light),-6.034529,1.2401155,0.39116362,0.5855568,0.04500322,0.3596032,0.021091241,0.25302243,0.060262892,0.218528,0.090745725,0.22411367,0.16321504
10.875795,5.632831,6.3344,0,0,0,00:00.0,00:00.0,uploads\b67551bc-3737-11f0-85b7-581122bb7f2c\20210419T000000+1000_REC_183.wav,False,0,0,0,0,0,0,0,0,0,0,0,0,rain (light),-6.0415487,1.1960918,0.40121335,0.6101235,0.053160552,0.34470582,0.022907421,0.2501764,0.08628216,0.21785048,0.09695806,0.20807469,0.13514578
11.179817,5.8493443,6.765505,0,0,0,00:00.0,00:00.0,uploads\b67551bc-3737-11f0-85b7-581122bb7f2c\20210419T000000+1000_REC_184.wav,False,0,0,0,0,0,0,0,0,0,0,0,0,rain (light),-6.014763,1.3306354,0.40559077,0.5988803,0.03762164,0.3254166,-0.016251741,0.27511385,0.099959135,0.25068364,0.11313276,0.22780447,0.10979143
11.321611,6.1508813,6.803941,0,0,0,00:00.0,00:00.0,uploads\b67551bc-3737-11f0-85b7-581122bb7f2c\20210419T000000+1000_REC_185.wav,False,0,0,0,0,0,0,0,0,0,0,0,0,rain (light),-6.0048914,1.3576711,0.40324897,0.6659732,0.01237268,0.32918653,0.032724373,0.2292976,0.0495459,0.24652377,0.12749021,0.22153276,0.086225145
11.458592,6.730001,6.5901694,0,0,0,00:00.0,00:00.0,uploads\b67551bc-3737-11f0-85b7-581122bb7f2c\20210419T000000+1000_REC_186.wav,False,0,0,0,0,0,0,0,0,0,0,0,0,rain (light),-5.9948916,1.4048799,0.39631686,0.67517436,0.008302348,0.32492843,0.009410171,0.21025307,0.0134217385,0.20009927,0.08267567,0.24354042,0.092565864
10.99268,6.8774323,7.0827417,0,0,0,00:00.0,00:00.0,uploads\b67551bc-3737-11f0-85b7-581122bb7f2c\20210419T000000+1000_REC_187.wav,False,0,0,0,0,0,0,0,0,0,0,0,0,rain (light),-6.0016456,1.365125,0.40296406,0.6986095,0.039601434,0.32084236,-0.0035911773,0.2514312,0.04530269,0.18780726,0.084813066,0.19438076,0.08193835
11.329084,7.294887,7.4046826,0,0,0,00:00.0,00:00.0,uploads\b67551bc-3737-11f0-85b7-581122bb7f2c\20210419T000000+1000_REC_188.wav,False,0,0,0,0,0,0,0,0,0,0,0,0,rain (light),-5.991963,1.4097135,0.43340907,0.68683636,0.03945908,0.30641505,-0.012598473,0.2445052,0.03402385,0.2186045,0.062013436,0.16225128,0.09004257
10.972771,6.3127403,7.045957,0,0,0,00:00.0,00:00.0,uploads\b67551bc-3737-11f0-85b7-581122bb7f2c\20210419T000000+1000_REC_189.wav,False,0,0,0,0,0,0,0,0,0,0,0,0,rain (light),-6.008274,1.3443122,0.40297413,0.6657139,0.062299587,0.30804956,-0.02985296,0.2594589,0.06427682,0.23339961,0.10148257,0.19537073,0.07644551
11.310999,6.530419,6.6066384,0,0,0,00:00.0,00:00.0,uploads\b67551bc-3737-11f0-85b7-581122bb7f2c\20210419T000000+1000_REC_190.wav,False,0,0,0,0,0,0,0,0,0,0,0,0,rain (light),-5.999436,1.3816105,0.4010845,0.6739242,0.046106424,0.33025715,0.015899966,0.25781783,0.041049574,0.1938561,0.13859238,0.22738981,0.0933799
11.462977,6.584935,6.655193,0,0,0,00:00.0,00:00.0,uploads\b67551bc-3737-11f0-85b7-581122bb7f2c\20210419T000000+1000_REC_191.wav,False,0,0,0,0,0,0,0,0,0,0,0,0,rain (light),-6.014015,1.3303896,0.41291726,0.63531584,0.005067432,0.28213498,-0.031189801,0.23299211,0.027179977,0.20988595,0.09441324,0.2202121,0.12568268
11.594055,6.1679134,6.5868664,0,0,0,00:00.0,00:00.0,uploads\b67551bc-3737-11f0-85b7-581122bb7f2c\20210419T000000+1000_REC_192.wav,False,0,0,0,0,0,0,0,0,0,0,0,0,rain (light),-6.0239034,1.2902786,0.42607602,0.6116712,0.05428479,0.28294718,-0.027171852,0.21628685,0.050798457,0.22178097,0.11083672,0.23126847,0.13940842
11.961575,6.9286237,7.1743994,0,0,0,00:00.0,00:00.0,uploads\b67551bc-3737-11f0-85b7-581122bb7f2c\20210419T000000+1000_REC_193.wav,False,0,0,0,0,0,0,0,0,0,0,0,0,rain (light),-6.0085297,1.3713485,0.42709517,0.59809214,0.054964665,0.30400148,-0.026822383,0.22175598,0.016426617,0.17820337,0.08124798,0.2218068,0.12243577
10.692346,6.2199774,5.9904075,0,0,0,00:00.0,00:00.0,uploads\b67551bc-3737-11f0-85b7-581122bb7f2c\20210419T000000+1000_REC_194.wav,False,0,0,0,0,0,0,0,0,0,0,0,0,rain (light),-6.045343,1.2052279,0.4078769,0.5790859,0.081699744,0.2849347,-0.011780413,0.19182901,0.04767033,0.19774877,0.06202813,0.19327715,0.12536232
11.880188,7.051115,7.237339,0,0,0,00:00.0,00:00.0,uploads\b67551bc-3737-11f0-85b7-581122bb7f2c\20210419T000000+1000_REC_195.wav,False,0,0,0,0,0,0,0,0,0,0,0,0,rain (light),-5.9991226,1.3913221,0.4164931,0.6675605,0.067161515,0.30668575,-0.04213454,0.20567468,0.035218,0.20346268,0.0853511,0.18727884,0.12162351
11.977891,7.4956603,7.419915,0,0,0,00:00.0,00:00.0,uploads\b67551bc-3737-11f0-85b7-581122bb7f2c\20210419T000000+1000_REC_196.wav,False,0,0,0,0,0,0,0,0,0,0,0,0,rain (light),-5.9877405,1.4478418,0.4191997,0.657308,0.048672702,0.29584792,-0.02807385,0.23648416,0.0108725745,0.17834167,0.054299787,0.17068838,0.12866351
11.9682,7.5089154,7.407975,0,0,0,00:00.0,00:00.0,uploads\b67551bc-3737-11f0-85b7-581122bb7f2c\20210419T000000+1000_REC_197.wav,False,0,0,0,0,0,0,0,0,0,0,0,0,rain (light),-5.9781675,1.4623965,0.47513828,0.68204087,0.030873695,0.29947203,-0.06405153,0.21313073,0.025290059,0.18824503,0.070238546,0.18895417,0.108213596
11.956488,7.512333,7.403106,0,0,0,00:00.0,00:00.0,uploads\b67551bc-3737-11f0-85b7-581122bb7f2c\20210419T000000+1000_REC_198.wav,False,0,0,0,0,0,0,0,0,0,0,0,0,rain (light),-5.984122,1.4245546,0.46227172,0.7031351,0.07404511,0.33754036,-0.047006592,0.20422277,-0.0060379803,0.19510193,0.077915825,0.19606316,0.093168266
11.964758,7.4918375,7.396151,0,0,0,00:00.0,00:00.0,uploads\b67551bc-3737-11f0-85b7-581122bb7f2c\20210419T000000+1000_REC_199.wav,True,0,0,0,0,0,0,1,0,1,0,0,0,rain (light),-5.9880176,1.4076515,0.46195826,0.7157189,0.09028227,0.3251024,-0.043800946,0.17931777,0.031263903,0.19254033,0.076936685,0.19840385,0.084753454
10.710751,6.724093,6.7534914,0,0,0,00:00.0,00:00.0,uploads\b67551bc-3737-11f0-85b7-581122bb7f2c\20210419T000000+1000_REC_200.wav,True,0,0,0,0,0,0,0,0,0,0,0,0,rain (light),-6.025522,1.2817408,0.3979401,0.632161,0.038094442,0.32074398,0.038304467,0.26599786,0.025878066,0.17276369,0.07439185,0.1593949,0.08131669
10.838519,6.8195515,7.1185555,0,0,0,00:00.0,00:00.0,uploads\b67551bc-3737-11f0-85b7-581122bb7f2c\20210419T000000+1000_REC_201.wav,False,0,0,0,0,0,0,0,0,0,0,0,0,rain (light),-6.0171857,1.3071989,0.39600906,0.66540766,0.03432808,0.3273425,0.037029587,0.25307977,0.046939068,0.20508596,0.073710844,0.17531335,0.092701994
11.320306,7.3804073,7.295536,0,0,0,00:00.0,00:00.0,uploads\b67551bc-3737-11f0-85b7-581122bb7f2c\20210419T000000+1000_REC_202.wav,False,0,0,0,0,0,0,0,0,0,0,0,0,rain (light),-6.006621,1.314959,0.40843925,0.72852373,-0.014935308,0.31606215,-0.032814823,0.22742441,0.05091478,0.25269806,0.08312792,0.20370516,0.077701576
10.829521,6.8791246,7.325609,0,0,0,00:00.0,00:00.0,uploads\b67551bc-3737-11f0-85b7-581122bb7f2c\20210419T000000+1000_REC_203.wav,False,0,0,0,0,0,0,0,0,0,0,0,0,rain (light),-6.003479,1.3327246,0.39856637,0.72801733,-0.01295179,0.33463165,0.004932394,0.2666873,0.04554019,0.22355577,0.06526769,0.1860719,0.08089239
11.075015,7.12806,7.3989162,0,0,0,00:00.0,00:00.0,uploads\b67551bc-3737-11f0-85b7-581122bb7f2c\20210419T000000+1000_REC_204.wav,False,0,0,0,0,0,0,0,0,0,0,0,0,rain (light),-5.996619,1.3500488,0.4264937,0.75600564,-0.018423742,0.32497096,0.015750764,0.24854939,0.041762628,0.21946967,0.038453493,0.15978155,0.09296675
10.830319,6.870628,7.030618,0,0,0,00:00.0,00:00.0,uploads\b67551bc-3737-11f0-85b7-581122bb7f2c\20210419T000000+1000_REC_205.wav,False,0,0,0,0,0,0,0,0,0,0,0,0,rain (light),-6.018353,1.3032991,0.39321885,0.67186654,0.02011601,0.3045419,0.015386773,0.24345289,0.059743002,0.2011143,0.052828632,0.16215366,0.07750606
10.86389,6.8641367,7.3395677,0,0,0,00:00.0,00:00.0,uploads\b67551bc-3737-11f0-85b7-581122bb7f2c\20210419T000000+1000_REC_206.wav,False,0,0,0,0,0,0,0,0,0,0,0,0,rain (light),-6.010052,1.3104734,0.4157935,0.7145486,0.015870651,0.33065358,0.039695643,0.25288585,0.052540034,0.23161829,0.054833844,0.15312639,0.07859898
10.874811,6.930298,7.192623,0,0,0,00:00.0,00:00.0,uploads\b67551bc-3737-11f0-85b7-581122bb7f2c\20210419T000000+1000_REC_207.wav,False,0,0,0,0,0,0,0,0,0,0,0,0,rain (light),-6.014316,1.3017269,0.40179053,0.6885106,0.00845554,0.34965223,0.013746584,0.24445936,0.03125809,0.20444523,0.08648266,0.18348274,0.08891186
10.853281,7.0540595,7.280736,0,0,0,00:00.0,00:00.0,uploads\b67551bc-3737-11f0-85b7-581122bb7f2c\20210419T000000+1000_REC_208.wav,False,0,0,0,0,0,0,0,0,0,0,0,0,rain (light),-6.021866,1.2558701,0.3784651,0.72464234,-0.0011359738,0.30331266,-0.0048953444,0.25490484,0.03654656,0.21264672,0.05681816,0.15941186,0.09577339
10.837041,7.0162935,7.3406835,0,0,0,00:00.0,00:00.0,uploads\b67551bc-3737-11f0-85b7-581122bb7f2c\20210419T000000+1000_REC_209.wav,False,0,0,0,0,0,0,0,0,0,0,0,0,rain (light),-5.999451,1.3265316,0.4203936,0.7686499,0.020072106,0.3305649,-0.04057291,0.25265536,0.026367333,0.2124335,0.09711041,0.18698756,0.062425673
10.948295,6.263117,7.0504084,0,0,0,00:00.0,00:00.0,uploads\b67551bc-3737-11f0-85b7-581122bb7f2c\20210419T000000+1000_REC_210.wav,False,0,0,0,0,0,0,0,0,0,0,0,0,rain (light),-6.0189395,1.2806321,0.37557966,0.6801784,0.042099297,0.34926268,0.04044457,0.2878058,0.07009399,0.23615769,0.09351546,0.21522774,0.067601755
10.961112,6.220324,7.0277743,0,0,0,00:00.0,00:00.0,uploads\b67551bc-3737-11f0-85b7-581122bb7f2c\20210419T000000+1000_REC_211.wav,False,0,0,0,0,0,0,0,0,0,0,0,0,rain (light),-6.017444,1.3063078,0.3799822,0.6526188,0.026789863,0.33375,0.010350726,0.27332288,0.056449655,0.2244863,0.084173724,0.19979885,0.08998234
10.842504,6.7817726,7.294225,0,0,0,00:00.0,00:00.0,uploads\b67551bc-3737-11f0-85b7-581122bb7f2c\20210419T000000+1000_REC_212.wav,False,0,0,0,0,0,0,0,0,0,0,0,0,rain (light),-6.005031,1.3479419,0.42446023,0.6716026,0.04154571,0.3489208,0.0358841,0.28554478,0.0711659,0.21431069,0.04360046,0.1560538,0.06087319
10.969036,6.3230085,7.0678697,0,0,0,00:00.0,00:00.0,uploads\b67551bc-3737-11f0-85b7-581122bb7f2c\20210419T000000+1000_REC_213.wav,False,0,0,0,0,0,0,0,0,0,0,0,0,rain (light),-6.011942,1.333895,0.37941742,0.66547954,0.032603547,0.3140729,0.016243614,0.26411098,0.06422636,0.2183765,0.11225247,0.2006291,0.06248556
11.081212,6.004819,6.9282794,0,0,0,00:00.0,00:00.0,uploads\b67551bc-3737-11f0-85b7-581122bb7f2c\20210419T000000+1000_REC_214.wav,False,0,0,0,0,0,0,0,0,0,0,0,0,rain (light),-5.999648,1.3823754,0.3804514,0.67013174,0.03511529,0.34034508,0.009508962,0.25226763,0.04356411,0.2235269,0.06300465,0.23215729,0.1211976
11.654022,6.272158,6.643032,0,0,0,00:00.0,00:00.0,uploads\b67551bc-3737-11f0-85b7-581122bb7f2c\20210419T000000+1000_REC_215.wav,False,0,0,0,0,0,0,0,0,0,0,0,0,rain (light),-6.014873,1.3169408,0.3999354,0.6619138,0.07274846,0.31074163,-0.036562134,0.20959519,0.046546705,0.21989396,0.085477106,0.22497858,0.12670487
11.109944,6.2805896,6.2241955,0,0,0,00:00.0,00:00.0,uploads\b67551bc-3737-11f0-85b7-581122bb7f2c\20210419T000000+1000_REC_216.wav,False,0,0,0,0,0,0,0,0,0,0,0,0,rain (light),-6.0289326,1.2897714,0.36435902,0.60477173,0.038604118,0.27343613,-0.016603557,0.21455067,0.051727988,0.20013861,0.10353378,0.21284328,0.109119646
11.333038,6.1688366,6.791335,0,0,0,00:00.0,00:00.0,uploads\b67551bc-3737-11f0-85b7-581122bb7f2c\20210419T000000+1000_REC_217.wav,False,0,0,0,0,0,0,0,0,0,0,0,0,rain (light),-6.000519,1.3952341,0.41767356,0.61051667,0.06098929,0.33439875,-0.020180244,0.23537591,0.04162594,0.22940318,0.14261493,0.23313482,0.0864449
11.131353,6.15101,6.254879,0,0,0,00:00.0,00:00.0,uploads\b67551bc-3737-11f0-85b7-581122bb7f2c\20210419T000000+1000_REC_218.wav,False,0,0,0,0,0,0,0,0,0,0,0,0,rain (light),-6.031739,1.2660223,0.37161723,0.6018497,0.07797429,0.32209155,0.00035891196,0.22995037,0.056594573,0.20595379,0.06402875,0.21847825,0.12871239
11.13788,6.1666875,6.2599993,0,0,0,00:00.0,00:00.0,uploads\b67551bc-3737-11f0-85b7-581122bb7f2c\20210419T000000+1000_REC_219.wav,False,0,0,0,0,0,0,0,0,0,0,0,0,rain (light),-6.0216517,1.3263844,0.36459422,0.5770859,0.041872554,0.32711694,-0.00063215574,0.22213866,0.044720568,0.19852622,0.09473044,0.23004846,0.1539397
10.586711,6.309749,5.903486,0,0,0,00:00.0,00:00.0,uploads\b67551bc-3737-11f0-85b7-581122bb7f2c\20210419T000000+1000_REC_220.wav,False,0,0,0,0,0,0,0,0,0,0,0,0,rain (light),-6.021797,1.3127658,0.42758825,0.6121531,0.05231411,0.28713557,0.023452723,0.20502317,0.07126331,0.18489134,0.09275818,0.19727625,0.11576946
11.533838,6.5019307,6.6313305,0,0,0,00:00.0,00:00.0,uploads\b67551bc-3737-11f0-85b7-581122bb7f2c\20210419T000000+1000_REC_221.wav,False,0,0,0,0,0,0,0,0,0,0,0,0,rain (light),-6.001152,1.3855406,0.4296797,0.6389395,0.034406874,0.30422845,-0.034981843,0.24681096,0.056943838,0.19116707,0.08117705,0.22127071,0.11514538
11.160776,7.0074677,7.160493,0,0,0,00:00.0,00:00.0,uploads\b67551bc-3737-11f0-85b7-581122bb7f2c\20210419T000000+1000_REC_222.wav,False,0,0,0,0,0,0,0,0,0,0,0,0,rain (light),-6.0097294,1.3372918,0.44687623,0.64895713,0.06477632,0.33329034,-0.020094648,0.2297783,0.033607826,0.1800344,0.07986518,0.18992457,0.06873714
11.98744,7.324513,7.665751,0,0,0,00:00.0,00:00.0,uploads\b67551bc-3737-11f0-85b7-581122bb7f2c\20210419T000000+1000_REC_223.wav,False,0,0,0,0,0,0,0,0,0,0,0,0,rain (light),-6.003045,1.3739936,0.46959928,0.6539305,0.071831696,0.2902324,-0.014203722,0.19838549,0.031116398,0.16013117,0.04980262,0.14155126,0.03875722
10.492185,6.0298495,5.9590406,0,0,0,00:00.0,00:00.0,uploads\b67551bc-3737-11f0-85b7-581122bb7f2c\20210419T000000+1000_REC_224.wav,False,0,0,0,0,0,0,0,0,0,0,0,0,rain (light),-6.0770392,1.0599196,0.38928822,0.5101854,0.10763726,0.28208113,0.054498527,0.20598948,0.098750114,0.18452151,0.07794299,0.16549899,0.11837794
11.90189,7.227098,7.5361667,0,0,0,00:00.0,00:00.0,uploads\b67551bc-3737-11f0-85b7-581122bb7f2c\20210419T000000+1000_REC_225.wav,False,0,0,0,0,0,0,0,0,0,0,0,0,rain (light),-6.0140157,1.3314389,0.46133298,0.6202592,0.05556348,0.32092044,0.01228724,0.21867962,0.045283012,0.1608492,0.026213951,0.1757683,0.08661783
10.665001,6.3737407,6.614276,0,0,0,00:00.0,00:00.0,uploads\b67551bc-3737-11f0-85b7-581122bb7f2c\20210419T000000+1000_REC_226.wav,False,0,0,0,0,0,0,0,0,0,0,0,0,rain (light),-6.0382557,1.241844,0.39435714,0.568613,0.052330244,0.31687123,0.0075682257,0.26489845,0.09137209,0.18941183,0.07673654,0.18886444,0.102971144
10.844797,5.969223,6.749764,0,0,0,00:00.0,00:00.0,uploads\b67551bc-3737-11f0-85b7-581122bb7f2c\20210419T000000+1000_REC_227.wav,False,0,0,0,0,0,0,0,0,0,0,0,0,rain (light),-6.0371113,1.25182,0.38350195,0.55501884,0.06637343,0.32796955,0.033964552,0.272987,0.08593954,0.22436398,0.07388493,0.1852457,0.08729098
11.118064,5.8110137,6.719957,0,0,0,00:00.0,00:00.0,uploads\b67551bc-3737-11f0-85b7-581122bb7f2c\20210419T000000+1000_REC_228.wav,False,0,0,0,0,0,0,0,0,0,0,0,0,rain (light),-6.01717,1.3146768,0.36861762,0.6262757,0.060691945,0.37120715,0.021374665,0.24559921,0.06976846,0.24595441,0.092728935,0.22840375,0.10362677
11.120175,5.8870964,6.823871,0,0,0,00:00.0,00:00.0,uploads\b67551bc-3737-11f0-85b7-581122bb7f2c\20210419T000000+1000_REC_229.wav,False,0,0,0,0,0,0,0,0,0,0,0,0,rain (light),-6.012402,1.3423793,0.40213448,0.60495365,0.07839116,0.35293657,-0.018653963,0.25666165,0.07477924,0.24381086,0.100925535,0.2008093,0.10003674
11.093463,5.752343,6.6747503,0,0,0,00:00.0,00:00.0,uploads\b67551bc-3737-11f0-85b7-581122bb7f2c\20210419T000000+1000_REC_230.wav,False,0,0,0,0,0,0,0,0,0,0,0,0,rain (light),-6.0362167,1.2287394,0.3502545,0.5963129,0.053630732,0.3426209,0.0167296,0.30358848,0.09833281,0.2383554,0.105228595,0.23530804,0.15928416
11.099595,5.7757297,6.67984,0,0,0,00:00.0,00:00.0,uploads\b67551bc-3737-11f0-85b7-581122bb7f2c\20210419T000000+1000_REC_231.wav,False,0,0,0,0,0,0,0,0,0,0,0,0,rain (light),-6.025044,1.2850237,0.35747135,0.6095389,0.062608644,0.34481612,0.018243318,0.29103613,0.08667938,0.21332671,0.09700213,0.24508157,0.1321058
10.956733,5.6385965,6.3976245,0,0,0,00:00.0,00:00.0,uploads\b67551bc-3737-11f0-85b7-581122bb7f2c\20210419T000000+1000_REC_232.wav,False,0,0,0,0,0,0,0,0,0,0,0,0,rain (light),-6.052433,1.170291,0.3496317,0.5671968,0.084624186,0.31460404,0.032185055,0.2573144,0.07668281,0.2398113,0.101094864,0.2226844,0.11186514
10.7750025,5.5400715,6.02005,0,0,0,00:00.0,00:00.0,uploads\b67551bc-3737-11f0-85b7-581122bb7f2c\20210419T000000+1000_REC_233.wav,False,0,0,0,0,0,0,0,0,0,0,0,0,rain (light),-6.059242,1.1279231,0.3401448,0.5780276,0.06395682,0.3062338,0.006909569,0.21257344,0.091547124,0.24014728,0.12119189,0.25356886,0.14301845
10.756439,5.5294,6.000739,0,0,0,00:00.0,00:00.0,uploads\b67551bc-3737-11f0-85b7-581122bb7f2c\20210419T000000+1000_REC_234.wav,False,0,0,0,0,0,0,0,0,0,0,0,0,rain (light),-6.071347,1.0545728,0.35404983,0.5702164,0.09631473,0.32104492,0.054941975,0.23123506,0.06594553,0.23082696,0.13418877,0.23304309,0.146757
10.79979,5.713975,6.1575375,0,0,0,00:00.0,00:00.0,uploads\b67551bc-3737-11f0-85b7-581122bb7f2c\20210419T000000+1000_REC_235.wav,False,0,0,0,0,0,0,0,0,0,0,0,0,rain (light),-6.0550957,1.1594733,0.35014582,0.56430864,0.070167586,0.3260592,0.029472116,0.24139448,0.078189574,0.20904982,0.11289793,0.22051726,0.10603168
11.23764,5.887526,6.766996,0,0,0,00:00.0,00:00.0,uploads\b67551bc-3737-11f0-85b7-581122bb7f2c\20210419T000000+1000_REC_236.wav,False,0,0,0,0,0,0,0,0,0,0,0,0,rain (light),-6.0274096,1.285867,0.34668523,0.5979512,0.035885196,0.32167578,-0.011301247,0.25192294,0.0736013,0.24015117,0.14223957,0.23090425,0.11272277
11.908153,7.226263,7.543472,0,0,0,00:00.0,00:00.0,uploads\b67551bc-3737-11f0-85b7-581122bb7f2c\20210419T000000+1000_REC_237.wav,False,0,0,0,0,0,0,0,0,0,0,0,0,rain (light),-6.011421,1.3266542,0.4485854,0.65179265,0.025844486,0.3459569,-0.0018769279,0.21533372,0.021677135,0.17807819,0.045483224,0.16185288,0.07265401
11.917263,7.1654396,7.483455,0,0,0,00:00.0,00:00.0,uploads\b67551bc-3737-11f0-85b7-581122bb7f2c\20210419T000000+1000_REC_238.wav,False,0,0,0,0,0,0,0,0,0,0,0,0,rain (light),-6.0062113,1.339713,0.4579004,0.6748306,0.01654675,0.33595446,-0.0055184076,0.20475131,0.02733602,0.19062115,0.040980138,0.17757411,0.09553335
11.59118,9.388735,8.487748,0,0,0,00:00.0,00:00.0,uploads\b67551bc-3737-11f0-85b7-581122bb7f2c\20210419T000000+1000_REC_239.wav,False,0,0,0,0,0,0,0,0,0,0,0,0,rain (light),-5.9645033,1.4585655,0.50301903,0.7555433,-0.11678196,0.34270257,0.0003029923,0.22723977,-0.009635163,0.22082396,0.03676895,0.17645083,0.05574634
11.097342,10.998643,9.377907,0,0,0,00:00.0,00:00.0,uploads\b67551bc-3737-11f0-85b7-581122bb7f2c\20210419T000000+1000_REC_240.wav,False,0,0,0,0,0,0,0,0,0,0,0,0,rain (light),-5.9288263,1.5489461,0.57382363,0.78478235,-0.25102708,0.17894614,-0.12766154,0.2861756,-0.018813342,0.16127616,-0.021416584,0.11788868,0.064202584
10.972113,11.287553,9.614581,0,0,0,00:00.0,00:00.0,uploads\b67551bc-3737-11f0-85b7-581122bb7f2c\20210419T000000+1000_REC_241.wav,True,0,0,0,0,0,0,1,0,1,0,0,0,rain (light),-5.874922,1.6336455,0.7034069,0.8518664,-0.36981562,0.1332309,-0.2244188,0.21724562,-0.070466675,0.19339933,-0.030183962,0.1008971,-0.011158783
12.311174,10.09115,9.492337,0,0,0,00:00.0,00:00.0,uploads\b67551bc-3737-11f0-85b7-581122bb7f2c\20210419T000000+1000_REC_242.wav,False,0,0,0,0,0,0,0,0,0,0,0,0,rain (light),-5.956758,1.3988035,0.5093007,0.8987608,-0.16685745,0.30934903,-0.04357034,0.2577619,-0.05916211,0.16136907,-0.028660966,0.103014894,0.017032823
11.295621,9.837678,7.9774666,0,0,0,00:00.0,00:00.0,uploads\b67551bc-3737-11f0-85b7-581122bb7f2c\20210419T000000+1000_REC_243.wav,False,0,0,0,0,0,0,0,0,0,0,0,0,rain (light),-5.974369,1.4469259,0.444446,0.7427818,-0.10421616,0.27596524,-0.022966128,0.27129892,0.015534266,0.20143715,0.045794394,0.17551093,0.0632843
10.614701,10.143865,7.8165674,0,0,0,00:00.0,00:00.0,uploads\b67551bc-3737-11f0-85b7-581122bb7f2c\20210419T000000+1000_REC_244.wav,True,0,0,0,0,0,0,0,0,1,0,0,0,rain (light),-6.0205817,1.2523996,0.35452685,0.73028797,-0.084695145,0.28209087,0.029691353,0.27149186,0.045707125,0.22735931,0.028710859,0.20898464,0.11937397
10.848392,6.8594785,7.3336163,0,0,0,00:00.0,00:00.0,uploads\b67551bc-3737-11f0-85b7-581122bb7f2c\20210419T000000+1000_REC_245.wav,False,0,0,0,0,0,0,0,0,0,0,0,0,rain (light),-6.021939,1.2399912,0.38017276,0.7235173,-0.019646417,0.3644527,0.038269438,0.2690376,0.06533313,0.23061842,0.04318652,0.1728766,0.080752894
10.816299,7.2479386,7.390738,0,0,0,00:00.0,00:00.0,uploads\b67551bc-3737-11f0-85b7-581122bb7f2c\20210419T000000+1000_REC_246.wav,False,0,0,0,0,0,0,0,0,0,0,0,0,rain (light),-5.9988666,1.3404844,0.3858708,0.7473846,-0.08647954,0.33398288,0.011226933,0.27194998,0.03955017,0.21774805,0.055945616,0.15543994,0.037506178
10.834932,6.837342,7.329008,0,0,0,00:00.0,00:00.0,uploads\b67551bc-3737-11f0-85b7-581122bb7f2c\20210419T000000+1000_REC_247.wav,False,0,0,0,0,0,0,0,0,0,0,0,0,rain (light),-6.001509,1.3588483,0.37186322,0.69958454,0.008792368,0.36598635,0.01299101,0.25283054,0.042229883,0.22460897,0.056366492,0.1961231,0.094580024
10.927046,6.8690233,7.1260715,0,0,0,00:00.0,00:00.0,uploads\b67551bc-3737-11f0-85b7-581122bb7f2c\20210419T000000+1000_REC_248.wav,True,0,0,0,0,0,0,0,0,1,0,0,0,rain (light),-6.011079,1.3348384,0.38253438,0.6679072,0.03976272,0.35018492,-0.0027588527,0.23483284,0.04819097,0.196136,0.08225989,0.19149882,0.08330247
11.071618,6.0009394,6.9333816,0,0,0,00:00.0,00:00.0,uploads\b67551bc-3737-11f0-85b7-581122bb7f2c\20210419T000000+1000_REC_249.wav,False,0,0,0,0,0,0,0,0,0,0,0,0,rain (light),-6.0056834,1.3787975,0.37692112,0.60414726,0.044155367,0.35396582,-0.011325438,0.27154163,0.04760369,0.22494192,0.083764516,0.21391395,0.10340168
11.049862,5.9500327,6.8986945,0,0,0,00:00.0,00:00.0,uploads\b67551bc-3737-11f0-85b7-581122bb7f2c\20210419T000000+1000_REC_250.wav,False,0,0,0,0,0,0,0,0,0,0,0,0,rain (light),-6.021808,1.3140754,0.37198663,0.5865918,0.014977933,0.31516054,-0.012310109,0.28288567,0.07672988,0.22300127,0.101464696,0.21037363,0.10637585
11.062048,5.8546977,6.7607126,0,0,0,00:00.0,00:00.0,uploads\b67551bc-3737-11f0-85b7-581122bb7f2c\20210419T000000+1000_REC_251.wav,False,0,0,0,0,0,0,0,0,0,0,0,0,rain (light),-6.0275435,1.260298,0.39905536,0.6238011,0.060571186,0.35392696,0.04949041,0.26558834,0.051839855,0.24002911,0.09656237,0.20818697,0.10988636
11.149243,5.8218164,6.7292056,0,0,0,00:00.0,00:00.0,uploads\b67551bc-3737-11f0-85b7-581122bb7f2c\20210419T000000+1000_REC_252.wav,False,0,0,0,0,0,0,0,0,0,0,0,0,rain (light),-6.0257154,1.2863997,0.3514734,0.6122865,0.06678571,0.34176928,0.00767949,0.26452422,0.082521684,0.23484698,0.10631883,0.22380011,0.11861641
11.327054,6.3052263,6.7233214,0,0,0,00:00.0,00:00.0,uploads\b67551bc-3737-11f0-85b7-581122bb7f2c\20210419T000000+1000_REC_253.wav,False,0,0,0,0,0,0,0,0,0,0,0,0,rain (light),-6.02165,1.2839077,0.45512938,0.61671305,0.043590467,0.31473926,-0.012285954,0.22601332,0.045927405,0.23171741,0.13076141,0.23449183,0.05932374
10.6756,5.6832833,6.0190635,0,0,0,00:00.0,00:00.0,uploads\b67551bc-3737-11f0-85b7-581122bb7f2c\20210419T000000+1000_REC_254.wav,False,0,0,0,0,0,0,0,0,0,0,0,0,rain (light),-6.062904,1.1226203,0.36745128,0.55033237,0.07220883,0.30154166,0.013019401,0.22719601,0.07219788,0.21017191,0.1132912,0.19705589,0.12172587
11.244724,7.139466,7.25276,0,0,0,00:00.0,00:00.0,uploads\b67551bc-3737-11f0-85b7-581122bb7f2c\20210419T000000+1000_REC_255.wav,False,0,0,0,0,0,0,0,0,0,0,0,0,rain (light),-5.9832306,1.4503926,0.44620273,0.6739488,0.0138337845,0.32379326,-0.020297369,0.23504563,0.039456323,0.18374842,0.064130604,0.16857602,0.055448655
11.109494,6.278672,6.2152834,0,0,0,00:00.0,00:00.0,uploads\b67551bc-3737-11f0-85b7-581122bb7f2c\20210419T000000+1000_REC_256.wav,False,0,0,0,0,0,0,0,0,0,0,0,0,rain (light),-6.0428953,1.2060002,0.3791847,0.6079422,0.029180937,0.3059991,0.006912727,0.21050617,0.03774518,0.19577312,0.090291195,0.21757863,0.1002838
10.573539,6.2076216,5.934254,0,0,0,00:00.0,00:00.0,uploads\b67551bc-3737-11f0-85b7-581122bb7f2c\20210419T000000+1000_REC_257.wav,False,0,0,0,0,0,0,0,0,0,0,0,0,rain (light),-6.0471587,1.190238,0.39868888,0.6057633,0.03447404,0.26622847,0.038505316,0.22215113,0.06261378,0.16798504,0.073627256,0.20318647,0.12484454
10.64627,6.0938306,6.4333534,0,0,0,00:00.0,00:00.0,uploads\b67551bc-3737-11f0-85b7-581122bb7f2c\20210419T000000+1000_REC_258.wav,False,0,0,0,0,0,0,0,0,0,0,0,0,rain (light),-6.050664,1.1745898,0.3770953,0.5863524,0.08770846,0.32287917,0.039446913,0.24050026,0.061470896,0.2055776,0.09969266,0.17179646,0.08723772
10.53458,6.063896,5.966145,0,0,0,00:00.0,00:00.0,uploads\b67551bc-3737-11f0-85b7-581122bb7f2c\20210419T000000+1000_REC_259.wav,False,0,0,0,0,0,0,0,0,0,0,0,0,rain (light),-6.0623517,1.1106205,0.381326,0.5961138,0.07717708,0.2790006,0.03219335,0.21990967,0.066171974,0.18483655,0.100345254,0.18838245,0.124664545
10.580835,6.198846,5.951912,0,0,0,00:00.0,00:00.0,uploads\b67551bc-3737-11f0-85b7-581122bb7f2c\20210419T000000+1000_REC_260.wav,False,0,0,0,0,0,0,0,0,0,0,0,0,rain (light),-6.0408154,1.2197343,0.39463916,0.6092962,0.08843468,0.3010571,0.006721616,0.21397294,0.04773625,0.17725456,0.09238498,0.19344471,0.12051448
11.478373,7.5398383,7.1499996,0,0,0,00:00.0,00:00.0,uploads\b67551bc-3737-11f0-85b7-581122bb7f2c\20210419T000000+1000_REC_261.wav,False,0,0,0,0,0,0,0,0,0,0,0,0,rain (light),-5.9787126,1.4529593,0.45896676,0.7137648,0.052392848,0.2969058,-0.01910585,0.22735557,0.02337532,0.20471731,0.08179134,0.185248,0.05225639
12.2056675,9.094369,8.540612,0,0,0,00:00.0,00:00.0,uploads\b67551bc-3737-11f0-85b7-581122bb7f2c\20210419T000000+1000_REC_262.wav,False,0,0,0,0,0,0,0,0,0,0,0,0,rain (light),-5.9542565,1.563572,0.483631,0.68816495,0.00052335294,0.27259028,-0.037774406,0.21710736,-0.0111163,0.15471008,0.072910435,0.18869512,0.08487795
10.906143,6.7261333,7.1654263,0,0,0,00:00.0,00:00.0,uploads\b67551bc-3737-11f0-85b7-581122bb7f2c\20210419T000000+1000_REC_263.wav,False,0,0,0,0,0,0,0,0,0,0,0,0,rain (light),-5.987337,1.4454883,0.44495746,0.6394357,0.05013259,0.32627824,0.020813212,0.25587824,0.060481034,0.2103334,0.08686381,0.19064963,0.075518474
12.02465,7.3456717,7.6733403,0,0,0,00:00.0,00:00.0,uploads\b67551bc-3737-11f0-85b7-581122bb7f2c\20210419T000000+1000_REC_264.wav,False,0,0,0,0,0,0,0,0,0,0,0,0,rain (light),-5.943503,1.5750772,0.51127625,0.7249495,0.07084435,0.34507155,-0.009600968,0.21633808,-0.017016787,0.1812652,0.01756997,0.16984966,0.048776582
11.912525,6.99059,7.2023683,0,0,0,00:00.0,00:00.0,uploads\b67551bc-3737-11f0-85b7-581122bb7f2c\20210419T000000+1000_REC_265.wav,False,0,0,0,0,0,0,0,0,0,0,0,0,rain (light),-6.0022516,1.3724105,0.42074853,0.663892,0.08029305,0.33861586,-0.008528772,0.20378634,0.034134474,0.21520887,0.057630062,0.20067546,0.10507176
11.683063,6.281335,6.66043,0,0,0,00:00.0,00:00.0,uploads\b67551bc-3737-11f0-85b7-581122bb7f2c\20210419T000000+1000_REC_266.wav,False,0,0,0,0,0,0,0,0,0,0,0,0,rain (light),-6.0026813,1.3703802,0.44401714,0.636165,0.06345906,0.31650636,-0.056348037,0.20832174,0.036872867,0.2195149,0.099047676,0.24475493,0.11951296
9.105008,6.647116,4.246105,0,0,0,00:00.0,00:00.0,uploads\b67551bc-3737-11f0-85b7-581122bb7f2c\20210419T020000+1000_REC_0.wav,False,0,0,0,0,0,0,0,0,0,0,0,0,rain (light),-6.0769944,1.0743825,0.39634916,0.5167614,0.08412909,0.19596042,0.082201876,0.16526921,0.120659865,0.14311074,0.11613829,0.14366607,0.14396244
11.692156,10.003079,7.520293,0,0,0,00:00.0,00:00.0,uploads\b67551bc-3737-11f0-85b7-581122bb7f2c\20210419T020000+1000_REC_1.wav,False,0,0,0,0,0,0,0,0,0,0,0,0,rain (light),-5.9388866,1.5977247,0.52175874,0.7148444,-0.120232224,0.24082828,-0.01327642,0.22191729,0.017475566,0.17041875,0.014195872,0.14138502,0.035995588
8.884977,6.311689,3.2869036,0,0,0,00:00.0,00:00.0,uploads\b67551bc-3737-11f0-85b7-581122bb7f2c\20210419T020000+1000_REC_2.wav,False,0,0,0,0,0,0,0,0,0,0,0,0,rain (light),-6.078327,1.0215815,0.5197543,0.5124761,0.06700804,0.17812051,0.15267901,0.1578267,0.13234347,0.14328104,0.13587938,0.124816634,0.15696758
11.781307,9.174409,7.9112835,0,0,0,00:00.0,00:00.0,uploads\b67551bc-3737-11f0-85b7-581122bb7f2c\20210419T020000+1000_REC_3.wav,False,0,0,0,0,0,0,0,0,0,0,0,0,rain (light),-5.9755335,1.4354974,0.529816,0.72566676,-0.12782294,0.21566463,-0.03483533,0.19390441,0.004837194,0.18063626,0.014840731,0.13093816,0.056560308
12.027364,9.711255,8.74656,0,0,0,00:00.0,00:00.0,uploads\b67551bc-3737-11f0-85b7-581122bb7f2c\20210419T020000+1000_REC_4.wav,True,0,0,0,0,0,0,0,1,0,0,0,0,rain (light),-5.9064555,1.6590027,0.597206,0.7705595,-0.22051515,0.1730257,-0.073188454,0.18717274,-0.025434297,0.14779806,-0.027815508,0.09170502,0.029737607
9.02412,7.3237467,3.4717824,0,0,0,00:00.0,00:00.0,uploads\b67551bc-3737-11f0-85b7-581122bb7f2c\20210419T020000+1000_REC_5.wav,False,0,0,0,0,0,0,0,0,0,0,0,0,rain (light),-6.0049934,1.3460038,0.5838127,0.6290135,-0.09772518,0.12992416,0.03278692,0.15331073,0.06502735,0.09080898,0.057705715,0.095479056,0.1247611
10.971623,11.288079,9.615046,0,0,0,00:00.0,00:00.0,uploads\b67551bc-3737-11f0-85b7-581122bb7f2c\20210419T020000+1000_REC_7.wav,False,0,0,0,0,0,0,0,0,0,0,0,0,rain (light),-5.8035607,1.8945453,0.58127034,0.88970214,-0.40488634,0.07043547,-0.21294056,0.23756166,-0.0789091,0.1339982,-0.08565285,0.07539404,-0.043155987
10.97,11.290087,9.616587,0,0,0,00:00.0,00:00.0,uploads\b67551bc-3737-11f0-85b7-581122bb7f2c\20210419T020000+1000_REC_8.wav,False,0,0,0,0,0,0,0,0,0,0,0,0,rain (light),-5.81666,1.8472571,0.5663649,0.9616971,-0.343116,0.13549332,-0.16496563,0.24946882,-0.087490916,0.14844829,-0.06033488,0.06386614,-0.023091467
9.24794,7.393167,3.2820415,0,0,0,00:00.0,00:00.0,uploads\b67551bc-3737-11f0-85b7-581122bb7f2c\20210419T020000+1000_REC_9.wav,False,0,0,0,0,0,0,0,0,0,0,0,0,rain (light),-6.0279765,1.2596374,0.5188039,0.6356267,-0.04226276,0.10908668,0.0625892,0.17343229,0.09364531,0.11670442,0.104579605,0.070653416,0.13144942
8.944308,7.146975,3.4133012,0,0,0,00:00.0,00:00.0,uploads\b67551bc-3737-11f0-85b7-581122bb7f2c\20210419T020000+1000_REC_10.wav,True,0,0,0,0,0,0,0,1,0,0,0,1,rain (light),-6.037414,1.2332816,0.50904816,0.5988998,-0.015204125,0.14044094,0.08534665,0.14083995,0.08827312,0.14275405,0.12571609,0.10173189,0.13545485
11.866504,9.422766,8.316335,0,0,0,00:00.0,00:00.0,uploads\b67551bc-3737-11f0-85b7-581122bb7f2c\20210419T020000+1000_REC_11.wav,False,0,0,0,0,0,0,0,0,0,0,0,0,rain (light),-5.985275,1.4261247,0.44938338,0.71901673,-0.12834413,0.16743219,-0.02346003,0.18839164,0.007578665,0.14236945,0.044583473,0.1377574,0.11022272
10.506623,7.363001,6.0495524,0,0,0,00:00.0,00:00.0,uploads\b67551bc-3737-11f0-85b7-581122bb7f2c\20210419T020000+1000_REC_12.wav,False,0,0,0,0,0,0,0,0,0,0,0,0,rain (light),-6.00885,1.3427658,0.4893206,0.6540079,-0.10769492,0.18947977,0.05521025,0.19277431,0.07853412,0.17441463,0.10336599,0.12730668,0.11853007
11.741925,9.103873,7.784299,0,0,0,00:00.0,00:00.0,uploads\b67551bc-3737-11f0-85b7-581122bb7f2c\20210419T020000+1000_REC_13.wav,False,0,0,0,0,0,0,0,0,0,0,0,0,rain (light),-5.967619,1.4646821,0.5287392,0.7514996,-0.12975222,0.20772198,-0.0025173626,0.21355814,0.019464903,0.1721243,0.048414875,0.11573273,0.07789682
9.134137,7.2538724,3.326648,0,0,0,00:00.0,00:00.0,uploads\b67551bc-3737-11f0-85b7-581122bb7f2c\20210419T020000+1000_REC_14.wav,False,0,0,0,0,0,0,0,0,0,0,0,0,rain (light),-6.0436726,1.177477,0.52227575,0.6269923,-0.008243063,0.1683021,0.090912275,0.18483822,0.090420656,0.14769918,0.12103923,0.086355366,0.13399597
11.747425,9.103403,7.783688,0,0,0,00:00.0,00:00.0,uploads\b67551bc-3737-11f0-85b7-581122bb7f2c\20210419T020000+1000_REC_15.wav,False,0,0,0,0,0,0,0,0,0,0,0,0,rain (light),-5.9765267,1.4486622,0.5286078,0.7017262,-0.13801034,0.18048641,-0.03186028,0.18951775,0.039610215,0.17783096,0.049317144,0.1152331,0.10066134
11.950481,9.672584,8.766514,0,0,0,00:00.0,00:00.0,uploads\b67551bc-3737-11f0-85b7-581122bb7f2c\20210419T020000+1000_REC_16.wav,False,0,0,0,0,0,0,0,0,0,0,0,0,rain (light),-5.933451,1.5873531,0.5253396,0.7798854,-0.124033935,0.22468682,-0.06612594,0.19252692,-0.012935104,0.15200934,0.0031220606,0.11592187,0.030906176
12.017563,9.662516,8.707418,0,0,0,00:00.0,00:00.0,uploads\b67551bc-3737-11f0-85b7-581122bb7f2c\20210419T020000+1000_REC_17.wav,False,0,0,0,0,0,0,0,0,0,0,0,0,rain (light),-5.903455,1.6885121,0.54322416,0.7973467,-0.13363583,0.22918566,-0.071055144,0.18357925,-0.015636502,0.17017214,0.0025551713,0.12861797,0.040141035
11.988594,9.703283,8.68387,0,0,0,00:00.0,00:00.0,uploads\b67551bc-3737-11f0-85b7-581122bb7f2c\20210419T020000+1000_REC_18.wav,False,0,0,0,0,0,0,0,0,0,0,0,0,rain (light),-5.894256,1.7538369,0.5294315,0.7422496,-0.07878841,0.2659646,-0.05073137,0.17204432,-0.006889366,0.16388397,-0.011094734,0.14765634,0.038234524
12.155486,9.440172,8.786514,0,0,0,00:00.0,00:00.0,uploads\b67551bc-3737-11f0-85b7-581122bb7f2c\20210419T020000+1000_REC_19.wav,False,0,0,0,0,0,0,0,0,0,0,0,0,rain (light),-5.8724866,1.7974904,0.533138,0.81847584,-0.07561987,0.25684506,-0.0764121,0.1815946,-0.04274083,0.12968405,0.00596001,0.12601408,0.04611256
11.920102,9.12446,8.332344,0,0,0,00:00.0,00:00.0,uploads\b67551bc-3737-11f0-85b7-581122bb7f2c\20210419T020000+1000_REC_20.wav,False,0,0,0,0,0,0,0,0,0,0,0,0,rain (light),-5.935932,1.5937425,0.49262005,0.79184735,-0.015965652,0.23373851,-0.059683297,0.14587002,-0.030124776,0.18612479,0.050246492,0.13696091,0.034988683
11.543527,9.358083,8.9056,0,0,0,00:00.0,00:00.0,uploads\b67551bc-3737-11f0-85b7-581122bb7f2c\20210419T020000+1000_REC_21.wav,False,0,0,0,0,0,0,0,0,0,0,0,0,rain (light),-5.9671707,1.4855053,0.47159442,0.7498605,-0.008031499,0.3035102,-0.0028814455,0.21978639,-0.013740647,0.14414833,0.04528547,0.122898445,0.06875362
11.324554,6.8071985,6.477913,0,0,0,00:00.0,00:00.0,uploads\b67551bc-3737-11f0-85b7-581122bb7f2c\20210419T020000+1000_REC_22.wav,False,0,0,0,0,0,0,0,0,0,0,0,0,rain (light),-6.0275598,1.2677003,0.3901473,0.6760265,0.052829113,0.26773715,0.019279325,0.20174158,0.043124873,0.18743178,0.07630423,0.16592383,0.08011482
10.833128,7.1738157,7.3260784,0,0,0,00:00.0,00:00.0,uploads\b67551bc-3737-11f0-85b7-581122bb7f2c\20210419T020000+1000_REC_23.wav,False,0,0,0,0,0,0,0,0,0,0,0,0,rain (light),-6.010285,1.3253781,0.39049983,0.7301376,0.039767206,0.26500142,0.015262191,0.23538347,0.02158482,0.1592911,0.040161967,0.111370064,0.061049007
8.978027,6.5434766,3.5504997,0,0,0,00:00.0,00:00.0,uploads\b67551bc-3737-11f0-85b7-581122bb7f2c\20210419T020000+1000_REC_24.wav,True,0,0,0,0,0,0,0,0,1,0,0,1,rain (light),-6.074828,1.0670782,0.4531194,0.52760464,0.09412233,0.185817,0.10039866,0.16129288,0.11934552,0.13375051,0.15006882,0.11576271,0.13374221
11.53605,9.739194,8.668938,0,0,0,00:00.0,00:00.0,uploads\b67551bc-3737-11f0-85b7-581122bb7f2c\20210419T020000+1000_REC_25.wav,True,0,0,0,0,0,0,0,0,1,0,0,0,rain (light),-5.9371905,1.5947365,0.4720127,0.7908033,-0.028302122,0.2331012,-0.03353983,0.23051448,-0.0020048462,0.14544775,0.020753883,0.10665433,0.055151906
8.95263,6.8148637,3.706433,0,0,0,00:00.0,00:00.0,uploads\b67551bc-3737-11f0-85b7-581122bb7f2c\20210419T020000+1000_REC_26.wav,False,0,0,0,0,0,0,0,0,0,0,0,0,rain (light),-6.0591383,1.1396041,0.46751004,0.56818616,0.08825999,0.21088514,0.095320545,0.1705652,0.09959437,0.115190156,0.11098136,0.10962591,0.1344928
11.489212,8.534548,7.4972987,0,0,0,00:00.0,00:00.0,uploads\b67551bc-3737-11f0-85b7-581122bb7f2c\20210419T020000+1000_REC_27.wav,False,0,0,0,0,0,0,0,0,0,0,0,0,rain (light),-5.9837604,1.449655,0.44804835,0.7081742,0.011553081,0.23376606,-0.005013605,0.20466454,0.03200058,0.1529412,0.012003613,0.122176014,0.057772983
11.466333,8.607217,7.4413943,0,0,0,00:00.0,00:00.0,uploads\b67551bc-3737-11f0-85b7-581122bb7f2c\20210419T020000+1000_REC_28.wav,False,0,0,0,0,0,0,0,0,0,0,0,0,rain (light),-5.999621,1.3832531,0.4720523,0.66997755,-0.015859267,0.24074583,-0.015695525,0.19956519,0.049080506,0.16701932,0.014759743,0.108229965,0.042768206
10.448302,6.85027,6.162629,0,0,0,00:00.0,00:00.0,uploads\b67551bc-3737-11f0-85b7-581122bb7f2c\20210419T020000+1000_REC_29.wav,True,0,0,0,0,0,0,0,0,1,0,0,0,rain (light),-6.051758,1.1624546,0.40840736,0.62106436,0.052054565,0.2568055,0.0763683,0.22807221,0.0674645,0.14984934,0.0633712,0.1278662,0.094666936
11.270788,8.095528,7.487955,0,0,0,00:00.0,00:00.0,uploads\b67551bc-3737-11f0-85b7-581122bb7f2c\20210419T020000+1000_REC_30.wav,False,0,0,0,0,0,0,0,0,0,0,0,0,rain (light),-5.982874,1.4391731,0.43260515,0.72902054,-0.031542577,0.26278448,-0.0073124776,0.21482101,0.022121135,0.19142953,0.045893613,0.1331318,0.06319988
11.165098,6.5752997,6.199616,0,0,0,00:00.0,00:00.0,uploads\b67551bc-3737-11f0-85b7-581122bb7f2c\20210419T020000+1000_REC_31.wav,True,0,0,0,0,0,0,0,0,1,0,0,0,rain (light),-6.0538406,1.157327,0.41203108,0.59587556,0.017028399,0.26562044,0.06133998,0.19420567,0.05609505,0.15797131,0.04228079,0.16015314,0.1138913
11.418282,6.8736935,6.544061,0,0,0,00:00.0,00:00.0,uploads\b67551bc-3737-11f0-85b7-581122bb7f2c\20210419T020000+1000_REC_32.wav,False,0,0,0,0,0,0,0,0,0,0,0,0,rain (light),-6.0199666,1.2920802,0.45722875,0.66534615,0.018274928,0.2660892,0.007955546,0.19517532,0.0316068,0.17812346,0.066745974,0.16253053,0.10520309
11.921422,9.079203,8.326587,0,0,0,00:00.0,00:00.0,uploads\b67551bc-3737-11f0-85b7-581122bb7f2c\20210419T020000+1000_REC_33.wav,True,0,0,0,0,0,0,0,0,1,0,0,0,rain (light),-5.9555073,1.5368682,0.50797427,0.7281382,-0.026259337,0.26578748,-0.039470688,0.16387698,-0.012038747,0.17561437,0.035195097,0.15124431,0.059535533
11.285555,6.6789265,6.326459,0,0,0,00:00.0,00:00.0,uploads\b67551bc-3737-11f0-85b7-581122bb7f2c\20210419T020000+1000_REC_34.wav,True,0,0,0,0,0,0,0,0,1,0,0,0,rain (light),-6.037956,1.2245265,0.4248497,0.6328794,0.07028663,0.2770604,0.02211101,0.19858976,0.042946268,0.15797782,0.07604258,0.17666407,0.08563052
11.396048,6.8172207,6.4795685,0,0,0,00:00.0,00:00.0,uploads\b67551bc-3737-11f0-85b7-581122bb7f2c\20210419T020000+1000_REC_35.wav,False,0,0,0,0,0,0,0,0,0,0,0,0,rain (light),-6.003886,1.3603008,0.44530594,0.6928826,0.043346684,0.28148142,0.0018095309,0.19660924,0.028197214,0.16610628,0.06298152,0.17957452,0.082746
8.955818,6.411622,3.415923,0,0,0,00:00.0,00:00.0,uploads\b67551bc-3737-11f0-85b7-581122bb7f2c\20210419T020000+1000_REC_36.wav,False,0,0,0,0,0,0,0,0,0,0,0,0,rain (light),-6.087057,0.99656725,0.4709981,0.48129627,0.159312,0.18808772,0.12211642,0.13932152,0.15332818,0.15299156,0.13636704,0.10367836,0.121824205
8.286315,6.0710807,3.5292811,0,0,0,00:00.0,00:00.0,uploads\b67551bc-3737-11f0-85b7-581122bb7f2c\20210419T020000+1000_REC_37.wav,False,0,0,0,0,0,0,0,0,0,0,0,0,rain (light),-6.079792,1.0411863,0.46808088,0.4885272,0.1436593,0.20102334,0.13098873,0.17666942,0.1373052,0.15055549,0.14696695,0.13563558,0.12917836
9.343434,6.7366014,4.4747214,0,0,0,00:00.0,00:00.0,uploads\b67551bc-3737-11f0-85b7-581122bb7f2c\20210419T020000+1000_REC_38.wav,False,0,0,0,0,0,0,0,0,0,0,0,0,rain (light),-6.061037,1.1350702,0.44514695,0.55510485,0.10418316,0.2330357,0.03896937,0.18791315,0.08162629,0.13782002,0.084888235,0.12836565,0.10967239
11.623729,8.823369,7.6142163,0,0,0,00:00.0,00:00.0,uploads\b67551bc-3737-11f0-85b7-581122bb7f2c\20210419T020000+1000_REC_39.wav,False,0,0,0,0,0,0,0,0,0,0,0,0,rain (light),-5.9757104,1.4841616,0.48523152,0.6877855,0.06479068,0.24650595,-0.025424622,0.20202553,0.031205697,0.14061457,0.005206507,0.09943068,0.066227496
11.812907,9.283968,7.984411,0,0,0,00:00.0,00:00.0,uploads\b67551bc-3737-11f0-85b7-581122bb7f2c\20210419T020000+1000_REC_40.wav,False,0,0,0,0,0,0,0,0,0,0,0,0,rain (light),-5.96512,1.528537,0.53944385,0.65510285,0.024174308,0.22669816,-0.027815264,0.18214375,0.027032401,0.15020269,0.016028188,0.12092976,0.06418431
11.412629,6.915613,6.566728,0,0,0,00:00.0,00:00.0,uploads\b67551bc-3737-11f0-85b7-581122bb7f2c\20210419T020000+1000_REC_41.wav,False,0,0,0,0,0,0,0,0,0,0,0,0,rain (light),-6.0250735,1.2823415,0.45150605,0.63345647,0.06846124,0.29644513,0.020175043,0.18103404,0.039114777,0.18691166,0.068307534,0.14602116,0.08260615
11.471634,7.0327315,6.6507998,0,0,0,00:00.0,00:00.0,uploads\b67551bc-3737-11f0-85b7-581122bb7f2c\20210419T020000+1000_REC_42.wav,False,0,0,0,0,0,0,0,0,0,0,0,0,rain (light),-5.9958825,1.4148878,0.45892236,0.6495177,0.06217916,0.27488774,-0.009592495,0.19157335,0.022511415,0.177971,0.040853363,0.14034918,0.08739982
11.515389,8.196524,7.394681,0,0,0,00:00.0,00:00.0,uploads\b67551bc-3737-11f0-85b7-581122bb7f2c\20210419T020000+1000_REC_43.wav,False,0,0,0,0,0,0,0,0,0,0,0,0,rain (light),-5.982903,1.4290013,0.48113447,0.7280067,0.06826282,0.29439077,-0.014692545,0.18160409,-0.016827334,0.15544076,0.057127196,0.14683521,0.060500894
8.918562,6.300427,3.3002841,0,0,0,00:00.0,00:00.0,uploads\b67551bc-3737-11f0-85b7-581122bb7f2c\20210419T020000+1000_REC_44.wav,False,0,0,0,0,0,0,0,0,0,0,0,0,rain (light),-6.1028557,0.89272845,0.44851485,0.47243655,0.16447876,0.17956565,0.116707526,0.12988257,0.12987322,0.13520956,0.14607711,0.11161808,0.15585457
11.175765,5.974903,6.332166,0,0,0,00:00.0,00:00.0,uploads\b67551bc-3737-11f0-85b7-581122bb7f2c\20210419T020000+1000_REC_45.wav,False,0,0,0,0,0,0,0,0,0,0,0,0,rain (light),-6.0555506,1.1464043,0.39784622,0.6009398,0.110098355,0.29094964,0.043539718,0.19979821,0.05931057,0.1801647,0.083385214,0.17811309,0.11633225
11.351803,6.7760534,6.439977,0,0,0,00:00.0,00:00.0,uploads\b67551bc-3737-11f0-85b7-581122bb7f2c\20210419T020000+1000_REC_46.wav,False,0,0,0,0,0,0,0,0,0,0,0,0,rain (light),-6.033879,1.2365025,0.4318209,0.6500527,0.043113694,0.26445693,0.019396799,0.19215485,0.036754955,0.1733502,0.092037596,0.17284745,0.06864622
8.87435,6.2318964,3.2198164,0,0,0,00:00.0,00:00.0,uploads\b67551bc-3737-11f0-85b7-581122bb7f2c\20210419T020000+1000_REC_47.wav,False,0,0,0,0,0,0,0,0,0,0,0,0,rain (light),-6.0976167,0.926052,0.4739738,0.4539885,0.18780838,0.18171655,0.15162097,0.14586903,0.1329268,0.1261597,0.15756832,0.13431258,0.1621578
11.449472,8.47983,7.448887,0,0,0,00:00.0,00:00.0,uploads\b67551bc-3737-11f0-85b7-581122bb7f2c\20210419T020000+1000_REC_48.wav,False,0,0,0,0,0,0,0,0,0,0,0,0,rain (light),-5.9906645,1.4163989,0.47698495,0.6936878,0.018584626,0.24797256,-0.0015844489,0.20317511,0.034176398,0.1674458,0.03223623,0.12473638,0.050416376
8.903447,6.115738,2.9878097,0,0,0,00:00.0,00:00.0,uploads\b67551bc-3737-11f0-85b7-581122bb7f2c\20210419T020000+1000_REC_49.wav,False,0,0,0,0,0,0,0,0,0,0,0,0,rain (light),-6.1047697,0.8477857,0.5338891,0.41459054,0.2324107,0.1808467,0.17435601,0.14803489,0.15008467,0.1464989,0.14686386,0.13376544,0.14553635
11.5528,9.809896,6.2193823,0,0,0,00:00.0,00:00.0,uploads\b67551bc-3737-11f0-85b7-581122bb7f2c\20210419T020000+1000_REC_50.wav,False,0,0,0,0,0,0,0,0,0,0,0,0,rain (light),-6.022322,1.2907045,0.4801225,0.6386833,0.020160453,0.23965804,0.036365125,0.22053175,0.07304717,0.17108373,0.0700432,0.15741043,0.09062306
11.56728,9.807962,6.360782,0,0,0,00:00.0,00:00.0,uploads\b67551bc-3737-11f0-85b7-581122bb7f2c\20210419T020000+1000_REC_51.wav,False,0,0,0,0,0,0,0,0,0,0,0,0,rain (light),-6.012556,1.3405643,0.49280426,0.62522477,0.015170172,0.2212797,0.0039851856,0.2173542,0.06018357,0.16782531,0.032199625,0.14093763,0.092996314
12.0288725,9.608238,8.315789,0,0,0,00:00.0,00:00.0,uploads\b67551bc-3737-11f0-85b7-581122bb7f2c\20210419T020000+1000_REC_52.wav,False,0,0,0,0,0,0,0,0,0,0,0,0,rain (light),-5.968485,1.4720571,0.5707219,0.70331186,-0.06910147,0.1758591,-0.07540313,0.18183726,0.008991733,0.16209833,0.0006175078,0.1233613,0.07149716
12.05524,9.635729,8.606028,0,0,0,00:00.0,00:00.0,uploads\b67551bc-3737-11f0-85b7-581122bb7f2c\20210419T020000+1000_REC_53.wav,False,0,0,0,0,0,0,0,0,0,0,0,0,rain (light),-5.914648,1.6707585,0.5873749,0.71826607,-0.123442926,0.15719073,-0.10116663,0.1392251,-0.02109391,0.18244101,0.026205402,0.09978988,0.03260146
9.274908,6.7246275,4.405265,0,0,0,00:00.0,00:00.0,uploads\b67551bc-3737-11f0-85b7-581122bb7f2c\20210419T020000+1000_REC_54.wav,False,0,0,0,0,0,0,0,0,0,0,0,0,rain (light),-6.0691814,1.099859,0.43170148,0.5438035,0.06368118,0.20556621,0.060127903,0.14529903,0.093553945,0.14769484,0.097731926,0.13687375,0.12960932
9.391804,6.9057245,4.560864,0,0,0,00:00.0,00:00.0,uploads\b67551bc-3737-11f0-85b7-581122bb7f2c\20210419T020000+1000_REC_55.wav,False,0,0,0,0,0,0,0,0,0,0,0,0,rain (light),-6.0625353,1.1088806,0.4421746,0.60051966,0.07536567,0.23634999,0.09160878,0.14408632,0.053862114,0.13636573,0.10478252,0.12616965,0.119171634
9.495596,6.6389313,4.8101773,0,0,0,00:00.0,00:00.0,uploads\b67551bc-3737-11f0-85b7-581122bb7f2c\20210419T020000+1000_REC_56.wav,True,0,0,0,0,0,0,0,0,1,0,0,0,rain (light),-6.06619,1.0847472,0.42994452,0.59815854,0.08287039,0.24123357,0.09720841,0.1923789,0.11155596,0.1806644,0.13348664,0.13755164,0.15754358
10.994734,6.5114193,6.0908594,0,0,0,00:00.0,00:00.0,uploads\b67551bc-3737-11f0-85b7-581122bb7f2c\20210419T020000+1000_REC_57.wav,False,0,0,0,0,0,0,0,0,0,0,0,0,rain (light),-6.0590706,1.1184496,0.41681108,0.6236718,0.021634081,0.22565882,0.061264448,0.19217683,0.07549527,0.18360262,0.115038045,0.15491138,0.11641708
11.645265,9.451698,8.549014,0,0,0,00:00.0,00:00.0,uploads\b67551bc-3737-11f0-85b7-581122bb7f2c\20210419T020000+1000_REC_58.wav,False,0,0,0,0,0,0,0,0,0,0,0,0,rain (light),-5.9767513,1.4475658,0.4722915,0.74254096,-0.04819854,0.23317519,-0.033598717,0.2099751,-0.020283738,0.16296335,0.033003435,0.11971163,0.04841843
10.770271,7.8047986,6.812352,0,0,0,00:00.0,00:00.0,uploads\b67551bc-3737-11f0-85b7-581122bb7f2c\20210419T020000+1000_REC_59.wav,False,0,0,0,0,0,0,0,0,0,0,0,0,rain (light),-6.019728,1.2948732,0.44619206,0.677892,0.0087568015,0.23072465,0.012424031,0.19702902,0.009603767,0.14513779,0.054655723,0.12631819,0.06809152
11.367685,6.833713,6.5426426,0,0,0,00:00.0,00:00.0,uploads\b67551bc-3737-11f0-85b7-581122bb7f2c\20210419T020000+1000_REC_60.wav,False,0,0,0,0,0,0,0,0,0,0,0,0,rain (light),-6.0284257,1.2493498,0.4435304,0.6727051,0.0031986462,0.25390768,0.0308365,0.19992258,0.0422775,0.19445454,0.051376235,0.15334009,0.101877786
9.1261835,6.711044,4.1927323,0,0,0,00:00.0,00:00.0,uploads\b67551bc-3737-11f0-85b7-581122bb7f2c\20210419T020000+1000_REC_61.wav,False,0,0,0,0,0,0,0,0,0,0,0,0,rain (light),-6.0855894,1.0000762,0.38696045,0.5607482,0.12799175,0.20023543,0.11525804,0.179568,0.103838384,0.12446692,0.12344511,0.11610813,0.13095856
8.828253,6.1756897,3.1977527,0,0,0,00:00.0,00:00.0,uploads\b67551bc-3737-11f0-85b7-581122bb7f2c\20210419T020000+1000_REC_62.wav,False,0,0,0,0,0,0,0,0,0,0,0,0,rain (light),-6.0890203,0.97842044,0.4669532,0.48301992,0.18057361,0.18268135,0.1451656,0.16003251,0.1607726,0.14638309,0.1548636,0.12964131,0.15942965
9.313455,6.714354,4.439113,0,0,0,00:00.0,00:00.0,uploads\b67551bc-3737-11f0-85b7-581122bb7f2c\20210419T020000+1000_REC_63.wav,False,0,0,0,0,0,0,0,0,0,0,0,0,rain (light),-6.0499525,1.1977723,0.4416831,0.5682765,0.08584486,0.22048205,0.0646223,0.17696676,0.096178345,0.15600708,0.09513551,0.13506709,0.11144357
11.541362,10.159527,8.762014,0,0,0,00:00.0,00:00.0,uploads\b67551bc-3737-11f0-85b7-581122bb7f2c\20210419T020000+1000_REC_64.wav,False,0,0,0,0,0,0,0,0,0,0,0,0,rain (light),-5.9030414,1.7300557,0.4977288,0.7476146,-0.06108186,0.25507504,-0.045222174,0.20123284,0.030192863,0.16209508,-0.03959694,0.11249285,0.02871993
11.635704,8.816872,7.607321,0,0,0,00:00.0,00:00.0,uploads\b67551bc-3737-11f0-85b7-581122bb7f2c\20210419T020000+1000_REC_65.wav,False,0,0,0,0,0,0,0,0,0,0,0,0,rain (light),-5.9837475,1.4562937,0.4703149,0.6830864,0.02312026,0.23306644,-0.018986272,0.18522601,0.016019506,0.13916999,0.022770416,0.10924681,0.060546592
12.097002,9.616529,8.36328,0,0,0,00:00.0,00:00.0,uploads\b67551bc-3737-11f0-85b7-581122bb7f2c\20210419T020000+1000_REC_66.wav,True,0,0,0,0,0,0,0,0,1,0,0,0,rain (light),-5.927199,1.6672101,0.52432626,0.6812373,-0.06146459,0.18792966,-0.0664139,0.18038869,0.008422124,0.14648032,0.010337832,0.11958761,0.0695195
8.930068,6.5456834,3.254226,0,0,0,00:00.0,00:00.0,uploads\b67551bc-3737-11f0-85b7-581122bb7f2c\20210419T020000+1000_REC_67.wav,True,0,0,0,0,0,0,0,0,1,0,0,0,rain (light),-6.071609,1.1007125,0.4923513,0.46673366,0.10193164,0.13341945,0.092708476,0.14547971,0.117472276,0.11128567,0.12575807,0.115913466,0.1545838
9.104489,6.7219257,4.0296597,0,0,0,00:00.0,00:00.0,uploads\b67551bc-3737-11f0-85b7-581122bb7f2c\20210419T020000+1000_REC_68.wav,True,0,0,0,0,0,0,0,0,1,0,0,0,rain (light),-6.0641174,1.1201277,0.43355837,0.5736394,0.08997309,0.1657093,0.0700996,0.18580101,0.1200627,0.1361956,0.11175943,0.09179322,0.11946315
11.522566,8.615751,7.515415,0,0,0,00:00.0,00:00.0,uploads\b67551bc-3737-11f0-85b7-581122bb7f2c\20210419T020000+1000_REC_69.wav,False,0,0,0,0,0,0,0,0,0,0,0,0,rain (light),-5.994406,1.4078099,0.43890902,0.6958932,-0.017507229,0.23369288,-0.011268725,0.18959343,0.021684073,0.15733081,0.030184736,0.11163137,0.06780512
8.983849,6.5431294,3.157948,0,0,0,00:00.0,00:00.0,uploads\b67551bc-3737-11f0-85b7-581122bb7f2c\20210419T020000+1000_REC_70.wav,False,0,0,0,0,0,0,0,0,0,0,0,0,rain (light),-6.0852,0.99629194,0.5424594,0.44732383,0.1647469,0.13141671,0.12982984,0.12043125,0.11502821,0.1035773,0.12927143,0.10414634,0.11614299
8.97173,6.53203,3.1830301,0,0,0,00:00.0,00:00.0,uploads\b67551bc-3737-11f0-85b7-581122bb7f2c\20210419T020000+1000_REC_71.wav,False,0,0,0,0,0,0,0,0,0,0,0,0,rain (light),-6.054205,1.1776004,0.537809,0.4966316,0.1114059,0.12271224,0.10172941,0.12977003,0.12395139,0.115989104,0.13041893,0.11416213,0.13144839
8.981234,6.5582285,3.1824658,0,0,0,00:00.0,00:00.0,uploads\b67551bc-3737-11f0-85b7-581122bb7f2c\20210419T020000+1000_REC_72.wav,False,0,0,0,0,0,0,0,0,0,0,0,0,rain (light),-6.0797496,1.052324,0.49288267,0.45550257,0.13790245,0.15034154,0.11058299,0.12183999,0.113893755,0.0912599,0.12444948,0.08729866,0.1304344
11.617146,10.158571,8.758195,0,0,0,00:00.0,00:00.0,uploads\b67551bc-3737-11f0-85b7-581122bb7f2c\20210419T020000+1000_REC_73.wav,False,0,0,0,0,0,0,0,0,0,0,0,0,rain (light),-5.898651,1.7360352,0.54133284,0.72926074,-0.11045737,0.2230057,-0.09047968,0.22428526,0.018470444,0.1395432,-0.01787338,0.12454456,0.055613033
12.235797,9.219749,8.612771,0,0,0,00:00.0,00:00.0,uploads\b67551bc-3737-11f0-85b7-581122bb7f2c\20210419T020000+1000_REC_75.wav,False,0,0,0,0,0,0,0,0,0,0,0,0,rain (light),-5.9233317,1.6559795,0.54044026,0.73238134,-0.03435069,0.22237144,-0.04477186,0.18624456,-0.0046307705,0.10153239,-0.027390854,0.1124426,0.030869354
11.493641,8.483768,7.4754186,0,0,0,00:00.0,00:00.0,uploads\b67551bc-3737-11f0-85b7-581122bb7f2c\20210419T020000+1000_REC_76.wav,False,0,0,0,0,0,0,0,0,0,0,0,0,rain (light),-5.9818025,1.4663607,0.45307028,0.685497,0.012548157,0.2272636,-0.022590743,0.20402934,0.022322807,0.16632062,0.026516441,0.13246655,0.08249381
10.511739,7.130688,6.077746,0,0,0,00:00.0,00:00.0,uploads\b67551bc-3737-11f0-85b7-581122bb7f2c\20210419T020000+1000_REC_77.wav,False,0,0,0,0,0,0,0,0,0,0,0,0,rain (light),-6.030837,1.2554214,0.43299443,0.655926,0.052730165,0.24075998,0.0019442546,0.17033581,0.03491778,0.14968197,0.05308012,0.13866158,0.0986307
11.651047,10.179888,8.832809,0,0,0,00:00.0,00:00.0,uploads\b67551bc-3737-11f0-85b7-581122bb7f2c\20210419T020000+1000_REC_78.wav,False,0,0,0,0,0,0,0,0,0,0,0,0,rain (light),-5.88278,1.763812,0.5851523,0.77013886,-0.11012843,0.23117563,-0.058295052,0.2359922,0.030430561,0.15625797,-0.030667443,0.09728693,0.015327371
12.136465,9.256307,8.665085,0,0,0,00:00.0,00:00.0,uploads\b67551bc-3737-11f0-85b7-581122bb7f2c\20210419T020000+1000_REC_79.wav,False,0,0,0,0,0,0,0,0,0,0,0,0,rain (light),-5.9464374,1.5644963,0.49599856,0.75538266,-0.026253495,0.27682257,-0.02736578,0.17993031,-0.025103735,0.13767233,0.010663062,0.13999043,0.06357062
11.498058,10.025343,8.624866,0,0,0,00:00.0,00:00.0,uploads\b67551bc-3737-11f0-85b7-581122bb7f2c\20210419T020000+1000_REC_80.wav,True,0,0,0,0,0,0,0,0,1,0,0,0,rain (light),-5.926969,1.6277875,0.49425557,0.7768602,-0.07049394,0.2519466,-0.04239817,0.20056136,-0.009714392,0.15646535,-0.033730507,0.1097698,0.08943019
11.38476,6.8827405,6.5154796,0,0,0,00:00.0,00:00.0,uploads\b67551bc-3737-11f0-85b7-581122bb7f2c\20210419T020000+1000_REC_81.wav,False,0,0,0,0,0,0,0,0,0,0,0,0,rain (light),-6.0255733,1.2793827,0.44773677,0.64305574,-0.0023094565,0.25406998,0.021713624,0.17790784,0.05020803,0.16949236,0.047400717,0.15348972,0.0737972
8.940845,6.3889365,3.3866591,0,0,0,00:00.0,00:00.0,uploads\b67551bc-3737-11f0-85b7-581122bb7f2c\20210419T020000+1000_REC_82.wav,True,0,0,0,0,0,0,0,0,1,0,0,1,rain (light),-6.082051,1.025508,0.47266206,0.4937669,0.13312346,0.1877995,0.11983559,0.14978953,0.13718301,0.14037879,0.13766055,0.11092493,0.16109395
8.930847,6.1113048,2.9505086,0,0,0,00:00.0,00:00.0,uploads\b67551bc-3737-11f0-85b7-581122bb7f2c\20210419T020000+1000_REC_83.wav,False,0,0,0,0,0,0,0,0,0,0,0,0,rain (light),-6.11275,0.780532,0.5429966,0.38759282,0.2510596,0.18925194,0.1684545,0.14751904,0.13639373,0.12855205,0.12830731,0.13151132,0.14970315
8.955458,6.694475,3.606685,0,0,0,00:00.0,00:00.0,uploads\b67551bc-3737-11f0-85b7-581122bb7f2c\20210419T020000+1000_REC_84.wav,False,0,0,0,0,0,0,0,0,0,0,0,0,rain (light),-6.0607,1.1372604,0.47924745,0.5466369,0.100581974,0.1982904,0.080907755,0.14708896,0.10083839,0.14235167,0.11312276,0.111706115,0.13180189
11.727567,8.980884,7.7026935,0,0,0,00:00.0,00:00.0,uploads\b67551bc-3737-11f0-85b7-581122bb7f2c\20210419T020000+1000_REC_85.wav,False,0,0,0,0,0,0,0,0,0,0,0,0,rain (light),-5.98742,1.4213731,0.4973367,0.6959664,-0.022283755,0.22446848,-0.033223614,0.1687005,-0.0015985197,0.16695963,0.05062297,0.097606,0.03896193
10.89767,7.049727,6.553626,0,0,0,00:00.0,00:00.0,uploads\b67551bc-3737-11f0-85b7-581122bb7f2c\20210419T020000+1000_REC_86.wav,False,0,0,0,0,0,0,0,0,0,0,0,0,rain (light),-6.023062,1.260931,0.42153502,0.7226259,0.016284019,0.23800573,0.01418361,0.20084381,0.011828817,0.15787287,0.07850687,0.16032615,0.08273076
10.771055,6.8136716,6.215926,0,0,0,00:00.0,00:00.0,uploads\b67551bc-3737-11f0-85b7-581122bb7f2c\20210419T020000+1000_REC_87.wav,False,0,0,0,0,0,0,0,0,0,0,0,0,rain (light),-6.0628343,1.0885483,0.38571697,0.6487634,0.049179014,0.23077396,0.05832547,0.22878082,0.043352902,0.14799288,0.09650186,0.16271149,0.116014235
10.591617,7.195287,6.0937023,0,0,0,00:00.0,00:00.0,uploads\b67551bc-3737-11f0-85b7-581122bb7f2c\20210419T020000+1000_REC_88.wav,True,0,0,0,0,0,0,0,0,1,0,0,0,rain (light),-6.0492516,1.1620426,0.43552974,0.64771754,0.024568217,0.17739762,0.032823518,0.21363541,0.051281366,0.1390546,0.08694575,0.12162414,0.104511775
8.896534,6.1047673,2.99382,0,0,0,00:00.0,00:00.0,uploads\b67551bc-3737-11f0-85b7-581122bb7f2c\20210419T020000+1000_REC_90.wav,False,0,0,0,0,0,0,0,0,0,0,0,0,rain (light),-6.1176677,0.7576555,0.5055519,0.4031497,0.22455154,0.14286499,0.15625761,0.15090549,0.13946979,0.14362629,0.15748541,0.14698368,0.14534672
10.819686,7.099969,6.618733,0,0,0,00:00.0,00:00.0,uploads\b67551bc-3737-11f0-85b7-581122bb7f2c\20210419T020000+1000_REC_91.wav,False,0,0,0,0,0,0,0,0,0,0,0,0,rain (light),-6.0287027,1.2637566,0.4136498,0.66640115,0.014029435,0.22420046,0.031007111,0.22097167,0.018826066,0.13921553,0.052420158,0.14294574,0.090940565
11.901315,9.162761,8.357829,0,0,0,00:00.0,00:00.0,uploads\b67551bc-3737-11f0-85b7-581122bb7f2c\20210419T020000+1000_REC_92.wav,False,0,0,0,0,0,0,0,0,0,0,0,0,rain (light),-5.9118586,1.6514064,0.506657,0.8260847,-0.12266734,0.21822399,-0.079783715,0.18851115,-0.0335263,0.2185231,0.049656812,0.14443807,0.031217767
11.601801,9.432191,8.522254,0,0,0,00:00.0,00:00.0,uploads\b67551bc-3737-11f0-85b7-581122bb7f2c\20210419T020000+1000_REC_93.wav,False,0,0,0,0,0,0,0,0,0,0,0,0,rain (light),-5.9740305,1.4366064,0.46493497,0.7935447,-0.06340478,0.25599974,-0.0019344329,0.18705161,-0.012752444,0.17086163,0.01739942,0.11350988,0.061451945
12.12653,9.330623,8.739451,0,0,0,00:00.0,00:00.0,uploads\b67551bc-3737-11f0-85b7-581122bb7f2c\20210419T020000+1000_REC_94.wav,False,0,0,0,0,0,0,0,0,0,0,0,0,rain (light),-5.922089,1.6374432,0.49451536,0.78962326,-0.07957198,0.24146804,-0.08877268,0.19012627,-0.022469103,0.14206377,0.004386079,0.16886449,0.075632624
10.835433,7.09395,6.5885515,0,0,0,00:00.0,00:00.0,uploads\b67551bc-3737-11f0-85b7-581122bb7f2c\20210419T020000+1000_REC_95.wav,False,0,0,0,0,0,0,0,0,0,0,0,0,rain (light),-6.034749,1.2295983,0.4361224,0.6570685,0.032117307,0.2489813,0.03147503,0.20984152,0.0209085,0.14909048,0.08174435,0.15046515,0.09646513
11.191515,6.5752563,6.204026,0,0,0,00:00.0,00:00.0,uploads\b67551bc-3737-11f0-85b7-581122bb7f2c\20210419T020000+1000_REC_96.wav,True,0,0,0,0,0,0,0,0,1,0,0,0,rain (light),-6.0455194,1.1955347,0.42540932,0.6077176,0.06389203,0.26611394,0.02914115,0.21463907,0.0582538,0.16338062,0.06701325,0.1668629,0.09892332
11.077617,6.367286,6.1269903,0,0,0,00:00.0,00:00.0,uploads\b67551bc-3737-11f0-85b7-581122bb7f2c\20210419T020000+1000_REC_97.wav,False,0,0,0,0,0,0,0,0,0,0,0,0,rain (light),-6.0679507,1.0926956,0.42227283,0.5645372,0.11345,0.24810268,0.08364505,0.18255983,0.07271018,0.1605657,0.115988195,0.16938126,0.14693019
10.831762,7.0916424,6.6424727,0,0,0,00:00.0,00:00.0,uploads\b67551bc-3737-11f0-85b7-581122bb7f2c\20210419T020000+1000_REC_98.wav,False,0,0,0,0,0,0,0,0,0,0,0,0,rain (light),-6.028724,1.2560074,0.4171829,0.673394,0.046725687,0.2631759,0.020124478,0.21928798,0.018814014,0.14467865,0.063503094,0.15239233,0.095109455
11.074423,6.4216914,6.103893,0,0,0,00:00.0,00:00.0,uploads\b67551bc-3737-11f0-85b7-581122bb7f2c\20210419T020000+1000_REC_99.wav,False,0,0,0,0,0,0,0,0,0,0,0,0,rain (light),-6.055835,1.1379262,0.41901675,0.61860746,0.05864305,0.24562216,0.049736697,0.17997935,0.05123907,0.17532109,0.11173389,0.17737533,0.13517413
11.122454,6.4664245,6.2063684,0,0,0,00:00.0,00:00.0,uploads\b67551bc-3737-11f0-85b7-581122bb7f2c\20210419T020000+1000_REC_100.wav,False,0,0,0,0,0,0,0,0,0,0,0,0,rain (light),-6.044597,1.1787289,0.39447635,0.6523569,0.041168615,0.31327158,0.06901724,0.21209168,0.02444404,0.16591734,0.07021217,0.16846466,0.1158647
10.856644,6.97363,7.319722,0,0,0,00:00.0,00:00.0,uploads\b67551bc-3737-11f0-85b7-581122bb7f2c\20210419T020000+1000_REC_101.wav,False,0,0,0,0,0,0,0,0,0,0,0,0,rain (light),-6.0111327,1.3113198,0.40794674,0.7319486,0.029630017,0.31048933,0.049013313,0.21645303,0.020301607,0.16700943,0.03515724,0.13107362,0.071597226
11.428949,8.371405,7.4236894,0,0,0,00:00.0,00:00.0,uploads\b67551bc-3737-11f0-85b7-581122bb7f2c\20210419T020000+1000_REC_102.wav,False,0,0,0,0,0,0,0,0,0,0,0,0,rain (light),-5.978374,1.4565536,0.48679787,0.72236454,0.01380993,0.23663726,-0.013154148,0.20731279,0.022543471,0.15438195,0.048903424,0.13961788,0.061345406
11.478545,9.435904,7.609576,0,0,0,00:00.0,00:00.0,uploads\b67551bc-3737-11f0-85b7-581122bb7f2c\20210419T020000+1000_REC_103.wav,False,0,0,0,0,0,0,0,0,0,0,0,0,rain (light),-5.9841104,1.4681476,0.44154164,0.6558275,-0.041869782,0.1851697,-0.016132789,0.23367858,0.019292124,0.1641944,0.026946267,0.13136503,0.08220586
11.426217,8.246257,7.3783937,0,0,0,00:00.0,00:00.0,uploads\b67551bc-3737-11f0-85b7-581122bb7f2c\20210419T020000+1000_REC_104.wav,False,0,0,0,0,0,0,0,0,0,0,0,0,rain (light),-5.983602,1.4448435,0.44825703,0.72014195,0.00026778912,0.2341595,-0.009144721,0.18128566,-0.002504669,0.14671543,0.03522888,0.13496232,0.07549273
9.496489,7.0137258,4.678638,0,0,0,00:00.0,00:00.0,uploads\b67551bc-3737-11f0-85b7-581122bb7f2c\20210419T020000+1000_REC_105.wav,False,0,0,0,0,0,0,0,0,0,0,0,0,rain (light),-6.0390406,1.2332971,0.4460713,0.6199598,0.04954442,0.20262024,0.044403926,0.16995694,0.04441852,0.13565424,0.08579227,0.12838757,0.10488917
8.985979,6.6166058,3.6321604,0,0,0,00:00.0,00:00.0,uploads\b67551bc-3737-11f0-85b7-581122bb7f2c\20210419T020000+1000_REC_106.wav,False,0,0,0,0,0,0,0,0,0,0,0,0,rain (light),-6.072977,1.0754997,0.46518612,0.5264641,0.081205234,0.14147857,0.12360025,0.1843365,0.13332032,0.12800877,0.13031329,0.09964113,0.15363936
9.431461,7.0348816,4.640872,0,0,0,00:00.0,00:00.0,uploads\b67551bc-3737-11f0-85b7-581122bb7f2c\20210419T020000+1000_REC_107.wav,False,0,0,0,0,0,0,0,0,0,0,0,0,rain (light),-6.0589104,1.128626,0.42585325,0.61568624,0.05718696,0.20636491,0.060745064,0.16472133,0.04324671,0.12892596,0.082748815,0.11591479,0.109347746
10.508192,7.039464,6.216116,0,0,0,00:00.0,00:00.0,uploads\b67551bc-3737-11f0-85b7-581122bb7f2c\20210419T020000+1000_REC_108.wav,False,0,0,0,0,0,0,0,0,0,0,0,0,rain (light),-6.045054,1.2055467,0.38694432,0.62181,0.022744313,0.24194029,0.049009617,0.20669946,0.050649524,0.15227431,0.056760117,0.12045127,0.06627315
12.138198,9.237172,8.643131,0,0,0,00:00.0,00:00.0,uploads\b67551bc-3737-11f0-85b7-581122bb7f2c\20210419T020000+1000_REC_109.wav,False,0,0,0,0,0,0,0,0,0,0,0,0,rain (light),-5.938241,1.5986998,0.47332487,0.76394254,-0.05681972,0.25794685,-0.0441581,0.16771594,-0.024682708,0.11387765,0.021802662,0.14445858,0.036383785
10.5583,7.212017,6.0913253,0,0,0,00:00.0,00:00.0,uploads\b67551bc-3737-11f0-85b7-581122bb7f2c\20210419T020000+1000_REC_110.wav,False,0,0,0,0,0,0,0,0,0,0,0,0,rain (light),-6.019782,1.3310171,0.436452,0.61363596,0.0167009,0.20480934,0.007901374,0.18183388,0.022055678,0.15200946,0.06384157,0.13096902,0.08098442
12.179864,9.192147,8.600558,0,0,0,00:00.0,00:00.0,uploads\b67551bc-3737-11f0-85b7-581122bb7f2c\20210419T020000+1000_REC_111.wav,False,0,0,0,0,0,0,0,0,0,0,0,0,rain (light),-5.936866,1.6152356,0.5081151,0.734703,-0.017320981,0.22014613,-0.046886247,0.17761134,-0.025598535,0.11655521,0.01800166,0.12467564,0.077309154
12.108312,9.261596,8.662984,0,0,0,00:00.0,00:00.0,uploads\b67551bc-3737-11f0-85b7-581122bb7f2c\20210419T020000+1000_REC_112.wav,False,0,0,0,0,0,0,0,0,0,0,0,0,rain (light),-5.939364,1.6007355,0.49223515,0.7466185,-0.0309559,0.22745506,-0.05401313,0.18359923,-0.028274892,0.1352199,0.017720614,0.12590373,0.05729906
8.89633,6.1008053,2.9877613,0,0,0,00:00.0,00:00.0,uploads\b67551bc-3737-11f0-85b7-581122bb7f2c\20210419T020000+1000_REC_113.wav,False,0,0,0,0,0,0,0,0,0,0,0,0,rain (light),-6.118363,0.7617077,0.50420403,0.3743853,0.22395205,0.16169208,0.16387196,0.13896817,0.12976408,0.13355479,0.14071111,0.15588199,0.17742497
8.312698,6.081997,3.5701227,0,0,0,00:00.0,00:00.0,uploads\b67551bc-3737-11f0-85b7-581122bb7f2c\20210419T020000+1000_REC_114.wav,False,0,0,0,0,0,0,0,0,0,0,0,0,rain (light),-6.08385,1.0140761,0.4333825,0.5221224,0.0968227,0.19107164,0.115813635,0.17759877,0.1274888,0.15567589,0.14579816,0.13274743,0.13684455
8.953289,6.5561643,3.4546127,0,0,0,00:00.0,00:00.0,uploads\b67551bc-3737-11f0-85b7-581122bb7f2c\20210419T020000+1000_REC_115.wav,False,0,0,0,0,0,0,0,0,0,0,0,0,rain (light),-6.0721188,1.0646391,0.48382974,0.55109996,0.12206496,0.18040115,0.090576485,0.12636772,0.105874225,0.12697281,0.11302648,0.11829854,0.1483224
11.29792,8.173448,7.4848046,0,0,0,00:00.0,00:00.0,uploads\b67551bc-3737-11f0-85b7-581122bb7f2c\20210419T020000+1000_REC_116.wav,False,0,0,0,0,0,0,0,0,0,0,0,0,rain (light),-5.9906087,1.404531,0.4606683,0.7224476,-0.039844487,0.20554101,-0.017557694,0.21715698,0.026287526,0.18658684,0.056898702,0.10900651,0.055545326
11.052116,6.911195,6.4111347,0,0,0,00:00.0,00:00.0,uploads\b67551bc-3737-11f0-85b7-581122bb7f2c\20210419T020000+1000_REC_117.wav,False,0,0,0,0,0,0,0,0,0,0,0,0,rain (light),-6.042507,1.1811645,0.3978521,0.6905893,0.059051346,0.2506788,0.02302281,0.20501272,0.047337085,0.17614785,0.08037253,0.14760111,0.08631511
11.497566,10.185828,8.717334,0,0,0,00:00.0,00:00.0,uploads\b67551bc-3737-11f0-85b7-581122bb7f2c\20210419T020000+1000_REC_118.wav,True,0,0,0,0,0,0,0,0,1,0,0,0,rain (light),-5.936974,1.5646392,0.49913716,0.82484156,-0.07214471,0.19228092,-0.08343435,0.20709991,-0.03259509,0.15688126,0.020190202,0.12360329,0.040750727
8.975506,6.5410905,3.5219839,0,0,0,00:00.0,00:00.0,uploads\b67551bc-3737-11f0-85b7-581122bb7f2c\20210419T020000+1000_REC_119.wav,False,0,0,0,0,0,0,0,0,0,0,0,0,rain (light),-6.086905,0.97910714,0.4446683,0.54923373,0.07859826,0.12558937,0.12309994,0.1713731,0.12906747,0.12614669,0.13824843,0.107211,0.16466855
11.03203,6.992514,6.500868,0,0,0,00:00.0,00:00.0,uploads\b67551bc-3737-11f0-85b7-581122bb7f2c\20210419T020000+1000_REC_120.wav,False,0,0,0,0,0,0,0,0,0,0,0,0,rain (light),-6.0160484,1.2823638,0.41340798,0.74594367,-0.022366477,0.21120465,-0.0018091566,0.22530268,0.021664828,0.1847661,0.07254924,0.15323497,0.10203872
11.440377,8.227783,7.37105,0,0,0,00:00.0,00:00.0,uploads\b67551bc-3737-11f0-85b7-581122bb7f2c\20210419T020000+1000_REC_121.wav,False,0,0,0,0,0,0,0,0,0,0,0,0,rain (light),-6.0051622,1.3225646,0.439305,0.75735873,-0.0010582164,0.25406134,-0.008312535,0.17029175,-0.010221226,0.1731169,0.039423175,0.13962537,0.062963456
10.529581,7.0476146,6.0815535,0,0,0,00:00.0,00:00.0,uploads\b67551bc-3737-11f0-85b7-581122bb7f2c\20210419T020000+1000_REC_122.wav,False,0,0,0,0,0,0,0,0,0,0,0,0,rain (light),-6.0410585,1.2110928,0.4182114,0.6421848,-0.00017657361,0.231723,0.045818068,0.17647804,0.047347922,0.1668096,0.06298426,0.12807046,0.08969125
9.265169,6.7403817,4.399532,0,0,0,00:00.0,00:00.0,uploads\b67551bc-3737-11f0-85b7-581122bb7f2c\20210419T020000+1000_REC_123.wav,False,0,0,0,0,0,0,0,0,0,0,0,0,rain (light),-6.060013,1.1277514,0.43858504,0.5945807,0.07344561,0.22694977,0.08717992,0.17799869,0.10300778,0.16063656,0.09979242,0.108956575,0.13422431
10.497342,6.783839,6.029252,0,0,0,00:00.0,00:00.0,uploads\b67551bc-3737-11f0-85b7-581122bb7f2c\20210419T020000+1000_REC_124.wav,False,0,0,0,0,0,0,0,0,0,0,0,0,rain (light),-6.0524297,1.1712602,0.4294926,0.58857685,0.03961872,0.24782911,0.06807587,0.19368042,0.058878433,0.15002394,0.073659584,0.1316673,0.107112184
8.928088,6.137258,2.9743576,0,0,0,00:00.0,00:00.0,uploads\b67551bc-3737-11f0-85b7-581122bb7f2c\20210419T020000+1000_REC_125.wav,False,0,0,0,0,0,0,0,0,0,0,0,0,rain (light),-6.097166,0.89256454,0.56003547,0.43791628,0.20791079,0.16831163,0.16633599,0.1553423,0.14372236,0.11822532,0.11866923,0.099068634,0.13918425
8.975673,6.4810114,3.4889328,0,0,0,00:00.0,00:00.0,uploads\b67551bc-3737-11f0-85b7-581122bb7f2c\20210419T020000+1000_REC_126.wav,False,0,0,0,0,0,0,0,0,0,0,0,0,rain (light),-6.079843,1.023347,0.47181374,0.52628475,0.14503567,0.2208003,0.11420807,0.16603905,0.13645473,0.13884285,0.13016552,0.11118878,0.12781706
9.255889,6.7352304,4.393393,0,0,0,00:00.0,00:00.0,uploads\b67551bc-3737-11f0-85b7-581122bb7f2c\20210419T020000+1000_REC_127.wav,False,0,0,0,0,0,0,0,0,0,0,0,0,rain (light),-6.070868,1.085399,0.42808577,0.550889,0.10940737,0.23133522,0.0918999,0.17676242,0.09519363,0.14956306,0.116233446,0.12619528,0.10566503
9.0011835,6.6724744,3.7892067,0,0,0,00:00.0,00:00.0,uploads\b67551bc-3737-11f0-85b7-581122bb7f2c\20210419T020000+1000_REC_128.wav,False,0,0,0,0,0,0,0,0,0,0,0,0,rain (light),-6.0875196,0.9969103,0.42722437,0.5099157,0.12405141,0.20417768,0.13352224,0.17617472,0.120738015,0.12067115,0.122680195,0.09528872,0.13527028
11.481402,9.107323,9.482565,0,0,0,00:00.0,00:00.0,uploads\b67551bc-3737-11f0-85b7-581122bb7f2c\20210419T020000+1000_REC_129.wav,False,0,0,0,0,0,0,0,0,0,0,0,0,rain (light),-5.9703803,1.4650017,0.42566007,0.76840055,-0.032230746,0.30502963,-0.026625942,0.25199267,0.0045530456,0.15441808,0.0052242065,0.114749715,0.036765017
11.484455,9.136989,9.429717,0,0,0,00:00.0,00:00.0,uploads\b67551bc-3737-11f0-85b7-581122bb7f2c\20210419T020000+1000_REC_130.wav,False,0,0,0,0,0,0,0,0,0,0,0,0,rain (light),-5.9670944,1.4629904,0.43735495,0.7960326,-0.02323617,0.29190132,-0.024005927,0.24473713,-0.029748822,0.17502981,0.0069410964,0.09985417,0.03495629
11.477293,9.048077,9.585449,0,0,0,00:00.0,00:00.0,uploads\b67551bc-3737-11f0-85b7-581122bb7f2c\20210419T020000+1000_REC_131.wav,False,0,0,0,0,0,0,0,0,0,0,0,0,rain (light),-5.9650197,1.4614629,0.40448877,0.8331351,-0.021246314,0.2985626,-0.025356583,0.25264582,-0.026731204,0.16125503,0.030419208,0.11677608,0.051464025
11.61991,10.122381,8.86531,0,0,0,00:00.0,00:00.0,uploads\b67551bc-3737-11f0-85b7-581122bb7f2c\20210419T020000+1000_REC_132.wav,False,0,0,0,0,0,0,0,0,0,0,0,0,rain (light),-5.9317,1.589597,0.4863544,0.82537305,-0.050316483,0.20383869,-0.0914425,0.21041368,-0.026631813,0.12522641,-0.0019461759,0.10249941,0.0318077
11.908893,9.431948,8.785204,0,0,0,00:00.0,00:00.0,uploads\b67551bc-3737-11f0-85b7-581122bb7f2c\20210419T020000+1000_REC_133.wav,False,0,0,0,0,0,0,0,0,0,0,0,0,rain (light),-5.956122,1.5130626,0.454997,0.79619724,-0.06443428,0.23479135,-0.05423825,0.200529,-0.040722296,0.1359026,0.037456106,0.12464948,0.06912995
11.930889,9.434613,8.782877,0,0,0,00:00.0,00:00.0,uploads\b67551bc-3737-11f0-85b7-581122bb7f2c\20210419T020000+1000_REC_134.wav,False,0,0,0,0,0,0,0,0,0,0,0,0,rain (light),-5.9411464,1.5365317,0.45932624,0.8712488,-0.05536191,0.24764287,-0.045054585,0.20603088,-0.040299274,0.1369497,0.05543967,0.13307703,0.04772412
11.9150505,9.535373,8.892341,0,0,0,00:00.0,00:00.0,uploads\b67551bc-3737-11f0-85b7-581122bb7f2c\20210419T020000+1000_REC_135.wav,False,0,0,0,0,0,0,0,0,0,0,0,0,rain (light),-5.9429564,1.5582308,0.4659112,0.80613464,-0.02270139,0.29177117,-0.047547523,0.19715959,-0.027575973,0.13463752,0.03056326,0.10852724,0.015944142
8.828811,6.105506,3.095682,0,0,0,00:00.0,00:00.0,uploads\b67551bc-3737-11f0-85b7-581122bb7f2c\20210419T020000+1000_REC_136.wav,False,0,0,0,0,0,0,0,0,0,0,0,0,rain (light),-6.110332,0.82726383,0.47309583,0.42693004,0.21122812,0.18984158,0.17682232,0.15004207,0.15341112,0.1529493,0.16069084,0.1398423,0.16172215
8.981178,6.436086,3.460492,0,0,0,00:00.0,00:00.0,uploads\b67551bc-3737-11f0-85b7-581122bb7f2c\20210419T020000+1000_REC_137.wav,False,0,0,0,0,0,0,0,0,0,0,0,0,rain (light),-6.0898433,0.97287637,0.46170115,0.4923451,0.12651566,0.20450103,0.14430285,0.17344049,0.15574855,0.15114917,0.13580944,0.09668241,0.1269978
8.86907,6.2208138,3.2203152,0,0,0,00:00.0,00:00.0,uploads\b67551bc-3737-11f0-85b7-581122bb7f2c\20210419T020000+1000_REC_138.wav,False,0,0,0,0,0,0,0,0,0,0,0,0,rain (light),-6.1079164,0.86080885,0.45843863,0.42727754,0.18005347,0.20505176,0.17113626,0.1395925,0.15138906,0.13112625,0.13972145,0.11913712,0.14717308
8.909494,6.1181073,2.9888823,0,0,0,00:00.0,00:00.0,uploads\b67551bc-3737-11f0-85b7-581122bb7f2c\20210419T020000+1000_REC_139.wav,False,0,0,0,0,0,0,0,0,0,0,0,0,rain (light),-6.111151,0.82324916,0.5143582,0.3811789,0.1987037,0.16576412,0.1675561,0.15495792,0.16844772,0.14760683,0.13115008,0.12416181,0.14013569
10.942661,7.690782,6.9578066,0,0,0,00:00.0,00:00.0,uploads\b67551bc-3737-11f0-85b7-581122bb7f2c\20210419T020000+1000_REC_140.wav,False,0,0,0,0,0,0,0,0,0,0,0,0,rain (light),-6.0210795,1.3072549,0.4515648,0.6191423,0.013411138,0.27462015,0.008595092,0.20328651,0.047380365,0.1578296,0.03256696,0.12527987,0.04777349
11.577408,9.626442,8.869271,0,0,0,00:00.0,00:00.0,uploads\b67551bc-3737-11f0-85b7-581122bb7f2c\20210419T020000+1000_REC_141.wav,False,0,0,0,0,0,0,0,0,0,0,0,0,rain (light),-5.9372206,1.5910274,0.4744751,0.7673883,0.010635221,0.34770808,-0.0057982067,0.22080286,0.015151593,0.15151243,-0.03352125,0.07009487,0.02309952
10.807334,5.9801292,6.763815,0,0,0,00:00.0,00:00.0,uploads\b67551bc-3737-11f0-85b7-581122bb7f2c\20210419T020000+1000_REC_142.wav,False,0,0,0,0,0,0,0,0,0,0,0,0,rain (light),-6.0558705,1.1462235,0.37375933,0.5954893,0.067223094,0.31110233,0.0690597,0.24068372,0.062093362,0.18444343,0.053687304,0.14792445,0.08669929
10.717068,6.8206778,7.047498,0,0,0,00:00.0,00:00.0,uploads\b67551bc-3737-11f0-85b7-581122bb7f2c\20210419T020000+1000_REC_143.wav,False,0,0,0,0,0,0,0,0,0,0,0,0,rain (light),-6.029904,1.2565112,0.38275698,0.65192056,0.057813328,0.3277297,0.06808146,0.26405182,0.05070489,0.15294066,0.042626612,0.120865405,0.060446415
10.797085,5.9856596,6.7506814,0,0,0,00:00.0,00:00.0,uploads\b67551bc-3737-11f0-85b7-581122bb7f2c\20210419T020000+1000_REC_144.wav,False,0,0,0,0,0,0,0,0,0,0,0,0,rain (light),-6.0559554,1.1565742,0.3798877,0.5700562,0.09073333,0.3150886,0.06645604,0.23623979,0.07625041,0.18111633,0.04678345,0.13016516,0.0713113
11.012483,5.712294,6.3837676,0,0,0,00:00.0,00:00.0,uploads\b67551bc-3737-11f0-85b7-581122bb7f2c\20210419T020000+1000_REC_145.wav,False,0,0,0,0,0,0,0,0,0,0,0,0,rain (light),-6.0678864,1.0979165,0.3677716,0.56440365,0.0685194,0.2762004,0.062380854,0.2313465,0.08618125,0.1829853,0.093679965,0.16992323,0.118385725
10.804302,5.958532,6.7048516,0,0,0,00:00.0,00:00.0,uploads\b67551bc-3737-11f0-85b7-581122bb7f2c\20210419T020000+1000_REC_146.wav,False,0,0,0,0,0,0,0,0,0,0,0,0,rain (light),-6.0602107,1.1186187,0.37548146,0.6098772,0.09233964,0.290717,0.059031557,0.23955722,0.05877964,0.17368652,0.07519362,0.14445814,0.0860544
8.75197,6.1164804,3.1896777,0,0,0,00:00.0,00:00.0,uploads\b67551bc-3737-11f0-85b7-581122bb7f2c\20210419T020000+1000_REC_147.wav,False,0,0,0,0,0,0,0,0,0,0,0,0,rain (light),-6.117399,0.7946996,0.42391676,0.41024727,0.20014344,0.20609114,0.17280698,0.16258107,0.14540151,0.1471839,0.16725838,0.13679935,0.16010559
10.788336,7.0480385,7.124454,0,0,0,00:00.0,00:00.0,uploads\b67551bc-3737-11f0-85b7-581122bb7f2c\20210419T020000+1000_REC_148.wav,False,0,0,0,0,0,0,0,0,0,0,0,0,rain (light),-6.0199084,1.2804989,0.40971237,0.69132435,0.037732914,0.32355815,0.039924577,0.24217816,0.019472325,0.16276963,0.041268904,0.16885439,0.069605246
10.816102,6.9004736,7.309248,0,0,0,00:00.0,00:00.0,uploads\b67551bc-3737-11f0-85b7-581122bb7f2c\20210419T020000+1000_REC_149.wav,False,0,0,0,0,0,0,0,0,0,0,0,0,rain (light),-6.0197005,1.2919431,0.42649794,0.6663358,0.05448881,0.32493302,0.041296132,0.23656034,0.047231145,0.17853215,0.036586624,0.13828838,0.059517298
11.525445,9.335485,8.958456,0,0,0,00:00.0,00:00.0,uploads\b67551bc-3737-11f0-85b7-581122bb7f2c\20210419T020000+1000_REC_150.wav,True,0,0,0,0,0,0,0,0,1,0,0,0,rain (light),-5.9613867,1.502852,0.47856775,0.7532496,0.018920632,0.30469492,-0.04941317,0.22708619,-0.008664043,0.15991463,0.032382913,0.12031673,0.056976937
11.067978,7.223014,7.564889,0,0,0,00:00.0,00:00.0,uploads\b67551bc-3737-11f0-85b7-581122bb7f2c\20210419T020000+1000_REC_151.wav,False,0,0,0,0,0,0,0,0,0,0,0,0,rain (light),-5.9801044,1.4372177,0.4604037,0.72119635,0.07110513,0.3550484,0.017973388,0.2396282,0.011115371,0.1690063,0.017866418,0.13317102,0.056489002
10.993961,5.7510543,6.3743362,0,0,0,00:00.0,00:00.0,uploads\b67551bc-3737-11f0-85b7-581122bb7f2c\20210419T020000+1000_REC_152.wav,False,0,0,0,0,0,0,0,0,0,0,0,0,rain (light),-6.0777345,1.027034,0.3640077,0.58128184,0.06266973,0.26518536,0.044638764,0.2338666,0.07753124,0.17370364,0.07655106,0.17224112,0.106618226
10.788598,7.0225925,7.2747145,0,0,0,00:00.0,00:00.0,uploads\b67551bc-3737-11f0-85b7-581122bb7f2c\20210419T020000+1000_REC_153.wav,False,0,0,0,0,0,0,0,0,0,0,0,0,rain (light),-5.9902673,1.396584,0.3968686,0.74514383,0.0513522,0.34479308,0.017696427,0.23598817,-0.0022158762,0.17636405,0.04680778,0.15861955,0.09630735
10.354288,5.425337,5.6131506,0,0,0,00:00.0,00:00.0,uploads\b67551bc-3737-11f0-85b7-581122bb7f2c\20210419T020000+1000_REC_154.wav,False,0,0,0,0,0,0,0,0,0,0,0,0,rain (light),-6.1048355,0.86339486,0.3766468,0.52575475,0.1321714,0.25456926,0.117150374,0.19205987,0.114562765,0.16573614,0.14448649,0.14410715,0.15838283
8.3472,5.9883647,3.4303982,0,0,0,00:00.0,00:00.0,uploads\b67551bc-3737-11f0-85b7-581122bb7f2c\20210419T020000+1000_REC_155.wav,False,0,0,0,0,0,0,0,0,0,0,0,0,rain (light),-6.11081,0.8393213,0.3885247,0.47818756,0.1636031,0.23364599,0.12512855,0.15709025,0.13334225,0.15084961,0.15291655,0.13813622,0.15660861
11.132019,5.8309326,6.3703394,0,0,0,00:00.0,00:00.0,uploads\b67551bc-3737-11f0-85b7-581122bb7f2c\20210419T020000+1000_REC_156.wav,False,0,0,0,0,0,0,0,0,0,0,0,0,rain (light),-6.0691457,1.0691313,0.36081234,0.5985593,0.098628566,0.30953038,0.06519073,0.2097555,0.052165434,0.1899718,0.077003144,0.17787576,0.13092524
10.416,5.4459796,5.6841393,0,0,0,00:00.0,00:00.0,uploads\b67551bc-3737-11f0-85b7-581122bb7f2c\20210419T020000+1000_REC_157.wav,False,0,0,0,0,0,0,0,0,0,0,0,0,rain (light),-6.1004725,0.91794455,0.3679394,0.48968184,0.13972011,0.25040385,0.11591981,0.21018116,0.13013297,0.16342375,0.12986018,0.15052456,0.15924545
10.388717,5.435061,5.654524,0,0,0,00:00.0,00:00.0,uploads\b67551bc-3737-11f0-85b7-581122bb7f2c\20210419T020000+1000_REC_158.wav,False,0,0,0,0,0,0,0,0,0,0,0,0,rain (light),-6.1118035,0.8527848,0.3257555,0.46450427,0.161065,0.24804269,0.1170667,0.18548188,0.12392214,0.17014018,0.1384211,0.1359448,0.16798604
11.1022625,5.7862444,6.63065,0,0,0,00:00.0,00:00.0,uploads\b67551bc-3737-11f0-85b7-581122bb7f2c\20210419T020000+1000_REC_159.wav,False,0,0,0,0,0,0,0,0,0,0,0,0,rain (light),-6.026744,1.2670122,0.35917467,0.668728,0.077372774,0.33771956,0.053109717,0.2447594,0.055621553,0.20148848,0.07727378,0.17692094,0.10302602
11.04971,5.6793985,6.42865,0,0,0,00:00.0,00:00.0,uploads\b67551bc-3737-11f0-85b7-581122bb7f2c\20210419T020000+1000_REC_160.wav,False,0,0,0,0,0,0,0,0,0,0,0,0,rain (light),-6.0761285,1.0252812,0.36279443,0.59303653,0.1048193,0.2908685,0.09612233,0.24217662,0.101560734,0.21312152,0.10776827,0.18494564,0.11509674
11.105704,5.7666464,6.512163,0,0,0,00:00.0,00:00.0,uploads\b67551bc-3737-11f0-85b7-581122bb7f2c\20210419T020000+1000_REC_161.wav,False,0,0,0,0,0,0,0,0,0,0,0,0,rain (light),-6.0452075,1.1644984,0.39762112,0.6628162,0.10271464,0.32586128,0.073623516,0.23031075,0.050490204,0.2013626,0.10449267,0.1745128,0.10201694
10.938327,6.1815042,6.9867196,0,0,0,00:00.0,00:00.0,uploads\b67551bc-3737-11f0-85b7-581122bb7f2c\20210419T020000+1000_REC_162.wav,False,0,0,0,0,0,0,0,0,0,0,0,0,rain (light),-6.0254765,1.2606274,0.4038139,0.6939593,0.04814537,0.29208598,0.036983635,0.23942666,0.07722913,0.19490899,0.068301305,0.14541817,0.089350626
9.626164,6.6045117,4.904479,0,0,0,00:00.0,00:00.0,uploads\b67551bc-3737-11f0-85b7-581122bb7f2c\20210419T020000+1000_REC_163.wav,False,0,0,0,0,0,0,0,0,0,0,0,0,rain (light),-6.079024,1.0113513,0.41023198,0.59558034,0.08386841,0.21666849,0.08325141,0.21180762,0.10464821,0.17383605,0.10647359,0.15003009,0.13171063
10.709917,7.0869374,6.2700205,0,0,0,00:00.0,00:00.0,uploads\b67551bc-3737-11f0-85b7-581122bb7f2c\20210419T020000+1000_REC_164.wav,False,0,0,0,0,0,0,0,0,0,0,0,0,rain (light),-6.048168,1.1588256,0.43129614,0.6593741,0.020839507,0.20271663,0.021787472,0.21335909,0.038665555,0.13761789,0.074013725,0.14394683,0.08943598
10.715756,6.9560905,6.147163,0,0,0,00:00.0,00:00.0,uploads\b67551bc-3737-11f0-85b7-581122bb7f2c\20210419T020000+1000_REC_165.wav,True,0,0,0,0,0,0,0,0,1,0,0,0,rain (light),-6.0539417,1.1291939,0.40465507,0.6649654,0.014607997,0.20672773,0.037441876,0.21880695,0.04514954,0.16233234,0.0860208,0.13894355,0.09821051
10.799005,7.0780153,6.5388584,0,0,0,00:00.0,00:00.0,uploads\b67551bc-3737-11f0-85b7-581122bb7f2c\20210419T020000+1000_REC_166.wav,True,0,0,0,0,0,0,0,0,1,0,0,0,rain (light),-6.0392413,1.1785003,0.38348395,0.7303555,0.027424075,0.23619886,0.022899035,0.22330007,0.01839692,0.14847921,0.07248592,0.15703745,0.099346906
10.745316,6.8373094,6.163221,0,0,0,00:00.0,00:00.0,uploads\b67551bc-3737-11f0-85b7-581122bb7f2c\20210419T020000+1000_REC_167.wav,False,0,0,0,0,0,0,0,0,0,0,0,0,rain (light),-6.0577984,1.1245492,0.36331907,0.648718,0.01511045,0.21738589,0.04535049,0.23131558,0.07659381,0.15832724,0.067756034,0.15049858,0.116729975
11.275955,8.134622,7.4952106,0,0,0,00:00.0,00:00.0,uploads\b67551bc-3737-11f0-85b7-581122bb7f2c\20210419T020000+1000_REC_168.wav,False,0,0,0,0,0,0,0,0,0,0,0,0,rain (light),-5.970953,1.4634261,0.45899352,0.75853443,-0.06859151,0.2665336,-0.015236952,0.22595383,-0.009621335,0.19368714,0.047328986,0.11967974,0.05378872
8.3514,6.051883,3.5697258,0,0,0,00:00.0,00:00.0,uploads\b67551bc-3737-11f0-85b7-581122bb7f2c\20210419T020000+1000_REC_169.wav,False,0,0,0,0,0,0,0,0,0,0,0,0,rain (light),-6.0947347,0.92544776,0.4337314,0.53477556,0.08526197,0.22216198,0.1297046,0.15370362,0.11427367,0.17098786,0.15465257,0.13838094,0.1394367
8.8550625,6.198258,3.199502,0,0,0,00:00.0,00:00.0,uploads\b67551bc-3737-11f0-85b7-581122bb7f2c\20210419T020000+1000_REC_170.wav,True,0,0,0,0,0,0,0,0,1,0,0,0,rain (light),-6.1060667,0.8582186,0.4754632,0.45197177,0.17652781,0.16767526,0.17994784,0.17302361,0.1566604,0.13137063,0.13427787,0.11599414,0.15444607
8.942635,6.1163554,2.9674706,0,0,0,00:00.0,00:00.0,uploads\b67551bc-3737-11f0-85b7-581122bb7f2c\20210419T020000+1000_REC_171.wav,False,0,0,0,0,0,0,0,0,0,0,0,0,rain (light),-6.099255,0.87737113,0.5807984,0.40977606,0.20080891,0.13321188,0.1337565,0.1309538,0.14424641,0.14820269,0.1499005,0.1400152,0.15101197
11.53156,8.92973,7.6003723,0,0,0,00:00.0,00:00.0,uploads\b67551bc-3737-11f0-85b7-581122bb7f2c\20210419T020000+1000_REC_172.wav,False,0,0,0,0,0,0,0,0,0,0,0,0,rain (light),-5.986152,1.3984098,0.53021216,0.72724104,-0.0075782132,0.24683298,-0.025287628,0.20885164,0.02405964,0.16433924,0.011793335,0.08995892,0.023784908
9.004459,6.5787663,3.161158,0,0,0,00:00.0,00:00.0,uploads\b67551bc-3737-11f0-85b7-581122bb7f2c\20210419T020000+1000_REC_173.wav,False,0,0,0,0,0,0,0,0,0,0,0,0,rain (light),-6.0706167,1.0666549,0.53156847,0.52796304,0.13290717,0.14954476,0.08791318,0.13171244,0.10278838,0.09459817,0.1123158,0.09417496,0.13383247
11.461748,8.315934,7.4076734,0,0,0,00:00.0,00:00.0,uploads\b67551bc-3737-11f0-85b7-581122bb7f2c\20210419T020000+1000_REC_174.wav,False,0,0,0,0,0,0,0,0,0,0,0,0,rain (light),-5.9990463,1.3607466,0.5064091,0.7121652,0.01826382,0.23497097,-0.012494964,0.17238931,0.008506391,0.14349128,0.027027568,0.15613283,0.07562126
10.806479,7.8253365,6.8512397,0,0,0,00:00.0,00:00.0,uploads\b67551bc-3737-11f0-85b7-581122bb7f2c\20210419T020000+1000_REC_175.wav,False,0,0,0,0,0,0,0,0,0,0,0,0,rain (light),-6.027128,1.2524958,0.46677986,0.6759866,0.02442788,0.25201666,0.03235156,0.19133104,0.035544056,0.13431665,0.03130029,0.121090226,0.07308319
11.848941,9.614008,8.780954,0,0,0,00:00.0,00:00.0,uploads\b67551bc-3737-11f0-85b7-581122bb7f2c\20210419T020000+1000_REC_176.wav,True,0,0,0,0,0,0,0,0,1,0,0,0,rain (light),-5.93109,1.5615374,0.52743185,0.86344665,-0.02677654,0.27643356,-0.06075808,0.17706484,-0.025425551,0.17522444,0.01684977,0.09516395,0.039480064
11.512198,9.307415,9.047017,0,0,0,00:00.0,00:00.0,uploads\b67551bc-3737-11f0-85b7-581122bb7f2c\20210419T020000+1000_REC_177.wav,False,0,0,0,0,0,0,0,0,0,0,0,0,rain (light),-5.948422,1.5523373,0.4889964,0.75503945,0.013261058,0.32088262,-0.0044775466,0.25278392,0.018906834,0.17093486,0.04090136,0.114825286,0.033709925
11.083941,7.234024,7.5732727,0,0,0,00:00.0,00:00.0,uploads\b67551bc-3737-11f0-85b7-581122bb7f2c\20210419T020000+1000_REC_178.wav,False,0,0,0,0,0,0,0,0,0,0,0,0,rain (light),-5.9512496,1.5455124,0.4594653,0.76235265,0.052709326,0.32438073,-0.003875056,0.23686808,0.01704692,0.19065543,0.04837871,0.15361418,0.043057367
11.5106,9.258272,9.081982,0,0,0,00:00.0,00:00.0,uploads\b67551bc-3737-11f0-85b7-581122bb7f2c\20210419T020000+1000_REC_179.wav,False,0,0,0,0,0,0,0,0,0,0,0,0,rain (light),-5.9635983,1.4836937,0.47267598,0.7877219,0.023489898,0.27550247,0.01671231,0.25869063,0.0013308818,0.16018014,0.024381736,0.14147757,0.051645834
10.822169,6.9733152,7.19566,0,0,0,00:00.0,00:00.0,uploads\b67551bc-3737-11f0-85b7-581122bb7f2c\20210419T020000+1000_REC_180.wav,False,0,0,0,0,0,0,0,0,0,0,0,0,rain (light),-6.021212,1.2671446,0.45611146,0.6967031,0.054366812,0.29843774,0.030564746,0.23606975,0.043988004,0.1575736,0.05128208,0.13887428,0.09165222
10.828617,6.8368516,7.249402,0,0,0,00:00.0,00:00.0,uploads\b67551bc-3737-11f0-85b7-581122bb7f2c\20210419T020000+1000_REC_181.wav,False,0,0,0,0,0,0,0,0,0,0,0,0,rain (light),-6.022734,1.2705456,0.44569364,0.68098944,-0.0032349061,0.26528248,0.061558507,0.23156956,0.03231774,0.19589466,0.061958596,0.12747045,0.054402497
10.906078,6.765902,6.1434073,0,0,0,00:00.0,00:00.0,uploads\b67551bc-3737-11f0-85b7-581122bb7f2c\20210419T020000+1000_REC_182.wav,False,0,0,0,0,0,0,0,0,0,0,0,0,rain (light),-6.053132,1.1225064,0.44239622,0.66419274,-0.00032658773,0.22596411,0.050128073,0.20304912,0.07156459,0.16806163,0.08430796,0.14360258,0.10815693
11.545229,9.633452,8.588808,0,0,0,00:00.0,00:00.0,uploads\b67551bc-3737-11f0-85b7-581122bb7f2c\20210419T020000+1000_REC_183.wav,False,0,0,0,0,0,0,0,0,0,0,0,0,rain (light),-5.9678073,1.4559733,0.48543862,0.7838194,-0.08999213,0.24491921,-0.013556041,0.238979,0.008436145,0.16870186,-0.010625713,0.09722008,0.05556486
11.264639,10.607134,9.133319,0,0,0,00:00.0,00:00.0,uploads\b67551bc-3737-11f0-85b7-581122bb7f2c\20210419T020000+1000_REC_184.wav,False,0,0,0,0,0,0,0,0,0,0,0,0,rain (light),-5.899476,1.6421701,0.5111446,0.92897,-0.115358405,0.22358643,-0.05764395,0.28512156,-0.02815539,0.15414473,-0.010266354,0.08077432,0.0362428
11.283469,8.154393,7.4842877,0,0,0,00:00.0,00:00.0,uploads\b67551bc-3737-11f0-85b7-581122bb7f2c\20210419T020000+1000_REC_185.wav,True,0,0,0,0,0,0,0,0,1,0,0,0,rain (light),-5.9918003,1.3762659,0.46028852,0.7585892,-0.032858614,0.24074233,-0.013774451,0.2475247,0.040708315,0.18146975,0.05845238,0.13364965,0.057936735
10.767397,7.8142695,6.819692,0,0,0,00:00.0,00:00.0,uploads\b67551bc-3737-11f0-85b7-581122bb7f2c\20210419T020000+1000_REC_186.wav,True,0,0,0,0,0,0,0,0,1,0,0,0,rain (light),-6.009363,1.3285754,0.4362912,0.70369846,-0.026180405,0.21664384,-0.04292909,0.20946883,0.006703389,0.15152846,0.05680257,0.13914886,0.069536485
10.536643,7.0566077,6.0865664,0,0,0,00:00.0,00:00.0,uploads\b67551bc-3737-11f0-85b7-581122bb7f2c\20210419T020000+1000_REC_187.wav,False,0,0,0,0,0,0,0,0,0,0,0,0,rain (light),-6.055367,1.147794,0.4104638,0.6140316,0.022735756,0.21487354,0.030122722,0.19310535,0.052016735,0.15899138,0.09527864,0.11992159,0.084569216
10.8368435,7.0867596,6.7375245,0,0,0,00:00.0,00:00.0,uploads\b67551bc-3737-11f0-85b7-581122bb7f2c\20210419T020000+1000_REC_188.wav,False,0,0,0,0,0,0,0,0,0,0,0,0,rain (light),-6.010256,1.3189224,0.43537006,0.7201216,0.021118162,0.26470196,0.020400167,0.22999963,0.018102322,0.14391775,0.04760006,0.16002572,0.08690678
10.841988,7.363014,7.3677764,0,0,0,00:00.0,00:00.0,uploads\b67551bc-3737-11f0-85b7-581122bb7f2c\20210419T020000+1000_REC_189.wav,False,0,0,0,0,0,0,0,0,0,0,0,0,rain (light),-5.998875,1.3728799,0.4504704,0.71265215,0.02111942,0.26701868,0.033054538,0.23671216,0.035745334,0.15977788,0.0281286,0.11830998,0.03253838
11.136506,6.605025,6.1793056,0,0,0,00:00.0,00:00.0,uploads\b67551bc-3737-11f0-85b7-581122bb7f2c\20210419T020000+1000_REC_190.wav,True,0,0,0,0,0,0,0,0,1,0,0,0,rain (light),-6.041395,1.219975,0.44096744,0.6097483,0.05237684,0.24527179,0.05343484,0.18870662,0.05747693,0.1608746,0.09308543,0.16023481,0.10485482
8.8191805,6.087906,3.0591657,0,0,0,00:00.0,00:00.0,uploads\b67551bc-3737-11f0-85b7-581122bb7f2c\20210419T020000+1000_REC_192.wav,False,0,0,0,0,0,0,0,0,0,0,0,0,rain (light),-6.1276665,0.63997793,0.51166534,0.37020025,0.25916103,0.19627705,0.17335427,0.17051218,0.17200354,0.16979624,0.16475236,0.16114156,0.16047941
8.978067,6.456582,3.4723198,0,0,0,00:00.0,00:00.0,uploads\b67551bc-3737-11f0-85b7-581122bb7f2c\20210419T020000+1000_REC_193.wav,False,0,0,0,0,0,0,0,0,0,0,0,0,rain (light),-6.0839252,0.98882145,0.49031484,0.51175934,0.17423643,0.22577775,0.14408375,0.17648578,0.16641124,0.13907778,0.11520805,0.091266766,0.13401021
11.018201,7.5015697,6.9445887,0,0,0,00:00.0,00:00.0,uploads\b67551bc-3737-11f0-85b7-581122bb7f2c\20210419T020000+1000_REC_194.wav,False,0,0,0,0,0,0,0,0,0,0,0,0,rain (light),-6.030486,1.2619251,0.449564,0.6202131,0.039844833,0.29043666,0.058744535,0.20133069,0.043644786,0.1690129,0.044117775,0.12712413,0.07843488
8.952212,6.786382,3.6521327,0,0,0,00:00.0,00:00.0,uploads\b67551bc-3737-11f0-85b7-581122bb7f2c\20210419T020000+1000_REC_195.wav,False,0,0,0,0,0,0,0,0,0,0,0,0,rain (light),-6.0780954,1.0561509,0.4662404,0.4894092,0.11412248,0.21152218,0.09602962,0.15607737,0.11993237,0.11375891,0.111587286,0.11061342,0.13014966
12.10939,9.585564,8.885724,0,0,0,00:00.0,00:00.0,uploads\b67551bc-3737-11f0-85b7-581122bb7f2c\20210419T020000+1000_REC_196.wav,False,0,0,0,0,0,0,0,0,0,0,0,0,rain (light),-5.933293,1.6026417,0.5639265,0.7441901,0.0035820901,0.27280074,-0.038341563,0.198405,-0.014199058,0.14122424,0.010096594,0.10106264,0.012867599
11.49971,9.246546,9.147087,0,0,0,00:00.0,00:00.0,uploads\b67551bc-3737-11f0-85b7-581122bb7f2c\20210419T020000+1000_REC_197.wav,False,0,0,0,0,0,0,0,0,0,0,0,0,rain (light),-5.9437647,1.5551264,0.47213393,0.80592304,0.044047154,0.28193885,-0.0049254005,0.2757288,0.034241125,0.16288772,0.0001972658,0.10492913,0.025795829
10.816842,7.107679,6.618991,0,0,0,00:00.0,00:00.0,uploads\b67551bc-3737-11f0-85b7-581122bb7f2c\20210419T020000+1000_REC_198.wav,True,0,0,0,0,0,0,0,0,1,0,0,0,rain (light),-6.0275626,1.2762494,0.43068472,0.6392846,0.04996905,0.26836762,0.02247063,0.20765889,0.03729456,0.13349055,0.049049325,0.14663187,0.07659076
10.730712,7.7656374,6.790764,0,0,0,00:00.0,00:00.0,uploads\b67551bc-3737-11f0-85b7-581122bb7f2c\20210419T020000+1000_REC_200.wav,False,0,0,0,0,0,0,0,0,0,0,0,0,rain (light),-6.016124,1.284425,0.41653976,0.7443762,0.0034395512,0.2428422,0.011309275,0.21325102,0.011443167,0.15890159,0.064979136,0.13040368,0.07551287
11.563173,9.53203,8.599865,0,0,0,00:00.0,00:00.0,uploads\b67551bc-3737-11f0-85b7-581122bb7f2c\20210419T020000+1000_REC_201.wav,False,0,0,0,0,0,0,0,0,0,0,0,0,rain (light),-5.9494324,1.524409,0.45163348,0.8245971,-0.105480134,0.23113038,-0.038004808,0.21532637,-0.011263198,0.16848803,0.027671058,0.10908105,0.054942336
10.777543,7.824106,6.8356447,0,0,0,00:00.0,00:00.0,uploads\b67551bc-3737-11f0-85b7-581122bb7f2c\20210419T020000+1000_REC_202.wav,False,0,0,0,0,0,0,0,0,0,0,0,0,rain (light),-6.0036893,1.3385537,0.42785335,0.7381444,-0.034111824,0.24572048,-0.018003784,0.20602077,-0.019449472,0.14982866,0.04997982,0.14123754,0.07960213
11.262033,10.699006,9.074205,0,0,0,00:00.0,00:00.0,uploads\b67551bc-3737-11f0-85b7-581122bb7f2c\20210419T020000+1000_REC_203.wav,False,0,0,0,0,0,0,0,0,0,0,0,0,rain (light),-5.9048877,1.6483104,0.5169572,0.84554225,-0.23656403,0.1586844,-0.09020174,0.23020896,-0.03365364,0.15023924,0.00696656,0.12867774,0.033803098
11.260725,10.633164,9.132362,0,0,0,00:00.0,00:00.0,uploads\b67551bc-3737-11f0-85b7-581122bb7f2c\20210419T020000+1000_REC_204.wav,True,0,0,0,0,0,0,0,0,1,0,0,0,rain (light),-5.9175053,1.5604593,0.52949893,0.9249346,-0.16709694,0.20008703,-0.081091486,0.23334163,-0.07381213,0.15030864,-0.0026826537,0.098230526,0.022581538
11.368157,8.330978,7.430627,0,0,0,00:00.0,00:00.0,uploads\b67551bc-3737-11f0-85b7-581122bb7f2c\20210419T020000+1000_REC_205.wav,False,0,0,0,0,0,0,0,0,0,0,0,0,rain (light),-6.0040426,1.3324437,0.4727902,0.7217363,-0.067460224,0.24180315,0.012375852,0.22012833,0.0161171,0.16723028,0.05687066,0.1330943,0.063543744
10.805465,6.4225335,6.959006,0,0,0,00:00.0,00:00.0,uploads\b67551bc-3737-11f0-85b7-581122bb7f2c\20210419T020000+1000_REC_206.wav,True,0,0,0,0,0,0,0,0,1,0,0,0,rain (light),-6.022124,1.291198,0.41391718,0.6583911,-0.036134355,0.25588033,0.012195088,0.22439758,0.058595296,0.19835462,0.056358412,0.11469434,0.0838003
12.100419,9.344196,8.683083,0,0,0,00:00.0,00:00.0,uploads\b67551bc-3737-11f0-85b7-581122bb7f2c\20210419T020000+1000_REC_208.wav,False,0,0,0,0,0,0,0,0,0,0,0,0,rain (light),-5.9096966,1.7016487,0.501462,0.75736856,-0.07343015,0.24692656,-0.05006916,0.1927292,-0.026924195,0.14350407,0.015001894,0.13678536,0.05156016
11.537123,9.43578,8.891086,0,0,0,00:00.0,00:00.0,uploads\b67551bc-3737-11f0-85b7-581122bb7f2c\20210419T020000+1000_REC_209.wav,False,0,0,0,0,0,0,0,0,0,0,0,0,rain (light),-5.936924,1.6014562,0.45194423,0.77591354,-0.008312226,0.29264432,-0.02793711,0.22540393,-0.011614155,0.159135,0.0076906923,0.11070247,0.06711693
11.5767565,7.9591713,7.315147,0,0,0,00:00.0,00:00.0,uploads\b67551bc-3737-11f0-85b7-581122bb7f2c\20210419T020000+1000_REC_210.wav,False,0,0,0,0,0,0,0,0,0,0,0,0,rain (light),-5.9417815,1.5833945,0.4744991,0.76633877,0.021146225,0.29476252,-0.027256012,0.18334673,-0.014339022,0.18186375,0.037883833,0.16608717,0.08690082
10.585856,7.5762553,6.6437864,0,0,0,00:00.0,00:00.0,uploads\b67551bc-3737-11f0-85b7-581122bb7f2c\20210419T020000+1000_REC_211.wav,False,0,0,0,0,0,0,0,0,0,0,0,0,rain (light),-6.021558,1.3012178,0.39714286,0.66163486,0.0018026923,0.2677609,0.012922669,0.20223163,0.033910662,0.15589531,0.039264005,0.13316399,0.07371891
10.531321,7.5918074,6.3008122,0,0,0,00:00.0,00:00.0,uploads\b67551bc-3737-11f0-85b7-581122bb7f2c\20210419T020000+1000_REC_212.wav,False,0,0,0,0,0,0,0,0,0,0,0,0,rain (light),-6.014009,1.3312798,0.4567875,0.643362,-0.06000164,0.23777258,0.02478063,0.20171255,0.06357016,0.16622096,0.05443711,0.10097084,0.06586518
8.943362,6.153463,2.9900072,0,0,0,00:00.0,00:00.0,uploads\b67551bc-3737-11f0-85b7-581122bb7f2c\20210419T020000+1000_REC_213.wav,False,0,0,0,0,0,0,0,0,0,0,0,0,rain (light),-6.089689,0.95139194,0.5551206,0.44888872,0.14835638,0.13616802,0.16601497,0.14925945,0.16890372,0.14238922,0.12992454,0.13160904,0.1592761
8.963025,6.416175,3.1362386,0,0,0,00:00.0,00:00.0,uploads\b67551bc-3737-11f0-85b7-581122bb7f2c\20210419T020000+1000_REC_214.wav,False,0,0,0,0,0,0,0,0,0,0,0,0,rain (light),-6.0713534,1.0493373,0.6088868,0.46361744,0.06341723,0.08802311,0.11073444,0.11556335,0.13834752,0.12695761,0.13840744,0.11254957,0.15194595
9.152462,7.270732,3.3498714,0,0,0,00:00.0,00:00.0,uploads\b67551bc-3737-11f0-85b7-581122bb7f2c\20210419T020000+1000_REC_215.wav,False,0,0,0,0,0,0,0,0,0,0,0,0,rain (light),-6.062625,1.1053948,0.5364498,0.53458744,0.0047349613,0.13656381,0.08623435,0.16107418,0.12020639,0.1162404,0.09891969,0.07757518,0.14236403
10.507441,7.365578,6.0512676,0,0,0,00:00.0,00:00.0,uploads\b67551bc-3737-11f0-85b7-581122bb7f2c\20210419T020000+1000_REC_216.wav,False,0,0,0,0,0,0,0,0,0,0,0,0,rain (light),-6.020276,1.2891241,0.49377325,0.6541964,-0.048951477,0.18161155,-0.0016980681,0.18964541,0.06802496,0.16755413,0.06657663,0.1097177,0.13745387
10.501433,7.310726,6.063,0,0,0,00:00.0,00:00.0,uploads\b67551bc-3737-11f0-85b7-581122bb7f2c\20210419T020000+1000_REC_217.wav,False,0,0,0,0,0,0,0,0,0,0,0,0,rain (light),-6.027625,1.2833934,0.45193243,0.62400824,-4.4673256e-05,0.19832003,0.024273913,0.2117124,0.065515384,0.15927635,0.09505887,0.11779383,0.10603515
11.3757515,6.8023615,6.4636483,0,0,0,00:00.0,00:00.0,uploads\b67551bc-3737-11f0-85b7-581122bb7f2c\20210419T020000+1000_REC_218.wav,True,0,0,0,0,0,0,0,0,1,0,0,0,rain (light),-6.000059,1.3811721,0.43818524,0.67914194,-0.00404727,0.28901908,0.0070660245,0.21359712,0.050449535,0.18566146,0.08225253,0.18586032,0.0645891
11.599344,9.599771,8.8495,0,0,0,00:00.0,00:00.0,uploads\b67551bc-3737-11f0-85b7-581122bb7f2c\20210419T020000+1000_REC_220.wav,False,0,0,0,0,0,0,0,0,0,0,0,0,rain (light),-5.9139624,1.6544919,0.5396349,0.7953288,-0.04721573,0.29925755,-0.019153623,0.22997934,0.0016477656,0.17611447,0.004059819,0.09595341,0.039338905
11.79051,9.211913,7.9971776,0,0,0,00:00.0,00:00.0,uploads\b67551bc-3737-11f0-85b7-581122bb7f2c\20210419T020000+1000_REC_221.wav,False,0,0,0,0,0,0,0,0,0,0,0,0,rain (light),-5.9474163,1.5834624,0.53380775,0.6855274,-0.050560765,0.24768107,-0.019121885,0.17691723,0.009856668,0.17919911,0.038561597,0.118919015,0.053334136
11.646811,10.165658,8.823148,0,0,0,00:00.0,00:00.0,uploads\b67551bc-3737-11f0-85b7-581122bb7f2c\20210419T020000+1000_REC_222.wav,False,0,0,0,0,0,0,0,0,0,0,0,0,rain (light),-5.8645096,1.8093644,0.5519294,0.79094595,-0.220509,0.19207098,-0.07867233,0.26798663,0.026563976,0.16634338,-0.0530964,0.09316712,0.057270743
11.656445,10.15876,8.818793,0,0,0,00:00.0,00:00.0,uploads\b67551bc-3737-11f0-85b7-581122bb7f2c\20210419T020000+1000_REC_223.wav,False,0,0,0,0,0,0,0,0,0,0,0,0,rain (light),-5.9008493,1.7080681,0.548975,0.760636,-0.14185223,0.19207114,-0.08711426,0.22426802,0.016555399,0.16430342,-0.044333946,0.105620466,0.027856635
8.87548,6.8024216,3.6064515,0,0,0,00:00.0,00:00.0,uploads\b67551bc-3737-11f0-85b7-581122bb7f2c\20210419T020000+1000_REC_224.wav,False,0,0,0,0,0,0,0,0,0,0,0,0,rain (light),-6.053876,1.1728864,0.49480382,0.5427686,0.05542203,0.1830492,0.10346288,0.16911554,0.1329747,0.12639214,0.11230153,0.10676611,0.120068796
10.480235,7.478769,6.2480817,0,0,0,00:00.0,00:00.0,uploads\b67551bc-3737-11f0-85b7-581122bb7f2c\20210419T020000+1000_REC_225.wav,False,0,0,0,0,0,0,0,0,0,0,0,0,rain (light),-6.0291157,1.2662972,0.4481132,0.6496739,0.028296761,0.22904053,0.03151173,0.18841758,0.07310343,0.16034825,0.06873536,0.1027065,0.083920345
8.966072,6.773455,3.7155893,0,0,0,00:00.0,00:00.0,uploads\b67551bc-3737-11f0-85b7-581122bb7f2c\20210419T020000+1000_REC_226.wav,False,0,0,0,0,0,0,0,0,0,0,0,0,rain (light),-6.069043,1.0837919,0.4438031,0.5777621,0.10023297,0.2027653,0.10382521,0.16585077,0.10409609,0.106126525,0.100255236,0.0895325,0.12830354
8.909951,6.2954783,3.2192664,0,0,0,00:00.0,00:00.0,uploads\b67551bc-3737-11f0-85b7-581122bb7f2c\20210419T020000+1000_REC_227.wav,False,0,0,0,0,0,0,0,0,0,0,0,0,rain (light),-6.091994,0.9444593,0.5157515,0.47837391,0.15636575,0.14012569,0.13826773,0.14168261,0.12995423,0.12465704,0.15078616,0.13055182,0.16382813
9.333459,6.719004,4.4571624,0,0,0,00:00.0,00:00.0,uploads\b67551bc-3737-11f0-85b7-581122bb7f2c\20210419T020000+1000_REC_228.wav,False,0,0,0,0,0,0,0,0,0,0,0,0,rain (light),-6.057733,1.1406225,0.4497943,0.58808553,0.036167484,0.18667161,0.07199819,0.197725,0.09230344,0.15916501,0.11085852,0.12936828,0.13620774
11.522052,9.084982,6.998519,0,0,0,00:00.0,00:00.0,uploads\b67551bc-3737-11f0-85b7-581122bb7f2c\20210419T020000+1000_REC_229.wav,False,0,0,0,0,0,0,0,0,0,0,0,0,rain (light),-6.00694,1.379773,0.489175,0.6014156,-0.017879523,0.22195001,0.030429514,0.20505415,0.05750091,0.15376486,0.037334885,0.11895957,0.072503604
12.062459,9.630983,8.55528,0,0,0,00:00.0,00:00.0,uploads\b67551bc-3737-11f0-85b7-581122bb7f2c\20210419T020000+1000_REC_231.wav,False,0,0,0,0,0,0,0,0,0,0,0,0,rain (light),-5.895273,1.7556669,0.54563886,0.7357325,-0.058298692,0.20204072,-0.06548369,0.19210653,-0.020235883,0.155175,0.0214555,0.13384685,0.067391634
11.954085,9.134028,8.3996525,0,0,0,00:00.0,00:00.0,uploads\b67551bc-3737-11f0-85b7-581122bb7f2c\20210419T020000+1000_REC_232.wav,True,0,0,0,0,0,0,0,0,1,0,0,0,rain (light),-5.93298,1.6458502,0.5087242,0.6989145,-0.023821414,0.22363758,-0.037397925,0.16983691,-0.0043480885,0.15240364,0.05877326,0.15791821,0.06075659
11.927081,9.286132,8.297658,0,0,0,00:00.0,00:00.0,uploads\b67551bc-3737-11f0-85b7-581122bb7f2c\20210419T020000+1000_REC_233.wav,False,0,0,0,0,0,0,0,0,0,0,0,0,rain (light),-5.967642,1.5200412,0.4660656,0.70184606,-0.0034597272,0.17753945,-0.024635576,0.18425293,-0.01107804,0.13326457,0.015954422,0.13129354,0.09222759
10.844637,7.0520787,6.797936,0,0,0,00:00.0,00:00.0,uploads\b67551bc-3737-11f0-85b7-581122bb7f2c\20210419T020000+1000_REC_235.wav,False,0,0,0,0,0,0,0,0,0,0,0,0,rain (light),-6.01886,1.2976681,0.43510967,0.69017196,0.047461204,0.23172711,0.030017553,0.24300164,0.05863293,0.14826988,0.04795096,0.14548847,0.09114773
9.236162,6.9790606,4.4776015,0,0,0,00:00.0,00:00.0,uploads\b67551bc-3737-11f0-85b7-581122bb7f2c\20210419T020000+1000_REC_236.wav,True,0,0,0,0,0,0,0,0,1,0,0,0,rain (light),-6.049128,1.1678723,0.47943777,0.61709595,0.09642533,0.2282506,0.0875569,0.19450626,0.099383675,0.12187161,0.087736785,0.110234156,0.10874428
8.935192,6.1306353,2.9743977,0,0,0,00:00.0,00:00.0,uploads\b67551bc-3737-11f0-85b7-581122bb7f2c\20210419T020000+1000_REC_237.wav,False,0,0,0,0,0,0,0,0,0,0,0,0,rain (light),-6.102176,0.8588466,0.5636499,0.41632098,0.21769823,0.13590032,0.15676068,0.1512856,0.14262445,0.1371278,0.13444214,0.1320429,0.14472511
8.956412,6.099234,2.9304907,0,0,0,00:00.0,00:00.0,uploads\b67551bc-3737-11f0-85b7-581122bb7f2c\20210419T020000+1000_REC_238.wav,False,0,0,0,0,0,0,0,0,0,0,0,0,rain (light),-6.0818853,0.9551074,0.61980516,0.45909235,0.23941107,0.17600808,0.17052574,0.13899249,0.14783317,0.15112196,0.15508632,0.14314787,0.14899133
8.893291,7.155584,3.5176048,0,0,0,00:00.0,00:00.0,uploads\b67551bc-3737-11f0-85b7-581122bb7f2c\20210419T020000+1000_REC_239.wav,False,0,0,0,0,0,0,0,0,0,0,0,0,rain (light),-6.04097,1.2166027,0.55469745,0.55878,0.03235764,0.1709105,0.05869914,0.12795603,0.08435518,0.111460365,0.106097326,0.11202541,0.12007198
11.551795,9.12373,6.9374166,0,0,0,00:00.0,00:00.0,uploads\b67551bc-3737-11f0-85b7-581122bb7f2c\20210419T020000+1000_REC_240.wav,False,0,0,0,0,0,0,0,0,0,0,0,0,rain (light),-6.01716,1.3047129,0.51238483,0.6438512,-0.030990357,0.21755408,0.03131079,0.1722398,0.06416933,0.16602007,0.026428912,0.11093656,0.07911978
11.480388,8.748452,7.2775993,0,0,0,00:00.0,00:00.0,uploads\b67551bc-3737-11f0-85b7-581122bb7f2c\20210419T020000+1000_REC_241.wav,False,0,0,0,0,0,0,0,0,0,0,0,0,rain (light),-6.003565,1.3658367,0.49037862,0.6649449,-0.013743229,0.24107517,0.025848888,0.21548666,0.050662372,0.16362792,0.044748545,0.12021353,0.07110558
12.23499,9.465299,8.894601,0,0,0,00:00.0,00:00.0,uploads\b67551bc-3737-11f0-85b7-581122bb7f2c\20210419T020000+1000_REC_242.wav,False,0,0,0,0,0,0,0,0,0,0,0,0,rain (light),-5.8886,1.7378703,0.55803347,0.7995189,-0.104548074,0.27809504,-0.025882158,0.20631874,-0.035938777,0.13260262,-0.023541482,0.10528559,0.038352482
11.984113,9.773126,8.685642,0,0,0,00:00.0,00:00.0,uploads\b67551bc-3737-11f0-85b7-581122bb7f2c\20210419T020000+1000_REC_243.wav,False,0,0,0,0,0,0,0,0,0,0,0,0,rain (light),-5.895824,1.7165495,0.56389153,0.7954739,-0.07686082,0.23643054,-0.06461389,0.20208976,-0.0043332153,0.15762559,-0.021951092,0.1439942,0.042017847
11.784356,9.2184105,7.995705,0,0,0,00:00.0,00:00.0,uploads\b67551bc-3737-11f0-85b7-581122bb7f2c\20210419T020000+1000_REC_244.wav,False,0,0,0,0,0,0,0,0,0,0,0,0,rain (light),-5.968325,1.4895325,0.52705616,0.7081295,-0.012094584,0.25317553,-0.03916379,0.18697096,0.020999882,0.16220361,0.014078812,0.12228294,0.07488566
11.286445,8.151535,7.4883637,0,0,0,00:00.0,00:00.0,uploads\b67551bc-3737-11f0-85b7-581122bb7f2c\20210419T020000+1000_REC_245.wav,False,0,0,0,0,0,0,0,0,0,0,0,0,rain (light),-5.9707556,1.4955355,0.47337812,0.69713974,-0.045202713,0.24038522,-0.019945722,0.22668113,0.019797487,0.18376093,0.03546934,0.12887311,0.054541744
11.62477,9.378358,8.445958,0,0,0,00:00.0,00:00.0,uploads\b67551bc-3737-11f0-85b7-581122bb7f2c\20210419T020000+1000_REC_246.wav,False,0,0,0,0,0,0,0,0,0,0,0,0,rain (light),-5.9578586,1.5415232,0.49307576,0.7109326,-0.010768016,0.25362515,-0.014288256,0.2076552,0.005405852,0.16154824,0.0030475713,0.114847586,0.048989028
12.081877,9.636718,8.821831,0,0,0,00:00.0,00:00.0,uploads\b67551bc-3737-11f0-85b7-581122bb7f2c\20210419T020000+1000_REC_247.wav,False,0,0,0,0,0,0,0,0,0,0,0,0,rain (light),-5.909936,1.6577321,0.5712056,0.8006172,-0.0743572,0.23376074,-0.09199115,0.17353544,-0.017599866,0.1418185,-0.029485347,0.09722014,0.015516623
12.055719,9.653271,8.782041,0,0,0,00:00.0,00:00.0,uploads\b67551bc-3737-11f0-85b7-581122bb7f2c\20210419T020000+1000_REC_248.wav,False,0,0,0,0,0,0,0,0,0,0,0,0,rain (light),-5.8783507,1.7460271,0.55220884,0.87164664,-0.084496915,0.22607403,-0.09263514,0.15912537,-0.01887647,0.1777087,-0.031082518,0.11199907,0.01678816
11.841594,9.500181,8.72191,0,0,0,00:00.0,00:00.0,uploads\b67551bc-3737-11f0-85b7-581122bb7f2c\20210419T020000+1000_REC_250.wav,False,0,0,0,0,0,0,0,0,0,0,0,0,rain (light),-5.948548,1.561174,0.45158926,0.7620346,-0.08027338,0.22142604,-0.04026832,0.19590941,-0.036382508,0.16010381,0.02566299,0.1439547,0.055689964
11.271026,10.597657,9.12969,0,0,0,00:00.0,00:00.0,uploads\b67551bc-3737-11f0-85b7-581122bb7f2c\20210419T020000+1000_REC_251.wav,False,0,0,0,0,0,0,0,0,0,0,0,0,rain (light),-5.8902655,1.6828753,0.506199,0.91126955,-0.16041605,0.2320713,-0.048763566,0.25683254,-0.036601257,0.16720665,0.0019739238,0.09030444,0.004834308
11.245208,10.727309,9.101909,0,0,0,00:00.0,00:00.0,uploads\b67551bc-3737-11f0-85b7-581122bb7f2c\20210419T020000+1000_REC_252.wav,False,0,0,0,0,0,0,0,0,0,0,0,0,rain (light),-5.925391,1.594666,0.47429714,0.84378076,-0.17536065,0.1526021,-0.06884861,0.20886777,-0.035623237,0.13571899,-0.012376732,0.11703719,0.026252963
11.112393,10.914845,9.299321,0,0,0,00:00.0,00:00.0,uploads\b67551bc-3737-11f0-85b7-581122bb7f2c\20210419T020000+1000_REC_253.wav,False,0,0,0,0,0,0,0,0,0,0,0,0,rain (light),-5.8905597,1.6615564,0.5043225,0.8852692,-0.2991239,0.10940995,-0.11731124,0.26620618,-0.073446244,0.13656515,-0.007450709,0.08521466,0.019266194
10.578426,7.2352815,6.099772,0,0,0,00:00.0,00:00.0,uploads\b67551bc-3737-11f0-85b7-581122bb7f2c\20210419T020000+1000_REC_254.wav,False,0,0,0,0,0,0,0,0,0,0,0,0,rain (light),-6.0148516,1.2972007,0.42604062,0.71479,-0.10641352,0.13548207,0.013488546,0.2551572,0.058778394,0.14559191,0.08446752,0.107643686,0.09324618
10.662517,7.116786,6.1964,0,0,0,00:00.0,00:00.0,uploads\b67551bc-3737-11f0-85b7-581122bb7f2c\20210419T020000+1000_REC_255.wav,False,0,0,0,0,0,0,0,0,0,0,0,0,rain (light),-6.0195737,1.3073227,0.41011512,0.6785386,-0.029040642,0.20302722,0.029086197,0.20740806,0.038885593,0.15460017,0.09349261,0.13354003,0.09003529
8.888414,6.090555,2.9670827,0,0,0,00:00.0,00:00.0,uploads\b67551bc-3737-11f0-85b7-581122bb7f2c\20210419T020000+1000_REC_256.wav,False,0,0,0,0,0,0,0,0,0,0,0,0,rain (light),-6.1124063,0.77893806,0.52737945,0.42534652,0.24130364,0.1647644,0.17260149,0.15869723,0.14676553,0.13172972,0.14188673,0.1441206,0.15107827
8.904509,6.3312345,3.2813046,0,0,0,00:00.0,00:00.0,uploads\b67551bc-3737-11f0-85b7-581122bb7f2c\20210419T020000+1000_REC_257.wav,False,0,0,0,0,0,0,0,0,0,0,0,0,rain (light),-6.0912685,0.9564467,0.48070705,0.49959219,0.1396926,0.1674349,0.1572258,0.13950382,0.11930361,0.12154438,0.14477377,0.11853869,0.15029298
10.522505,7.3534474,6.095886,0,0,0,00:00.0,00:00.0,uploads\b67551bc-3737-11f0-85b7-581122bb7f2c\20210419T020000+1000_REC_258.wav,False,0,0,0,0,0,0,0,0,0,0,0,0,rain (light),-6.0423827,1.1889957,0.4673569,0.6481199,0.026400557,0.22416599,0.04128698,0.19344419,0.07818268,0.16962813,0.076518014,0.1154542,0.115681686
12.054046,9.635773,8.547828,0,0,0,00:00.0,00:00.0,uploads\b67551bc-3737-11f0-85b7-581122bb7f2c\20210419T020000+1000_REC_260.wav,False,0,0,0,0,0,0,0,0,0,0,0,0,rain (light),-5.9269643,1.62249,0.5843733,0.7419034,-0.08761613,0.19886895,-0.058877606,0.18909009,0.0026235217,0.15148324,0.028207779,0.12502496,0.044351105
11.872379,9.938868,8.75805,0,0,0,00:00.0,00:00.0,uploads\b67551bc-3737-11f0-85b7-581122bb7f2c\20210419T020000+1000_REC_261.wav,False,0,0,0,0,0,0,0,0,0,0,0,0,rain (light),-5.8705025,1.7983292,0.5991609,0.7679244,-0.16234212,0.19835304,-0.07144032,0.23144323,0.0068603703,0.18860939,-0.003113684,0.12857717,0.059682943
11.840533,9.57606,8.739735,0,0,0,00:00.0,00:00.0,uploads\b67551bc-3737-11f0-85b7-581122bb7f2c\20210419T020000+1000_REC_262.wav,False,0,0,0,0,0,0,0,0,0,0,0,0,rain (light),-5.950547,1.5596716,0.4813557,0.7368574,-0.06516695,0.22730085,-0.044884067,0.19662713,-0.007446191,0.1457796,0.020234782,0.106259465,0.028360378
12.092782,9.63695,8.810953,0,0,0,00:00.0,00:00.0,uploads\b67551bc-3737-11f0-85b7-581122bb7f2c\20210419T020000+1000_REC_263.wav,False,0,0,0,0,0,0,0,0,0,0,0,0,rain (light),-5.8607492,1.8138859,0.5492262,0.8526732,-0.10844652,0.25436303,-0.07278947,0.18694732,-0.025125436,0.16272856,-0.026632812,0.105390005,0.028789971
11.522882,9.810636,8.819003,0,0,0,00:00.0,00:00.0,uploads\b67551bc-3737-11f0-85b7-581122bb7f2c\20210419T020000+1000_REC_264.wav,False,0,0,0,0,0,0,0,0,0,0,0,0,rain (light),-5.920102,1.6273606,0.49291113,0.8378796,-0.042509828,0.25147548,-0.044657376,0.23572098,-0.00736402,0.1461046,-0.004707079,0.082413375,0.021821493
10.502665,7.59268,6.293344,0,0,0,00:00.0,00:00.0,uploads\b67551bc-3737-11f0-85b7-581122bb7f2c\20210419T020000+1000_REC_265.wav,False,0,0,0,0,0,0,0,0,0,0,0,0,rain (light),-6.0296497,1.2337583,0.47856295,0.68247795,0.010202298,0.23279387,0.061188824,0.22621053,0.06953526,0.15312062,0.06120923,0.09018407,0.07380433
11.631845,9.111782,7.575933,0,0,0,00:00.0,00:00.0,uploads\b67551bc-3737-11f0-85b7-581122bb7f2c\20210419T020000+1000_REC_266.wav,False,0,0,0,0,0,0,0,0,0,0,0,0,rain (light),-5.9863777,1.4189831,0.50231963,0.71386105,-0.039582845,0.2281952,0.0019720516,0.18759342,0.032190025,0.14683768,0.017344166,0.11528778,0.0802326
11.709261,9.808834,8.94652,0,0,0,00:00.0,00:00.0,uploads\b67551bc-3737-11f0-85b7-581122bb7f2c\20210419T040000+1000_REC_0.wav,False,0,0,0,0,0,0,0,0,0,0,0,0,rain (light),-6.0609913,1.1342684,0.38577297,0.57056576,0.033539966,0.23390046,0.028160946,0.19257696,0.072331764,0.21436743,0.114219226,0.18794984,0.1111672
12.198536,10.267983,9.613111,0,0,0,00:00.0,00:00.0,uploads\b67551bc-3737-11f0-85b7-581122bb7f2c\20210419T040000+1000_REC_1.wav,False,0,0,0,0,0,0,0,0,0,0,0,0,rain (light),-6.0483713,1.1802001,0.39458147,0.6004161,0.088222384,0.31915307,0.028497428,0.22651714,0.050786585,0.18216906,0.07428857,0.15850517,0.07390422
12.189252,10.274299,9.606262,0,0,0,00:00.0,00:00.0,uploads\b67551bc-3737-11f0-85b7-581122bb7f2c\20210419T040000+1000_REC_2.wav,False,0,0,0,0,0,0,0,0,0,0,0,0,rain (light),-6.059869,1.1156727,0.36788625,0.6160676,0.097859174,0.30627826,0.032103952,0.22212724,0.06595415,0.18577677,0.07570796,0.15852572,0.07108725
12.200883,10.248552,9.595618,0,0,0,00:00.0,00:00.0,uploads\b67551bc-3737-11f0-85b7-581122bb7f2c\20210419T040000+1000_REC_3.wav,True,0,0,0,0,0,0,0,0,1,0,0,0,rain (light),-6.066407,1.0872636,0.35622373,0.59348744,0.0801331,0.31376445,0.06264406,0.24262108,0.05753008,0.18201275,0.07747631,0.14505969,0.06753103
9.22214,7.3702035,4.5432534,0,0,0,00:00.0,00:00.0,uploads\b67551bc-3737-11f0-85b7-581122bb7f2c\20210419T040000+1000_REC_4.wav,True,0,0,0,0,0,0,0,0,1,0,0,0,rain (light),-6.1053867,0.8573958,0.41335544,0.48901442,0.19804962,0.25483063,0.15707129,0.18497583,0.13831112,0.15672135,0.15795718,0.14062582,0.16955203
8.516745,7.031045,3.5015736,0,0,0,00:00.0,00:00.0,uploads\b67551bc-3737-11f0-85b7-581122bb7f2c\20210419T040000+1000_REC_5.wav,True,0,0,0,0,0,0,0,0,1,0,0,0,rain (light),-6.108882,0.86130923,0.4579092,0.39286056,0.17492665,0.1643241,0.13663962,0.15042488,0.16410592,0.17078994,0.19503365,0.17419559,0.17581084
8.054074,6.3761334,3.1925054,0,0,0,00:00.0,00:00.0,uploads\b67551bc-3737-11f0-85b7-581122bb7f2c\20210419T040000+1000_REC_6.wav,False,0,0,0,0,0,0,0,0,0,0,0,0,rain (light),-6.133749,0.5617947,0.45818517,0.3593742,0.28353167,0.23359618,0.20714556,0.19648957,0.19419098,0.19444467,0.19640729,0.19882573,0.19978859
8.011613,6.314056,3.1964762,0,0,0,00:00.0,00:00.0,uploads\b67551bc-3737-11f0-85b7-581122bb7f2c\20210419T040000+1000_REC_7.wav,False,0,0,0,0,0,0,0,0,0,0,0,0,rain (light),-6.137819,0.4959408,0.43637216,0.36269683,0.29617047,0.24807172,0.21923012,0.20475449,0.1991826,0.19891973,0.20174523,0.20523737,0.20659164
8.340637,6.721226,3.3171952,0,0,0,00:00.0,00:00.0,uploads\b67551bc-3737-11f0-85b7-581122bb7f2c\20210419T040000+1000_REC_8.wav,False,0,0,0,0,0,0,0,0,0,0,0,0,rain (light),-6.1235337,0.6618421,0.49798283,0.38296396,0.2863328,0.23160598,0.21098799,0.19106196,0.17252061,0.16647294,0.17339478,0.17861933,0.19153045
8.732403,7.0033293,3.4421442,0,0,0,00:00.0,00:00.0,uploads\b67551bc-3737-11f0-85b7-581122bb7f2c\20210419T040000+1000_REC_10.wav,True,0,0,0,0,0,0,0,0,1,0,0,0,rain (light),-6.125642,0.6290869,0.51658386,0.3978071,0.2963745,0.22295907,0.1818751,0.16455567,0.15880783,0.15866621,0.1641911,0.17089608,0.17313676
9.122395,7.4503574,4.352999,0,0,0,00:00.0,00:00.0,uploads\b67551bc-3737-11f0-85b7-581122bb7f2c\20210419T040000+1000_REC_11.wav,True,0,0,0,0,0,0,0,0,1,0,0,0,rain (light),-6.0912743,0.9553072,0.47983393,0.48692483,0.16659069,0.20988296,0.11956368,0.14240353,0.12412093,0.14137068,0.16864802,0.14193566,0.16056393
9.241563,7.439532,4.601319,0,0,0,00:00.0,00:00.0,uploads\b67551bc-3737-11f0-85b7-581122bb7f2c\20210419T040000+1000_REC_12.wav,False,0,0,0,0,0,0,0,0,0,0,0,0,rain (light),-6.092014,0.9344764,0.42931372,0.5330093,0.17093275,0.26654497,0.11403528,0.18810527,0.13222918,0.16231196,0.13823986,0.16025108,0.1744858
9.16346,7.4097047,4.463792,0,0,0,00:00.0,00:00.0,uploads\b67551bc-3737-11f0-85b7-581122bb7f2c\20210419T040000+1000_REC_13.wav,False,0,0,0,0,0,0,0,0,0,0,0,0,rain (light),-6.102932,0.88022935,0.41167465,0.4885752,0.18952376,0.2569968,0.16321498,0.1952698,0.14585248,0.14642292,0.14447515,0.12584434,0.14903383
8.910501,6.965904,3.6238897,0,0,0,00:00.0,00:00.0,uploads\b67551bc-3737-11f0-85b7-581122bb7f2c\20210419T040000+1000_REC_14.wav,False,0,0,0,0,0,0,0,0,0,0,0,0,rain (light),-6.1173143,0.774435,0.45041218,0.39245656,0.23476589,0.22101216,0.20044354,0.1750375,0.17509818,0.15323323,0.16291592,0.16381605,0.16637391
9.124594,7.4203353,4.391,0,0,0,00:00.0,00:00.0,uploads\b67551bc-3737-11f0-85b7-581122bb7f2c\20210419T040000+1000_REC_15.wav,False,0,0,0,0,0,0,0,0,0,0,0,0,rain (light),-6.117924,0.80186826,0.39773953,0.41783935,0.18269713,0.2090815,0.16868888,0.16488992,0.14684244,0.13304973,0.1349206,0.11913596,0.16090919
12.206456,10.256939,9.598283,0,0,0,00:00.0,00:00.0,uploads\b67551bc-3737-11f0-85b7-581122bb7f2c\20210419T040000+1000_REC_16.wav,False,0,0,0,0,0,0,0,0,0,0,0,0,rain (light),-6.0515547,1.1531466,0.41580194,0.6088715,0.09491675,0.32986766,0.063759886,0.22777511,0.053561926,0.15192017,0.053618226,0.14802918,0.07850814
12.186927,10.287744,9.613383,0,0,0,00:00.0,00:00.0,uploads\b67551bc-3737-11f0-85b7-581122bb7f2c\20210419T040000+1000_REC_17.wav,False,0,0,0,0,0,0,0,0,0,0,0,0,rain (light),-6.022214,1.3094032,0.39536816,0.62025356,0.043648575,0.3177238,0.024943762,0.22967352,0.059954464,0.18346897,0.05358044,0.14173192,0.052875914
9.951785,7.473471,5.991889,0,0,0,00:00.0,00:00.0,uploads\b67551bc-3737-11f0-85b7-581122bb7f2c\20210419T040000+1000_REC_20.wav,True,0,0,0,0,0,0,0,0,1,0,0,0,rain (light),-6.1013255,0.8964014,0.3786369,0.49596846,0.15463135,0.27850595,0.14294513,0.21360451,0.14416467,0.17078424,0.13444391,0.15820606,0.14863512
8.533975,7.0384164,3.4962769,0,0,0,00:00.0,00:00.0,uploads\b67551bc-3737-11f0-85b7-581122bb7f2c\20210419T040000+1000_REC_21.wav,False,0,0,0,0,0,0,0,0,0,0,0,0,rain (light),-6.1097608,0.86753553,0.45398125,0.38167435,0.1317401,0.15094294,0.13334356,0.1475929,0.1581432,0.1547743,0.1765274,0.16252461,0.17209248
9.226755,7.436289,4.5773253,0,0,0,00:00.0,00:00.0,uploads\b67551bc-3737-11f0-85b7-581122bb7f2c\20210419T040000+1000_REC_22.wav,False,0,0,0,0,0,0,0,0,0,0,0,0,rain (light),-6.088369,0.973563,0.42561862,0.521448,0.14333914,0.26098806,0.11253392,0.17470098,0.1314177,0.1762772,0.14122215,0.14631897,0.14932442
10.959077,9.856947,8.149018,0,0,0,00:00.0,00:00.0,uploads\b67551bc-3737-11f0-85b7-581122bb7f2c\20210419T040000+1000_REC_23.wav,False,0,0,0,0,0,0,0,0,0,0,0,0,rain (light),-6.0847287,0.99774563,0.39741087,0.5421708,0.102165334,0.23814282,0.10419043,0.23071118,0.13378556,0.17808507,0.10031313,0.15442003,0.14066671
9.893735,7.4297175,5.9910398,0,0,0,00:00.0,00:00.0,uploads\b67551bc-3737-11f0-85b7-581122bb7f2c\20210419T040000+1000_REC_24.wav,True,0,0,0,0,0,0,0,0,1,0,0,1,rain (light),-6.100021,0.92299134,0.36227283,0.48077542,0.10811275,0.25327078,0.109124295,0.22941002,0.14283668,0.18722175,0.13395372,0.16050002,0.13043997
12.119244,10.292122,9.532329,0,0,0,00:00.0,00:00.0,uploads\b67551bc-3737-11f0-85b7-581122bb7f2c\20210419T040000+1000_REC_25.wav,False,0,0,0,0,0,0,0,0,0,0,0,0,rain (light),-6.040239,1.2289696,0.37683818,0.5986318,0.042718925,0.29046613,0.015661458,0.23413293,0.06231811,0.19813122,0.09358742,0.20836326,0.105101705
11.591587,8.736865,10.314181,0,0,0,00:00.0,00:00.0,uploads\b67551bc-3737-11f0-85b7-581122bb7f2c\20210419T040000+1000_REC_26.wav,True,0,0,0,0,0,0,0,0,1,0,0,0,rain (light),-6.0893707,0.9618855,0.37107494,0.53713137,0.12572017,0.316398,0.105701625,0.2170382,0.08837923,0.17504752,0.09955832,0.17295358,0.11975229
9.968561,7.4791074,6.0216627,0,0,0,00:00.0,00:00.0,uploads\b67551bc-3737-11f0-85b7-581122bb7f2c\20210419T040000+1000_REC_27.wav,False,0,0,0,0,0,0,0,0,0,0,0,0,rain (light),-6.106481,0.8744165,0.35539383,0.46290874,0.1699281,0.2939532,0.14996524,0.21573423,0.15989539,0.16070749,0.13005064,0.15639807,0.12717734
11.477795,8.851009,10.106206,0,0,0,00:00.0,00:00.0,uploads\b67551bc-3737-11f0-85b7-581122bb7f2c\20210419T040000+1000_REC_28.wav,False,0,0,0,0,0,0,0,0,0,0,0,0,rain (light),-6.082152,0.9922283,0.3488141,0.5592202,0.12386182,0.3460657,0.110335216,0.25095028,0.10327821,0.21376127,0.11550279,0.1690525,0.09817311
11.531669,8.658643,10.361858,0,0,0,00:00.0,00:00.0,uploads\b67551bc-3737-11f0-85b7-581122bb7f2c\20210419T040000+1000_REC_29.wav,False,0,0,0,0,0,0,0,0,0,0,0,0,rain (light),-6.0891666,0.96654415,0.3460944,0.527529,0.12610252,0.34264728,0.12024457,0.22545955,0.09380624,0.17604329,0.09549547,0.18310416,0.11864982
11.491229,8.797006,10.195975,0,0,0,00:00.0,00:00.0,uploads\b67551bc-3737-11f0-85b7-581122bb7f2c\20210419T040000+1000_REC_30.wav,False,0,0,0,0,0,0,0,0,0,0,0,0,rain (light),-6.0870476,0.9692259,0.35717985,0.54552877,0.124037065,0.32608563,0.09465495,0.24784878,0.08951417,0.20413505,0.09690741,0.16402915,0.12716931
11.45594,8.692987,10.286382,0,0,0,00:00.0,00:00.0,uploads\b67551bc-3737-11f0-85b7-581122bb7f2c\20210419T040000+1000_REC_31.wav,False,0,0,0,0,0,0,0,0,0,0,0,0,rain (light),-6.0661936,1.0535045,0.33508286,0.6183946,0.14824796,0.36599717,0.10023622,0.2836236,0.09989789,0.22107029,0.12094291,0.1989512,0.13649495
11.480643,8.762602,10.225806,0,0,0,00:00.0,00:00.0,uploads\b67551bc-3737-11f0-85b7-581122bb7f2c\20210419T040000+1000_REC_33.wav,True,0,0,0,0,0,0,0,0,1,0,0,0,rain (light),-6.0843763,0.9912151,0.35272786,0.54557955,0.11980085,0.31005082,0.0926027,0.258098,0.10728071,0.20065083,0.089228414,0.17746001,0.117105424
11.45207,8.652439,10.328608,0,0,0,00:00.0,00:00.0,uploads\b67551bc-3737-11f0-85b7-581122bb7f2c\20210419T040000+1000_REC_34.wav,False,0,0,0,0,0,0,0,0,0,0,0,0,rain (light),-6.0955715,0.9283375,0.3161974,0.5238204,0.12819897,0.32479122,0.11820654,0.24177179,0.12169208,0.19760248,0.10227953,0.19195004,0.13077097
11.43346,8.690483,10.286051,0,0,0,00:00.0,00:00.0,uploads\b67551bc-3737-11f0-85b7-581122bb7f2c\20210419T040000+1000_REC_35.wav,False,0,0,0,0,0,0,0,0,0,0,0,0,rain (light),-6.0879126,0.95048386,0.3418975,0.55373377,0.1541057,0.3469262,0.11204153,0.2670314,0.115136504,0.21435918,0.11060548,0.17672773,0.12633458
10.0070915,7.492351,6.062479,0,0,0,00:00.0,00:00.0,uploads\b67551bc-3737-11f0-85b7-581122bb7f2c\20210419T040000+1000_REC_36.wav,True,0,0,0,0,0,0,0,0,1,0,0,0,rain (light),-6.1014476,0.88279253,0.36524126,0.5080733,0.16389447,0.3094075,0.13915919,0.23403397,0.1401615,0.18831865,0.1367649,0.14545491,0.13404663
8.093295,6.063614,3.3683467,0,0,0,00:00.0,00:00.0,uploads\b67551bc-3737-11f0-85b7-581122bb7f2c\20210419T040000+1000_REC_37.wav,False,0,0,0,0,0,0,0,0,0,0,0,0,rain (light),-6.1448064,0.47350916,0.39955023,0.33053568,0.27554086,0.23545107,0.21028146,0.19338311,0.18116778,0.17416252,0.1723838,0.17365572,0.17395079
9.690253,7.081763,5.6804833,0,0,0,00:00.0,00:00.0,uploads\b67551bc-3737-11f0-85b7-581122bb7f2c\20210419T040000+1000_REC_38.wav,False,0,0,0,0,0,0,0,0,0,0,0,0,rain (light),-6.1051073,0.8541508,0.36890262,0.47610694,0.19452488,0.31444103,0.17792879,0.2316973,0.13418101,0.17423671,0.16894367,0.18008646,0.1884487
9.909756,7.3033423,5.7921824,0,0,0,00:00.0,00:00.0,uploads\b67551bc-3737-11f0-85b7-581122bb7f2c\20210419T040000+1000_REC_39.wav,True,0,0,0,0,0,0,0,0,1,0,0,0,rain (light),-6.1019,0.87864214,0.38905594,0.49916303,0.19316266,0.28251827,0.1293474,0.20809756,0.14544202,0.16538492,0.14344832,0.18371719,0.1838285
12.1860895,10.283788,9.615435,0,0,0,00:00.0,00:00.0,uploads\b67551bc-3737-11f0-85b7-581122bb7f2c\20210419T040000+1000_REC_40.wav,True,0,0,0,0,0,0,1,0,1,0,0,0,rain (light),-6.049765,1.1464405,0.37256205,0.65643346,0.10300855,0.323707,0.035812184,0.2508745,0.044752117,0.17577662,0.08723483,0.16736162,0.0693735
11.525387,8.750718,10.208114,0,0,0,00:00.0,00:00.0,uploads\b67551bc-3737-11f0-85b7-581122bb7f2c\20210419T040000+1000_REC_42.wav,False,0,0,0,0,0,0,0,0,0,0,0,0,rain (light),-6.096617,0.9282466,0.31610557,0.5334573,0.064748615,0.28999203,0.07358376,0.21901517,0.086469695,0.18538615,0.12021673,0.17087017,0.11229152
9.150306,7.437864,4.4503317,0,0,0,00:00.0,00:00.0,uploads\b67551bc-3737-11f0-85b7-581122bb7f2c\20210419T040000+1000_REC_45.wav,False,0,0,0,0,0,0,0,0,0,0,0,0,rain (light),-6.1054854,0.87905425,0.4144133,0.4745902,0.1267355,0.21780458,0.124334335,0.19342971,0.13403818,0.13326377,0.12610257,0.12922218,0.1383607
11.69994,8.90894,10.309972,0,0,0,00:00.0,00:00.0,uploads\b67551bc-3737-11f0-85b7-581122bb7f2c\20210419T040000+1000_REC_46.wav,True,0,0,0,0,0,1,0,0,1,0,0,0,rain (light),-6.079232,1.012152,0.39718407,0.567561,0.08804651,0.2819758,0.081501074,0.24451786,0.103044346,0.18518421,0.09066643,0.16513573,0.13659646
9.759111,7.318174,5.8961463,0,0,0,00:00.0,00:00.0,uploads\b67551bc-3737-11f0-85b7-581122bb7f2c\20210419T040000+1000_REC_47.wav,False,0,0,0,0,0,0,0,0,0,0,0,0,rain (light),-6.1059318,0.91067725,0.35666862,0.41492626,0.06443346,0.20206457,0.11221646,0.22324616,0.16485305,0.20094383,0.13909389,0.14299875,0.14718215
8.453954,6.9640026,3.4544048,0,0,0,00:00.0,00:00.0,uploads\b67551bc-3737-11f0-85b7-581122bb7f2c\20210419T040000+1000_REC_48.wav,False,0,0,0,0,0,0,0,0,0,0,0,0,rain (light),-6.122767,0.77930504,0.4244955,0.32342187,0.14852647,0.13962808,0.1456611,0.16362558,0.1830042,0.17068231,0.17288846,0.17529324,0.18663503
9.293085,7.1509366,4.610263,0,0,0,00:00.0,00:00.0,uploads\b67551bc-3737-11f0-85b7-581122bb7f2c\20210419T040000+1000_REC_50.wav,False,0,0,0,0,0,0,0,0,0,0,0,0,rain (light),-6.111134,0.82446086,0.40630412,0.44424546,0.19998018,0.26699942,0.19027662,0.1990038,0.15880993,0.16159382,0.16498175,0.15264472,0.15661667
9.725829,7.337572,5.942593,0,0,0,00:00.0,00:00.0,uploads\b67551bc-3737-11f0-85b7-581122bb7f2c\20210419T040000+1000_REC_51.wav,False,0,0,0,0,0,0,0,0,0,0,0,0,rain (light),-6.094268,0.98568636,0.35005227,0.43544388,0.06628887,0.24584103,0.10706305,0.21875104,0.14478369,0.19776092,0.13921447,0.17486726,0.15692788
11.480673,8.67877,10.306206,0,0,0,00:00.0,00:00.0,uploads\b67551bc-3737-11f0-85b7-581122bb7f2c\20210419T040000+1000_REC_52.wav,False,0,0,0,0,0,0,0,0,0,0,0,0,rain (light),-6.0910254,0.9520941,0.31803536,0.5384075,0.12085662,0.32170367,0.083727784,0.25618258,0.100218505,0.20716147,0.10023059,0.18749972,0.12643903
11.420096,8.622775,10.335606,0,0,0,00:00.0,00:00.0,uploads\b67551bc-3737-11f0-85b7-581122bb7f2c\20210419T040000+1000_REC_53.wav,False,0,0,0,0,0,0,0,0,0,0,0,0,rain (light),-6.0901423,0.9558626,0.32050774,0.52186006,0.13030614,0.3361852,0.089713395,0.25053293,0.108529925,0.23910417,0.13582668,0.20849335,0.12971722
11.48586,8.685656,10.304445,0,0,0,00:00.0,00:00.0,uploads\b67551bc-3737-11f0-85b7-581122bb7f2c\20210419T040000+1000_REC_55.wav,False,0,0,0,0,0,0,0,0,0,0,0,0,rain (light),-6.0938225,0.938457,0.33533373,0.5106598,0.13762127,0.33602032,0.09662903,0.24863197,0.10973755,0.18930915,0.08289122,0.19453143,0.14249314
11.478148,8.726009,10.265782,0,0,0,00:00.0,00:00.0,uploads\b67551bc-3737-11f0-85b7-581122bb7f2c\20210419T040000+1000_REC_56.wav,False,0,0,0,0,0,0,0,0,0,0,0,0,rain (light),-6.0854816,0.99930733,0.31632453,0.52731663,0.111859806,0.328,0.094578356,0.24505919,0.08323362,0.18924764,0.08000835,0.18806654,0.120360605
9.957421,7.030203,5.7910223,0,0,0,00:00.0,00:00.0,uploads\b67551bc-3737-11f0-85b7-581122bb7f2c\20210419T040000+1000_REC_57.wav,False,0,0,0,0,0,0,0,0,0,0,0,0,rain (light),-6.111779,0.81854796,0.32518047,0.46654016,0.1576782,0.31592333,0.15416646,0.22759853,0.13024715,0.2059925,0.17269818,0.20461147,0.16080756
9.935319,7.0525537,5.792699,0,0,0,00:00.0,00:00.0,uploads\b67551bc-3737-11f0-85b7-581122bb7f2c\20210419T040000+1000_REC_58.wav,False,0,0,0,0,0,0,0,0,0,0,0,0,rain (light),-6.1102877,0.8306907,0.3237963,0.48396108,0.13993554,0.2949007,0.13275336,0.24451804,0.13641159,0.19671553,0.16540398,0.19957599,0.15213215
11.397992,8.58624,10.409097,0,0,0,00:00.0,00:00.0,uploads\b67551bc-3737-11f0-85b7-581122bb7f2c\20210419T040000+1000_REC_59.wav,False,0,0,0,0,0,0,0,0,0,0,0,0,rain (light),-6.0994587,0.88455576,0.29285073,0.5338668,0.117582425,0.32297668,0.12694243,0.3003391,0.13829888,0.21578129,0.11500595,0.19195853,0.12012302
10.122871,7.4678125,6.2220116,0,0,0,00:00.0,00:00.0,uploads\b67551bc-3737-11f0-85b7-581122bb7f2c\20210419T040000+1000_REC_60.wav,False,0,0,0,0,0,0,0,0,0,0,0,0,rain (light),-6.107805,0.841742,0.34802034,0.49143484,0.16812404,0.3252918,0.1560182,0.20693275,0.13110404,0.18903121,0.12776926,0.17368212,0.137585
9.572076,7.0428276,5.6041484,0,0,0,00:00.0,00:00.0,uploads\b67551bc-3737-11f0-85b7-581122bb7f2c\20210419T040000+1000_REC_61.wav,False,0,0,0,0,0,0,0,0,0,0,0,0,rain (light),-6.118988,0.7856269,0.3169112,0.42024964,0.18478091,0.30122203,0.1654928,0.22506098,0.17100203,0.16925065,0.15877557,0.17274706,0.17315876
10.1165905,7.3368645,6.3943954,0,0,0,00:00.0,00:00.0,uploads\b67551bc-3737-11f0-85b7-581122bb7f2c\20210419T040000+1000_REC_62.wav,False,0,0,0,0,0,0,0,0,0,0,0,0,rain (light),-6.1089787,0.8113626,0.31349444,0.51975733,0.16595238,0.33514634,0.14292108,0.2743562,0.13473186,0.20084815,0.13195077,0.16393504,0.132735
9.554276,7.049577,5.5713882,0,0,0,00:00.0,00:00.0,uploads\b67551bc-3737-11f0-85b7-581122bb7f2c\20210419T040000+1000_REC_63.wav,False,0,0,0,0,0,0,0,0,0,0,0,0,rain (light),-6.1229296,0.7545007,0.33076033,0.4246077,0.17835812,0.28201157,0.17097749,0.20643885,0.16312365,0.15432526,0.15527955,0.15860562,0.15748326
9.591509,7.031542,5.5233603,0,0,0,00:00.0,00:00.0,uploads\b67551bc-3737-11f0-85b7-581122bb7f2c\20210419T040000+1000_REC_65.wav,False,0,0,0,0,0,0,0,0,0,0,0,0,rain (light),-6.113498,0.80649406,0.36924604,0.4469141,0.19224876,0.276987,0.17664663,0.21077651,0.18508871,0.19057769,0.17455111,0.17615235,0.170179
9.175816,6.7401156,4.322691,0,0,0,00:00.0,00:00.0,uploads\b67551bc-3737-11f0-85b7-581122bb7f2c\20210419T040000+1000_REC_66.wav,False,0,0,0,0,0,0,0,0,0,0,0,0,rain (light),-6.120101,0.74098516,0.4128444,0.41239268,0.23893952,0.24301967,0.19788499,0.2053163,0.19216034,0.16953166,0.18525751,0.16972002,0.18367124
9.670238,7.090261,5.674134,0,0,0,00:00.0,00:00.0,uploads\b67551bc-3737-11f0-85b7-581122bb7f2c\20210419T040000+1000_REC_67.wav,False,0,0,0,0,0,0,0,0,0,0,0,0,rain (light),-6.1018057,0.8669168,0.3694634,0.50743234,0.18705896,0.3153189,0.13457257,0.23936082,0.1571751,0.20224185,0.15644851,0.17898601,0.15471321
9.204473,6.758479,4.3636456,0,0,0,00:00.0,00:00.0,uploads\b67551bc-3737-11f0-85b7-581122bb7f2c\20210419T040000+1000_REC_68.wav,False,0,0,0,0,0,0,0,0,0,0,0,0,rain (light),-6.1160398,0.7491951,0.40443707,0.44305465,0.2599819,0.29905987,0.21273889,0.19417074,0.1911003,0.18323371,0.19390112,0.16100533,0.16552123
7.956426,5.934725,3.3277678,0,0,0,00:00.0,00:00.0,uploads\b67551bc-3737-11f0-85b7-581122bb7f2c\20210419T040000+1000_REC_69.wav,False,0,0,0,0,0,0,0,0,0,0,0,0,rain (light),-6.1385736,0.48875585,0.41368458,0.35141197,0.30572465,0.2734301,0.24976452,0.22683817,0.20725931,0.1954497,0.18869038,0.1861838,0.18936461
9.201453,6.7550225,4.350033,0,0,0,00:00.0,00:00.0,uploads\b67551bc-3737-11f0-85b7-581122bb7f2c\20210419T040000+1000_REC_70.wav,True,0,0,0,0,0,0,0,0,1,0,0,0,rain (light),-6.11871,0.7521655,0.41763562,0.40575784,0.24687836,0.25292245,0.20767993,0.20306462,0.18509479,0.18051487,0.18671365,0.16347882,0.16795869
11.42103,8.618277,10.365867,0,0,0,00:00.0,00:00.0,uploads\b67551bc-3737-11f0-85b7-581122bb7f2c\20210419T040000+1000_REC_71.wav,False,0,0,0,0,0,0,0,0,0,0,0,0,rain (light),-6.096375,0.90544325,0.32902917,0.5343764,0.14247829,0.32947797,0.11526874,0.28071082,0.13247852,0.18991375,0.09332817,0.18543522,0.119547084
11.484317,8.849597,10.116673,0,0,0,00:00.0,00:00.0,uploads\b67551bc-3737-11f0-85b7-581122bb7f2c\20210419T040000+1000_REC_72.wav,False,0,0,0,0,0,0,0,0,0,0,0,0,rain (light),-6.082463,0.97920597,0.35636526,0.5684792,0.1331184,0.35641807,0.09849105,0.25845766,0.11814095,0.2063752,0.08209381,0.16951028,0.09863774
11.461177,8.681009,10.302056,0,0,0,00:00.0,00:00.0,uploads\b67551bc-3737-11f0-85b7-581122bb7f2c\20210419T040000+1000_REC_73.wav,False,0,0,0,0,0,0,0,0,0,0,0,0,rain (light),-6.0901256,0.93872386,0.31885093,0.5622677,0.13547459,0.3472621,0.0892481,0.2484764,0.10712567,0.21053313,0.100128084,0.1966055,0.12406075
11.470246,8.706127,10.280436,0,0,0,00:00.0,00:00.0,uploads\b67551bc-3737-11f0-85b7-581122bb7f2c\20210419T040000+1000_REC_74.wav,False,0,0,0,0,0,0,0,0,0,0,0,0,rain (light),-6.07588,1.033752,0.347562,0.5638481,0.11810693,0.3373814,0.08919324,0.2459906,0.08431399,0.210997,0.09847653,0.19611405,0.110228136
10.130977,7.3783402,6.398314,0,0,0,00:00.0,00:00.0,uploads\b67551bc-3737-11f0-85b7-581122bb7f2c\20210419T040000+1000_REC_75.wav,False,0,0,0,0,0,0,0,0,0,0,0,0,rain (light),-6.1055207,0.86210614,0.31413502,0.49490902,0.15453751,0.3338622,0.14035675,0.24799572,0.12082944,0.1934674,0.12819771,0.1698166,0.13239068
11.424695,8.624365,10.344166,0,0,0,00:00.0,00:00.0,uploads\b67551bc-3737-11f0-85b7-581122bb7f2c\20210419T040000+1000_REC_76.wav,False,0,0,0,0,0,0,0,0,0,0,0,0,rain (light),-6.101795,0.8876145,0.32405633,0.50319016,0.12859425,0.31992757,0.11104312,0.24038395,0.1164586,0.20485894,0.124179974,0.19969909,0.14807029
10.90806,9.918769,8.056439,0,0,0,00:00.0,00:00.0,uploads\b67551bc-3737-11f0-85b7-581122bb7f2c\20210419T040000+1000_REC_77.wav,False,0,0,0,0,0,0,0,0,0,0,0,0,rain (light),-6.0993114,0.9297705,0.35387468,0.45490804,0.093166426,0.27070484,0.13504027,0.27336335,0.13619968,0.1644565,0.096343696,0.16841097,0.18117073
11.4830885,8.80719,10.183218,0,0,0,00:00.0,00:00.0,uploads\b67551bc-3737-11f0-85b7-581122bb7f2c\20210419T040000+1000_REC_78.wav,False,0,0,0,0,0,0,0,0,0,0,0,0,rain (light),-6.0868177,0.98721695,0.33130074,0.51755375,0.110354014,0.3405354,0.08608467,0.25814512,0.095445454,0.19096412,0.07508842,0.15984498,0.12541792
9.206501,6.769776,4.3405676,0,0,0,00:00.0,00:00.0,uploads\b67551bc-3737-11f0-85b7-581122bb7f2c\20210419T040000+1000_REC_79.wav,False,0,0,0,0,0,0,0,0,0,0,0,0,rain (light),-6.1193933,0.7726967,0.38904816,0.4052272,0.19254687,0.24855095,0.1882087,0.19956948,0.19375601,0.18408631,0.1716653,0.1454081,0.17808601
9.280824,7.0398,4.5817547,0,0,0,00:00.0,00:00.0,uploads\b67551bc-3737-11f0-85b7-581122bb7f2c\20210419T040000+1000_REC_80.wav,False,0,0,0,0,0,0,0,0,0,0,0,0,rain (light),-6.116149,0.77688307,0.40296057,0.4512471,0.21101183,0.249807,0.17799522,0.20940854,0.18774739,0.1783153,0.16247964,0.13161314,0.15106912
9.933198,7.4701056,6.016633,0,0,0,00:00.0,00:00.0,uploads\b67551bc-3737-11f0-85b7-581122bb7f2c\20210419T040000+1000_REC_81.wav,False,0,0,0,0,0,0,0,0,0,0,0,0,rain (light),-6.0994673,0.9193342,0.37038913,0.4908985,0.13230337,0.27891555,0.10577386,0.22781457,0.12299093,0.14727525,0.10317924,0.15087749,0.11681741
9.299026,7.136849,4.6407332,0,0,0,00:00.0,00:00.0,uploads\b67551bc-3737-11f0-85b7-581122bb7f2c\20210419T040000+1000_REC_82.wav,True,0,0,0,0,0,1,0,0,1,0,0,0,rain (light),-6.1134553,0.80464554,0.4095574,0.44145927,0.19486628,0.26964116,0.18324165,0.20655134,0.15735067,0.17180783,0.1567523,0.13745356,0.15365556
9.288502,7.0829077,4.600442,0,0,0,00:00.0,00:00.0,uploads\b67551bc-3737-11f0-85b7-581122bb7f2c\20210419T040000+1000_REC_83.wav,False,0,0,0,0,0,0,0,0,0,0,0,0,rain (light),-6.1149592,0.8026481,0.3965671,0.43358642,0.21369489,0.25810614,0.14760964,0.1875571,0.18250623,0.17607416,0.17097576,0.13394214,0.1436011
9.163361,6.729996,4.2776313,0,0,0,00:00.0,00:00.0,uploads\b67551bc-3737-11f0-85b7-581122bb7f2c\20210419T040000+1000_REC_84.wav,False,0,0,0,0,0,0,0,0,0,0,0,0,rain (light),-6.123957,0.7352219,0.39627078,0.3828313,0.21422845,0.2391192,0.18114197,0.19448818,0.18171243,0.17506552,0.18596607,0.16152121,0.17899148
9.815396,7.4164953,5.704146,0,0,0,00:00.0,00:00.0,uploads\b67551bc-3737-11f0-85b7-581122bb7f2c\20210419T040000+1000_REC_85.wav,False,0,0,0,0,0,0,0,0,0,0,0,0,rain (light),-6.1088223,0.8797617,0.37194106,0.42275822,0.13867643,0.25147077,0.11560053,0.20243879,0.12909119,0.15503463,0.1444202,0.16174006,0.16445433
8.212679,6.538908,3.2849097,0,0,0,00:00.0,00:00.0,uploads\b67551bc-3737-11f0-85b7-581122bb7f2c\20210419T040000+1000_REC_86.wav,True,0,0,0,0,0,1,0,0,1,0,0,0,rain (light),-6.1278605,0.6648152,0.44873914,0.3530557,0.24925628,0.2211516,0.20711093,0.19541234,0.19758701,0.1850745,0.18146592,0.18027206,0.19669148
7.9889345,5.991657,3.3854325,0,0,0,00:00.0,00:00.0,uploads\b67551bc-3737-11f0-85b7-581122bb7f2c\20210419T040000+1000_REC_87.wav,False,0,0,0,0,0,0,0,0,0,0,0,0,rain (light),-6.135648,0.54757166,0.42021254,0.33924308,0.2881416,0.2602404,0.24168831,0.2278232,0.22127841,0.20564048,0.18798453,0.18127215,0.18240508
8.309474,6.670081,3.3239424,0,0,0,00:00.0,00:00.0,uploads\b67551bc-3737-11f0-85b7-581122bb7f2c\20210419T040000+1000_REC_88.wav,False,0,0,0,0,0,0,0,0,0,0,0,0,rain (light),-6.127426,0.72977954,0.4219184,0.30919766,0.187685,0.17967474,0.18186645,0.17726035,0.17283104,0.15228112,0.16324425,0.1819391,0.20658892
9.821032,7.3886156,5.7194543,0,0,0,00:00.0,00:00.0,uploads\b67551bc-3737-11f0-85b7-581122bb7f2c\20210419T040000+1000_REC_89.wav,False,0,0,0,0,0,0,0,0,0,0,0,0,rain (light),-6.1021585,0.8782898,0.40371123,0.4806545,0.20205922,0.28407875,0.15538473,0.21486844,0.16619924,0.16885859,0.14550021,0.15068081,0.1758937
9.8109865,7.385372,5.713875,0,0,0,00:00.0,00:00.0,uploads\b67551bc-3737-11f0-85b7-581122bb7f2c\20210419T040000+1000_REC_90.wav,False,0,0,0,0,0,0,0,0,0,0,0,0,rain (light),-6.107413,0.87436825,0.37286523,0.44068047,0.14568087,0.27052274,0.14325562,0.20058544,0.17300412,0.18266165,0.14006363,0.16292003,0.1697557
9.438595,6.8646116,5.0782666,0,0,0,00:00.0,00:00.0,uploads\b67551bc-3737-11f0-85b7-581122bb7f2c\20210419T040000+1000_REC_91.wav,False,0,0,0,0,0,0,0,0,0,0,0,0,rain (light),-6.117734,0.7764501,0.35302785,0.4247438,0.19932432,0.28446776,0.18546249,0.23042159,0.18375617,0.18378882,0.19788884,0.17300767,0.16734806
11.3832245,8.568903,10.425254,0,0,0,00:00.0,00:00.0,uploads\b67551bc-3737-11f0-85b7-581122bb7f2c\20210419T040000+1000_REC_92.wav,False,0,0,0,0,0,0,0,0,0,0,0,0,rain (light),-6.096146,0.90199405,0.3154015,0.5308081,0.117547095,0.33878422,0.123237856,0.27958223,0.14412972,0.23599127,0.12411223,0.19331251,0.1510547
8.142669,6.355616,3.3533268,0,0,0,00:00.0,00:00.0,uploads\b67551bc-3737-11f0-85b7-581122bb7f2c\20210419T040000+1000_REC_93.wav,False,0,0,0,0,0,0,0,0,0,0,0,0,rain (light),-6.126724,0.62889427,0.44597036,0.38314074,0.29810947,0.26566046,0.23097703,0.21147001,0.208155,0.19292696,0.19238064,0.17904939,0.18035696
9.199704,6.7750716,4.3570037,0,0,0,00:00.0,00:00.0,uploads\b67551bc-3737-11f0-85b7-581122bb7f2c\20210419T040000+1000_REC_94.wav,False,0,0,0,0,0,0,0,0,0,0,0,0,rain (light),-6.117494,0.743236,0.4150883,0.43195397,0.26434776,0.27235866,0.21277492,0.20726031,0.18968688,0.17446546,0.18369119,0.15610264,0.16662781
9.223039,6.7882257,4.400757,0,0,0,00:00.0,00:00.0,uploads\b67551bc-3737-11f0-85b7-581122bb7f2c\20210419T040000+1000_REC_95.wav,False,0,0,0,0,0,0,0,0,0,0,0,0,rain (light),-6.114202,0.8065521,0.38945246,0.42685443,0.17943648,0.2625889,0.19153637,0.2203212,0.18506211,0.17848705,0.17044967,0.14354269,0.18210228
9.4340105,6.8607664,5.0530457,0,0,0,00:00.0,00:00.0,uploads\b67551bc-3737-11f0-85b7-581122bb7f2c\20210419T040000+1000_REC_96.wav,False,0,0,0,0,0,0,0,0,0,0,0,0,rain (light),-6.113179,0.8119178,0.3858557,0.42344686,0.17705956,0.26193032,0.19264877,0.24145707,0.19200595,0.19058311,0.17934906,0.16570322,0.16763858
8.116927,6.2611074,3.3583136,0,0,0,00:00.0,00:00.0,uploads\b67551bc-3737-11f0-85b7-581122bb7f2c\20210419T040000+1000_REC_97.wav,False,0,0,0,0,0,0,0,0,0,0,0,0,rain (light),-6.1372523,0.5282975,0.43619037,0.3477652,0.28467,0.24848807,0.23022646,0.21773198,0.20353647,0.18829297,0.17857258,0.17874768,0.18527824
9.992703,7.486458,6.058464,0,0,0,00:00.0,00:00.0,uploads\b67551bc-3737-11f0-85b7-581122bb7f2c\20210419T040000+1000_REC_98.wav,False,0,0,0,0,0,0,0,0,0,0,0,0,rain (light),-6.1061826,0.8437146,0.3760693,0.49105176,0.16363911,0.32000992,0.1661316,0.23403668,0.15504134,0.17874293,0.13355511,0.15776445,0.1411241
8.065049,6.110997,3.4678895,0,0,0,00:00.0,00:00.0,uploads\b67551bc-3737-11f0-85b7-581122bb7f2c\20210419T040000+1000_REC_99.wav,False,0,0,0,0,0,0,0,0,0,0,0,0,rain (light),-6.1299133,0.63930655,0.44080696,0.32320124,0.2438132,0.2272529,0.23862001,0.24014844,0.22839844,0.19896622,0.17473553,0.1673412,0.18559207
9.65264,7.083428,5.740015,0,0,0,00:00.0,00:00.0,uploads\b67551bc-3737-11f0-85b7-581122bb7f2c\20210419T040000+1000_REC_100.wav,False,0,0,0,0,0,0,0,0,0,0,0,0,rain (light),-6.112968,0.8085727,0.32354245,0.46301737,0.17932014,0.3174833,0.15859985,0.24852704,0.17806198,0.19877453,0.15510552,0.17075337,0.1297173
8.167028,6.1063805,3.4564521,0,0,0,00:00.0,00:00.0,uploads\b67551bc-3737-11f0-85b7-581122bb7f2c\20210419T040000+1000_REC_101.wav,True,0,0,0,0,0,0,0,0,1,0,0,0,rain (light),-6.1285286,0.66560584,0.4051516,0.35295162,0.25952116,0.25799784,0.22321239,0.2071105,0.20718455,0.18944877,0.18628068,0.17364012,0.18479323
8.098061,6.002002,3.4077559,0,0,0,00:00.0,00:00.0,uploads\b67551bc-3737-11f0-85b7-581122bb7f2c\20210419T040000+1000_REC_102.wav,False,0,0,0,0,0,0,0,0,0,0,0,0,rain (light),-6.1386776,0.5431905,0.392889,0.33568433,0.27767104,0.24926223,0.22552754,0.20915538,0.206336,0.19985265,0.19738723,0.1894636,0.18133725
8.139069,6.0266027,3.4032705,0,0,0,00:00.0,00:00.0,uploads\b67551bc-3737-11f0-85b7-581122bb7f2c\20210419T040000+1000_REC_103.wav,False,0,0,0,0,0,0,0,0,0,0,0,0,rain (light),-6.1372395,0.5669664,0.38840595,0.341638,0.27523223,0.25209454,0.23204915,0.20750609,0.19792181,0.1897687,0.18361554,0.1795208,0.19656143
7.9488006,5.9181776,3.3216383,0,0,0,00:00.0,00:00.0,uploads\b67551bc-3737-11f0-85b7-581122bb7f2c\20210419T040000+1000_REC_104.wav,False,0,0,0,0,0,0,0,0,0,0,0,0,rain (light),-6.1388683,0.49943945,0.40951845,0.3428104,0.29698992,0.26370394,0.23992069,0.22386885,0.21185583,0.2017987,0.19622457,0.1929288,0.19001624
9.688193,7.0509987,5.6823387,0,0,0,00:00.0,00:00.0,uploads\b67551bc-3737-11f0-85b7-581122bb7f2c\20210419T040000+1000_REC_105.wav,False,0,0,0,0,0,0,0,0,0,0,0,0,rain (light),-6.1104374,0.8184272,0.34578222,0.46856484,0.18608631,0.31258726,0.16606803,0.24228022,0.15149467,0.20176828,0.17592855,0.18255988,0.17019469
9.361673,6.7711205,4.8301206,0,0,0,00:00.0,00:00.0,uploads\b67551bc-3737-11f0-85b7-581122bb7f2c\20210419T040000+1000_REC_106.wav,False,0,0,0,0,0,0,0,0,0,0,0,0,rain (light),-6.12472,0.7077088,0.36206168,0.4044933,0.21693486,0.2743298,0.20159481,0.2191636,0.21444355,0.18802747,0.20189896,0.16883706,0.17887005
7.8973284,5.8625407,3.2985883,0,0,0,00:00.0,00:00.0,uploads\b67551bc-3737-11f0-85b7-581122bb7f2c\20210419T040000+1000_REC_107.wav,False,0,0,0,0,0,0,0,0,0,0,0,0,rain (light),-6.1374354,0.45446807,0.40135354,0.3504812,0.31182653,0.28404215,0.2667089,0.25605303,0.24536581,0.23237637,0.21921593,0.20742682,0.19704063
8.046717,6.017487,3.363859,0,0,0,00:00.0,00:00.0,uploads\b67551bc-3737-11f0-85b7-581122bb7f2c\20210419T040000+1000_REC_108.wav,False,0,0,0,0,0,0,0,0,0,0,0,0,rain (light),-6.1425233,0.48075515,0.39475417,0.3288734,0.2841488,0.25548732,0.23876107,0.22356547,0.2071225,0.19035426,0.17795058,0.17546451,0.1793661
8.140003,6.3578978,3.3579319,0,0,0,00:00.0,00:00.0,uploads\b67551bc-3737-11f0-85b7-581122bb7f2c\20210419T040000+1000_REC_109.wav,False,0,0,0,0,0,0,0,0,0,0,0,0,rain (light),-6.131028,0.608174,0.44404322,0.35711965,0.28151911,0.24588867,0.22848217,0.21678412,0.20658162,0.18738183,0.17675292,0.16940929,0.17303409
7.911058,5.8694983,3.3116138,0,0,0,00:00.0,00:00.0,uploads\b67551bc-3737-11f0-85b7-581122bb7f2c\20210419T040000+1000_REC_110.wav,False,0,0,0,0,0,0,0,0,0,0,0,0,rain (light),-6.1432195,0.43839398,0.380955,0.3218925,0.28001907,0.2587261,0.250666,0.24478023,0.235273,0.22249661,0.20970377,0.20065774,0.19617951
8.114339,6.0419807,3.4779143,0,0,0,00:00.0,00:00.0,uploads\b67551bc-3737-11f0-85b7-581122bb7f2c\20210419T040000+1000_REC_111.wav,False,0,0,0,0,0,0,0,0,0,0,0,0,rain (light),-6.131008,0.6491455,0.40671772,0.3364335,0.2430944,0.22519082,0.22101545,0.21932565,0.20993488,0.19726878,0.2013033,0.18310657,0.18188955
9.351939,6.7031164,4.7400007,0,0,0,00:00.0,00:00.0,uploads\b67551bc-3737-11f0-85b7-581122bb7f2c\20210419T040000+1000_REC_112.wav,False,0,0,0,0,0,0,0,0,0,0,0,0,rain (light),-6.1165032,0.7665847,0.39464366,0.41798672,0.20797476,0.2534987,0.19528955,0.22586727,0.21773972,0.20565122,0.20938979,0.18350853,0.1925558
8.067977,6.0556183,3.5074272,0,0,0,00:00.0,00:00.0,uploads\b67551bc-3737-11f0-85b7-581122bb7f2c\20210419T040000+1000_REC_113.wav,False,0,0,0,0,0,0,0,0,0,0,0,0,rain (light),-6.128131,0.66447085,0.4387846,0.3202799,0.22321264,0.20464994,0.22011983,0.23602341,0.2420339,0.22380796,0.19460379,0.17364247,0.18927565
8.037225,5.9668503,3.35314,0,0,0,00:00.0,00:00.0,uploads\b67551bc-3737-11f0-85b7-581122bb7f2c\20210419T040000+1000_REC_114.wav,False,0,0,0,0,0,0,0,0,0,0,0,0,rain (light),-6.1356883,0.56516045,0.405952,0.3413747,0.2858,0.2549859,0.22989865,0.2095238,0.20607026,0.19956344,0.19884425,0.19466808,0.19026303
9.17031,6.738955,4.2865224,0,0,0,00:00.0,00:00.0,uploads\b67551bc-3737-11f0-85b7-581122bb7f2c\20210419T040000+1000_REC_115.wav,False,0,0,0,0,0,0,0,0,0,0,0,0,rain (light),-6.120172,0.7689587,0.40113258,0.407971,0.18080135,0.23361015,0.14796524,0.17975669,0.1573863,0.17675948,0.19321571,0.16210671,0.187059
9.715895,7.1954436,5.7016845,0,0,0,00:00.0,00:00.0,uploads\b67551bc-3737-11f0-85b7-581122bb7f2c\20210419T040000+1000_REC_116.wav,False,0,0,0,0,0,0,0,0,0,0,0,0,rain (light),-6.108616,0.8662402,0.38529325,0.4383222,0.108433284,0.21817417,0.12800284,0.21015827,0.17394787,0.20668411,0.17466229,0.16440277,0.15977037
9.642102,7.082954,5.63687,0,0,0,00:00.0,00:00.0,uploads\b67551bc-3737-11f0-85b7-581122bb7f2c\20210419T040000+1000_REC_117.wav,False,0,0,0,0,0,0,0,0,0,0,0,0,rain (light),-6.110473,0.8468784,0.36772898,0.4268123,0.16145736,0.26138744,0.14242364,0.22529642,0.18554096,0.20891318,0.17984153,0.1761254,0.1629134
9.417492,6.8407736,4.994263,0,0,0,00:00.0,00:00.0,uploads\b67551bc-3737-11f0-85b7-581122bb7f2c\20210419T040000+1000_REC_118.wav,False,0,0,0,0,0,0,0,0,0,0,0,0,rain (light),-6.126081,0.69098496,0.3715376,0.41062465,0.20796098,0.25628722,0.19863676,0.253846,0.19460057,0.19609776,0.18658145,0.15666896,0.17818692
8.132382,6.062332,3.4582582,0,0,0,00:00.0,00:00.0,uploads\b67551bc-3737-11f0-85b7-581122bb7f2c\20210419T040000+1000_REC_119.wav,False,0,0,0,0,0,0,0,0,0,0,0,0,rain (light),-6.1339355,0.6066729,0.40294158,0.3395261,0.2664302,0.24805878,0.22311789,0.21499386,0.214523,0.19300544,0.18722115,0.17633477,0.17654242
9.155037,6.710829,4.2747035,0,0,0,00:00.0,00:00.0,uploads\b67551bc-3737-11f0-85b7-581122bb7f2c\20210419T040000+1000_REC_120.wav,False,0,0,0,0,0,0,0,0,0,0,0,0,rain (light),-6.1296344,0.6852416,0.36418825,0.37991354,0.22507897,0.24773443,0.19213815,0.19563012,0.19426043,0.16615674,0.17934027,0.17060363,0.181442
9.609711,7.0532403,5.647377,0,0,0,00:00.0,00:00.0,uploads\b67551bc-3737-11f0-85b7-581122bb7f2c\20210419T040000+1000_REC_121.wav,False,0,0,0,0,0,0,0,0,0,0,0,0,rain (light),-6.123769,0.7526163,0.31733224,0.4207422,0.17176713,0.2586391,0.1501656,0.22003774,0.18327391,0.19254449,0.16764233,0.15476167,0.15171084
9.671322,7.085795,5.790858,0,0,0,00:00.0,00:00.0,uploads\b67551bc-3737-11f0-85b7-581122bb7f2c\20210419T040000+1000_REC_122.wav,True,0,0,0,0,0,1,0,0,1,0,0,0,rain (light),-6.111997,0.8423301,0.3359189,0.42214236,0.08665519,0.2761863,0.15581562,0.2617809,0.20487043,0.1964616,0.12882824,0.16172393,0.140588
9.34208,6.7623386,4.7854533,0,0,0,00:00.0,00:00.0,uploads\b67551bc-3737-11f0-85b7-581122bb7f2c\20210419T040000+1000_REC_124.wav,False,0,0,0,0,0,0,0,0,0,0,0,0,rain (light),-6.124785,0.70608777,0.3686424,0.39936155,0.20967564,0.27800316,0.21126926,0.23005407,0.2029605,0.18828999,0.17317684,0.17205712,0.19771135
9.622255,7.036045,5.6307163,0,0,0,00:00.0,00:00.0,uploads\b67551bc-3737-11f0-85b7-581122bb7f2c\20210419T040000+1000_REC_125.wav,False,0,0,0,0,0,0,0,0,0,0,0,0,rain (light),-6.1178827,0.76759773,0.35024223,0.43983462,0.17727256,0.30637828,0.18216878,0.23552543,0.17790197,0.19287004,0.16549662,0.17408352,0.16837212
9.914281,7.0211015,5.776862,0,0,0,00:00.0,00:00.0,uploads\b67551bc-3737-11f0-85b7-581122bb7f2c\20210419T040000+1000_REC_126.wav,False,0,0,0,0,0,0,0,0,0,0,0,0,rain (light),-6.1169977,0.7646255,0.33205226,0.47491348,0.15762037,0.29626685,0.13854556,0.2627784,0.16671214,0.2047403,0.1455317,0.20132007,0.15854658
7.898521,5.871481,3.3210075,0,0,0,00:00.0,00:00.0,uploads\b67551bc-3737-11f0-85b7-581122bb7f2c\20210419T040000+1000_REC_127.wav,False,0,0,0,0,0,0,0,0,0,0,0,0,rain (light),-6.1371546,0.4989345,0.41674447,0.35114297,0.30122334,0.26629683,0.24640077,0.23086987,0.2184763,0.21030039,0.20508271,0.20195551,0.19774857
8.045964,6.0720534,3.4553685,0,0,0,00:00.0,00:00.0,uploads\b67551bc-3737-11f0-85b7-581122bb7f2c\20210419T040000+1000_REC_128.wav,False,0,0,0,0,0,0,0,0,0,0,0,0,rain (light),-6.1305633,0.60911775,0.44659707,0.345694,0.26329276,0.24019857,0.23549093,0.22670743,0.22635181,0.20996246,0.18931624,0.17775834,0.17938903
9.190715,6.770682,4.3484726,0,0,0,00:00.0,00:00.0,uploads\b67551bc-3737-11f0-85b7-581122bb7f2c\20210419T040000+1000_REC_129.wav,False,0,0,0,0,0,0,0,0,0,0,0,0,rain (light),-6.117097,0.7588215,0.43934742,0.40705028,0.22008425,0.23790121,0.20747876,0.22385694,0.21024445,0.16107701,0.18484564,0.16140908,0.18003127
8.258638,6.618073,3.293104,0,0,0,00:00.0,00:00.0,uploads\b67551bc-3737-11f0-85b7-581122bb7f2c\20210419T040000+1000_REC_130.wav,False,0,0,0,0,0,0,0,0,0,0,0,0,rain (light),-6.1224036,0.6869004,0.4711863,0.38209778,0.26584205,0.23193933,0.22215496,0.20572957,0.20863158,0.19708756,0.18355523,0.17154554,0.17016202
8.296042,6.660702,3.312504,0,0,0,00:00.0,00:00.0,uploads\b67551bc-3737-11f0-85b7-581122bb7f2c\20210419T040000+1000_REC_131.wav,False,0,0,0,0,0,0,0,0,0,0,0,0,rain (light),-6.128361,0.6300412,0.46777225,0.37063923,0.28566623,0.24143672,0.22003165,0.2005403,0.18673988,0.1727295,0.1695152,0.16724503,0.16710646
8.103685,6.0776405,3.4708824,0,0,0,00:00.0,00:00.0,uploads\b67551bc-3737-11f0-85b7-581122bb7f2c\20210419T040000+1000_REC_132.wav,False,0,0,0,0,0,0,0,0,0,0,0,0,rain (light),-6.122303,0.7070324,0.4472525,0.36440796,0.25063944,0.21319121,0.20797378,0.21774268,0.22420517,0.20379376,0.20619978,0.19472776,0.17763983
8.032518,6.322381,3.212422,0,0,0,00:00.0,00:00.0,uploads\b67551bc-3737-11f0-85b7-581122bb7f2c\20210419T040000+1000_REC_133.wav,True,0,0,0,0,0,1,0,0,1,0,0,0,rain (light),-6.123511,0.6624005,0.48005736,0.3723043,0.28475317,0.23361532,0.21877936,0.20797071,0.20033143,0.19907263,0.1954949,0.18963388,0.1887392
9.6403675,7.1067023,5.776116,0,0,0,00:00.0,00:00.0,uploads\b67551bc-3737-11f0-85b7-581122bb7f2c\20210419T040000+1000_REC_134.wav,False,0,0,0,0,0,0,0,0,0,0,0,0,rain (light),-6.098939,0.9192037,0.35617346,0.48280334,0.13366964,0.2691089,0.13975157,0.24337439,0.18386321,0.21199194,0.14433451,0.15957268,0.14899631
8.147756,6.3340445,3.3967535,0,0,0,00:00.0,00:00.0,uploads\b67551bc-3737-11f0-85b7-581122bb7f2c\20210419T040000+1000_REC_135.wav,False,0,0,0,0,0,0,0,0,0,0,0,0,rain (light),-6.1353116,0.6091414,0.4271662,0.31643137,0.23790468,0.21576796,0.21438551,0.21176378,0.21539275,0.19513255,0.16847736,0.15772238,0.1530881
9.33822,7.1471877,4.753233,0,0,0,00:00.0,00:00.0,uploads\b67551bc-3737-11f0-85b7-581122bb7f2c\20210419T040000+1000_REC_136.wav,False,0,0,0,0,0,0,0,0,0,0,0,0,rain (light),-6.112411,0.83844525,0.3796031,0.41625115,0.16905737,0.2696133,0.1713505,0.2256693,0.16342625,0.16579689,0.14951637,0.1470048,0.14645885
11.490806,8.800936,10.168957,0,0,0,00:00.0,00:00.0,uploads\b67551bc-3737-11f0-85b7-581122bb7f2c\20210419T040000+1000_REC_137.wav,False,0,0,0,0,0,0,0,0,0,0,0,0,rain (light),-6.0898485,0.96657455,0.32821408,0.5290825,0.11138696,0.31455058,0.06639685,0.23432004,0.09372764,0.22568753,0.103045784,0.17110431,0.10660236
8.074285,6.046645,3.4968174,0,0,0,00:00.0,00:00.0,uploads\b67551bc-3737-11f0-85b7-581122bb7f2c\20210419T040000+1000_REC_139.wav,False,0,0,0,0,0,0,0,0,0,0,0,0,rain (light),-6.1248055,0.69514036,0.43406904,0.34196877,0.23919041,0.21865332,0.22033927,0.23108509,0.23201609,0.20588717,0.19992332,0.18222119,0.17802684
8.406408,6.9705324,3.9123778,0,0,0,00:00.0,00:00.0,uploads\b67551bc-3737-11f0-85b7-581122bb7f2c\20210419T040000+1000_REC_140.wav,False,0,0,0,0,0,0,0,0,0,0,0,0,rain (light),-6.1053557,0.90276414,0.40353963,0.38704303,0.09932692,0.17452236,0.12318751,0.1872497,0.20409924,0.21934573,0.20342034,0.17884997,0.181524
10.566153,7.613371,6.6534343,0,0,0,00:00.0,00:00.0,uploads\b67551bc-3737-11f0-85b7-581122bb7f2c\20210419T040000+1000_REC_142.wav,False,0,0,0,0,0,0,0,0,0,0,0,0,rain (light),-6.1005945,0.9122878,0.32202506,0.49199688,0.11730069,0.30281365,0.12217381,0.21989635,0.11973026,0.2183036,0.12938555,0.16739011,0.13918966
11.502247,8.833936,10.171302,0,0,0,00:00.0,00:00.0,uploads\b67551bc-3737-11f0-85b7-581122bb7f2c\20210419T040000+1000_REC_143.wav,False,0,0,0,0,0,0,0,0,0,0,0,0,rain (light),-6.07669,1.0256742,0.3703012,0.5775216,0.12560688,0.3235523,0.09056438,0.24109372,0.08611398,0.16093029,0.058027375,0.15654491,0.10480875
9.124805,7.416542,4.4030457,0,0,0,00:00.0,00:00.0,uploads\b67551bc-3737-11f0-85b7-581122bb7f2c\20210419T040000+1000_REC_144.wav,False,0,0,0,0,0,0,0,0,0,0,0,0,rain (light),-6.106606,0.8796166,0.4189203,0.4319326,0.1810684,0.24196123,0.16052143,0.17486127,0.15806775,0.1388367,0.1359312,0.12864761,0.13763265
9.26265,7.0004053,4.5382423,0,0,0,00:00.0,00:00.0,uploads\b67551bc-3737-11f0-85b7-581122bb7f2c\20210419T040000+1000_REC_145.wav,False,0,0,0,0,0,0,0,0,0,0,0,0,rain (light),-6.1141095,0.7987326,0.4281572,0.389971,0.22934112,0.2578807,0.20836928,0.21224253,0.22144443,0.18285963,0.15815942,0.12707801,0.14669442
11.380504,8.563033,10.435795,0,0,0,00:00.0,00:00.0,uploads\b67551bc-3737-11f0-85b7-581122bb7f2c\20210419T040000+1000_REC_147.wav,False,0,0,0,0,0,0,0,0,0,0,0,0,rain (light),-6.085481,0.98611987,0.32072094,0.51621157,0.10500338,0.35340428,0.108287975,0.27869177,0.13546073,0.23424451,0.10609212,0.18213108,0.113583095
11.496371,8.840104,10.143616,0,0,0,00:00.0,00:00.0,uploads\b67551bc-3737-11f0-85b7-581122bb7f2c\20210419T040000+1000_REC_148.wav,False,0,0,0,0,0,0,0,0,0,0,0,0,rain (light),-6.0757823,1.0202477,0.33693594,0.5843605,0.13740118,0.37581894,0.10349295,0.24227788,0.10076555,0.18909134,0.072904125,0.1746377,0.098341264
11.460327,8.84534,10.11154,0,0,0,00:00.0,00:00.0,uploads\b67551bc-3737-11f0-85b7-581122bb7f2c\20210419T040000+1000_REC_149.wav,False,0,0,0,0,0,0,0,0,0,0,0,0,rain (light),-6.0883617,0.98826057,0.32830682,0.5055389,0.06532685,0.3005389,0.08372732,0.25309741,0.12047339,0.23067445,0.07186973,0.14142188,0.10387079
9.642947,7.0569954,5.6813855,0,0,0,00:00.0,00:00.0,uploads\b67551bc-3737-11f0-85b7-581122bb7f2c\20210419T040000+1000_REC_150.wav,False,0,0,0,0,0,0,0,0,0,0,0,0,rain (light),-6.1124296,0.8139829,0.34701216,0.4550685,0.17314985,0.28714824,0.17512499,0.2406948,0.18446697,0.2103529,0.15617268,0.16981176,0.17072526
11.475676,8.910482,10.036625,0,0,0,00:00.0,00:00.0,uploads\b67551bc-3737-11f0-85b7-581122bb7f2c\20210419T040000+1000_REC_152.wav,False,0,0,0,0,0,0,0,0,0,0,0,0,rain (light),-6.0797524,1.0109909,0.35488018,0.56172276,0.09773141,0.3276691,0.100005485,0.259502,0.09748538,0.20380917,0.092864424,0.15907475,0.08410798
9.58359,7.0457363,5.621149,0,0,0,00:00.0,00:00.0,uploads\b67551bc-3737-11f0-85b7-581122bb7f2c\20210419T040000+1000_REC_154.wav,False,0,0,0,0,0,0,0,0,0,0,0,0,rain (light),-6.119307,0.77416795,0.33123612,0.44039926,0.17307985,0.28079727,0.1440321,0.21636981,0.16977899,0.18694305,0.16129379,0.1749311,0.18960527
11.414628,8.618604,10.338618,0,0,0,00:00.0,00:00.0,uploads\b67551bc-3737-11f0-85b7-581122bb7f2c\20210419T040000+1000_REC_155.wav,False,0,0,0,0,0,0,0,0,0,0,0,0,rain (light),-6.10746,0.8517373,0.30072165,0.49050492,0.13232519,0.31588322,0.09886286,0.2513504,0.11587829,0.21898699,0.14693214,0.19581659,0.11887508
10.074222,7.335726,6.338685,0,0,0,00:00.0,00:00.0,uploads\b67551bc-3737-11f0-85b7-581122bb7f2c\20210419T040000+1000_REC_156.wav,False,0,0,0,0,0,0,0,0,0,0,0,0,rain (light),-6.110956,0.8332532,0.2997852,0.47397077,0.1431446,0.32803702,0.14055237,0.24742866,0.14937183,0.18745747,0.11171602,0.16408475,0.14078373
11.47852,8.849655,10.111792,0,0,0,00:00.0,00:00.0,uploads\b67551bc-3737-11f0-85b7-581122bb7f2c\20210419T040000+1000_REC_157.wav,False,0,0,0,0,0,0,0,0,0,0,0,0,rain (light),-6.0826864,0.9969944,0.3456035,0.53984886,0.09854383,0.3390459,0.064541414,0.25919202,0.080555744,0.22903079,0.09768709,0.16194071,0.092723556
8.926415,6.9859624,3.6279347,0,0,0,00:00.0,00:00.0,uploads\b67551bc-3737-11f0-85b7-581122bb7f2c\20210419T040000+1000_REC_158.wav,False,0,0,0,0,0,0,0,0,0,0,0,0,rain (light),-6.1313977,0.6719273,0.42506796,0.3465242,0.22811186,0.20466276,0.17922091,0.17031832,0.1714833,0.15058464,0.15701933,0.15399534,0.15985063
9.634023,7.085438,5.652124,0,0,0,00:00.0,00:00.0,uploads\b67551bc-3737-11f0-85b7-581122bb7f2c\20210419T040000+1000_REC_159.wav,False,0,0,0,0,0,0,0,0,0,0,0,0,rain (light),-6.1154532,0.8150024,0.3342466,0.4431751,0.14418155,0.25227535,0.1409483,0.21547562,0.17461899,0.21356331,0.1768492,0.16156715,0.15098125
9.594336,7.05355,5.6338496,0,0,0,00:00.0,00:00.0,uploads\b67551bc-3737-11f0-85b7-581122bb7f2c\20210419T040000+1000_REC_161.wav,False,0,0,0,0,0,0,0,0,0,0,0,0,rain (light),-6.1200233,0.79059,0.32397792,0.40490472,0.15015018,0.27276105,0.15172406,0.2209592,0.1702094,0.19331236,0.1654163,0.16645859,0.16907644
9.6296425,7.0437436,5.649397,0,0,0,00:00.0,00:00.0,uploads\b67551bc-3737-11f0-85b7-581122bb7f2c\20210419T040000+1000_REC_162.wav,False,0,0,0,0,0,0,0,0,0,0,0,0,rain (light),-6.1178575,0.77627397,0.33891332,0.44005147,0.17188779,0.286871,0.16161786,0.2379665,0.18045925,0.20551209,0.17427707,0.16435277,0.18032013
8.091724,6.015453,3.4989104,0,0,0,00:00.0,00:00.0,uploads\b67551bc-3737-11f0-85b7-581122bb7f2c\20210419T040000+1000_REC_163.wav,False,0,0,0,0,0,0,0,0,0,0,0,0,rain (light),-6.1308403,0.64946735,0.39473027,0.32299015,0.2361883,0.23985338,0.23350662,0.23767883,0.22900927,0.20146613,0.20120215,0.18243276,0.18631794
9.690946,7.024939,5.6856556,0,0,0,00:00.0,00:00.0,uploads\b67551bc-3737-11f0-85b7-581122bb7f2c\20210419T040000+1000_REC_164.wav,False,0,0,0,0,0,0,0,0,0,0,0,0,rain (light),-6.106543,0.84324497,0.34178877,0.47139084,0.16717862,0.31319886,0.16440937,0.25702426,0.18470736,0.21842818,0.17113067,0.19556953,0.17623383
9.601754,7.21776,5.990986,0,0,0,00:00.0,00:00.0,uploads\b67551bc-3737-11f0-85b7-581122bb7f2c\20210419T040000+1000_REC_165.wav,False,0,0,0,0,0,0,0,0,0,0,0,0,rain (light),-6.0977507,0.93441737,0.36180013,0.4642933,0.10461389,0.25755543,0.10719705,0.26295963,0.17622079,0.19890209,0.13851926,0.18880336,0.15526195
9.620693,7.0764785,5.673641,0,0,0,00:00.0,00:00.0,uploads\b67551bc-3737-11f0-85b7-581122bb7f2c\20210419T040000+1000_REC_166.wav,False,0,0,0,0,0,0,0,0,0,0,0,0,rain (light),-6.1121054,0.8408955,0.3474997,0.43063855,0.15452483,0.267257,0.14872658,0.22626965,0.18606532,0.20720929,0.16940576,0.14972048,0.15163317
11.464096,8.762012,10.203127,0,0,0,00:00.0,00:00.0,uploads\b67551bc-3737-11f0-85b7-581122bb7f2c\20210419T040000+1000_REC_167.wav,False,0,0,0,0,0,0,0,0,0,0,0,0,rain (light),-6.0884614,0.9699666,0.3523547,0.51843417,0.11728664,0.32997403,0.12873684,0.26345766,0.10233662,0.19982967,0.12556913,0.17196411,0.11814793
9.199807,6.740125,4.338604,0,0,0,00:00.0,00:00.0,uploads\b67551bc-3737-11f0-85b7-581122bb7f2c\20210419T040000+1000_REC_169.wav,False,0,0,0,0,0,0,0,0,0,0,0,0,rain (light),-6.118411,0.78657025,0.36703843,0.39925337,0.19083145,0.2706051,0.18034962,0.20819502,0.17156495,0.18313704,0.18656532,0.15871522,0.19304214
9.133429,6.714939,4.3237042,0,0,0,00:00.0,00:00.0,uploads\b67551bc-3737-11f0-85b7-581122bb7f2c\20210419T040000+1000_REC_170.wav,False,0,0,0,0,0,0,0,0,0,0,0,0,rain (light),-6.121389,0.73502594,0.4092377,0.38682258,0.23329447,0.25418773,0.19790323,0.20614298,0.19857757,0.18085758,0.18556541,0.17640501,0.20198263
11.431929,8.624832,10.351998,0,0,0,00:00.0,00:00.0,uploads\b67551bc-3737-11f0-85b7-581122bb7f2c\20210419T040000+1000_REC_171.wav,False,0,0,0,0,0,0,0,0,0,0,0,0,rain (light),-6.09434,0.93567204,0.32956743,0.51529014,0.13612086,0.32805935,0.115513265,0.25740305,0.12713163,0.18723972,0.11306263,0.1933951,0.11624486
11.409998,8.534199,10.491988,0,0,0,00:00.0,00:00.0,uploads\b67551bc-3737-11f0-85b7-581122bb7f2c\20210419T040000+1000_REC_172.wav,False,0,0,0,0,0,0,0,0,0,0,0,0,rain (light),-6.084815,0.98483276,0.35011828,0.53079355,0.11286145,0.30874348,0.11176693,0.2866109,0.13989346,0.23888846,0.11745994,0.18134695,0.11936145
11.526266,8.651774,10.384792,0,0,0,00:00.0,00:00.0,uploads\b67551bc-3737-11f0-85b7-581122bb7f2c\20210419T040000+1000_REC_173.wav,False,0,0,0,0,0,0,0,0,0,0,0,0,rain (light),-6.086974,0.9707627,0.3694825,0.5350457,0.139515,0.33049402,0.1118544,0.23669603,0.109458774,0.18951368,0.10924657,0.19363344,0.12261006
11.40443,8.593155,10.367537,0,0,0,00:00.0,00:00.0,uploads\b67551bc-3737-11f0-85b7-581122bb7f2c\20210419T040000+1000_REC_174.wav,False,0,0,0,0,0,0,0,0,0,0,0,0,rain (light),-6.093851,0.9422127,0.33787474,0.5054832,0.12852366,0.3100085,0.106265895,0.27237067,0.11902944,0.20180394,0.11626722,0.1911853,0.13520265
9.64055,7.053822,5.650386,0,0,0,00:00.0,00:00.0,uploads\b67551bc-3737-11f0-85b7-581122bb7f2c\20210419T040000+1000_REC_175.wav,False,0,0,0,0,0,0,0,0,0,0,0,0,rain (light),-6.1138062,0.7994735,0.3649325,0.4571087,0.20100068,0.29035246,0.14241011,0.22727914,0.17038009,0.192298,0.1616665,0.16886769,0.16302826
9.946086,7.2548637,5.8284454,0,0,0,00:00.0,00:00.0,uploads\b67551bc-3737-11f0-85b7-581122bb7f2c\20210419T040000+1000_REC_176.wav,False,0,0,0,0,0,0,0,0,0,0,0,0,rain (light),-6.1016574,0.8964329,0.3525621,0.49748436,0.124857076,0.28305668,0.105808154,0.21431434,0.12099702,0.18215103,0.1546049,0.19737433,0.16949524
8.200168,6.541446,3.2707481,0,0,0,00:00.0,00:00.0,uploads\b67551bc-3737-11f0-85b7-581122bb7f2c\20210419T040000+1000_REC_177.wav,False,0,0,0,0,0,0,0,0,0,0,0,0,rain (light),-6.1312113,0.66696864,0.42218876,0.33475587,0.22104405,0.19511496,0.18746571,0.17757295,0.18713003,0.1828747,0.18017179,0.1821339,0.20379259
9.643467,7.0510793,5.6509643,0,0,0,00:00.0,00:00.0,uploads\b67551bc-3737-11f0-85b7-581122bb7f2c\20210419T040000+1000_REC_178.wav,False,0,0,0,0,0,0,0,0,0,0,0,0,rain (light),-6.1097674,0.8251404,0.3667627,0.46685708,0.1797298,0.27674934,0.16641332,0.23453072,0.17774679,0.20974167,0.16640612,0.18377905,0.18565385
9.65109,7.065395,5.612822,0,0,0,00:00.0,00:00.0,uploads\b67551bc-3737-11f0-85b7-581122bb7f2c\20210419T040000+1000_REC_179.wav,False,0,0,0,0,0,0,0,0,0,0,0,0,rain (light),-6.109016,0.8354814,0.3815921,0.47678098,0.16024944,0.2438258,0.1470505,0.24111566,0.1644351,0.18828487,0.17856896,0.17537127,0.16921456
9.1586895,6.723441,4.292454,0,0,0,00:00.0,00:00.0,uploads\b67551bc-3737-11f0-85b7-581122bb7f2c\20210419T040000+1000_REC_180.wav,False,0,0,0,0,0,0,0,0,0,0,0,0,rain (light),-6.120244,0.77613246,0.36806673,0.39860255,0.17198852,0.25296605,0.1834813,0.19594002,0.18952611,0.18665165,0.18926702,0.16081968,0.1742684
9.637077,7.0842705,5.7342625,0,0,0,00:00.0,00:00.0,uploads\b67551bc-3737-11f0-85b7-581122bb7f2c\20210419T040000+1000_REC_181.wav,False,0,0,0,0,0,0,0,0,0,0,0,0,rain (light),-6.114676,0.80735946,0.31835145,0.4649319,0.15496899,0.29559746,0.15037164,0.23147081,0.16514608,0.19679047,0.13985166,0.16795616,0.15299167
8.170028,6.3068795,3.3900955,0,0,0,00:00.0,00:00.0,uploads\b67551bc-3737-11f0-85b7-581122bb7f2c\20210419T040000+1000_REC_182.wav,False,0,0,0,0,0,0,0,0,0,0,0,0,rain (light),-6.130475,0.6390709,0.42715922,0.3519302,0.25747487,0.23648706,0.22712246,0.21429405,0.20113584,0.16933033,0.17101835,0.18320411,0.1879299
9.309989,7.1590075,4.5509553,0,0,0,00:00.0,00:00.0,uploads\b67551bc-3737-11f0-85b7-581122bb7f2c\20210419T040000+1000_REC_183.wav,False,0,0,0,0,0,0,0,0,0,0,0,0,rain (light),-6.103658,0.87623024,0.4257795,0.4584979,0.17861164,0.23410219,0.15356925,0.21054967,0.1805575,0.17659603,0.18283296,0.16258766,0.16836217
10.758428,7.8113623,6.8077188,0,0,0,00:00.0,00:00.0,uploads\b67551bc-3737-11f0-85b7-581122bb7f2c\20210419T040000+1000_REC_184.wav,False,0,0,0,0,0,0,0,0,0,0,0,0,rain (light),-6.088266,0.97275066,0.4066469,0.5214011,0.12937897,0.2678571,0.12426782,0.22174126,0.12489531,0.19006342,0.15367241,0.17252953,0.120726965
9.103452,6.718797,4.0318313,0,0,0,00:00.0,00:00.0,uploads\b67551bc-3737-11f0-85b7-581122bb7f2c\20210419T040000+1000_REC_188.wav,False,0,0,0,0,0,0,0,0,0,0,0,0,rain (light),-6.1189737,0.77293867,0.4125647,0.41171247,0.19158277,0.21214336,0.17407577,0.17826079,0.2001772,0.18068036,0.18005681,0.15659794,0.17015271
9.657485,7.112085,5.6744194,0,0,0,00:00.0,00:00.0,uploads\b67551bc-3737-11f0-85b7-581122bb7f2c\20210419T040000+1000_REC_189.wav,False,0,0,0,0,0,0,0,0,0,0,0,0,rain (light),-6.0999527,0.8906574,0.36892584,0.5073953,0.15091535,0.27292812,0.13917863,0.23199524,0.16750184,0.2196809,0.18444946,0.18031153,0.15584254
10.6710825,7.731028,6.7494893,0,0,0,00:00.0,00:00.0,uploads\b67551bc-3737-11f0-85b7-581122bb7f2c\20210419T040000+1000_REC_190.wav,False,0,0,0,0,0,0,0,0,0,0,0,0,rain (light),-6.0935054,0.947901,0.3423647,0.5252667,0.115251765,0.27885184,0.09422575,0.22743061,0.106868275,0.21627682,0.14558533,0.1745181,0.1269671
8.498072,7.024146,3.479389,0,0,0,00:00.0,00:00.0,uploads\b67551bc-3737-11f0-85b7-581122bb7f2c\20210419T040000+1000_REC_191.wav,False,0,0,0,0,0,0,0,0,0,0,0,0,rain (light),-6.120793,0.7974494,0.4237313,0.33665547,0.1370165,0.14850606,0.1386743,0.15666193,0.18047357,0.17366752,0.17401859,0.15444322,0.16936204
9.269216,7.216166,4.5769153,0,0,0,00:00.0,00:00.0,uploads\b67551bc-3737-11f0-85b7-581122bb7f2c\20210419T040000+1000_REC_192.wav,False,0,0,0,0,0,0,0,0,0,0,0,0,rain (light),-6.107296,0.8544873,0.41985622,0.45000303,0.2257982,0.24432914,0.16835809,0.18238027,0.14365813,0.16182481,0.1752826,0.14197469,0.15268615
8.452895,6.913179,3.4399478,0,0,0,00:00.0,00:00.0,uploads\b67551bc-3737-11f0-85b7-581122bb7f2c\20210419T040000+1000_REC_193.wav,True,0,0,0,0,0,1,0,0,1,0,0,0,rain (light),-6.11705,0.780626,0.48816612,0.35730556,0.20755585,0.15786721,0.15258433,0.16050695,0.17905414,0.17931338,0.17952183,0.17241193,0.19481663
10.034521,7.4301915,6.02263,0,0,0,00:00.0,00:00.0,uploads\b67551bc-3737-11f0-85b7-581122bb7f2c\20210419T040000+1000_REC_197.wav,False,0,0,0,0,0,0,0,0,0,0,0,0,rain (light),-6.0974383,0.9095417,0.38137415,0.51827145,0.17887442,0.2956659,0.13076928,0.19578661,0.12304427,0.18004954,0.15128602,0.1743373,0.14477745
8.475014,6.978741,3.46669,0,0,0,00:00.0,00:00.0,uploads\b67551bc-3737-11f0-85b7-581122bb7f2c\20210419T040000+1000_REC_198.wav,False,0,0,0,0,0,0,0,0,0,0,0,0,rain (light),-6.1026344,0.8749077,0.539576,0.3572708,0.16666315,0.08322186,0.0893789,0.12628628,0.16741066,0.19179359,0.21537036,0.20725869,0.20540774
8.918413,7.2091055,3.4987862,0,0,0,00:00.0,00:00.0,uploads\b67551bc-3737-11f0-85b7-581122bb7f2c\20210419T040000+1000_REC_199.wav,False,0,0,0,0,0,0,0,0,0,0,0,0,rain (light),-6.1077137,0.82830876,0.52389467,0.40264097,0.22639857,0.18090367,0.17441346,0.15987718,0.16001981,0.15029757,0.15734613,0.15994325,0.17896838
8.968525,7.2659016,3.5099046,0,0,0,00:00.0,00:00.0,uploads\b67551bc-3737-11f0-85b7-581122bb7f2c\20210419T040000+1000_REC_200.wav,False,0,0,0,0,0,0,0,0,0,0,0,0,rain (light),-6.0961056,0.90327126,0.53477377,0.44437727,0.18567125,0.19973168,0.15941681,0.17009386,0.19256207,0.1591515,0.1554083,0.13336357,0.15457116
8.853397,7.128634,3.5073428,0,0,0,00:00.0,00:00.0,uploads\b67551bc-3737-11f0-85b7-581122bb7f2c\20210419T040000+1000_REC_201.wav,False,0,0,0,0,0,0,0,0,0,0,0,0,rain (light),-6.121532,0.70417494,0.5120666,0.37622294,0.2612932,0.20504874,0.1855997,0.16892013,0.16311651,0.16014975,0.1555322,0.15689395,0.1694682
9.123761,7.474873,4.4100146,0,0,0,00:00.0,00:00.0,uploads\b67551bc-3737-11f0-85b7-581122bb7f2c\20210419T040000+1000_REC_202.wav,False,0,0,0,0,0,0,0,0,0,0,0,0,rain (light),-6.0932465,0.9460997,0.44174013,0.5083053,0.13036275,0.23925865,0.14798301,0.16796376,0.12939681,0.12701386,0.10722004,0.11112263,0.14451157
8.2925825,6.6614776,3.2974098,0,0,0,00:00.0,00:00.0,uploads\b67551bc-3737-11f0-85b7-581122bb7f2c\20210419T040000+1000_REC_203.wav,False,0,0,0,0,0,0,0,0,0,0,0,0,rain (light),-6.1198173,0.7020989,0.48649037,0.3928286,0.270875,0.23129074,0.22187015,0.20034508,0.19761279,0.18731329,0.17925446,0.17123781,0.17713244
8.345974,6.6881056,3.324564,0,0,0,00:00.0,00:00.0,uploads\b67551bc-3737-11f0-85b7-581122bb7f2c\20210419T040000+1000_REC_204.wav,False,0,0,0,0,0,0,0,0,0,0,0,0,rain (light),-6.1199784,0.73886085,0.4617615,0.3824207,0.23646152,0.20344454,0.20833834,0.1946788,0.19415653,0.17893036,0.1713629,0.16870315,0.18128248
8.874736,7.081219,3.5746126,0,0,0,00:00.0,00:00.0,uploads\b67551bc-3737-11f0-85b7-581122bb7f2c\20210419T040000+1000_REC_205.wav,False,0,0,0,0,0,0,0,0,0,0,0,0,rain (light),-6.1212606,0.726172,0.47405273,0.39260983,0.25164405,0.19981726,0.18988228,0.173644,0.16766125,0.15692297,0.16218567,0.15287998,0.1592103
8.142925,6.4531536,3.2738287,0,0,0,00:00.0,00:00.0,uploads\b67551bc-3737-11f0-85b7-581122bb7f2c\20210419T040000+1000_REC_206.wav,True,0,0,0,0,0,0,0,0,1,0,0,0,rain (light),-6.1352077,0.56342715,0.4474769,0.3558611,0.28389058,0.23296694,0.2055812,0.19012804,0.18371917,0.18347389,0.1855542,0.1874918,0.18530276
7.938217,5.9200306,3.3106353,0,0,0,00:00.0,00:00.0,uploads\b67551bc-3737-11f0-85b7-581122bb7f2c\20210419T040000+1000_REC_207.wav,False,0,0,0,0,0,0,0,0,0,0,0,0,rain (light),-6.135057,0.52453756,0.4407553,0.3598145,0.29873496,0.25953022,0.23812203,0.22470847,0.21303591,0.20186767,0.1936691,0.19169804,0.19402699
7.9329734,5.9068875,3.3176847,0,0,0,00:00.0,00:00.0,uploads\b67551bc-3737-11f0-85b7-581122bb7f2c\20210419T040000+1000_REC_208.wav,False,0,0,0,0,0,0,0,0,0,0,0,0,rain (light),-6.1410227,0.44457465,0.4061496,0.3568892,0.30942765,0.27103513,0.24333732,0.2245412,0.21174388,0.20258307,0.19598149,0.19178022,0.18971746
8.14816,6.46721,3.2850513,0,0,0,00:00.0,00:00.0,uploads\b67551bc-3737-11f0-85b7-581122bb7f2c\20210419T040000+1000_REC_209.wav,False,0,0,0,0,0,0,0,0,0,0,0,0,rain (light),-6.133794,0.55243623,0.46654114,0.3717606,0.2908367,0.23731773,0.21155284,0.2000557,0.19453144,0.19129479,0.1853706,0.1782863,0.17346036
8.2765255,6.6409445,3.2928176,0,0,0,00:00.0,00:00.0,uploads\b67551bc-3737-11f0-85b7-581122bb7f2c\20210419T040000+1000_REC_210.wav,False,0,0,0,0,0,0,0,0,0,0,0,0,rain (light),-6.1214776,0.6307596,0.5099699,0.41046613,0.31825492,0.25612098,0.23283416,0.21445228,0.19709507,0.18711273,0.1781426,0.1726451,0.1761966
12.33384,10.038457,9.433174,0,0,0,00:00.0,00:00.0,uploads\b67551bc-3737-11f0-85b7-581122bb7f2c\20210419T040000+1000_REC_211.wav,False,0,0,0,0,0,0,0,0,0,0,0,0,rain (light),-6.0607905,1.1003058,0.4581741,0.6145662,0.10140217,0.26065034,0.103364356,0.20342545,0.09881255,0.15670143,0.09091355,0.122683674,0.123175606
9.089888,7.524181,4.351831,0,0,0,00:00.0,00:00.0,uploads\b67551bc-3737-11f0-85b7-581122bb7f2c\20210419T040000+1000_REC_212.wav,False,0,0,0,0,0,0,0,0,0,0,0,0,rain (light),-6.0839806,0.99462384,0.49891284,0.5135541,0.1335762,0.18700875,0.107470185,0.14969257,0.12113822,0.11628335,0.12732558,0.10840697,0.14540441
12.39233,10.016853,9.452022,0,0,0,00:00.0,00:00.0,uploads\b67551bc-3737-11f0-85b7-581122bb7f2c\20210419T040000+1000_REC_213.wav,False,0,0,0,0,0,0,0,0,0,0,0,0,rain (light),-6.0501866,1.1658695,0.45383024,0.6208702,0.05951791,0.23059899,0.07463928,0.18843111,0.055099603,0.14142326,0.079300605,0.10489805,0.114453435
12.345121,10.042152,9.439777,0,0,0,00:00.0,00:00.0,uploads\b67551bc-3737-11f0-85b7-581122bb7f2c\20210419T040000+1000_REC_214.wav,False,0,0,0,0,0,0,0,0,0,0,0,0,rain (light),-6.0705686,1.0738045,0.44108588,0.57567364,0.051589735,0.1854347,0.053520776,0.1655486,0.09297806,0.12133804,0.09659113,0.111228295,0.12954488
12.355918,10.033822,9.438098,0,0,0,00:00.0,00:00.0,uploads\b67551bc-3737-11f0-85b7-581122bb7f2c\20210419T040000+1000_REC_215.wav,True,0,0,0,0,0,0,0,0,1,0,0,0,rain (light),-6.0672526,1.0838689,0.44961336,0.587877,0.07289842,0.21843727,0.065725416,0.17050737,0.08283893,0.14907151,0.09833828,0.113884054,0.119593166
9.090152,7.5202823,4.352498,0,0,0,00:00.0,00:00.0,uploads\b67551bc-3737-11f0-85b7-581122bb7f2c\20210419T040000+1000_REC_216.wav,False,0,0,0,0,0,0,0,0,0,0,0,0,rain (light),-6.0895686,0.9663582,0.4839919,0.5020931,0.14135522,0.18697305,0.12099223,0.1443804,0.13692904,0.11135628,0.13298129,0.1018093,0.13337587
12.19684,10.245992,9.57367,0,0,0,00:00.0,00:00.0,uploads\b67551bc-3737-11f0-85b7-581122bb7f2c\20210419T040000+1000_REC_217.wav,False,0,0,0,0,0,0,0,0,0,0,0,0,rain (light),-6.0364046,1.2448908,0.44283757,0.6087452,0.059494805,0.23800567,0.034956653,0.20517407,0.09322932,0.19395293,0.07933557,0.12069551,0.061558265
8.944366,7.234837,3.51082,0,0,0,00:00.0,00:00.0,uploads\b67551bc-3737-11f0-85b7-581122bb7f2c\20210419T040000+1000_REC_218.wav,False,0,0,0,0,0,0,0,0,0,0,0,0,rain (light),-6.1083617,0.82780063,0.5208506,0.39414778,0.23208648,0.18168059,0.18234994,0.17464416,0.16758731,0.15069108,0.15321384,0.13943994,0.1532414
7.985729,5.954122,3.3506234,0,0,0,00:00.0,00:00.0,uploads\b67551bc-3737-11f0-85b7-581122bb7f2c\20210419T040000+1000_REC_219.wav,False,0,0,0,0,0,0,0,0,0,0,0,0,rain (light),-6.138689,0.49161363,0.42755917,0.35468245,0.297164,0.2613676,0.2392062,0.22062214,0.20279819,0.189385,0.18398716,0.18570389,0.18991357
7.869182,6.1151905,3.1329942,0,0,0,00:00.0,00:00.0,uploads\b67551bc-3737-11f0-85b7-581122bb7f2c\20210419T040000+1000_REC_220.wav,False,0,0,0,0,0,0,0,0,0,0,0,0,rain (light),-6.124466,0.55506307,0.49354532,0.41452962,0.33978713,0.28300577,0.24711873,0.22744761,0.21699965,0.21040049,0.20501165,0.20011273,0.1957399
7.880721,6.1347723,3.1365387,0,0,0,00:00.0,00:00.0,uploads\b67551bc-3737-11f0-85b7-581122bb7f2c\20210419T040000+1000_REC_221.wav,False,0,0,0,0,0,0,0,0,0,0,0,0,rain (light),-6.128993,0.5584361,0.4782387,0.3879234,0.31124648,0.25863332,0.2321479,0.22191007,0.2143177,0.20566714,0.19899376,0.194511,0.1905031
8.925652,7.2315345,3.4873276,0,0,0,00:00.0,00:00.0,uploads\b67551bc-3737-11f0-85b7-581122bb7f2c\20210419T040000+1000_REC_222.wav,False,0,0,0,0,0,0,0,0,0,0,0,0,rain (light),-6.1144176,0.76440024,0.52815145,0.39213768,0.24228182,0.17229879,0.18652374,0.18763416,0.17624131,0.16208218,0.15168716,0.14883709,0.15683237
9.095975,7.530376,4.357476,0,0,0,00:00.0,00:00.0,uploads\b67551bc-3737-11f0-85b7-581122bb7f2c\20210419T040000+1000_REC_223.wav,False,0,0,0,0,0,0,0,0,0,0,0,0,rain (light),-6.070389,1.0686551,0.50740844,0.5358009,0.059398465,0.17787988,0.100917876,0.17053911,0.14638507,0.16262798,0.1340202,0.10261859,0.1311889
12.097126,10.005398,9.344786,0,0,0,00:00.0,00:00.0,uploads\b67551bc-3737-11f0-85b7-581122bb7f2c\20210419T040000+1000_REC_224.wav,True,0,0,0,0,0,0,0,0,1,0,0,0,rain (light),-6.0676827,1.077464,0.3904445,0.60589373,0.08392824,0.27347854,0.08278295,0.22025923,0.07377182,0.17382474,0.09540146,0.14139734,0.11477868
12.097301,10.030634,9.372191,0,0,0,00:00.0,00:00.0,uploads\b67551bc-3737-11f0-85b7-581122bb7f2c\20210419T040000+1000_REC_225.wav,False,0,0,0,0,0,0,0,0,0,0,0,0,rain (light),-6.068295,1.0695053,0.36995506,0.60946125,0.09387712,0.30990687,0.072258405,0.20582722,0.08592918,0.20568721,0.0869797,0.13911693,0.10510446
9.132259,7.441301,4.3792686,0,0,0,00:00.0,00:00.0,uploads\b67551bc-3737-11f0-85b7-581122bb7f2c\20210419T040000+1000_REC_226.wav,False,0,0,0,0,0,0,0,0,0,0,0,0,rain (light),-6.0992365,0.90542746,0.43936512,0.49442104,0.17296182,0.21542804,0.14978725,0.16438922,0.14695834,0.1511755,0.16005538,0.1300413,0.1610322
12.064234,10.00342,9.345522,0,0,0,00:00.0,00:00.0,uploads\b67551bc-3737-11f0-85b7-581122bb7f2c\20210419T040000+1000_REC_227.wav,False,0,0,0,0,0,0,0,0,0,0,0,0,rain (light),-6.077199,1.0304569,0.3563679,0.6023742,0.104426384,0.25106305,0.0722292,0.21543132,0.08332593,0.1844146,0.09846241,0.14266525,0.11592539
9.217687,7.433686,4.559744,0,0,0,00:00.0,00:00.0,uploads\b67551bc-3737-11f0-85b7-581122bb7f2c\20210419T040000+1000_REC_228.wav,False,0,0,0,0,0,0,0,0,0,0,0,0,rain (light),-6.0977573,0.9330322,0.3911034,0.49910223,0.15292776,0.22936383,0.1269688,0.17634997,0.13386835,0.15345638,0.13951048,0.14282054,0.16078195
8.037081,6.337901,3.211156,0,0,0,00:00.0,00:00.0,uploads\b67551bc-3737-11f0-85b7-581122bb7f2c\20210419T040000+1000_REC_229.wav,False,0,0,0,0,0,0,0,0,0,0,0,0,rain (light),-6.135883,0.5210118,0.44838387,0.36621135,0.29771352,0.24964766,0.21802163,0.20059219,0.1940841,0.1939723,0.19627267,0.19744657,0.19903879
7.8738995,6.119898,3.1385434,0,0,0,00:00.0,00:00.0,uploads\b67551bc-3737-11f0-85b7-581122bb7f2c\20210419T040000+1000_REC_230.wav,False,0,0,0,0,0,0,0,0,0,0,0,0,rain (light),-6.129655,0.536415,0.4716455,0.3947064,0.32558143,0.27298808,0.23816869,0.21764395,0.20631853,0.20103996,0.20013465,0.2011104,0.2015196
7.8840127,5.9094405,3.256194,0,0,0,00:00.0,00:00.0,uploads\b67551bc-3737-11f0-85b7-581122bb7f2c\20210419T040000+1000_REC_231.wav,False,0,0,0,0,0,0,0,0,0,0,0,0,rain (light),-6.1259346,0.5059835,0.4634765,0.4121297,0.35860014,0.31513426,0.27972507,0.25095838,0.23292856,0.2204667,0.21002431,0.20321465,0.19762945
7.8919387,5.8493786,3.3091264,0,0,0,00:00.0,00:00.0,uploads\b67551bc-3737-11f0-85b7-581122bb7f2c\20210419T040000+1000_REC_232.wav,False,0,0,0,0,0,0,0,0,0,0,0,0,rain (light),-6.1420565,0.40580878,0.38258788,0.35056025,0.31654125,0.2858129,0.260971,0.24213405,0.22795638,0.21682715,0.20771775,0.20031574,0.19454038
7.8959293,5.8827653,3.2945867,0,0,0,00:00.0,00:00.0,uploads\b67551bc-3737-11f0-85b7-581122bb7f2c\20210419T040000+1000_REC_233.wav,False,0,0,0,0,0,0,0,0,0,0,0,0,rain (light),-6.134127,0.47315216,0.43451712,0.3834378,0.3328754,0.2915506,0.26178673,0.24112177,0.22574966,0.2132338,0.20312667,0.19588742,0.19147924
8.932202,7.2275724,3.4863954,0,0,0,00:00.0,00:00.0,uploads\b67551bc-3737-11f0-85b7-581122bb7f2c\20210419T040000+1000_REC_234.wav,False,0,0,0,0,0,0,0,0,0,0,0,0,rain (light),-6.099202,0.8499978,0.5794808,0.42954183,0.24841852,0.18700805,0.18757576,0.16935849,0.16390105,0.15696712,0.15352285,0.1481151,0.16438791
8.954174,7.2650356,3.475458,0,0,0,00:00.0,00:00.0,uploads\b67551bc-3737-11f0-85b7-581122bb7f2c\20210419T040000+1000_REC_235.wav,False,0,0,0,0,0,0,0,0,0,0,0,0,rain (light),-6.1064253,0.82754046,0.55821425,0.39513808,0.22458605,0.16611093,0.17251691,0.16596015,0.1637205,0.15402326,0.1404638,0.12910287,0.14811051
12.355982,10.046932,9.45161,0,0,0,00:00.0,00:00.0,uploads\b67551bc-3737-11f0-85b7-581122bb7f2c\20210419T040000+1000_REC_236.wav,False,0,0,0,0,0,0,0,0,0,0,0,0,rain (light),-6.0485206,1.1739712,0.45983014,0.6139049,0.064683,0.25387758,0.059664167,0.18110171,0.06123173,0.14884196,0.07934585,0.10551145,0.086377054
12.335983,10.0425415,9.434612,0,0,0,00:00.0,00:00.0,uploads\b67551bc-3737-11f0-85b7-581122bb7f2c\20210419T040000+1000_REC_237.wav,False,0,0,0,0,0,0,0,0,0,0,0,0,rain (light),-6.062002,1.1228985,0.4284757,0.5785549,0.07397668,0.24029283,0.07701935,0.19510657,0.05875554,0.1380992,0.08951013,0.13470593,0.12059284
12.169328,10.319528,9.616745,0,0,0,00:00.0,00:00.0,uploads\b67551bc-3737-11f0-85b7-581122bb7f2c\20210419T040000+1000_REC_238.wav,True,0,0,0,0,0,0,0,0,1,0,0,0,rain (light),-6.008681,1.3529208,0.44185725,0.671476,0.03993204,0.24631713,0.0065101213,0.19980812,0.021344574,0.15384002,0.036370512,0.12255051,0.044166647
12.187016,10.270858,9.605019,0,0,0,00:00.0,00:00.0,uploads\b67551bc-3737-11f0-85b7-581122bb7f2c\20210419T040000+1000_REC_239.wav,False,0,0,0,0,0,0,0,0,0,0,0,0,rain (light),-6.057249,1.1439983,0.3899424,0.59082067,0.047020327,0.26572046,0.027009165,0.20124768,0.06267162,0.20327483,0.086475715,0.14625144,0.06688308
12.186518,10.276853,9.605917,0,0,0,00:00.0,00:00.0,uploads\b67551bc-3737-11f0-85b7-581122bb7f2c\20210419T040000+1000_REC_240.wav,False,0,0,0,0,0,0,0,0,0,0,0,0,rain (light),-6.05054,1.1869296,0.3784985,0.58253205,0.054420117,0.29039294,0.05450033,0.2182673,0.05838111,0.18249203,0.08133869,0.170021,0.08256083
8.89896,7.1478386,3.6305058,0,0,0,00:00.0,00:00.0,uploads\b67551bc-3737-11f0-85b7-581122bb7f2c\20210419T040000+1000_REC_241.wav,False,0,0,0,0,0,0,0,0,0,0,0,0,rain (light),-6.1128526,0.8264627,0.45060247,0.3996317,0.21078695,0.19964162,0.17433766,0.15196048,0.15163957,0.14309901,0.15863693,0.15030643,0.17077939
8.294005,6.665077,3.3027241,0,0,0,00:00.0,00:00.0,uploads\b67551bc-3737-11f0-85b7-581122bb7f2c\20210419T040000+1000_REC_242.wav,False,0,0,0,0,0,0,0,0,0,0,0,0,rain (light),-6.1255126,0.66543895,0.47633117,0.36532298,0.27704874,0.22905426,0.211345,0.19252719,0.18516478,0.18246512,0.17822619,0.17262341,0.17037578
8.266356,6.636024,3.295802,0,0,0,00:00.0,00:00.0,uploads\b67551bc-3737-11f0-85b7-581122bb7f2c\20210419T040000+1000_REC_243.wav,False,0,0,0,0,0,0,0,0,0,0,0,0,rain (light),-6.127787,0.6539714,0.46183538,0.35811102,0.27455378,0.22428235,0.20645256,0.19227846,0.18628718,0.18427029,0.18099748,0.1736704,0.17314084
8.126361,6.4541335,3.2512467,0,0,0,00:00.0,00:00.0,uploads\b67551bc-3737-11f0-85b7-581122bb7f2c\20210419T040000+1000_REC_244.wav,False,0,0,0,0,0,0,0,0,0,0,0,0,rain (light),-6.1409154,0.5223759,0.43126586,0.33184135,0.2532403,0.20676513,0.18839861,0.18488109,0.18539104,0.18643835,0.18964037,0.19373293,0.1946548
8.557476,7.065233,3.6354768,0,0,0,00:00.0,00:00.0,uploads\b67551bc-3737-11f0-85b7-581122bb7f2c\20210419T040000+1000_REC_245.wav,False,0,0,0,0,0,0,0,0,0,0,0,0,rain (light),-6.0991693,0.9199364,0.4293657,0.453199,0.16133052,0.19949192,0.13841471,0.1781014,0.16516861,0.17845376,0.1962101,0.17272444,0.18961863
8.542062,7.0571594,3.5596485,0,0,0,00:00.0,00:00.0,uploads\b67551bc-3737-11f0-85b7-581122bb7f2c\20210419T040000+1000_REC_246.wav,False,0,0,0,0,0,0,0,0,0,0,0,0,rain (light),-6.104445,0.8793307,0.45466676,0.4417645,0.16854368,0.17990252,0.13093892,0.17137472,0.16599374,0.15521285,0.16825573,0.16888778,0.19469677
8.3622,6.7582088,3.3389106,0,0,0,00:00.0,00:00.0,uploads\b67551bc-3737-11f0-85b7-581122bb7f2c\20210419T040000+1000_REC_247.wav,True,0,0,0,0,0,1,0,0,1,0,0,0,rain (light),-6.125413,0.6840373,0.4849452,0.3627063,0.24561411,0.19440097,0.18236694,0.17069057,0.17045106,0.17358717,0.17928399,0.17955007,0.18529543
8.940733,7.19194,3.639164,0,0,0,00:00.0,00:00.0,uploads\b67551bc-3737-11f0-85b7-581122bb7f2c\20210419T040000+1000_REC_249.wav,False,0,0,0,0,0,0,0,0,0,0,0,0,rain (light),-6.1122475,0.81667334,0.4682977,0.40592587,0.21553126,0.20357922,0.18290201,0.17171599,0.17337327,0.15277128,0.15564555,0.1412129,0.15676442
8.109746,6.5763664,3.7104793,0,0,0,00:00.0,00:00.0,uploads\b67551bc-3737-11f0-85b7-581122bb7f2c\20210419T040000+1000_REC_250.wav,False,0,0,0,0,0,0,0,0,0,0,0,0,rain (light),-6.1150403,0.7716056,0.5326916,0.30979514,0.16611867,0.12336034,0.15611503,0.2051985,0.22931229,0.22253653,0.20379718,0.1922636,0.19570084
8.115131,6.2731576,3.3639057,0,0,0,00:00.0,00:00.0,uploads\b67551bc-3737-11f0-85b7-581122bb7f2c\20210419T040000+1000_REC_251.wav,False,0,0,0,0,0,0,0,0,0,0,0,0,rain (light),-6.1377215,0.5183245,0.43680146,0.35159835,0.28653723,0.24673189,0.22745283,0.21856241,0.20996283,0.19612637,0.18016271,0.17151758,0.17518272
8.041303,6.4874954,3.6988091,0,0,0,00:00.0,00:00.0,uploads\b67551bc-3737-11f0-85b7-581122bb7f2c\20210419T040000+1000_REC_252.wav,False,0,0,0,0,0,0,0,0,0,0,0,0,rain (light),-6.1245813,0.7118758,0.48954663,0.2797623,0.15519261,0.12993531,0.17139731,0.22261366,0.2463088,0.23504083,0.19995268,0.16591686,0.15398799
9.111561,7.435344,4.328084,0,0,0,00:00.0,00:00.0,uploads\b67551bc-3737-11f0-85b7-581122bb7f2c\20210419T040000+1000_REC_253.wav,True,0,0,0,0,0,0,0,0,1,0,0,0,rain (light),-6.100076,0.9013354,0.4637559,0.44976473,0.20009659,0.24220586,0.15157263,0.16082089,0.17057833,0.1447782,0.1488301,0.13976993,0.15985152
9.116665,7.451391,4.352978,0,0,0,00:00.0,00:00.0,uploads\b67551bc-3737-11f0-85b7-581122bb7f2c\20210419T040000+1000_REC_254.wav,False,0,0,0,0,0,0,0,0,0,0,0,0,rain (light),-6.1016197,0.90069294,0.44667524,0.4592499,0.20155895,0.2122569,0.14208436,0.14581561,0.13457328,0.13583729,0.14548108,0.12776968,0.16560484
9.1349745,7.415024,4.373193,0,0,0,00:00.0,00:00.0,uploads\b67551bc-3737-11f0-85b7-581122bb7f2c\20210419T040000+1000_REC_255.wav,True,0,0,0,0,0,0,0,0,1,0,0,0,rain (light),-6.098811,0.9190375,0.44783893,0.45868507,0.17234702,0.22074647,0.15341444,0.17348255,0.15605195,0.1470451,0.16011107,0.15375333,0.15518539
8.9364805,7.20198,3.6760778,0,0,0,00:00.0,00:00.0,uploads\b67551bc-3737-11f0-85b7-581122bb7f2c\20210419T040000+1000_REC_256.wav,False,0,0,0,0,0,0,0,0,0,0,0,0,rain (light),-6.109838,0.83677965,0.4684328,0.40612832,0.2087428,0.21555,0.1924797,0.1706802,0.16666937,0.154378,0.1524851,0.13261884,0.15740179
9.302873,7.261416,4.5007854,0,0,0,00:00.0,00:00.0,uploads\b67551bc-3737-11f0-85b7-581122bb7f2c\20210419T040000+1000_REC_257.wav,True,0,0,0,0,0,0,0,0,1,0,0,0,rain (light),-6.1044493,0.87041134,0.43793386,0.46409068,0.1659659,0.22368374,0.1374142,0.19830258,0.17517029,0.18366164,0.16311708,0.16006626,0.1474955
8.171286,6.440134,3.3405561,0,0,0,00:00.0,00:00.0,uploads\b67551bc-3737-11f0-85b7-581122bb7f2c\20210419T040000+1000_REC_258.wav,False,0,0,0,0,0,0,0,0,0,0,0,0,rain (light),-6.1319814,0.60183877,0.45149115,0.3472983,0.28164124,0.24111167,0.21739511,0.20444602,0.19723949,0.18901663,0.18070059,0.17557822,0.17682819
8.019153,6.3300543,3.191757,0,0,0,00:00.0,00:00.0,uploads\b67551bc-3737-11f0-85b7-581122bb7f2c\20210419T040000+1000_REC_259.wav,False,0,0,0,0,0,0,0,0,0,0,0,0,rain (light),-6.129345,0.61392486,0.4431093,0.35339558,0.2848662,0.24637981,0.22168776,0.20429604,0.20361114,0.20664163,0.20990872,0.20863186,0.20626467
7.897627,5.875859,3.2969577,0,0,0,00:00.0,00:00.0,uploads\b67551bc-3737-11f0-85b7-581122bb7f2c\20210419T040000+1000_REC_260.wav,False,0,0,0,0,0,0,0,0,0,0,0,0,rain (light),-6.1358876,0.4356108,0.40690535,0.3694039,0.33252153,0.3020096,0.27893043,0.261092,0.24545787,0.23027155,0.2158733,0.20374584,0.1946964
7.864563,6.1120706,3.1282496,0,0,0,00:00.0,00:00.0,uploads\b67551bc-3737-11f0-85b7-581122bb7f2c\20210419T040000+1000_REC_261.wav,False,0,0,0,0,0,0,0,0,0,0,0,0,rain (light),-6.12908,0.56355995,0.4706724,0.37780312,0.30568308,0.2596768,0.23446052,0.22020084,0.21409267,0.21248774,0.21004143,0.20530048,0.1988594
10.225315,7.4962263,6.1711226,0,0,0,00:00.0,00:00.0,uploads\b67551bc-3737-11f0-85b7-581122bb7f2c\20210419T040000+1000_REC_262.wav,False,0,0,0,0,0,0,0,0,0,0,0,0,rain (light),-6.0991316,0.9047633,0.39438912,0.4905511,0.17244545,0.2809014,0.13646719,0.2212021,0.1719191,0.20221749,0.14047986,0.14187528,0.116485655
8.431842,6.7568045,3.3745503,0,0,0,00:00.0,00:00.0,uploads\b67551bc-3737-11f0-85b7-581122bb7f2c\20210419T040000+1000_REC_263.wav,False,0,0,0,0,0,0,0,0,0,0,0,0,rain (light),-6.121608,0.7408525,0.48402596,0.33715174,0.21712,0.1812439,0.18211034,0.18456061,0.19596983,0.1878904,0.16972674,0.15579785,0.16372806
11.347119,9.794984,7.8826327,0,0,0,00:00.0,00:00.0,uploads\b67551bc-3737-11f0-85b7-581122bb7f2c\20210419T060000+1000_REC_35.wav,False,0,0,0,0,0,0,0,0,0,0,0,0,rain (light),-6.0226455,1.2397276,-0.28625777,0.3408709,-0.15011571,0.1087637,0.23177768,0.59105116,0.24308948,0.31119257,0.14598669,0.14753659,0.11451143
11.194937,9.774721,7.7925367,0,0,0,00:00.0,00:00.0,uploads\b67551bc-3737-11f0-85b7-581122bb7f2c\20210419T060000+1000_REC_36.wav,True,0,1,0,0,0,0,0,0,1,0,0,0,rain (light),-5.9937563,1.1179646,-0.7115854,0.2617719,-0.19493198,0.13211337,0.34657773,0.6061553,0.31089878,0.33683896,0.117912054,0.14471367,0.09915735
11.166326,9.727122,7.840879,0,0,0,00:00.0,00:00.0,uploads\b67551bc-3737-11f0-85b7-581122bb7f2c\20210419T060000+1000_REC_37.wav,False,0,0,0,0,0,0,0,0,0,0,0,0,rain (light),-5.957307,1.0098095,-0.9218044,0.5015236,-0.011919061,0.043789357,0.4982302,0.75459915,0.1745446,0.28745672,0.09093414,0.15399122,0.17054892
10.578323,7.6120934,6.1816254,0,0,0,00:00.0,00:00.0,uploads\b67551bc-3737-11f0-85b7-581122bb7f2c\20210419T060000+1000_REC_42.wav,True,0,1,0,0,0,0,0,0,1,0,0,0,rain (light),-6.0567336,0.7488449,-0.5802058,0.21893299,-0.3268038,0.15748626,0.29757452,0.4637283,0.2929258,0.37037662,0.34403744,0.15171419,0.17967436
11.137705,9.69413,7.8190165,0,0,0,00:00.0,00:00.0,uploads\b67551bc-3737-11f0-85b7-581122bb7f2c\20210419T060000+1000_REC_50.wav,False,0,0,0,0,0,0,0,0,0,0,0,0,rain (light),-5.9590316,1.0608735,-0.78402436,0.36789724,-0.35451317,0.09697789,0.3957374,0.80060685,0.36445913,0.19620651,0.21337642,0.10581006,0.09938973
11.082846,9.597786,7.7656536,0,0,0,00:00.0,00:00.0,uploads\b67551bc-3737-11f0-85b7-581122bb7f2c\20210419T060000+1000_REC_55.wav,False,0,0,0,0,0,0,0,0,0,0,0,0,rain (light),-5.993076,0.86247575,-0.7146901,0.70632714,-0.33862156,0.008427799,0.15025453,0.61106193,0.37136415,0.2024971,0.34538627,0.14763449,0.21914248
10.580425,7.592033,6.170934,0,0,0,00:00.0,00:00.0,uploads\b67551bc-3737-11f0-85b7-581122bb7f2c\20210419T060000+1000_REC_56.wav,True,0,1,0,0,0,0,0,0,1,0,0,0,rain (light),-6.0745196,0.9052209,-0.39305967,0.17807579,0.028785143,0.09432393,0.33338603,0.4662629,0.38924733,0.30213368,0.27665678,0.10966648,0.14357044
11.272721,9.825604,7.6430893,0,0,0,00:00.0,00:00.0,uploads\b67551bc-3737-11f0-85b7-581122bb7f2c\20210419T060000+1000_REC_69.wav,False,0,0,0,0,0,0,0,0,0,0,0,0,rain (light),-6.024695,1.0952264,-0.47234306,0.086987756,-0.17945667,0.036084507,0.43154147,0.5205809,0.38627,0.3444615,0.09226613,0.16351213,0.2681804
11.301822,10.027689,7.4801693,0,0,0,00:00.0,00:00.0,uploads\b67551bc-3737-11f0-85b7-581122bb7f2c\20210419T060000+1000_REC_75.wav,False,0,0,0,0,0,0,0,0,0,0,0,0,rain (light),-6.0274916,1.1910518,-0.3514513,0.12331433,-0.18787429,0.3078219,0.2561212,0.5219303,0.33794865,0.29558474,0.10056321,0.21784744,0.1591137
9.917709,6.81311,5.9115148,0,0,0,00:00.0,00:00.0,uploads\b67551bc-3737-11f0-85b7-581122bb7f2c\20210419T060000+1000_REC_197.wav,False,0,0,0,0,0,0,0,0,0,0,0,0,rain (light),-6.0427365,0.28257987,-0.6710564,0.28370428,0.5185311,0.3465382,-0.26123506,0.35543194,0.78159696,0.20735459,0.26347828,0.18741226,0.24659622
11.599221,8.908952,7.4016867,0,0,0,00:00.0,00:00.0,uploads\b67551bc-3737-11f0-85b7-581122bb7f2c\20210419T060000+1000_REC_199.wav,False,0,0,0,0,0,0,0,0,0,0,0,0,rain (light),-6.0231624,1.2920841,-0.03480779,0.18394051,0.034931052,0.24093129,0.36155093,0.563157,0.30587986,0.34106186,0.24180974,0.1789296,0.1873508
12.01034,9.545758,8.407548,0,0,0,00:00.0,00:00.0,uploads\b67551bc-3737-11f0-85b7-581122bb7f2c\20210419T060000+1000_REC_202.wav,False,0,0,0,0,0,0,0,0,0,0,0,0,rain (light),-5.9283614,1.6692243,-0.27517113,0.30059552,-0.14517844,0.12496503,0.33369997,0.30061895,0.34639245,0.32143512,0.37966552,0.24300072,0.2723815
12.093313,9.54811,8.416283,0,0,0,00:00.0,00:00.0,uploads\b67551bc-3737-11f0-85b7-581122bb7f2c\20210419T060000+1000_REC_203.wav,False,0,0,0,0,0,0,0,0,0,0,0,0,rain (light),-5.8988576,1.8919349,0.044626825,0.22661656,0.11281986,0.107130155,0.27056852,0.20418827,0.19899371,0.30983755,0.33709064,0.13140029,0.15987572
12.178012,9.579954,8.411115,0,0,0,00:00.0,00:00.0,uploads\b67551bc-3737-11f0-85b7-581122bb7f2c\20210419T060000+1000_REC_204.wav,False,0,0,0,0,0,0,0,0,0,0,0,0,rain (light),-5.8757787,1.969387,0.20207465,0.1732737,0.050157007,1.0261553e-05,0.2947672,0.3115396,0.23083952,0.23942554,0.22443075,0.14574412,0.13654713
11.793684,9.631354,8.4430685,0,0,0,00:00.0,00:00.0,uploads\b67551bc-3737-11f0-85b7-581122bb7f2c\20210419T060000+1000_REC_205.wav,False,0,0,0,0,0,0,0,0,0,0,0,0,rain (light),-5.889647,1.7330824,-0.15804356,0.5711669,-0.3642018,0.23314717,0.4181968,0.43206567,0.21439381,0.28441855,0.21304406,0.19835111,0.24830475
11.151972,10.817126,9.263578,0,0,0,00:00.0,00:00.0,uploads\b67551bc-3737-11f0-85b7-581122bb7f2c\20210419T060000+1000_REC_206.wav,False,0,0,0,0,0,0,0,0,0,0,0,0,rain (light),-5.865463,0.8266935,-0.76314825,1.2400866,0.08710021,-0.06041815,-0.23486896,1.0992383,0.19365679,0.31719095,0.14104487,0.055331025,-0.062993675
12.074479,9.583728,8.894591,0,0,0,00:00.0,00:00.0,uploads\b67551bc-3737-11f0-85b7-581122bb7f2c\20210419T060000+1000_REC_207.wav,False,0,0,0,0,0,0,0,0,0,0,0,0,rain (light),-5.9293194,1.6039448,-0.08065624,0.5942031,-0.0995494,0.7137027,0.15970226,0.14033315,0.066016324,0.23377188,0.2847648,0.13307507,-0.026205242
12.134479,9.631172,8.985377,0,0,0,00:00.0,00:00.0,uploads\b67551bc-3737-11f0-85b7-581122bb7f2c\20210419T060000+1000_REC_208.wav,False,0,0,0,0,0,0,0,0,0,0,0,0,rain (light),-5.9145317,1.7943976,0.0690806,0.3566233,-0.009379469,0.54003507,0.1582569,0.1058614,0.012626184,0.07453881,0.3021796,0.059565086,-0.031135052
11.150823,9.70954,7.8352513,0,0,0,00:00.0,00:00.0,uploads\b67551bc-3737-11f0-85b7-581122bb7f2c\20210419T060000+1000_REC_223.wav,False,0,0,0,0,0,0,0,0,0,0,0,0,rain (light),-5.972572,1.0574019,-0.8434307,0.45902142,-0.1870493,0.16961938,0.22914514,0.6856864,0.3607358,0.23236567,0.18549182,0.117981486,0.015934136
11.369178,9.803119,7.872602,0,0,0,00:00.0,00:00.0,uploads\b67551bc-3737-11f0-85b7-581122bb7f2c\20210419T060000+1000_REC_224.wav,False,0,0,0,0,0,0,0,0,0,0,0,0,rain (light),-6.0249295,1.2325035,-0.32817718,0.33579868,-0.113617696,0.27450582,0.18194358,0.55920494,0.19271095,0.27408674,0.13128015,0.22058317,0.13401143
11.639729,9.312079,6.843339,0,0,0,00:00.0,00:00.0,uploads\b67551bc-3737-11f0-85b7-581122bb7f2c\20210419T060000+1000_REC_247.wav,False,0,0,0,0,0,0,0,0,0,0,0,0,rain (light),-6.0683784,1.0593325,-0.090834394,-0.13384712,0.053356458,0.07828804,0.29950625,0.4884076,0.38355246,0.2285765,0.21025124,0.21605206,0.14766404
10.52694,10.498886,7.9013863,0,0,0,00:00.0,00:00.0,uploads\b67551bc-3737-11f0-85b7-581122bb7f2c\20210419T080000+1000_REC_2.wav,False,0,0,0,0,0,0,0,0,0,0,0,0,rain (light),-6.034696,1.1646181,0.39295563,0.5626729,-0.06746474,0.48865172,0.020980984,0.3822946,0.14435945,0.20027453,0.10069754,0.28723022,0.16007105
10.438092,10.554116,7.7598515,0,0,0,00:00.0,00:00.0,uploads\b67551bc-3737-11f0-85b7-581122bb7f2c\20210419T080000+1000_REC_3.wav,False,0,0,0,0,0,0,0,0,0,0,0,0,rain (light),-6.068684,1.0910417,0.38907024,0.38362387,0.03788344,0.37044352,0.18123344,0.30756044,0.1853141,0.2049525,0.18331146,0.2290347,0.2353048
10.938625,10.560307,7.06268,0,0,0,00:00.0,00:00.0,uploads\b67551bc-3737-11f0-85b7-581122bb7f2c\20210419T080000+1000_REC_4.wav,False,0,0,0,0,0,0,0,0,0,0,0,0,rain (light),-6.0262694,1.3067337,0.20840423,-0.18050206,-0.1376774,0.31798643,0.4406143,0.32349813,0.19395614,0.1564259,0.18882215,0.20919555,0.19296306
10.591729,10.409061,7.943333,0,0,0,00:00.0,00:00.0,uploads\b67551bc-3737-11f0-85b7-581122bb7f2c\20210419T080000+1000_REC_5.wav,False,0,0,0,0,0,0,0,0,0,0,0,0,rain (light),-6.032941,1.2954962,0.15812308,0.56538945,0.0040044165,0.19639696,0.14452063,0.36927986,0.060607545,0.23036925,0.13536769,0.18614614,0.18473949
10.5664,10.432291,7.940346,0,0,0,00:00.0,00:00.0,uploads\b67551bc-3737-11f0-85b7-581122bb7f2c\20210419T080000+1000_REC_6.wav,True,0,1,0,0,0,0,0,0,1,0,0,0,rain (light),-6.015633,1.3686453,0.014723797,0.5071097,-0.04007861,0.27069417,0.099951245,0.4120293,0.20143305,0.27454126,0.126745,0.20030485,0.18441588
10.90426,10.564444,7.07995,0,0,0,00:00.0,00:00.0,uploads\b67551bc-3737-11f0-85b7-581122bb7f2c\20210419T080000+1000_REC_8.wav,False,0,0,0,0,0,0,0,0,0,0,0,0,rain (light),-6.0373235,1.2748231,-0.11601566,0.08271797,-0.12776159,0.2372824,0.36183923,0.4031096,0.20104724,0.11584772,0.11885024,0.26515025,0.2439389
10.571908,10.415467,7.930347,0,0,0,00:00.0,00:00.0,uploads\b67551bc-3737-11f0-85b7-581122bb7f2c\20210419T080000+1000_REC_9.wav,False,0,0,0,0,0,0,0,0,0,0,0,0,rain (light),-6.0438776,1.1869695,-0.07486629,0.5023035,0.11453522,0.18087338,0.02753319,0.53507096,0.19195168,0.043371677,0.0754272,0.31914458,0.17748655
10.5716305,10.440616,7.944838,0,0,0,00:00.0,00:00.0,uploads\b67551bc-3737-11f0-85b7-581122bb7f2c\20210419T080000+1000_REC_10.wav,False,0,0,0,0,0,0,0,0,0,0,0,0,rain (light),-6.025617,1.3222289,0.21207263,0.36571607,-0.12749,0.36681435,0.14963192,0.40837923,0.14056832,0.3212353,0.0903245,0.21230881,0.16569892
10.564593,10.44371,7.926932,0,0,0,00:00.0,00:00.0,uploads\b67551bc-3737-11f0-85b7-581122bb7f2c\20210419T080000+1000_REC_11.wav,False,0,0,0,0,0,0,0,0,0,0,0,0,rain (light),-6.033754,1.3273675,0.17260101,0.34130502,0.012391976,0.33228028,0.140808,0.35890058,0.16842733,0.21883969,0.10032003,0.2931153,0.19254388
10.568088,10.440882,7.9444327,0,0,0,00:00.0,00:00.0,uploads\b67551bc-3737-11f0-85b7-581122bb7f2c\20210419T080000+1000_REC_12.wav,False,0,0,0,0,0,0,0,0,0,0,0,0,rain (light),-6.044161,1.2518079,0.15315473,0.424644,0.015071726,0.35837448,0.08678137,0.28741264,0.15276374,0.3692007,0.18395,0.17812529,0.17181559
10.928245,10.5601425,7.0726542,0,0,0,00:00.0,00:00.0,uploads\b67551bc-3737-11f0-85b7-581122bb7f2c\20210419T080000+1000_REC_13.wav,False,0,0,0,0,0,0,0,0,0,0,0,0,rain (light),-6.0097766,1.4001933,0.12116785,0.0033841927,-0.19881555,0.33449435,0.36087993,0.4053704,0.1965373,0.21827771,0.16052188,0.23365396,0.19730076
10.663144,7.3075914,6.0480695,0,0,0,00:00.0,00:00.0,uploads\b67551bc-3737-11f0-85b7-581122bb7f2c\20210419T080000+1000_REC_17.wav,False,0,0,0,0,0,0,0,0,0,0,0,0,rain (light),-6.1169505,0.6341231,-0.1809886,0.32445142,0.18714322,-0.0033303958,0.32753724,0.41006175,0.06460969,0.25405642,0.39956358,0.07750284,0.029803684
11.30046,10.703336,7.173578,0,0,0,00:00.0,00:00.0,uploads\b67551bc-3737-11f0-85b7-581122bb7f2c\20210419T080000+1000_REC_19.wav,False,0,0,0,0,0,0,0,0,0,0,0,0,rain (light),-6.0732408,0.64946264,0.15090275,0.37647817,-0.523987,0.66448593,0.003531543,0.35400945,0.2176109,0.30098528,0.29568765,0.17561819,0.100878686
10.58086,6.348097,5.806343,0,0,0,00:00.0,00:00.0,uploads\b67551bc-3737-11f0-85b7-581122bb7f2c\20210419T080000+1000_REC_20.wav,False,0,0,0,0,0,0,0,0,0,0,0,0,rain (light),-6.1098223,0.35796493,-0.211482,-0.17283732,0.073151276,0.5617946,0.56348705,0.1380398,0.0047951597,0.0559097,0.17940487,0.32288697,0.22856888
11.014371,9.867566,8.031019,0,0,0,00:00.0,00:00.0,uploads\b67551bc-3737-11f0-85b7-581122bb7f2c\20210419T080000+1000_REC_21.wav,False,0,0,0,0,0,0,0,0,0,0,0,0,rain (light),-6.0438356,0.44495597,-0.37628138,0.95375526,-0.04445505,0.18509312,0.1548191,0.58689064,-0.10277474,0.39378315,0.2534595,-0.090380706,0.40840167
11.52247,9.55874,8.622968,0,0,0,00:00.0,00:00.0,uploads\b67551bc-3737-11f0-85b7-581122bb7f2c\20210419T080000+1000_REC_22.wav,False,0,0,0,0,0,0,0,0,0,0,0,0,rain (light),-5.9952784,0.93217283,-0.009275322,0.92667234,-0.41980776,0.47050604,0.09345546,0.36240426,-0.16891749,0.5503695,0.3779098,-0.02313555,0.16847421
11.362204,10.637743,7.2312737,0,0,0,00:00.0,00:00.0,uploads\b67551bc-3737-11f0-85b7-581122bb7f2c\20210419T080000+1000_REC_24.wav,False,0,0,0,0,0,0,0,0,0,0,0,0,rain (light),-6.076235,0.8838917,0.2552626,0.19455838,-0.33432943,0.4914758,0.105026655,0.49424767,0.009396142,0.34406117,0.16080867,0.13220538,0.22834553
10.551377,10.473243,7.8304725,0,0,0,00:00.0,00:00.0,uploads\b67551bc-3737-11f0-85b7-581122bb7f2c\20210419T080000+1000_REC_26.wav,False,0,0,0,0,0,0,0,0,0,0,0,0,rain (light),-6.0682893,1.0220102,0.19694677,0.37573907,-0.11109596,0.45538414,-0.016199637,0.44973987,0.08177814,0.36416703,0.22809544,0.19272701,0.16264854
11.33907,10.692109,7.1930785,0,0,0,00:00.0,00:00.0,uploads\b67551bc-3737-11f0-85b7-581122bb7f2c\20210419T080000+1000_REC_27.wav,False,0,0,0,0,0,0,0,0,0,0,0,0,rain (light),-6.0622587,0.7767199,0.27866527,0.03990507,-0.33969098,0.7407415,-0.060919885,0.5463978,0.1452499,0.33342406,0.24853364,0.07708445,0.16879359
11.074441,10.503954,7.03146,0,0,0,00:00.0,00:00.0,uploads\b67551bc-3737-11f0-85b7-581122bb7f2c\20210419T080000+1000_REC_28.wav,False,0,0,0,0,0,0,0,0,0,0,0,0,rain (light),-6.09555,0.82218695,0.12408507,0.24744782,-0.29184958,0.22723652,0.23002857,0.5490009,0.2752242,0.09967791,0.23586208,0.16562729,0.15292867
10.910112,9.9262295,8.055852,0,0,0,00:00.0,00:00.0,uploads\b67551bc-3737-11f0-85b7-581122bb7f2c\20210419T080000+1000_REC_30.wav,False,0,0,0,0,0,0,0,0,0,0,0,0,rain (light),-6.078883,0.8268469,0.16939685,0.24482752,-0.22122766,0.48115847,0.108104266,0.6921028,0.17907941,0.086032465,0.10171285,0.11733024,0.3128876
11.075588,10.523129,7.0213995,0,0,0,00:00.0,00:00.0,uploads\b67551bc-3737-11f0-85b7-581122bb7f2c\20210419T080000+1000_REC_31.wav,True,0,1,0,0,0,0,0,0,1,0,0,0,rain (light),-6.068884,0.7532342,0.3628911,-0.137874,-0.3781605,0.44312465,0.2664785,0.6705504,0.09211758,0.21770191,-0.0347901,0.22237843,0.21054536
11.061976,10.363936,7.2496977,0,0,0,00:00.0,00:00.0,uploads\b67551bc-3737-11f0-85b7-581122bb7f2c\20210419T080000+1000_REC_37.wav,False,0,0,0,0,0,0,0,0,0,0,0,0,rain (light),-6.0748596,0.9314802,0.19204335,0.10434424,-0.2234863,0.3152699,0.15334177,0.67952776,0.26027754,0.2601461,0.029526673,0.10071308,0.16982308
11.080904,10.527605,6.9993014,0,0,0,00:00.0,00:00.0,uploads\b67551bc-3737-11f0-85b7-581122bb7f2c\20210419T080000+1000_REC_39.wav,False,0,0,0,0,0,0,0,0,0,0,0,0,rain (light),-6.1059833,0.73923784,0.39592612,0.010689896,-0.20115912,0.30850196,0.22685695,0.5023792,0.15251625,0.22481607,0.15488432,0.22571751,0.19729231
10.937419,9.914951,8.067286,0,0,0,00:00.0,00:00.0,uploads\b67551bc-3737-11f0-85b7-581122bb7f2c\20210419T080000+1000_REC_43.wav,False,0,0,0,0,0,0,0,0,0,0,0,0,rain (light),-6.0404654,0.6972294,-0.22389144,0.5204748,-0.29450175,0.4934131,-0.05796841,0.84451264,-0.052270893,0.19875558,0.08519359,0.0926524,0.41868263
11.153244,10.329266,7.1271677,0,0,0,00:00.0,00:00.0,uploads\b67551bc-3737-11f0-85b7-581122bb7f2c\20210419T080000+1000_REC_44.wav,False,0,0,0,0,0,0,0,0,0,0,0,0,rain (light),-6.0712256,1.0045424,0.48748842,0.11407135,-0.15343197,0.26292935,0.095195934,0.49611953,0.20371032,0.3461318,0.1890455,0.18626228,0.14789197
11.043403,10.479411,7.0542817,0,0,0,00:00.0,00:00.0,uploads\b67551bc-3737-11f0-85b7-581122bb7f2c\20210419T080000+1000_REC_47.wav,False,0,0,0,0,0,0,0,0,0,0,0,0,rain (light),-6.054176,1.0741483,0.26921064,-0.008941345,-0.36260477,0.327574,0.23102401,0.4964191,0.20438261,0.31783915,0.17520896,0.22440286,0.13577385
11.0765295,10.520875,7.034811,0,0,0,00:00.0,00:00.0,uploads\b67551bc-3737-11f0-85b7-581122bb7f2c\20210419T080000+1000_REC_50.wav,False,0,0,0,0,0,0,0,0,0,0,0,0,rain (light),-6.0655246,0.8298995,0.25452277,0.18429601,-0.45487028,0.4935607,0.21785542,0.6148691,0.040815353,0.2470398,0.24648714,0.21771133,0.07993784
10.571819,10.435449,7.9251375,0,0,0,00:00.0,00:00.0,uploads\b67551bc-3737-11f0-85b7-581122bb7f2c\20210419T080000+1000_REC_52.wav,False,0,0,0,0,0,0,0,0,0,0,0,0,rain (light),-6.0236044,1.289538,-0.076889396,0.23401521,-0.22845998,0.27039245,-0.013885651,0.46541095,0.23401795,0.19121453,-0.081179276,0.2080041,0.34320906
10.990239,10.486582,7.084669,0,0,0,00:00.0,00:00.0,uploads\b67551bc-3737-11f0-85b7-581122bb7f2c\20210419T080000+1000_REC_53.wav,False,0,0,0,0,0,0,0,0,0,0,0,0,rain (light),-6.0430393,1.2280592,0.04295676,-0.07085404,-0.1983508,0.049297594,0.18183887,0.48446235,0.33907408,0.22634593,0.13353194,0.16987087,0.16061285
10.997236,10.48684,7.078497,0,0,0,00:00.0,00:00.0,uploads\b67551bc-3737-11f0-85b7-581122bb7f2c\20210419T080000+1000_REC_56.wav,False,0,0,0,0,0,0,0,0,0,0,0,0,rain (light),-6.024266,1.1608924,0.18833086,-0.21031034,-0.4424978,0.19731209,0.21637589,0.60899395,0.18953194,0.25293246,0.10561955,0.2458072,0.124127194
11.1858015,10.324065,7.0487823,0,0,0,00:00.0,00:00.0,uploads\b67551bc-3737-11f0-85b7-581122bb7f2c\20210419T080000+1000_REC_57.wav,False,0,0,0,0,0,0,0,0,0,0,0,0,rain (light),-6.0755587,0.9316702,0.38865188,-0.19449084,-0.25309527,0.33755735,0.10926514,0.4149678,0.09517406,0.3576371,0.12909448,0.22499016,0.09869381
11.047991,10.543915,7.001751,0,0,0,00:00.0,00:00.0,uploads\b67551bc-3737-11f0-85b7-581122bb7f2c\20210419T080000+1000_REC_59.wav,True,0,1,0,0,0,0,0,0,1,0,0,0,rain (light),-6.0582776,0.9214482,0.18669422,-0.39994353,-0.34666568,0.19751845,0.40056488,0.39474013,0.17292003,0.18216585,0.21100128,0.3458736,0.26860562
11.005213,10.485475,7.0858994,0,0,0,00:00.0,00:00.0,uploads\b67551bc-3737-11f0-85b7-581122bb7f2c\20210419T080000+1000_REC_60.wav,False,0,0,0,0,0,0,0,0,0,0,0,0,rain (light),-6.0539126,1.1339749,0.31138748,-0.14810425,-0.27563885,0.16980094,0.18466422,0.41785324,0.2720515,0.27361524,0.11088596,0.18470763,0.17508525
11.19417,10.375646,7.0942154,0,0,0,00:00.0,00:00.0,uploads\b67551bc-3737-11f0-85b7-581122bb7f2c\20210419T080000+1000_REC_63.wav,False,0,0,0,0,0,0,0,0,0,0,0,0,rain (light),-6.072208,0.56252784,0.43421084,-0.22749405,-0.36741358,0.6057055,0.13458611,0.5958323,0.039119396,0.4019622,0.12247343,0.1930176,0.05822368
11.074744,10.555424,6.9931245,0,0,0,00:00.0,00:00.0,uploads\b67551bc-3737-11f0-85b7-581122bb7f2c\20210419T080000+1000_REC_90.wav,False,0,0,0,0,0,0,0,0,0,0,0,0,rain (light),-6.0820804,0.72063166,0.31676227,-0.2588039,-0.32666305,0.30963796,0.2705631,0.55034375,0.048090085,0.22725153,0.110112876,0.34548536,0.31106713
11.0715685,10.538394,6.9990087,0,0,0,00:00.0,00:00.0,uploads\b67551bc-3737-11f0-85b7-581122bb7f2c\20210419T080000+1000_REC_97.wav,False,0,0,0,0,0,0,0,0,0,0,0,0,rain (light),-6.084058,0.6861601,0.26691988,-0.36708623,-0.28007114,0.28574327,0.33299518,0.51716727,0.14526604,0.32848418,0.15828243,0.3330506,0.18778686
10.632811,10.344312,7.8677635,0,0,0,00:00.0,00:00.0,uploads\b67551bc-3737-11f0-85b7-581122bb7f2c\20210419T080000+1000_REC_101.wav,False,0,0,0,0,0,0,0,0,0,0,0,0,rain (light),-6.0887947,0.938858,0.13535382,0.57486856,0.05297811,0.13866484,0.1459416,0.45270434,0.05562858,0.156797,0.19264244,0.19308403,0.12680215
10.584172,6.374468,5.7815857,0,0,0,00:00.0,00:00.0,uploads\b67551bc-3737-11f0-85b7-581122bb7f2c\20210419T080000+1000_REC_109.wav,False,0,0,0,0,0,0,0,0,0,0,0,0,rain (light),-6.1189265,0.40633044,0.014083109,-0.20768587,-0.14800887,0.40739965,0.54645205,0.33065212,0.18429522,0.123799644,0.12911417,0.28607303,0.13884409
11.171268,10.324482,7.103003,0,0,0,00:00.0,00:00.0,uploads\b67551bc-3737-11f0-85b7-581122bb7f2c\20210419T080000+1000_REC_110.wav,False,0,0,0,0,0,0,0,0,0,0,0,0,rain (light),-6.086844,0.54755706,0.5791114,-0.011673535,-0.32416585,0.33323163,0.020419981,0.6295616,0.20076372,0.42599124,0.21469057,0.17532226,0.097207785
10.916378,10.562934,7.0729284,0,0,0,00:00.0,00:00.0,uploads\b67551bc-3737-11f0-85b7-581122bb7f2c\20210419T080000+1000_REC_112.wav,True,0,1,0,0,0,0,0,0,1,0,0,0,rain (light),-6.0603027,1.1497319,0.14091404,0.057610035,-0.08450271,0.29817083,0.43905935,0.42203504,0.10684838,0.1197503,0.14855453,0.2241657,0.25367445
10.584214,6.363117,5.796948,0,0,0,00:00.0,00:00.0,uploads\b67551bc-3737-11f0-85b7-581122bb7f2c\20210419T080000+1000_REC_114.wav,False,0,0,0,0,0,0,0,0,0,0,0,0,rain (light),-6.142812,0.34552518,0.11201573,-0.07213545,0.02380419,0.34530273,0.41662982,0.31418455,0.084443375,0.19488248,0.09126209,0.28593993,0.23717575
11.649982,9.423178,6.886906,0,0,0,00:00.0,00:00.0,uploads\b67551bc-3737-11f0-85b7-581122bb7f2c\20210419T080000+1000_REC_115.wav,True,0,1,0,0,0,0,0,0,0,0,0,0,rain (light),-6.120989,0.66676396,0.31714392,-0.13265619,-0.040886637,0.23840907,0.2569477,0.36933,0.21198255,0.3466431,0.19980069,0.19951117,0.014227453
10.514955,10.4935,7.70951,0,0,0,00:00.0,00:00.0,uploads\b67551bc-3737-11f0-85b7-581122bb7f2c\20210419T080000+1000_REC_116.wav,True,0,1,0,0,1,0,0,0,0,0,0,0,rain (light),-6.0857015,1.0752892,0.16559558,0.34242758,0.042304303,0.21821752,0.21913938,0.30824035,0.11331953,0.23456931,0.1256539,0.1680809,0.20703202
10.976225,10.420626,7.177123,0,0,0,00:00.0,00:00.0,uploads\b67551bc-3737-11f0-85b7-581122bb7f2c\20210419T080000+1000_REC_117.wav,False,0,0,0,0,0,0,0,0,0,0,0,0,rain (light),-6.076249,1.0913508,0.28703344,0.07229564,-0.12713896,0.20334364,0.26338032,0.41604677,0.1398606,0.24864522,0.09716394,0.10084298,0.11719663
11.822256,10.01316,7.8751116,0,0,0,00:00.0,00:00.0,uploads\b67551bc-3737-11f0-85b7-581122bb7f2c\20210419T080000+1000_REC_124.wav,False,0,0,0,0,0,0,0,0,0,0,0,0,rain (light),-6.056181,1.1343132,0.51872283,0.15962802,-0.056419905,0.29596415,0.08871073,0.41951326,0.054470453,0.30842853,-0.005966922,0.2312995,0.069709875
11.47368,10.041781,8.638414,0,0,0,00:00.0,00:00.0,uploads\b67551bc-3737-11f0-85b7-581122bb7f2c\20210419T080000+1000_REC_128.wav,False,0,0,0,0,0,0,0,0,0,0,0,0,rain (light),-6.0097847,1.3365859,0.33939043,0.56366205,-0.1356488,0.2890847,0.09731082,0.41549408,-0.0653808,0.26626453,0.11237556,0.17586327,0.17871854
11.085387,10.485633,7.0227013,0,0,0,00:00.0,00:00.0,uploads\b67551bc-3737-11f0-85b7-581122bb7f2c\20210419T080000+1000_REC_129.wav,False,0,0,0,0,0,0,0,0,0,0,0,0,rain (light),-6.092048,0.82791454,0.33408114,0.019579709,-0.2970261,0.39749494,0.2464631,0.4553191,0.109321,0.2480207,0.2080564,0.22327264,0.1263229
11.861996,9.9780655,7.8704567,0,0,0,00:00.0,00:00.0,uploads\b67551bc-3737-11f0-85b7-581122bb7f2c\20210419T080000+1000_REC_131.wav,False,0,0,0,0,0,0,0,0,0,0,0,0,rain (light),-6.077072,1.0194058,0.4983428,0.20760903,-0.11434004,0.25489828,-0.020547645,0.34613356,0.021668714,0.23927705,-0.03324823,0.17622635,0.15966606
11.514885,10.062079,6.837453,0,0,0,00:00.0,00:00.0,uploads\b67551bc-3737-11f0-85b7-581122bb7f2c\20210419T080000+1000_REC_140.wav,False,0,0,0,0,0,0,0,0,0,0,0,0,rain (light),-6.0811915,0.8119725,0.52640617,-0.16843405,-0.11159484,0.3067675,0.0480232,0.48935795,0.10165821,0.44906437,0.14681226,0.23931384,-0.033019356
11.305876,10.245469,8.311207,0,0,0,00:00.0,00:00.0,uploads\b67551bc-3737-11f0-85b7-581122bb7f2c\20210419T080000+1000_REC_150.wav,False,0,0,0,0,0,0,0,0,0,0,0,0,rain (light),-6.0536566,1.028112,0.1771871,0.5567609,-0.061795607,0.29932785,0.03141583,0.5650403,0.02091692,0.4260796,0.028804136,0.28483352,0.17915864
11.626466,8.350437,7.5490055,0,0,0,00:00.0,00:00.0,uploads\b67551bc-3737-11f0-85b7-581122bb7f2c\20210419T080000+1000_REC_168.wav,False,0,0,0,0,0,0,0,0,0,0,0,0,rain (light),-6.089102,0.827001,-0.023997558,0.5324797,0.23030485,0.23913164,-0.024367433,0.5013375,-0.030778749,0.4182134,0.09956561,0.1749385,0.20627938
11.269178,10.22197,8.420771,0,0,0,00:00.0,00:00.0,uploads\b67551bc-3737-11f0-85b7-581122bb7f2c\20210419T080000+1000_REC_170.wav,False,0,0,0,0,0,0,0,0,0,0,0,0,rain (light),-6.085357,0.62018716,-0.012924589,0.4509095,-0.14798266,0.30243725,-0.05707944,0.7927031,-0.025184024,0.3537558,0.08715014,0.058189277,0.15719035
10.92352,9.903729,8.128879,0,0,0,00:00.0,00:00.0,uploads\b67551bc-3737-11f0-85b7-581122bb7f2c\20210419T080000+1000_REC_171.wav,False,0,0,0,0,0,0,0,0,0,0,0,0,rain (light),-6.1067543,0.68730456,0.038004156,0.4043474,-0.1922937,0.28883767,0.043878112,0.5892425,0.06869687,0.19613943,0.15237391,0.21849284,0.18922901
10.589533,10.478678,7.8582363,0,0,0,00:00.0,00:00.0,uploads\b67551bc-3737-11f0-85b7-581122bb7f2c\20210419T080000+1000_REC_180.wav,False,0,0,0,0,0,0,0,0,0,0,0,0,rain (light),-6.08562,0.97616464,0.4101426,0.3202385,0.07634767,0.3162627,0.1024346,0.38807282,0.10620982,0.2926628,0.04578304,0.26555896,0.2327094
11.546411,9.951679,8.549711,0,0,0,00:00.0,00:00.0,uploads\b67551bc-3737-11f0-85b7-581122bb7f2c\20210419T080000+1000_REC_181.wav,True,0,1,0,0,0,0,0,0,0,0,0,0,rain (light),-6.0396676,0.92400193,0.4335266,0.38631544,-0.10483327,0.5615507,-0.1287908,0.5914133,-0.17256796,0.51819336,0.10803264,0.12978356,0.2513802
11.794464,10.090893,7.8422747,0,0,0,00:00.0,00:00.0,uploads\b67551bc-3737-11f0-85b7-581122bb7f2c\20210419T080000+1000_REC_182.wav,False,0,0,0,0,0,0,0,0,0,0,0,0,rain (light),-6.0694113,1.1088203,0.32949772,0.28386545,0.05270475,0.27687234,0.06038688,0.40975446,0.09550998,0.29417452,-0.015449528,0.3014913,0.12126994
10.585054,10.46789,7.8633533,0,0,0,00:00.0,00:00.0,uploads\b67551bc-3737-11f0-85b7-581122bb7f2c\20210419T080000+1000_REC_183.wav,False,0,0,0,0,0,0,0,0,0,0,0,0,rain (light),-6.054405,1.1167805,0.34642574,0.2168497,-0.085468516,0.43629733,0.05605009,0.50555,0.074374184,0.27559108,0.033947725,0.25278667,0.27733424
11.145844,10.292762,7.294812,0,0,0,00:00.0,00:00.0,uploads\b67551bc-3737-11f0-85b7-581122bb7f2c\20210419T080000+1000_REC_184.wav,False,0,0,0,0,0,0,0,0,0,0,0,0,rain (light),-6.0648417,1.0069114,0.12535562,0.22303179,-0.15498683,0.24295,0.20386234,0.7340658,0.14463015,0.2576198,0.026254635,0.20442206,0.120816655
10.503208,10.502698,7.845522,0,0,0,00:00.0,00:00.0,uploads\b67551bc-3737-11f0-85b7-581122bb7f2c\20210419T080000+1000_REC_187.wav,False,0,0,0,0,0,0,0,0,0,0,0,0,rain (light),-6.0525107,1.1880273,0.41500536,0.38287252,-0.019453172,0.2839097,0.13499735,0.32980123,0.15984458,0.2621419,0.1588788,0.26342204,0.18882066
11.456606,8.501343,7.4480405,0,0,0,00:00.0,00:00.0,uploads\b67551bc-3737-11f0-85b7-581122bb7f2c\20210419T080000+1000_REC_188.wav,False,0,0,0,0,0,0,0,0,0,0,0,0,rain (light),-6.0950346,0.82427883,0.4458109,0.2767939,0.14334062,0.46892336,0.06932814,0.3611388,0.055149056,0.41764444,0.19715334,0.22570245,0.10503465
10.644099,7.278314,6.0372243,0,0,0,00:00.0,00:00.0,uploads\b67551bc-3737-11f0-85b7-581122bb7f2c\20210419T080000+1000_REC_189.wav,False,0,0,0,0,0,0,0,0,0,0,0,0,rain (light),-6.135935,0.16174082,0.02782443,0.53033876,0.2993066,-0.017748881,0.35844183,0.37060702,0.028437695,0.21397103,0.34004587,0.09695772,0.15839125
11.898221,10.152014,7.13161,0,0,0,00:00.0,00:00.0,uploads\b67551bc-3737-11f0-85b7-581122bb7f2c\20210419T080000+1000_REC_190.wav,False,0,0,0,0,0,0,0,0,0,0,0,0,rain (light),-6.0436006,0.9896363,0.68266934,0.45741445,0.1610226,0.48940212,0.0967141,0.47250706,0.0010785161,0.3403718,0.054808803,0.2006514,0.075436465
11.973875,10.146784,7.180838,0,0,0,00:00.0,00:00.0,uploads\b67551bc-3737-11f0-85b7-581122bb7f2c\20210419T080000+1000_REC_191.wav,False,0,0,0,0,0,0,0,0,0,0,0,0,rain (light),-6.0314484,0.9685802,0.8220592,0.48284635,0.15279034,0.49670437,0.13585147,0.41812348,0.022158578,0.31823263,-0.06015309,0.20184511,0.0026481403
12.625524,7.6587706,8.1617985,0,0,0,00:00.0,00:00.0,uploads\b67551bc-3737-11f0-85b7-581122bb7f2c\20210419T080000+1000_REC_192.wav,False,0,0,0,0,0,0,0,0,0,0,0,0,rain (light),-6.035993,1.043397,0.6617955,0.24677697,0.45550868,0.62342674,0.15955879,0.19653009,-0.034039598,0.3436563,0.06418888,0.051236432,-0.014186836
12.771006,7.8363204,8.324401,0,0,0,00:00.0,00:00.0,uploads\b67551bc-3737-11f0-85b7-581122bb7f2c\20210419T080000+1000_REC_193.wav,False,0,0,0,0,0,0,0,0,0,0,0,0,rain (light),-6.0621758,0.83504975,0.79872274,0.4141098,0.32345644,0.4670269,0.20664936,0.36661676,0.009171521,0.17928338,0.041219346,0.0950798,0.08433081
12.770239,7.8170652,8.311363,0,0,0,00:00.0,00:00.0,uploads\b67551bc-3737-11f0-85b7-581122bb7f2c\20210419T080000+1000_REC_194.wav,False,0,0,0,0,0,0,0,0,0,0,0,0,rain (light),-6.040164,0.986931,0.85187274,0.4682422,0.3090409,0.3829071,0.20463869,0.30470917,0.055130903,0.1434276,-0.0007585386,0.06447967,0.040361222
12.7787485,7.8194003,8.311766,0,0,0,00:00.0,00:00.0,uploads\b67551bc-3737-11f0-85b7-581122bb7f2c\20210419T080000+1000_REC_195.wav,False,0,0,0,0,0,0,0,0,0,0,0,0,rain (light),-6.039716,0.9448111,0.88967973,0.4728013,0.38192433,0.3657023,0.17167008,0.28021884,0.02144589,0.11846407,-0.023734609,0.064966016,0.04051034
12.633881,7.6504035,8.162756,0,0,0,00:00.0,00:00.0,uploads\b67551bc-3737-11f0-85b7-581122bb7f2c\20210419T080000+1000_REC_196.wav,False,0,0,0,0,0,0,0,0,0,0,0,0,rain (light),-5.9944525,1.3464882,0.5941529,0.29300085,0.46116146,0.545109,0.19673172,0.005923561,-0.001147315,0.18907261,0.07307247,-0.039942924,-0.059277225
12.794067,7.8129506,8.317221,0,0,0,00:00.0,00:00.0,uploads\b67551bc-3737-11f0-85b7-581122bb7f2c\20210419T080000+1000_REC_197.wav,False,0,0,0,0,0,0,0,0,0,0,0,0,rain (light),-6.003572,1.2328207,0.85799116,0.39451542,0.2924804,0.34675625,0.19618641,0.27045757,0.010186833,0.0820625,-0.07332039,0.07023851,-0.016797366
12.777478,7.8500047,8.309898,0,0,0,00:00.0,00:00.0,uploads\b67551bc-3737-11f0-85b7-581122bb7f2c\20210419T080000+1000_REC_198.wav,False,0,0,0,0,0,0,0,0,0,0,0,0,rain (light),-6.011192,1.0268792,0.92392856,0.4129286,0.22154638,0.50248307,0.031681444,0.42557892,-0.10644971,0.21435079,-0.11663443,0.08166451,-0.024024015
12.636035,7.6530104,8.166312,0,0,0,00:00.0,00:00.0,uploads\b67551bc-3737-11f0-85b7-581122bb7f2c\20210419T080000+1000_REC_199.wav,False,0,0,0,0,0,0,0,0,0,0,0,0,rain (light),-5.9947095,1.3107789,0.6073273,0.27733958,0.4717777,0.5800046,0.2212518,-0.0037958855,-0.005910923,0.20487046,0.08462144,-0.047342107,-0.12341683
12.784827,7.812718,8.310199,0,0,0,00:00.0,00:00.0,uploads\b67551bc-3737-11f0-85b7-581122bb7f2c\20210419T080000+1000_REC_200.wav,False,0,0,0,0,0,0,0,0,0,0,0,0,rain (light),-6.0054283,1.2189194,0.8202416,0.4529267,0.32175308,0.34122774,0.30403024,0.21489137,0.05325002,-0.013697714,-0.058514357,0.016378429,0.02469928
12.746555,7.774184,8.28527,0,0,0,00:00.0,00:00.0,uploads\b67551bc-3737-11f0-85b7-581122bb7f2c\20210419T080000+1000_REC_201.wav,False,0,0,0,0,0,0,0,0,0,0,0,0,rain (light),-6.028438,1.0977142,0.78112423,0.49706727,0.33594316,0.32525414,0.2727478,0.3195261,0.07436956,0.17975737,0.05140033,0.04040337,0.029429438
12.671553,7.6830354,8.199759,0,0,0,00:00.0,00:00.0,uploads\b67551bc-3737-11f0-85b7-581122bb7f2c\20210419T080000+1000_REC_202.wav,False,0,0,0,0,0,0,0,0,0,0,0,0,rain (light),-6.042683,1.1684767,0.56350446,0.39339396,0.33892456,0.42166632,0.2564235,0.17658754,0.16358636,0.14534597,0.08124042,-0.0015568258,0.042589225
12.740646,7.754414,8.271914,0,0,0,00:00.0,00:00.0,uploads\b67551bc-3737-11f0-85b7-581122bb7f2c\20210419T080000+1000_REC_203.wav,False,0,0,0,0,0,0,0,0,0,0,0,0,rain (light),-6.056777,1.0209506,0.67558223,0.46799195,0.2925807,0.3584874,0.23689006,0.27023983,0.1595959,0.16797687,0.09243785,0.10595983,0.06397105
12.74527,7.78474,8.284329,0,0,0,00:00.0,00:00.0,uploads\b67551bc-3737-11f0-85b7-581122bb7f2c\20210419T080000+1000_REC_204.wav,False,0,0,0,0,0,0,0,0,0,0,0,0,rain (light),-6.0605454,0.96452487,0.71586645,0.36954972,0.28239918,0.39843652,0.23807949,0.3633255,0.05433612,0.21581754,0.03493308,0.110689595,0.040474795
12.705705,7.7190785,8.235949,0,0,0,00:00.0,00:00.0,uploads\b67551bc-3737-11f0-85b7-581122bb7f2c\20210419T080000+1000_REC_205.wav,False,0,0,0,0,0,0,0,0,0,0,0,0,rain (light),-6.0506263,1.0903312,0.61127377,0.42521515,0.22860844,0.40594637,0.29757026,0.26943457,0.1802111,0.21059419,0.05898927,0.0685522,0.023847718
12.549308,7.6968875,8.111864,0,0,0,00:00.0,00:00.0,uploads\b67551bc-3737-11f0-85b7-581122bb7f2c\20210419T080000+1000_REC_206.wav,False,0,0,0,0,0,0,0,0,0,0,0,0,rain (light),-6.020386,1.2547938,0.35384163,0.36499602,0.17425403,0.6263913,0.08166791,0.2790934,0.06140911,0.4356932,0.20833719,0.14573573,0.023280462
10.288291,10.6099615,7.8525076,0,0,0,00:00.0,00:00.0,uploads\b67551bc-3737-11f0-85b7-581122bb7f2c\20210419T080000+1000_REC_207.wav,False,0,0,0,0,0,0,0,0,0,0,0,0,rain (light),-6.0532875,1.0427806,0.43303153,0.60792047,0.14597309,0.38921386,0.15978627,0.4338837,0.16289651,0.27968973,0.10974771,0.22938325,0.07739124
10.258039,10.633517,7.8707666,0,0,0,00:00.0,00:00.0,uploads\b67551bc-3737-11f0-85b7-581122bb7f2c\20210419T080000+1000_REC_208.wav,False,0,0,0,0,0,0,0,0,0,0,0,0,rain (light),-6.058307,0.9576982,0.5909423,0.51097965,0.21983561,0.40927237,0.20119783,0.42870867,0.15607502,0.32557943,0.12695439,0.21488655,0.04783919
10.293765,10.609859,7.844057,0,0,0,00:00.0,00:00.0,uploads\b67551bc-3737-11f0-85b7-581122bb7f2c\20210419T080000+1000_REC_209.wav,False,0,0,0,0,0,0,0,0,0,0,0,0,rain (light),-6.0337505,1.1562363,0.42316547,0.57430553,0.0822389,0.4713892,0.181025,0.39420238,0.20481488,0.28840402,0.18517776,0.1934304,0.12513568
10.296843,10.607645,7.843469,0,0,0,00:00.0,00:00.0,uploads\b67551bc-3737-11f0-85b7-581122bb7f2c\20210419T080000+1000_REC_210.wav,False,0,0,0,0,0,0,0,0,0,0,0,0,rain (light),-6.077025,0.92525625,0.45613545,0.49583957,0.19414444,0.39153802,0.19253601,0.39273116,0.1817658,0.29205763,0.15028045,0.2358337,0.15848407
11.699223,10.0471325,6.938534,0,0,0,00:00.0,00:00.0,uploads\b67551bc-3737-11f0-85b7-581122bb7f2c\20210419T080000+1000_REC_211.wav,True,0,1,0,0,0,0,0,0,1,0,0,0,rain (light),-6.0535083,0.9864427,0.4772162,0.32612318,-0.021106273,0.4715462,0.124171115,0.6507121,0.10686451,0.35687482,0.030862844,0.20939155,0.109263554
10.306327,10.607611,7.837545,0,0,0,00:00.0,00:00.0,uploads\b67551bc-3737-11f0-85b7-581122bb7f2c\20210419T080000+1000_REC_212.wav,False,0,0,0,0,0,0,0,0,0,0,0,0,rain (light),-6.076697,0.93283516,0.37775555,0.5147494,0.13211903,0.4150622,0.1349834,0.4347793,0.1800438,0.2854865,0.12838829,0.27705783,0.1257942
10.27845,10.615497,7.854351,0,0,0,00:00.0,00:00.0,uploads\b67551bc-3737-11f0-85b7-581122bb7f2c\20210419T080000+1000_REC_213.wav,True,0,1,0,0,0,0,0,0,0,0,0,0,rain (light),-6.0778503,0.8317086,0.45302474,0.50761294,0.1965664,0.5390851,0.15970476,0.46446404,0.13906701,0.3005597,0.107147284,0.1851415,0.10920283
10.375991,10.568932,7.794675,0,0,0,00:00.0,00:00.0,uploads\b67551bc-3737-11f0-85b7-581122bb7f2c\20210419T080000+1000_REC_214.wav,True,0,1,0,0,0,0,0,0,1,0,0,0,rain (light),-6.082821,0.9494759,0.3587289,0.4194792,0.048695393,0.40897116,0.21243033,0.43051025,0.19415139,0.27531213,0.12529717,0.18597785,0.1412723
10.485435,10.564747,7.8263965,0,0,0,00:00.0,00:00.0,uploads\b67551bc-3737-11f0-85b7-581122bb7f2c\20210419T080000+1000_REC_215.wav,False,0,0,0,0,0,0,0,0,0,0,0,0,rain (light),-6.0943885,0.8069871,0.42723498,0.37974915,0.119618334,0.43633038,0.17891026,0.42612076,0.084121145,0.32974386,0.090103246,0.31160948,0.1848708
10.385832,10.599007,7.811717,0,0,0,00:00.0,00:00.0,uploads\b67551bc-3737-11f0-85b7-581122bb7f2c\20210419T080000+1000_REC_216.wav,False,0,0,0,0,0,0,0,0,0,0,0,0,rain (light),-6.084212,0.86096245,0.3821593,0.4808083,0.03841991,0.45647386,0.14669552,0.44751066,0.16163775,0.30535096,0.16557705,0.25142193,0.19154866
10.431774,10.56448,7.767389,0,0,0,00:00.0,00:00.0,uploads\b67551bc-3737-11f0-85b7-581122bb7f2c\20210419T080000+1000_REC_219.wav,False,0,0,0,0,0,0,0,0,0,0,0,0,rain (light),-6.08668,0.93484926,0.24161918,0.27282807,0.11206997,0.45807672,0.2009797,0.37772018,0.13784017,0.3361479,0.27721864,0.32477292,0.18562411
10.379431,10.621717,7.846186,0,0,0,00:00.0,00:00.0,uploads\b67551bc-3737-11f0-85b7-581122bb7f2c\20210419T080000+1000_REC_221.wav,False,0,0,0,0,0,0,0,0,0,0,0,0,rain (light),-6.067877,0.8616256,0.30466843,0.4943809,-0.08126912,0.63959855,0.10297197,0.44112998,0.1497701,0.30682513,0.268247,0.23325965,0.2654322
10.580615,10.489672,7.791268,0,0,0,00:00.0,00:00.0,uploads\b67551bc-3737-11f0-85b7-581122bb7f2c\20210419T080000+1000_REC_222.wav,False,0,0,0,0,0,0,0,0,0,0,0,0,rain (light),-6.069553,0.981419,0.27205104,0.4043546,-0.11924224,0.4104676,0.1355473,0.52126133,0.13286147,0.36934605,0.16295572,0.25584415,0.12641609
10.506684,10.510141,7.8204484,0,0,0,00:00.0,00:00.0,uploads\b67551bc-3737-11f0-85b7-581122bb7f2c\20210419T080000+1000_REC_223.wav,False,0,0,0,0,0,0,0,0,0,0,0,0,rain (light),-6.0727654,1.0048933,0.28071827,0.47400418,-0.045814965,0.3767212,0.10996708,0.41091564,0.119736336,0.34800246,0.13282114,0.25366518,0.21239562
10.411382,10.556023,7.7787604,0,0,0,00:00.0,00:00.0,uploads\b67551bc-3737-11f0-85b7-581122bb7f2c\20210419T080000+1000_REC_225.wav,True,0,1,0,0,0,0,0,0,1,0,0,0,rain (light),-6.068499,1.031616,0.26663926,0.47870073,0.0499841,0.40245402,0.24651317,0.409222,0.16372263,0.32347962,0.15764596,0.23224667,0.17754506
10.442793,10.565476,7.751964,0,0,0,00:00.0,00:00.0,uploads\b67551bc-3737-11f0-85b7-581122bb7f2c\20210419T080000+1000_REC_229.wav,False,0,0,0,0,0,0,0,0,0,0,0,0,rain (light),-6.09127,0.9760915,0.13662422,0.23581561,0.11998423,0.42457056,0.18030928,0.19066449,0.18666975,0.388919,0.3021589,0.22499678,0.1519051
11.456017,8.503878,7.4511657,0,0,0,00:00.0,00:00.0,uploads\b67551bc-3737-11f0-85b7-581122bb7f2c\20210419T080000+1000_REC_230.wav,False,0,0,0,0,0,0,0,0,0,0,0,0,rain (light),-6.075982,0.92652243,0.37233278,0.3310636,0.0672183,0.47990942,0.06581767,0.42961684,0.05441498,0.44934243,0.19131242,0.30925694,0.12252643
10.477178,10.529658,7.7968984,0,0,0,00:00.0,00:00.0,uploads\b67551bc-3737-11f0-85b7-581122bb7f2c\20210419T080000+1000_REC_233.wav,False,0,0,0,0,0,0,0,0,0,0,0,0,rain (light),-6.0850124,0.84851,0.35478985,0.3819426,-0.024649298,0.44874778,0.13491474,0.51299983,0.14262463,0.35680822,0.16903965,0.27560526,0.21896417
10.421866,10.567452,7.7674794,0,0,0,00:00.0,00:00.0,uploads\b67551bc-3737-11f0-85b7-581122bb7f2c\20210419T080000+1000_REC_234.wav,False,0,0,0,0,0,0,0,0,0,0,0,0,rain (light),-6.0913873,0.86805683,0.24487299,0.48254266,0.022178093,0.36541173,0.21474229,0.403903,0.17598894,0.29821518,0.1698443,0.3274487,0.21097541
10.414441,10.577977,7.7529316,0,0,0,00:00.0,00:00.0,uploads\b67551bc-3737-11f0-85b7-581122bb7f2c\20210419T080000+1000_REC_235.wav,False,0,0,0,0,0,0,0,0,0,0,0,0,rain (light),-6.102331,0.8561175,0.30819646,0.37599963,0.07420187,0.36048192,0.16832554,0.3518303,0.19569303,0.29460418,0.22344957,0.23368487,0.21011624
10.443788,10.561038,7.751479,0,0,0,00:00.0,00:00.0,uploads\b67551bc-3737-11f0-85b7-581122bb7f2c\20210419T080000+1000_REC_237.wav,False,0,0,0,0,0,0,0,0,0,0,0,0,rain (light),-6.086429,0.99699765,0.22104236,0.2618283,0.03635422,0.41086236,0.25961098,0.32677597,0.118690155,0.22955243,0.19673009,0.28244194,0.28541413
10.567643,6.3747897,5.8156166,0,0,0,00:00.0,00:00.0,uploads\b67551bc-3737-11f0-85b7-581122bb7f2c\20210419T080000+1000_REC_238.wav,False,0,0,0,0,0,0,0,0,0,0,0,0,rain (light),-6.124921,0.6578357,0.16090712,0.043745358,0.13945843,0.43517712,0.3894802,0.2257323,0.06800274,0.20999074,0.2855614,0.29461303,0.23157252
10.51902,10.462745,7.7981296,0,0,0,00:00.0,00:00.0,uploads\b67551bc-3737-11f0-85b7-581122bb7f2c\20210419T080000+1000_REC_239.wav,False,0,0,0,0,0,0,0,0,0,0,0,0,rain (light),-6.085645,0.9338688,0.22715008,0.32503736,-0.056215234,0.3621905,0.23674016,0.50757194,0.15685165,0.34863174,0.1324751,0.19781122,0.20658211
11.462847,7.008629,6.6270885,0,0,0,00:00.0,00:00.0,uploads\b67551bc-3737-11f0-85b7-581122bb7f2c\20210419T080000+1000_REC_240.wav,False,0,0,0,0,0,0,0,0,0,0,0,0,rain (light),-6.06207,0.9882616,0.18280225,0.16451178,0.055349067,0.62975067,0.16604577,0.3674426,-0.0069530485,0.45695,0.27935442,0.3737314,0.18827337
10.439509,10.551407,7.7762375,0,0,0,00:00.0,00:00.0,uploads\b67551bc-3737-11f0-85b7-581122bb7f2c\20210419T080000+1000_REC_242.wav,False,0,0,0,0,0,0,0,0,0,0,0,0,rain (light),-6.0669155,1.0930088,0.17193894,0.27966255,-0.021067653,0.4419634,0.23825768,0.41633686,0.083948955,0.30375624,0.2423202,0.23863284,0.14735438
10.438104,10.558468,7.7570915,0,0,0,00:00.0,00:00.0,uploads\b67551bc-3737-11f0-85b7-581122bb7f2c\20210419T080000+1000_REC_244.wav,False,0,0,0,0,0,0,0,0,0,0,0,0,rain (light),-6.08188,1.0000657,0.23304214,0.40702108,0.049204905,0.34970418,0.14462675,0.36235797,0.18450516,0.3324649,0.2196073,0.2838303,0.168046
10.54868,10.464379,7.8350425,0,0,0,00:00.0,00:00.0,uploads\b67551bc-3737-11f0-85b7-581122bb7f2c\20210419T080000+1000_REC_246.wav,False,0,0,0,0,0,0,0,0,0,0,0,0,rain (light),-6.046027,1.1572047,0.3296802,0.27701733,-0.113141425,0.3738585,0.16443828,0.52077407,0.15776171,0.32599515,0.088838935,0.31866187,0.17789553
10.515917,10.476978,7.8121467,0,0,0,00:00.0,00:00.0,uploads\b67551bc-3737-11f0-85b7-581122bb7f2c\20210419T080000+1000_REC_248.wav,False,0,0,0,0,0,0,0,0,0,0,0,0,rain (light),-6.074258,1.0527319,0.20783721,0.21528678,0.014430399,0.41742668,0.22143795,0.44630352,0.1698837,0.31091377,0.08927776,0.2783989,0.20346592
10.260754,10.61668,7.875881,0,0,0,00:00.0,00:00.0,uploads\b67551bc-3737-11f0-85b7-581122bb7f2c\20210419T080000+1000_REC_250.wav,False,0,0,0,0,0,0,0,0,0,0,0,0,rain (light),-6.0720286,0.95251924,0.44974026,0.5351343,0.25724196,0.43030512,0.22290617,0.35877687,0.19369814,0.21944438,0.1204662,0.18069416,0.09975565
12.425529,7.5895047,8.0398445,0,0,0,00:00.0,00:00.0,uploads\b67551bc-3737-11f0-85b7-581122bb7f2c\20210419T080000+1000_REC_251.wav,True,0,1,0,0,0,0,0,0,1,0,0,0,rain (light),-6.068919,1.0290289,0.19398235,0.18343806,0.4323453,0.59326583,0.17831329,0.09870257,0.15688129,0.3776258,0.19540991,0.067263365,0.031882994
12.613238,7.673696,8.154528,0,0,0,00:00.0,00:00.0,uploads\b67551bc-3737-11f0-85b7-581122bb7f2c\20210419T080000+1000_REC_252.wav,False,0,0,0,0,0,0,0,0,0,0,0,0,rain (light),-6.0116944,1.3502982,0.35692772,0.47442448,0.23697302,0.47468045,0.16003674,0.2275802,0.15971804,0.32973942,0.17249404,0.08519655,-0.010727202
12.665533,7.6800294,8.193701,0,0,0,00:00.0,00:00.0,uploads\b67551bc-3737-11f0-85b7-581122bb7f2c\20210419T080000+1000_REC_254.wav,False,0,0,0,0,0,0,0,0,0,0,0,0,rain (light),-6.020903,1.241559,0.53324604,0.5650452,0.34116247,0.4490665,0.18445906,0.13316388,0.08520659,0.18011329,0.10584863,0.020981122,0.0034146202
12.673969,7.6843266,8.200705,0,0,0,00:00.0,00:00.0,uploads\b67551bc-3737-11f0-85b7-581122bb7f2c\20210419T080000+1000_REC_255.wav,False,0,0,0,0,0,0,0,0,0,0,0,0,rain (light),-6.0373025,1.2279806,0.4139407,0.4317784,0.32103685,0.28876626,0.28530702,0.20122638,0.09430582,0.2565154,0.19854477,-0.12601376,-0.06625381
12.673868,7.6906095,8.202644,0,0,0,00:00.0,00:00.0,uploads\b67551bc-3737-11f0-85b7-581122bb7f2c\20210419T080000+1000_REC_256.wav,False,0,0,0,0,0,0,0,0,0,0,0,0,rain (light),-6.0174837,1.3217331,0.6315569,0.40876067,0.24660741,0.26272273,0.21566013,0.211204,0.15982088,0.16055559,0.12031894,0.047834516,0.028793333
12.71946,7.734079,8.248794,0,0,0,00:00.0,00:00.0,uploads\b67551bc-3737-11f0-85b7-581122bb7f2c\20210419T080000+1000_REC_257.wav,False,0,0,0,0,0,0,0,0,0,0,0,0,rain (light),-6.0413184,1.1664957,0.64224076,0.27293634,0.21404524,0.340404,0.38606083,0.30642158,0.1480336,0.06534573,0.023826988,0.04529184,0.042061586
12.684505,7.695889,8.2132,0,0,0,00:00.0,00:00.0,uploads\b67551bc-3737-11f0-85b7-581122bb7f2c\20210419T080000+1000_REC_258.wav,False,0,0,0,0,0,0,0,0,0,0,0,0,rain (light),-6.053577,1.0540748,0.58787096,0.48375884,0.41814616,0.35374105,0.29944557,0.13097923,0.018782157,0.12221639,0.17044196,0.06067783,0.029661175
12.594428,7.652856,8.144379,0,0,0,00:00.0,00:00.0,uploads\b67551bc-3737-11f0-85b7-581122bb7f2c\20210419T080000+1000_REC_260.wav,False,0,0,0,0,0,0,0,0,0,0,0,0,rain (light),-6.065715,1.0310831,0.3960525,0.31572485,0.33911115,0.59744555,0.1729054,0.1722757,0.10125595,0.31205577,0.1587086,0.028412273,0.057337906
12.706607,7.721424,8.237422,0,0,0,00:00.0,00:00.0,uploads\b67551bc-3737-11f0-85b7-581122bb7f2c\20210419T080000+1000_REC_261.wav,False,0,0,0,0,0,0,0,0,0,0,0,0,rain (light),-6.067279,0.9075792,0.4638281,0.6708204,0.4429328,0.28504956,0.30569664,0.27186474,0.20819357,0.10070668,0.07810564,0.096228465,0.066301785
12.784197,7.9571843,8.404801,0,0,0,00:00.0,00:00.0,uploads\b67551bc-3737-11f0-85b7-581122bb7f2c\20210419T080000+1000_REC_262.wav,False,0,0,0,0,0,0,0,0,0,0,0,0,rain (light),-6.0821724,0.659015,0.7184389,0.5181971,0.35280856,0.43487176,0.16100119,0.35151687,-0.022202069,0.2697564,0.02260724,0.06920243,0.17164299
12.688912,7.7139153,8.224393,0,0,0,00:00.0,00:00.0,uploads\b67551bc-3737-11f0-85b7-581122bb7f2c\20210419T080000+1000_REC_263.wav,False,0,0,0,0,0,0,0,0,0,0,0,0,rain (light),-6.0686493,1.0193144,0.5406734,0.3956651,0.2919814,0.40122536,0.25814253,0.2382751,0.14483641,0.2400829,0.18996295,0.1254497,0.06637443
12.726511,7.7486944,8.259278,0,0,0,00:00.0,00:00.0,uploads\b67551bc-3737-11f0-85b7-581122bb7f2c\20210419T080000+1000_REC_264.wav,False,0,0,0,0,0,0,0,0,0,0,0,0,rain (light),-6.0576053,1.021797,0.5691536,0.33284715,0.22803353,0.47427163,0.41283032,0.37874433,0.09369951,0.103835285,0.03410925,0.12251848,0.16268411
12.681242,7.704565,8.216364,0,0,0,00:00.0,00:00.0,uploads\b67551bc-3737-11f0-85b7-581122bb7f2c\20210419T080000+1000_REC_265.wav,True,0,1,0,0,0,0,0,0,1,1,0,0,rain (light),-6.0692463,0.9855696,0.49670458,0.4635684,0.33214548,0.45141354,0.26027843,0.25269902,0.17204775,0.2128421,0.15040565,0.08183634,0.060230445
12.513632,9.213013,9.032841,0,0,0,00:00.0,00:00.0,uploads\b67551bc-3737-11f0-85b7-581122bb7f2c\20210419T100000+1000_REC_29.wav,False,0,0,0,0,0,0,0,0,0,0,0,0,rain (light),-5.9935293,1.3427182,0.6393955,0.6685299,0.22084682,0.28693238,0.22814637,0.21221347,0.09468749,0.08650314,0.047519352,0.012847632,0.090241656
12.462737,9.290467,9.020427,0,0,0,00:00.0,00:00.0,uploads\b67551bc-3737-11f0-85b7-581122bb7f2c\20210419T100000+1000_REC_31.wav,False,0,0,0,0,0,0,0,0,0,0,0,0,rain (light),-5.984362,1.390307,0.6414237,0.70562756,0.09853888,0.26056698,0.14823824,0.17675996,0.061009344,0.09389272,0.07586572,0.096930906,0.1208668
12.837271,8.899642,9.046746,0,0,0,00:00.0,00:00.0,uploads\b67551bc-3737-11f0-85b7-581122bb7f2c\20210419T100000+1000_REC_32.wav,False,0,0,0,0,0,0,0,0,0,0,0,0,rain (light),-6.0479374,0.9681611,0.8037007,0.5926785,0.37427083,0.19372514,0.07933969,0.024728118,0.020997694,0.05330456,0.090484254,0.12034428,0.14547718
12.866202,8.936001,9.079255,0,0,0,00:00.0,00:00.0,uploads\b67551bc-3737-11f0-85b7-581122bb7f2c\20210419T100000+1000_REC_33.wav,False,0,0,0,0,0,0,0,0,0,0,0,0,rain (light),-6.036379,1.0547421,0.8339734,0.5691299,0.30303776,0.120116994,0.047046926,0.018458446,0.020468699,0.051691603,0.06159862,0.062212605,0.08673565
12.895453,9.768363,9.323914,0,0,0,00:00.0,00:00.0,uploads\b67551bc-3737-11f0-85b7-581122bb7f2c\20210419T100000+1000_REC_34.wav,False,0,0,0,0,0,0,0,0,0,0,0,0,rain (light),-5.9043746,1.4983841,1.0942291,0.5907065,0.1555363,-0.09957752,-0.1562652,-0.07730652,0.040362403,0.11762172,0.1236749,0.07544586,0.014586243
12.896632,9.772395,9.323819,0,0,0,00:00.0,00:00.0,uploads\b67551bc-3737-11f0-85b7-581122bb7f2c\20210419T100000+1000_REC_35.wav,True,0,0,0,0,0,0,0,0,0,1,0,0,rain (light),-5.890009,1.5803465,1.103303,0.54720706,0.11526932,-0.093146615,-0.10584997,-0.02694049,0.044830482,0.067147255,0.052443072,0.034071628,0.030653
12.898643,9.769904,9.330218,0,0,0,00:00.0,00:00.0,uploads\b67551bc-3737-11f0-85b7-581122bb7f2c\20210419T100000+1000_REC_36.wav,False,0,0,0,0,0,0,0,0,0,0,0,0,rain (light),-5.9197536,1.4884771,1.0492285,0.5315676,0.1250647,-0.075999744,-0.09807562,-0.03841837,0.012924023,0.021861792,0.0055605923,-0.0055743116,0.00017867607
12.903847,9.668569,9.225627,0,0,0,00:00.0,00:00.0,uploads\b67551bc-3737-11f0-85b7-581122bb7f2c\20210419T100000+1000_REC_37.wav,True,0,0,0,0,0,0,0,0,0,1,0,0,rain (light),-5.9816527,1.3493352,0.91564685,0.4300609,0.087578736,-0.037408523,-0.0045138034,0.067245774,0.09253981,0.06176344,0.015920645,-0.0069165262,-0.0031897745
12.924395,9.686108,9.273214,0,0,0,00:00.0,00:00.0,uploads\b67551bc-3737-11f0-85b7-581122bb7f2c\20210419T100000+1000_REC_38.wav,False,0,0,0,0,0,0,0,0,0,0,0,0,rain (light),-6.030364,1.1497993,0.8255026,0.4462796,0.15119345,0.005407112,-0.014096728,0.02239408,0.05355211,0.057610173,0.045712475,0.0365664,0.0381328
12.935916,9.702376,9.281427,0,0,0,00:00.0,00:00.0,uploads\b67551bc-3737-11f0-85b7-581122bb7f2c\20210419T100000+1000_REC_39.wav,False,0,0,0,0,0,0,0,0,0,0,0,0,rain (light),-6.0323105,1.116701,0.82728183,0.4719789,0.16961911,-0.00913334,-0.061722387,-0.033941314,0.018585514,0.060212236,0.08202513,0.09035634,0.09215636
12.912942,9.751931,9.315452,0,0,0,00:00.0,00:00.0,uploads\b67551bc-3737-11f0-85b7-581122bb7f2c\20210419T100000+1000_REC_40.wav,False,0,0,0,0,0,0,0,0,0,0,0,0,rain (light),-5.959642,1.3291334,0.9925091,0.5848942,0.2412551,0.031560056,-0.052105926,-0.060430184,-0.041213777,-0.017379627,0.0062767765,0.026954684,0.03776785
12.93304,9.72245,9.293442,0,0,0,00:00.0,00:00.0,uploads\b67551bc-3737-11f0-85b7-581122bb7f2c\20210419T100000+1000_REC_41.wav,False,0,0,0,0,0,0,0,0,0,0,0,0,rain (light),-5.988391,1.303196,0.91582835,0.4800873,0.16135113,0.015522003,-0.009649876,0.00023145363,-8.071078e-05,-0.000860152,0.02335673,0.07191276,0.1148747
13.046595,9.195503,9.32303,0,0,0,00:00.0,00:00.0,uploads\b67551bc-3737-11f0-85b7-581122bb7f2c\20210419T100000+1000_REC_42.wav,False,0,0,0,0,0,0,0,0,0,0,0,0,rain (light),-6.0166545,1.1898834,0.8383104,0.45168406,0.1832255,0.07589028,0.06524141,0.057904843,0.0111419875,-0.049422655,-0.07444258,-0.04579054,0.008778739
13.044291,9.19614,9.31791,0,0,0,00:00.0,00:00.0,uploads\b67551bc-3737-11f0-85b7-581122bb7f2c\20210419T100000+1000_REC_43.wav,False,0,0,0,0,0,0,0,0,0,0,0,0,rain (light),-6.0482006,1.0401007,0.77311265,0.4548386,0.19735219,0.056807727,0.018651523,0.02683434,0.029452462,0.007946658,-0.024299528,-0.043848317,-0.03851441
12.929822,9.720466,9.289942,0,0,0,00:00.0,00:00.0,uploads\b67551bc-3737-11f0-85b7-581122bb7f2c\20210419T100000+1000_REC_44.wav,True,0,0,0,0,0,0,0,0,0,1,0,0,rain (light),-5.9923263,1.3108287,0.87570775,0.3926248,0.05458432,-0.0676811,-0.039144367,0.018363196,0.029126318,-0.00047655104,-0.021120127,0.002977836,0.06185201
12.932472,9.721398,9.292803,0,0,0,00:00.0,00:00.0,uploads\b67551bc-3737-11f0-85b7-581122bb7f2c\20210419T100000+1000_REC_45.wav,False,0,0,0,0,0,0,0,0,0,0,0,0,rain (light),-5.9769883,1.3469883,0.93552405,0.47023526,0.1260982,-0.030696532,-0.04439306,-0.004813379,0.023383683,0.029846653,0.037790395,0.06344529,0.09635751
13.052828,9.071027,9.30726,0,0,0,00:00.0,00:00.0,uploads\b67551bc-3737-11f0-85b7-581122bb7f2c\20210419T100000+1000_REC_46.wav,False,0,0,0,0,0,0,0,0,0,0,0,0,rain (light),-6.0364213,1.0277429,0.82675236,0.56684995,0.32318524,0.14783652,0.053649705,0.01991414,0.01287954,0.006873008,-0.0058472487,-0.019166477,-0.02461365
12.924368,9.745733,9.307727,0,0,0,00:00.0,00:00.0,uploads\b67551bc-3737-11f0-85b7-581122bb7f2c\20210419T100000+1000_REC_47.wav,False,0,0,0,0,0,0,0,0,0,0,0,0,rain (light),-5.912539,1.566961,1.0199615,0.44203842,0.025039166,-0.12552297,-0.069606125,0.0135325,0.035882495,0.019514406,0.00063388445,0.016694268,0.07610084
12.857151,9.780404,9.324897,0,0,0,00:00.0,00:00.0,uploads\b67551bc-3737-11f0-85b7-581122bb7f2c\20210419T100000+1000_REC_48.wav,False,0,0,0,0,0,0,0,0,0,0,0,0,rain (light),-5.898866,1.6745127,0.8913931,0.60644937,0.046149686,-0.019184716,0.015672531,0.045129992,0.058485847,0.045405313,0.07585164,0.027919827,0.054703724
12.850755,9.784524,9.330858,0,0,0,00:00.0,00:00.0,uploads\b67551bc-3737-11f0-85b7-581122bb7f2c\20210419T100000+1000_REC_49.wav,False,0,0,0,0,0,0,0,0,0,0,0,0,rain (light),-5.8870587,1.6181686,1.0292195,0.67258435,0.14116035,0.004079988,0.018751428,0.04596755,0.040884435,0.031637765,0.061414734,0.013382376,0.033261605
12.786163,9.815424,9.356217,0,0,0,00:00.0,00:00.0,uploads\b67551bc-3737-11f0-85b7-581122bb7f2c\20210419T100000+1000_REC_50.wav,False,0,0,0,0,0,0,0,0,0,0,0,0,rain (light),-5.9305215,1.5727199,0.8280977,0.62621516,0.12317613,0.08830981,0.08473111,0.06103052,0.00597289,-0.022117646,0.018145131,-0.009320322,0.060602132
12.809864,9.794357,9.335492,0,0,0,00:00.0,00:00.0,uploads\b67551bc-3737-11f0-85b7-581122bb7f2c\20210419T100000+1000_REC_51.wav,False,0,0,0,0,0,0,0,0,0,0,0,0,rain (light),-5.9298472,1.5660757,0.8240553,0.6691569,0.113645256,0.09802785,0.07054901,0.0912286,0.02670704,0.016677916,0.038467843,0.0007309364,0.034258265
12.876708,9.687781,9.282355,0,0,0,00:00.0,00:00.0,uploads\b67551bc-3737-11f0-85b7-581122bb7f2c\20210419T100000+1000_REC_52.wav,False,0,0,0,0,0,0,0,0,0,0,0,0,rain (light),-5.9914155,1.3550279,0.7757124,0.5704732,0.18590684,0.056384392,0.0689916,0.067459576,0.0709404,0.0521402,0.032155633,0.0023071656,0.048890408
12.7267275,8.933362,8.9540205,0,0,0,00:00.0,00:00.0,uploads\b67551bc-3737-11f0-85b7-581122bb7f2c\20210419T100000+1000_REC_53.wav,True,0,0,0,0,0,0,0,0,0,1,0,0,rain (light),-6.007049,1.2700261,0.79068285,0.5687358,0.23401217,0.15043049,0.14076078,0.11591332,0.09449405,0.067572996,0.10182546,0.08864816,0.1168649
12.709517,9.843398,9.369066,0,0,0,00:00.0,00:00.0,uploads\b67551bc-3737-11f0-85b7-581122bb7f2c\20210419T100000+1000_REC_54.wav,False,0,0,0,0,0,0,0,0,0,0,0,0,rain (light),-5.935495,1.5462555,0.7545777,0.70733654,0.18968152,0.1980394,0.055344727,0.07644484,-0.012954993,0.001339731,-0.033911634,-0.0025231398,0.07041269
12.846489,8.885918,9.058362,0,0,0,00:00.0,00:00.0,uploads\b67551bc-3737-11f0-85b7-581122bb7f2c\20210419T100000+1000_REC_55.wav,False,0,0,0,0,0,0,0,0,0,0,0,0,rain (light),-6.009937,1.1220261,0.8876173,0.6190406,0.389828,0.23880675,0.14011824,0.08332519,0.041281745,0.026264837,0.04114193,0.07048799,0.124232344
12.754373,8.898424,8.980428,0,0,0,00:00.0,00:00.0,uploads\b67551bc-3737-11f0-85b7-581122bb7f2c\20210419T100000+1000_REC_56.wav,False,0,0,0,0,0,0,0,0,0,0,0,0,rain (light),-6.016002,1.2185277,0.76971424,0.5585591,0.30117494,0.21720497,0.19143884,0.11826091,0.07605133,0.045214165,0.06854977,0.105067424,0.135615
12.511514,9.226613,9.027214,0,0,0,00:00.0,00:00.0,uploads\b67551bc-3737-11f0-85b7-581122bb7f2c\20210419T100000+1000_REC_57.wav,False,0,0,0,0,0,0,0,0,0,0,0,0,rain (light),-5.985135,1.3853394,0.6863415,0.64234805,0.21080638,0.272963,0.15209475,0.19134341,0.09942144,0.062991634,0.031495642,0.050959107,0.076207034
12.468472,9.309416,9.032181,0,0,0,00:00.0,00:00.0,uploads\b67551bc-3737-11f0-85b7-581122bb7f2c\20210419T100000+1000_REC_58.wav,False,0,0,0,0,0,0,0,0,0,0,0,0,rain (light),-5.958153,1.5064149,0.6502067,0.6850939,0.13202451,0.2665207,0.14525044,0.18206505,0.010890444,0.06192661,0.006210413,0.047131717,0.07665857
10.386152,10.559963,7.789238,0,0,0,00:00.0,00:00.0,uploads\b67551bc-3737-11f0-85b7-581122bb7f2c\20210419T100000+1000_REC_59.wav,False,0,0,0,0,0,0,0,0,0,0,0,0,rain (light),-6.020144,1.3164985,0.59972316,0.44503766,0.23296684,0.19290328,0.18327141,0.26044402,0.19728564,0.06598762,0.057610504,0.12920363,0.17470922
10.710595,5.5566864,5.9628177,0,0,0,00:00.0,00:00.0,uploads\b67551bc-3737-11f0-85b7-581122bb7f2c\20210419T100000+1000_REC_98.wav,False,0,0,0,0,0,0,0,0,0,0,0,0,rain (light),-6.157209,0.2318744,0.0149813425,0.03215038,0.2237873,0.28755635,0.15441522,0.058231555,0.14137198,0.25408897,0.2256764,0.12536134,0.11355391
10.701511,5.568373,5.9564676,0,0,0,00:00.0,00:00.0,uploads\b67551bc-3737-11f0-85b7-581122bb7f2c\20210419T100000+1000_REC_131.wav,False,0,0,0,0,0,0,0,0,0,0,0,0,rain (light),-6.1595006,0.27013218,0.017162796,0.062959425,0.22383462,0.22291102,0.13113059,0.13303831,0.21108614,0.2350745,0.19122401,0.15890767,0.16929355
11.361872,10.43672,7.175759,0,0,0,00:00.0,00:00.0,uploads\b67551bc-3737-11f0-85b7-581122bb7f2c\20210419T100000+1000_REC_193.wav,False,0,0,0,0,0,0,0,0,0,0,0,0,rain (light),-6.0768967,1.1235751,0.36296248,0.31845355,-0.00053696014,0.17492588,0.11375971,0.2760485,0.15698172,0.17844224,0.05877865,0.13274136,0.17727059
11.285775,10.45302,7.364161,0,0,0,00:00.0,00:00.0,uploads\b67551bc-3737-11f0-85b7-581122bb7f2c\20210419T100000+1000_REC_224.wav,False,0,0,0,0,0,0,0,0,0,0,0,0,rain (light),-6.0616345,1.1620771,0.41879514,0.4719958,0.01757505,0.21618679,0.117251456,0.24740167,0.15729626,0.18579653,0.06950102,0.123129316,0.13044743
10.817249,5.6025267,5.9692855,0,0,0,00:00.0,00:00.0,uploads\b67551bc-3737-11f0-85b7-581122bb7f2c\20210419T100000+1000_REC_227.wav,False,0,0,0,0,0,0,0,0,0,0,0,0,rain (light),-6.140667,0.5409036,0.17200184,0.055112273,0.21707125,0.36431572,0.30383044,0.13795753,0.0943643,0.22330575,0.3302066,0.2617216,0.12405155
11.18773,8.839007,9.925933,0,0,0,00:00.0,00:00.0,uploads\b67551bc-3737-11f0-85b7-581122bb7f2c\20210419T100000+1000_REC_238.wav,True,0,1,0,0,0,0,0,0,1,0,0,0,rain (light),-6.046582,1.2125868,0.19362438,0.5771895,0.10913388,0.32978508,-0.0027649577,0.25146735,0.18183899,0.2594506,0.01185161,0.08552903,0.18955566
10.667063,6.945004,6.083236,0,0,0,00:00.0,00:00.0,uploads\b67551bc-3737-11f0-85b7-581122bb7f2c\20210419T100000+1000_REC_244.wav,False,0,0,0,0,0,0,0,0,0,0,0,0,rain (light),-6.12017,0.737761,0.2518755,0.47334924,0.35013106,0.10851714,0.20379359,0.2747538,0.1756059,0.1707728,0.19862708,0.10757666,0.12741674
10.666289,6.885272,6.0951133,0,0,0,00:00.0,00:00.0,uploads\b67551bc-3737-11f0-85b7-581122bb7f2c\20210419T100000+1000_REC_261.wav,False,0,0,0,0,0,0,0,0,0,0,0,0,rain (light),-6.147604,0.10003106,0.009967329,0.3969743,0.20154452,-0.018752718,0.31690958,0.2761055,0.009541599,0.23405243,0.29592615,0.059760336,0.1777003
10.489757,5.601402,5.839925,0,0,0,00:00.0,00:00.0,uploads\b67551bc-3737-11f0-85b7-581122bb7f2c\20210419T100000+1000_REC_263.wav,False,0,0,0,0,0,0,0,0,0,0,0,0,rain (light),-6.1442866,0.16982506,-0.10499084,0.19123308,0.42867693,0.15994151,-0.040335286,0.18332468,0.35282788,0.17709556,0.031209167,0.16287386,0.28446278
10.673581,6.869028,6.0899105,0,0,0,00:00.0,00:00.0,uploads\b67551bc-3737-11f0-85b7-581122bb7f2c\20210419T100000+1000_REC_266.wav,False,0,0,0,0,0,0,0,0,0,0,0,0,rain (light),-6.1381164,0.1618431,-0.19869876,0.39260086,0.44204625,0.027635375,0.19124705,0.33227026,0.110362925,0.17326204,0.2834909,0.1261821,0.17328066
10.569507,10.399672,7.8263235,0,0,0,00:00.0,00:00.0,uploads\b67551bc-3737-11f0-85b7-581122bb7f2c\20210419T120000+1000_REC_68.wav,False,0,0,0,0,0,0,0,0,0,0,0,0,rain (light),-6.016476,1.4197536,0.111793794,0.36516714,0.013314741,0.40162054,0.15414864,0.28256366,0.15618595,0.1974579,0.023867765,0.16062075,0.19271106
10.588925,10.26276,7.8287325,0,0,0,00:00.0,00:00.0,uploads\b67551bc-3737-11f0-85b7-581122bb7f2c\20210419T120000+1000_REC_70.wav,False,0,0,0,0,0,0,0,0,0,0,0,0,rain (light),-6.049903,1.2435392,0.08151664,0.44751516,0.10337598,0.34778923,0.16597421,0.2586558,0.1516764,0.23413359,0.019348199,0.12323367,0.24494347
11.67421,10.086843,6.9951334,0,0,0,00:00.0,00:00.0,uploads\b67551bc-3737-11f0-85b7-581122bb7f2c\20210419T120000+1000_REC_73.wav,False,0,0,0,0,0,0,0,0,0,0,0,0,rain (light),-5.980281,1.5119605,0.47640377,0.49161276,0.16080202,0.27078566,0.12954143,0.3419898,0.17461391,0.13255784,-0.057829674,0.06965084,0.08936762
11.167354,10.772857,9.235548,0,0,0,00:00.0,00:00.0,uploads\b67551bc-3737-11f0-85b7-581122bb7f2c\20210419T120000+1000_REC_156.wav,False,0,0,0,0,0,0,0,0,0,0,0,0,rain (light),-5.9832444,1.445266,0.31394902,0.6749641,-0.069571495,0.13677314,0.23337299,0.39625904,-0.05698619,0.25254488,0.15626037,0.01380162,0.048484296
10.774836,11.518586,9.756799,0,0,0,00:00.0,00:00.0,uploads\b67551bc-3737-11f0-85b7-581122bb7f2c\20210419T120000+1000_REC_260.wav,False,0,0,0,0,0,0,0,0,0,0,0,0,rain (light),-5.895519,1.5858709,0.32209274,1.0308307,-0.3303634,0.20076917,-0.0038241977,0.37071326,-0.026545731,0.16410333,-0.03073144,0.10257275,0.049772415
10.774554,11.514348,9.758094,0,0,0,00:00.0,00:00.0,uploads\b67551bc-3737-11f0-85b7-581122bb7f2c\20210419T120000+1000_REC_261.wav,False,0,0,0,0,0,0,0,0,0,0,0,0,rain (light),-5.884975,1.5887084,0.3462014,1.072898,-0.32765275,0.23530549,0.032675963,0.37277362,-0.059651677,0.22588442,-0.03649675,0.10321002,0.053559262
11.768041,10.028659,7.0395975,0,0,0,00:00.0,00:00.0,uploads\b67551bc-3737-11f0-85b7-581122bb7f2c\20210419T140000+1000_REC_0.wav,False,0,0,0,0,0,0,0,0,0,0,0,0,rain (light),-5.9713016,1.5301183,0.4393005,0.59222007,0.06728268,0.28466758,0.06497661,0.3213991,0.09874802,0.23230566,-0.006312901,0.13913375,0.040191263
11.77892,10.043839,7.019491,0,0,0,00:00.0,00:00.0,uploads\b67551bc-3737-11f0-85b7-581122bb7f2c\20210419T140000+1000_REC_1.wav,False,0,0,0,0,0,0,0,0,0,0,0,0,rain (light),-5.955022,1.6051105,0.4792931,0.54850847,-0.0032597184,0.266595,0.064361535,0.30035052,0.070517845,0.21023309,-0.0044824746,0.16775341,0.06616891
11.761313,10.074983,7.09738,0,0,0,00:00.0,00:00.0,uploads\b67551bc-3737-11f0-85b7-581122bb7f2c\20210419T140000+1000_REC_2.wav,False,0,0,0,0,0,0,0,0,0,0,0,0,rain (light),-5.9682546,1.549243,0.43621463,0.6155151,0.023722252,0.232214,0.07588044,0.28145117,0.07788042,0.22706361,0.04699469,0.14925979,0.052564573
11.755286,10.01004,6.96377,0,0,0,00:00.0,00:00.0,uploads\b67551bc-3737-11f0-85b7-581122bb7f2c\20210419T140000+1000_REC_3.wav,False,0,0,0,0,0,0,0,0,0,0,0,0,rain (light),-5.959174,1.5750707,0.47286275,0.5752831,-0.009571614,0.28541505,0.09050931,0.31201777,0.09670008,0.24864116,0.049029306,0.17291589,0.060328856
11.818407,10.069886,7.048388,0,0,0,00:00.0,00:00.0,uploads\b67551bc-3737-11f0-85b7-581122bb7f2c\20210419T140000+1000_REC_4.wav,False,0,0,0,0,0,0,0,0,0,0,0,0,rain (light),-5.948386,1.605382,0.47230184,0.6148525,0.018520663,0.29497728,0.05824217,0.30960393,0.047224075,0.22087447,-0.0026979914,0.17726934,0.050891235
11.796141,10.051109,7.0303593,0,0,0,00:00.0,00:00.0,uploads\b67551bc-3737-11f0-85b7-581122bb7f2c\20210419T140000+1000_REC_5.wav,False,0,0,0,0,0,0,0,0,0,0,0,0,rain (light),-5.9684997,1.5203706,0.4970828,0.5898551,0.0429837,0.32684305,0.06302462,0.33174548,0.058458466,0.22866485,0.027341077,0.14317106,0.045310777
11.810965,10.068827,7.048141,0,0,0,00:00.0,00:00.0,uploads\b67551bc-3737-11f0-85b7-581122bb7f2c\20210419T140000+1000_REC_6.wav,False,0,0,0,0,0,0,0,0,0,0,0,0,rain (light),-5.939156,1.6545504,0.39242518,0.58137846,-0.004015182,0.3070305,0.0792077,0.38293883,0.018064098,0.21687748,-0.012494943,0.1759791,0.06960194
11.670015,10.066742,6.9906726,0,0,0,00:00.0,00:00.0,uploads\b67551bc-3737-11f0-85b7-581122bb7f2c\20210419T140000+1000_REC_7.wav,False,0,0,0,0,0,0,0,0,0,0,0,0,rain (light),-5.940777,1.6704332,0.33071297,0.5354241,-0.11486641,0.26504782,0.053486705,0.36841598,0.120128356,0.20894419,-0.053445097,0.15438396,0.09613368
11.553203,9.784416,6.325412,0,0,0,00:00.0,00:00.0,uploads\b67551bc-3737-11f0-85b7-581122bb7f2c\20210419T140000+1000_REC_8.wav,False,0,0,0,0,0,0,0,0,0,0,0,0,rain (light),-6.0345283,1.3047911,0.34510836,0.5106608,0.03932107,0.25132176,0.047209125,0.26967904,0.12603202,0.18793209,0.04062468,0.18314932,0.11306804
11.6597395,9.545889,6.9089365,0,0,0,00:00.0,00:00.0,uploads\b67551bc-3737-11f0-85b7-581122bb7f2c\20210419T140000+1000_REC_9.wav,False,0,0,0,0,0,0,0,0,0,0,0,0,rain (light),-6.026131,1.3554212,0.33445618,0.48413876,0.053820696,0.2972955,0.08125771,0.25703984,0.11694027,0.18317948,0.034724545,0.13477933,0.046137422
10.033629,6.7714033,6.057628,0,0,0,00:00.0,00:00.0,uploads\b67551bc-3737-11f0-85b7-581122bb7f2c\20210419T140000+1000_REC_10.wav,False,0,0,0,0,0,0,0,0,0,0,0,0,rain (light),-6.091748,0.9736346,-0.013281452,0.37643504,0.42154923,0.1939241,-0.020538216,0.24069946,0.27163756,0.19200262,0.13070351,0.061358064,0.15233772
11.811092,10.065849,7.0420246,0,0,0,00:00.0,00:00.0,uploads\b67551bc-3737-11f0-85b7-581122bb7f2c\20210419T140000+1000_REC_11.wav,False,0,0,0,0,0,0,0,0,0,0,0,0,rain (light),-5.954391,1.5850184,0.4721665,0.555549,-0.08299023,0.30812445,0.047503743,0.32799098,0.008432736,0.2529123,-0.017646305,0.13391185,0.0697828
10.137202,6.893705,6.1591835,0,0,0,00:00.0,00:00.0,uploads\b67551bc-3737-11f0-85b7-581122bb7f2c\20210419T140000+1000_REC_12.wav,False,0,0,0,0,0,0,0,0,0,0,0,0,rain (light),-6.065872,1.1525136,0.0342875,0.47415468,0.23390213,0.26775783,0.025731498,0.23497239,0.15837146,0.29454124,0.10041768,0.052905116,0.065341584
10.102009,6.828618,6.155349,0,0,0,00:00.0,00:00.0,uploads\b67551bc-3737-11f0-85b7-581122bb7f2c\20210419T140000+1000_REC_13.wav,False,0,0,0,0,0,0,0,0,0,0,0,0,rain (light),-6.0400352,1.2630377,-0.049921084,0.4959857,0.28617352,0.22266516,-0.03292335,0.32398152,0.1697489,0.27568215,0.09691014,0.0678874,0.06777919
11.679323,9.922893,6.845236,0,0,0,00:00.0,00:00.0,uploads\b67551bc-3737-11f0-85b7-581122bb7f2c\20210419T140000+1000_REC_14.wav,False,0,0,0,0,0,0,0,0,0,0,0,0,rain (light),-5.9949465,1.4585855,0.41003788,0.50792176,-1.5727564e-05,0.3244429,0.040867418,0.30188528,0.108416416,0.22676352,0.015387815,0.15017352,0.06967658
11.604853,9.836271,6.395813,0,0,0,00:00.0,00:00.0,uploads\b67551bc-3737-11f0-85b7-581122bb7f2c\20210419T140000+1000_REC_15.wav,False,0,0,0,0,0,0,0,0,0,0,0,0,rain (light),-6.0291076,1.2714343,0.44942424,0.51595336,-0.010741425,0.3433224,0.030957134,0.30043343,0.10448338,0.2530837,0.040087666,0.20124483,0.13478611
11.626212,9.897677,6.7544518,0,0,0,00:00.0,00:00.0,uploads\b67551bc-3737-11f0-85b7-581122bb7f2c\20210419T140000+1000_REC_16.wav,True,0,1,0,0,0,0,0,0,1,0,0,0,rain (light),-6.0147758,1.375517,0.4263521,0.48118708,-0.0002026594,0.29368743,0.09377639,0.3093701,0.099718235,0.22956271,0.06100037,0.1888962,0.06322768
11.4772835,9.895801,6.3751526,0,0,0,00:00.0,00:00.0,uploads\b67551bc-3737-11f0-85b7-581122bb7f2c\20210419T140000+1000_REC_17.wav,False,0,0,0,0,0,0,0,0,0,0,0,0,rain (light),-6.063536,1.1905984,0.23982725,0.39614046,0.028671587,0.26510236,0.065038234,0.2641459,0.17722833,0.2702258,0.04210952,0.11956939,0.13901803
11.806258,10.0715,7.06067,0,0,0,00:00.0,00:00.0,uploads\b67551bc-3737-11f0-85b7-581122bb7f2c\20210419T140000+1000_REC_18.wav,False,0,0,0,0,0,0,0,0,0,0,0,0,rain (light),-5.951883,1.6187686,0.46926966,0.5222761,-0.052963186,0.28272372,0.08004418,0.3263708,0.049473133,0.22469494,0.06808404,0.17551109,0.07104735
10.108228,6.820587,6.1739492,0,0,0,00:00.0,00:00.0,uploads\b67551bc-3737-11f0-85b7-581122bb7f2c\20210419T140000+1000_REC_19.wav,False,0,0,0,0,0,0,0,0,0,0,0,0,rain (light),-6.0154257,1.3542459,-0.19160892,0.467884,0.32997972,0.21798752,-0.07306614,0.3445281,0.17147377,0.27027005,0.12273685,0.15812567,0.06020093
10.119733,6.8181214,6.165856,0,0,0,00:00.0,00:00.0,uploads\b67551bc-3737-11f0-85b7-581122bb7f2c\20210419T140000+1000_REC_20.wav,True,0,1,0,0,0,0,0,0,1,0,0,0,rain (light),-6.05142,1.205069,-0.13713141,0.4424659,0.34240127,0.18769267,-0.0063446457,0.31641743,0.12120914,0.24704455,0.14645424,0.10867048,0.092589654
11.575299,9.944724,6.537021,0,0,0,00:00.0,00:00.0,uploads\b67551bc-3737-11f0-85b7-581122bb7f2c\20210419T140000+1000_REC_21.wav,False,0,0,0,0,0,0,0,0,0,0,0,0,rain (light),-6.0003824,1.4603887,0.39522454,0.40390292,-0.0928325,0.23026676,0.0749468,0.31575197,0.11321717,0.28214943,0.05805807,0.18856503,0.08756711
10.081462,6.7902427,6.1219163,0,0,0,00:00.0,00:00.0,uploads\b67551bc-3737-11f0-85b7-581122bb7f2c\20210419T140000+1000_REC_23.wav,False,0,0,0,0,0,0,0,0,0,0,0,0,rain (light),-6.0487366,1.2250159,-0.19886073,0.42356116,0.19615397,0.17943937,0.053418633,0.34563774,0.22654614,0.20417456,0.062154368,0.06516738,0.18021674
11.656982,10.011247,6.675436,0,0,0,00:00.0,00:00.0,uploads\b67551bc-3737-11f0-85b7-581122bb7f2c\20210419T140000+1000_REC_25.wav,False,0,0,0,0,0,0,0,0,0,0,0,0,rain (light),-5.9701276,1.5791212,0.37631136,0.4861753,-0.13419929,0.24999575,0.103571594,0.24768744,0.07548199,0.24646913,0.061372798,0.17415327,0.11195858
11.55217,9.862721,6.403727,0,0,0,00:00.0,00:00.0,uploads\b67551bc-3737-11f0-85b7-581122bb7f2c\20210419T140000+1000_REC_26.wav,False,0,0,0,0,0,0,0,0,0,0,0,0,rain (light),-6.0329022,1.3343263,0.26531103,0.42005107,-0.07472018,0.24198532,0.14343558,0.28871357,0.099001355,0.2785478,0.09991028,0.1525537,0.13404013
11.603033,9.9235,6.532225,0,0,0,00:00.0,00:00.0,uploads\b67551bc-3737-11f0-85b7-581122bb7f2c\20210419T140000+1000_REC_27.wav,False,0,0,0,0,0,0,0,0,0,0,0,0,rain (light),-6.003244,1.4402508,0.3577056,0.48020855,-0.07185754,0.27253118,0.08534481,0.30454397,0.09681095,0.25899842,0.079969786,0.16662787,0.116615124
11.65151,10.006364,6.653569,0,0,0,00:00.0,00:00.0,uploads\b67551bc-3737-11f0-85b7-581122bb7f2c\20210419T140000+1000_REC_28.wav,False,0,0,0,0,0,0,0,0,0,0,0,0,rain (light),-5.963324,1.5889546,0.35863656,0.53286785,-0.10141012,0.2679142,0.051913816,0.2711463,0.052071422,0.2738892,0.052934323,0.21150306,0.14991567
11.643179,9.994641,6.6303015,0,0,0,00:00.0,00:00.0,uploads\b67551bc-3737-11f0-85b7-581122bb7f2c\20210419T140000+1000_REC_29.wav,False,0,0,0,0,0,0,0,0,0,0,0,0,rain (light),-5.977429,1.5355138,0.35815454,0.49319303,-0.11348831,0.3044784,0.07706604,0.2755152,0.07725176,0.30111688,0.02928807,0.1728177,0.119116984
11.8216305,9.891366,7.881811,0,0,0,00:00.0,00:00.0,uploads\b67551bc-3737-11f0-85b7-581122bb7f2c\20210419T140000+1000_REC_32.wav,False,0,0,0,0,0,0,0,0,0,0,0,0,rain (light),-5.952814,1.6435596,0.44223508,0.52148813,-0.055377293,0.1934785,0.010406321,0.225988,0.05843809,0.19235063,0.025499819,0.14965291,0.09707723
11.715993,9.823768,7.8279,0,0,0,00:00.0,00:00.0,uploads\b67551bc-3737-11f0-85b7-581122bb7f2c\20210419T140000+1000_REC_33.wav,False,0,0,0,0,0,0,0,0,0,0,0,0,rain (light),-5.988338,1.5137135,0.378106,0.52026623,-0.030506544,0.22781269,0.042442605,0.21222445,0.034089733,0.20315133,0.057895157,0.15736394,0.089867406
11.788455,9.901536,7.8328133,0,0,0,00:00.0,00:00.0,uploads\b67551bc-3737-11f0-85b7-581122bb7f2c\20210419T140000+1000_REC_34.wav,False,0,0,0,0,0,0,0,0,0,0,0,0,rain (light),-5.976936,1.557221,0.38685513,0.51353264,0.0011069465,0.2440002,0.03134033,0.23657352,0.071851686,0.22084768,0.00538642,0.16783097,0.106652185
11.5015955,9.718788,6.285603,0,0,0,00:00.0,00:00.0,uploads\b67551bc-3737-11f0-85b7-581122bb7f2c\20210419T140000+1000_REC_35.wav,False,0,0,0,0,0,0,0,0,0,0,0,0,rain (light),-6.042967,1.2829361,0.32970843,0.48627162,0.02340216,0.22370821,0.10473254,0.22164239,0.11650983,0.18252958,0.09629166,0.19172177,0.1308395
11.547323,9.272773,7.176485,0,0,0,00:00.0,00:00.0,uploads\b67551bc-3737-11f0-85b7-581122bb7f2c\20210419T140000+1000_REC_38.wav,False,0,0,0,0,0,0,0,0,0,0,0,0,rain (light),-6.0078783,1.4185836,0.35194084,0.5776005,-0.039884593,0.19942504,0.07914304,0.2162656,0.09526519,0.1898976,0.08333579,0.119534954,0.065824494
11.4674635,10.326223,8.925133,0,0,0,00:00.0,00:00.0,uploads\b67551bc-3737-11f0-85b7-581122bb7f2c\20210419T140000+1000_REC_39.wav,False,0,0,0,0,0,0,0,0,0,0,0,0,rain (light),-5.8740306,1.801707,0.371112,0.830613,-0.21422805,0.25927573,0.013819638,0.26094618,0.0081184,0.20589978,-0.0006059433,0.11262534,0.03926876
11.336625,10.2916,8.482513,0,0,0,00:00.0,00:00.0,uploads\b67551bc-3737-11f0-85b7-581122bb7f2c\20210419T140000+1000_REC_40.wav,False,0,0,0,0,0,0,0,0,0,0,0,0,rain (light),-5.935476,1.6266317,0.3067725,0.7566196,-0.17971909,0.20394503,-0.033054847,0.24963781,0.03294792,0.22615306,0.022049872,0.13909166,0.12204041
11.317941,10.679745,8.954409,0,0,0,00:00.0,00:00.0,uploads\b67551bc-3737-11f0-85b7-581122bb7f2c\20210419T140000+1000_REC_41.wav,False,0,0,0,0,0,0,0,0,0,0,0,0,rain (light),-5.8648176,1.8248006,0.35982704,0.8550801,-0.22346023,0.22078195,-0.026387002,0.2593198,-0.01851296,0.18575351,0.0502821,0.16826802,0.07128278
11.086887,11.067695,9.392778,0,0,0,00:00.0,00:00.0,uploads\b67551bc-3737-11f0-85b7-581122bb7f2c\20210419T140000+1000_REC_45.wav,False,0,0,0,0,0,0,0,0,0,0,0,0,rain (light),-5.8143077,1.9549694,0.327031,0.84899014,-0.4033277,0.17529348,-0.028172394,0.26764086,-0.05074972,0.21995594,0.005035109,0.13846232,0.04460999
11.797767,9.541709,8.305477,0,0,0,00:00.0,00:00.0,uploads\b67551bc-3737-11f0-85b7-581122bb7f2c\20210419T140000+1000_REC_46.wav,False,0,0,0,0,0,0,0,0,0,0,0,0,rain (light),-5.9415393,1.6292546,0.293857,0.70106566,-0.23614223,0.19276468,0.052053653,0.2098261,0.036875725,0.18593398,0.14149688,0.14999169,0.10880405
11.081708,11.071994,9.414017,0,0,0,00:00.0,00:00.0,uploads\b67551bc-3737-11f0-85b7-581122bb7f2c\20210419T140000+1000_REC_47.wav,False,0,0,0,0,0,0,0,0,0,0,0,0,rain (light),-5.804787,1.9158691,0.3720593,0.84658945,-0.5910107,0.17522544,-0.042899,0.29045197,-0.063922435,0.18111995,-0.036268163,0.12675138,0.0565042
10.858769,11.414735,9.7016735,0,0,0,00:00.0,00:00.0,uploads\b67551bc-3737-11f0-85b7-581122bb7f2c\20210419T140000+1000_REC_48.wav,False,0,0,0,0,0,0,0,0,0,0,0,0,rain (light),-5.7684445,1.8906164,0.3448519,1.0402465,-0.6494236,0.09150859,-0.1757955,0.38650244,-0.105456166,0.20242347,-0.045495484,0.108272314,0.016654348
11.312875,10.4107,8.59402,0,0,0,00:00.0,00:00.0,uploads\b67551bc-3737-11f0-85b7-581122bb7f2c\20210419T140000+1000_REC_55.wav,False,0,0,0,0,0,0,0,0,0,0,0,0,rain (light),-5.9223137,1.5988349,0.40556055,0.7999918,-0.35538462,0.08402422,-0.048813194,0.31261888,0.012596434,0.1528295,0.025156643,0.11520065,0.10329284
11.327983,10.342437,8.53321,0,0,0,00:00.0,00:00.0,uploads\b67551bc-3737-11f0-85b7-581122bb7f2c\20210419T140000+1000_REC_56.wav,False,0,0,0,0,0,0,0,0,0,0,0,0,rain (light),-5.9522734,1.5028919,0.44362172,0.76134014,-0.3255157,0.12580255,-0.0101008825,0.27176663,0.04703752,0.17744476,0.070022784,0.15647453,0.10468769
11.306402,10.349692,8.509251,0,0,0,00:00.0,00:00.0,uploads\b67551bc-3737-11f0-85b7-581122bb7f2c\20210419T140000+1000_REC_60.wav,False,0,0,0,0,0,0,0,0,0,0,0,0,rain (light),-5.9524107,1.4780105,0.39672247,0.85088617,-0.29372498,0.11353506,0.011289747,0.28169882,0.027034348,0.16503987,0.06680015,0.11617132,0.11960844
11.289148,10.357982,8.47694,0,0,0,00:00.0,00:00.0,uploads\b67551bc-3737-11f0-85b7-581122bb7f2c\20210419T140000+1000_REC_61.wav,False,0,0,0,0,0,0,0,0,0,0,0,0,rain (light),-5.983437,1.3870858,0.37687272,0.7808219,-0.24465594,0.015772538,-0.03225775,0.27684367,0.06765459,0.13383873,0.056567445,0.0778926,0.1270793
11.479839,10.155907,8.617733,0,0,0,00:00.0,00:00.0,uploads\b67551bc-3737-11f0-85b7-581122bb7f2c\20210419T140000+1000_REC_69.wav,False,0,0,0,0,0,0,0,0,0,0,0,0,rain (light),-5.945517,1.5830423,0.30095485,0.77542675,-0.16778648,0.22811304,0.032185853,0.26749775,0.00709031,0.16873007,0.01649203,0.13645631,0.044689596
11.487825,10.068576,8.654563,0,0,0,00:00.0,00:00.0,uploads\b67551bc-3737-11f0-85b7-581122bb7f2c\20210419T140000+1000_REC_70.wav,True,0,1,0,0,0,0,0,0,1,0,0,0,rain (light),-5.9207606,1.6519973,0.3009564,0.82867366,-0.1742944,0.24538924,0.042775095,0.29085958,0.024045069,0.17768894,0.0052374173,0.11422528,0.08231031
11.690622,10.00717,6.747902,0,0,0,00:00.0,00:00.0,uploads\b67551bc-3737-11f0-85b7-581122bb7f2c\20210419T140000+1000_REC_76.wav,False,0,0,0,0,0,0,0,0,0,0,0,0,rain (light),-6.0001493,1.4350777,0.37283388,0.5560164,-0.04324135,0.2806804,0.096204124,0.2914111,0.059951164,0.1940454,0.02555721,0.17984468,0.10950722
11.509484,9.732324,6.240416,0,0,0,00:00.0,00:00.0,uploads\b67551bc-3737-11f0-85b7-581122bb7f2c\20210419T140000+1000_REC_78.wav,False,0,0,0,0,0,0,0,0,0,0,0,0,rain (light),-6.0729103,1.1222465,0.37713784,0.41770366,0.04766005,0.24314155,0.15123731,0.24423456,0.11139327,0.17799272,0.09519792,0.18365014,0.13821885
11.620161,9.771091,7.833571,0,0,0,00:00.0,00:00.0,uploads\b67551bc-3737-11f0-85b7-581122bb7f2c\20210419T140000+1000_REC_79.wav,False,0,0,0,0,0,0,0,0,0,0,0,0,rain (light),-5.9577203,1.6137068,0.3453215,0.59466755,-0.019078916,0.21101084,0.0365901,0.31101668,0.017034741,0.18705925,0.03796092,0.14101271,0.11331736
11.695444,9.935465,6.737895,0,0,0,00:00.0,00:00.0,uploads\b67551bc-3737-11f0-85b7-581122bb7f2c\20210419T140000+1000_REC_80.wav,False,0,0,0,0,0,0,0,0,0,0,0,0,rain (light),-5.963315,1.5818243,0.3889038,0.52638465,-0.055613104,0.30936715,0.13012177,0.3457282,0.116133116,0.23696741,0.024271756,0.13781421,0.11320299
11.695202,9.938968,6.809731,0,0,0,00:00.0,00:00.0,uploads\b67551bc-3737-11f0-85b7-581122bb7f2c\20210419T140000+1000_REC_81.wav,False,0,0,0,0,0,0,0,0,0,0,0,0,rain (light),-5.990291,1.4895529,0.3897064,0.49087933,-0.016331175,0.2861559,0.074764155,0.34707394,0.09836693,0.19702451,0.023348115,0.15607086,0.08134245
11.575225,9.842592,6.3031425,0,0,0,00:00.0,00:00.0,uploads\b67551bc-3737-11f0-85b7-581122bb7f2c\20210419T140000+1000_REC_82.wav,False,0,0,0,0,0,0,0,0,0,0,0,0,rain (light),-6.0216517,1.3531249,0.38487908,0.4556596,0.00448055,0.268474,0.13824105,0.30929148,0.14242399,0.29275265,0.06045478,0.20064658,0.115208305
11.54966,9.829112,6.1255198,0,0,0,00:00.0,00:00.0,uploads\b67551bc-3737-11f0-85b7-581122bb7f2c\20210419T140000+1000_REC_83.wav,False,0,0,0,0,0,0,0,0,0,0,0,0,rain (light),-6.023211,1.3551712,0.32881254,0.46351105,-0.047827024,0.27437785,0.12858467,0.29245648,0.11531343,0.23328122,0.113795124,0.23894674,0.17844702
11.514439,9.746429,6.235685,0,0,0,00:00.0,00:00.0,uploads\b67551bc-3737-11f0-85b7-581122bb7f2c\20210419T140000+1000_REC_85.wav,False,0,0,0,0,0,0,0,0,0,0,0,0,rain (light),-6.0500255,1.2267205,0.36445522,0.48895758,0.021536332,0.26036948,0.12597694,0.2528449,0.11843293,0.21437618,0.09250863,0.17279881,0.1404543
11.52031,9.4047785,6.9336176,0,0,0,00:00.0,00:00.0,uploads\b67551bc-3737-11f0-85b7-581122bb7f2c\20210419T140000+1000_REC_87.wav,False,0,0,0,0,0,0,0,0,0,0,0,0,rain (light),-6.0309052,1.2883376,0.3285203,0.61171544,-0.026250675,0.20510523,0.076365285,0.28674904,0.08406199,0.19685353,0.060405295,0.12599032,0.1356982
11.505969,10.095521,8.660424,0,0,0,00:00.0,00:00.0,uploads\b67551bc-3737-11f0-85b7-581122bb7f2c\20210419T140000+1000_REC_89.wav,False,0,0,0,0,0,0,0,0,0,0,0,0,rain (light),-5.904581,1.7554804,0.43230233,0.6803472,-0.15524861,0.2254582,0.043383252,0.22978763,-0.0107037425,0.2121104,-0.028794954,0.12971255,0.09752894
11.480394,9.747591,7.8148537,0,0,0,00:00.0,00:00.0,uploads\b67551bc-3737-11f0-85b7-581122bb7f2c\20210419T140000+1000_REC_90.wav,False,0,0,0,0,0,0,0,0,0,0,0,0,rain (light),-6.0162687,1.3529861,0.3419721,0.6306273,-0.06177965,0.18363737,0.09747705,0.23111714,0.02855381,0.21394,0.05746579,0.1002176,0.10897441
11.408957,9.825291,7.9080486,0,0,0,00:00.0,00:00.0,uploads\b67551bc-3737-11f0-85b7-581122bb7f2c\20210419T140000+1000_REC_97.wav,False,0,0,0,0,0,0,0,0,0,0,0,0,rain (light),-6.0004544,1.411136,0.23438191,0.6834724,-0.10848216,0.22954814,0.0981742,0.24017787,0.023834936,0.1876197,0.061447874,0.1275318,0.077876754
11.464614,10.207488,8.734207,0,0,0,00:00.0,00:00.0,uploads\b67551bc-3737-11f0-85b7-581122bb7f2c\20210419T140000+1000_REC_98.wav,False,0,0,0,0,0,0,0,0,0,0,0,0,rain (light),-5.931096,1.6009674,0.24703693,0.85700995,-0.19464257,0.19412321,0.030944284,0.30686003,-0.0074307946,0.12676834,-0.0037975914,0.12658949,0.06662041
11.188072,10.868028,9.305346,0,0,0,00:00.0,00:00.0,uploads\b67551bc-3737-11f0-85b7-581122bb7f2c\20210419T140000+1000_REC_99.wav,False,0,0,0,0,0,0,0,0,0,0,0,0,rain (light),-5.829947,1.900854,0.27870625,0.8983477,-0.34354267,0.18940187,-0.00073509867,0.2694784,-0.074236035,0.11388038,-0.08690184,0.09786385,0.039601415
11.4088745,9.840276,7.946007,0,0,0,00:00.0,00:00.0,uploads\b67551bc-3737-11f0-85b7-581122bb7f2c\20210419T140000+1000_REC_100.wav,False,0,0,0,0,0,0,0,0,0,0,0,0,rain (light),-6.002558,1.3441187,0.28868625,0.7732644,-0.17273244,0.14877212,0.049363274,0.22051778,0.0092258435,0.16670415,0.066624545,0.11334703,0.08049378
11.193739,10.784662,9.200491,0,0,0,00:00.0,00:00.0,uploads\b67551bc-3737-11f0-85b7-581122bb7f2c\20210419T140000+1000_REC_101.wav,False,0,0,0,0,0,0,0,0,0,0,0,0,rain (light),-5.9198403,1.5847566,0.28405565,0.8945836,-0.31898275,0.09858141,-0.043358844,0.3093422,-0.045494955,0.17172745,-0.0024665105,0.09905365,0.048419535
11.29967,10.291665,8.424791,0,0,0,00:00.0,00:00.0,uploads\b67551bc-3737-11f0-85b7-581122bb7f2c\20210419T140000+1000_REC_102.wav,False,0,0,0,0,0,0,0,0,0,0,0,0,rain (light),-5.9884167,1.3817458,0.2770929,0.7977233,-0.20534933,0.11051635,0.009698312,0.2830879,-0.005055773,0.18452744,0.046733294,0.09985944,0.09083192
11.1633835,10.805582,9.251621,0,0,0,00:00.0,00:00.0,uploads\b67551bc-3737-11f0-85b7-581122bb7f2c\20210419T140000+1000_REC_103.wav,False,0,0,0,0,0,0,0,0,0,0,0,0,rain (light),-5.880462,1.673983,0.2946754,0.9906685,-0.32825378,0.11479305,-0.0069538956,0.36031735,-0.04867156,0.17747182,-0.024218818,0.05299874,0.018627133
11.198993,10.754714,9.226521,0,0,0,00:00.0,00:00.0,uploads\b67551bc-3737-11f0-85b7-581122bb7f2c\20210419T140000+1000_REC_104.wav,False,0,0,0,0,0,0,0,0,0,0,0,0,rain (light),-5.8566456,1.7989514,0.24456874,0.94091517,-0.30130896,0.21304402,0.009130287,0.32741603,-0.016982002,0.19389173,-0.068992786,0.10268135,0.014840845
11.218248,10.721452,9.197629,0,0,0,00:00.0,00:00.0,uploads\b67551bc-3737-11f0-85b7-581122bb7f2c\20210419T140000+1000_REC_105.wav,False,0,0,0,0,0,0,0,0,0,0,0,0,rain (light),-5.8961506,1.7127659,0.3031569,0.8311445,-0.25725484,0.2095037,-0.015972776,0.32483268,0.004526756,0.15965228,-0.09033083,0.10922474,0.019001316
11.530295,9.864319,8.082893,0,0,0,00:00.0,00:00.0,uploads\b67551bc-3737-11f0-85b7-581122bb7f2c\20210419T140000+1000_REC_106.wav,False,0,0,0,0,0,0,0,0,0,0,0,0,rain (light),-5.9746065,1.4651622,0.29756886,0.77575666,-0.13770066,0.23058444,0.052078553,0.26521912,0.025802078,0.1553701,-0.027448492,0.14026573,0.09549492
11.369102,9.980082,7.9237566,0,0,0,00:00.0,00:00.0,uploads\b67551bc-3737-11f0-85b7-581122bb7f2c\20210419T140000+1000_REC_108.wav,False,0,0,0,0,0,0,0,0,0,0,0,0,rain (light),-5.970177,1.5290415,0.25290912,0.6834572,-0.13226663,0.22939497,0.07487019,0.27270103,0.07463526,0.25957215,0.03401579,0.16447936,0.09034077
11.32204,10.267,8.363911,0,0,0,00:00.0,00:00.0,uploads\b67551bc-3737-11f0-85b7-581122bb7f2c\20210419T140000+1000_REC_109.wav,False,0,0,0,0,0,0,0,0,0,0,0,0,rain (light),-5.9108114,1.7316015,0.3059405,0.71498805,-0.1678714,0.23168053,0.023501234,0.30220488,0.031142892,0.23139426,0.017919064,0.17557496,0.12109517
11.496204,10.01945,8.021243,0,0,0,00:00.0,00:00.0,uploads\b67551bc-3737-11f0-85b7-581122bb7f2c\20210419T140000+1000_REC_110.wav,False,0,0,0,0,0,0,0,0,0,0,0,0,rain (light),-5.9429755,1.6341678,0.32073763,0.69056517,-0.094398335,0.25086594,0.059355672,0.2544377,0.0231651,0.22314747,0.02220174,0.16368121,0.0670499
11.4841585,10.189154,8.52799,0,0,0,00:00.0,00:00.0,uploads\b67551bc-3737-11f0-85b7-581122bb7f2c\20210419T140000+1000_REC_111.wav,False,0,0,0,0,0,0,0,0,0,0,0,0,rain (light),-5.9304233,1.690902,0.32569608,0.69190544,-0.07285434,0.21631695,0.04653321,0.25414136,0.012124862,0.14520979,0.037607756,0.16259374,0.057315752
11.482067,10.157144,8.688261,0,0,0,00:00.0,00:00.0,uploads\b67551bc-3737-11f0-85b7-581122bb7f2c\20210419T140000+1000_REC_112.wav,False,0,0,0,0,0,0,0,0,0,0,0,0,rain (light),-5.9197555,1.6906207,0.284462,0.77469057,-0.14381513,0.20689936,0.082020074,0.27462572,0.0074461396,0.1829047,-0.012313948,0.12584855,0.073301874
11.500778,9.927213,8.216486,0,0,0,00:00.0,00:00.0,uploads\b67551bc-3737-11f0-85b7-581122bb7f2c\20210419T140000+1000_REC_113.wav,False,0,0,0,0,0,0,0,0,0,0,0,0,rain (light),-5.977,1.4593742,0.31181887,0.76071316,-0.13728467,0.23153126,0.02085453,0.2904921,0.03880834,0.16396166,0.038491216,0.13376309,0.05946811
11.251481,10.652159,9.125118,0,0,0,00:00.0,00:00.0,uploads\b67551bc-3737-11f0-85b7-581122bb7f2c\20210419T140000+1000_REC_114.wav,False,0,0,0,0,0,0,0,0,0,0,0,0,rain (light),-5.899451,1.6982092,0.3462757,0.8399904,-0.25122416,0.19227846,-0.0061644097,0.3281659,-0.025326649,0.18431596,-0.0070868577,0.12878385,0.052247513
11.376044,10.3012,8.616985,0,0,0,00:00.0,00:00.0,uploads\b67551bc-3737-11f0-85b7-581122bb7f2c\20210419T140000+1000_REC_115.wav,True,0,1,0,0,0,0,0,0,1,0,0,0,rain (light),-5.9395237,1.5929052,0.38275084,0.7567973,-0.21150562,0.16449931,-0.018247398,0.27301213,0.004863589,0.2118791,0.029434215,0.1379095,0.07265448
11.235588,10.643062,9.0992,0,0,0,00:00.0,00:00.0,uploads\b67551bc-3737-11f0-85b7-581122bb7f2c\20210419T140000+1000_REC_116.wav,False,0,0,0,0,0,0,0,0,0,0,0,0,rain (light),-5.8996944,1.6674951,0.40287757,0.82895505,-0.30999088,0.21241744,-0.07687125,0.34321663,-0.007956541,0.21250658,-0.022984115,0.13766257,0.09162004
11.3215275,10.320507,8.47844,0,0,0,00:00.0,00:00.0,uploads\b67551bc-3737-11f0-85b7-581122bb7f2c\20210419T140000+1000_REC_117.wav,False,0,0,0,0,0,0,0,0,0,0,0,0,rain (light),-5.9913974,1.3682891,0.35942593,0.76790416,-0.16883191,0.18702866,-0.028173449,0.28990647,0.014951059,0.23877819,0.05621303,0.14189039,0.112952836
11.50889,9.4079895,6.9856563,0,0,0,00:00.0,00:00.0,uploads\b67551bc-3737-11f0-85b7-581122bb7f2c\20210419T140000+1000_REC_119.wav,False,0,0,0,0,0,0,0,0,0,0,0,0,rain (light),-6.0180497,1.3652226,0.306889,0.5599684,-0.08814962,0.2367187,0.08341813,0.25857756,0.054221626,0.23361762,0.07223623,0.13676494,0.15010749
11.544953,9.314883,7.3827477,0,0,0,00:00.0,00:00.0,uploads\b67551bc-3737-11f0-85b7-581122bb7f2c\20210419T140000+1000_REC_126.wav,False,0,0,0,0,0,0,0,0,0,0,0,0,rain (light),-5.9999065,1.4085914,0.36692727,0.68059653,-0.023474023,0.21382682,0.06434746,0.2301508,0.08466336,0.18717858,0.03617479,0.09961158,0.05580148
11.546189,9.822319,7.9246607,0,0,0,00:00.0,00:00.0,uploads\b67551bc-3737-11f0-85b7-581122bb7f2c\20210419T140000+1000_REC_127.wav,False,0,0,0,0,0,0,0,0,0,0,0,0,rain (light),-5.9828815,1.4685316,0.3746,0.6932354,-0.08176251,0.22820899,0.081198595,0.23936199,0.04464472,0.17477518,0.0075051147,0.13003078,0.07161318
11.497086,10.210334,8.740942,0,0,0,00:00.0,00:00.0,uploads\b67551bc-3737-11f0-85b7-581122bb7f2c\20210419T140000+1000_REC_128.wav,False,0,0,0,0,0,0,0,0,0,0,0,0,rain (light),-5.9190793,1.6701735,0.38211778,0.78723156,-0.16308266,0.19173814,-0.0008978039,0.27209476,0.029972952,0.1918323,0.0069594467,0.11192269,0.057587728
11.494916,9.894519,8.298359,0,0,0,00:00.0,00:00.0,uploads\b67551bc-3737-11f0-85b7-581122bb7f2c\20210419T140000+1000_REC_129.wav,False,0,0,0,0,0,0,0,0,0,0,0,0,rain (light),-5.9642787,1.50974,0.34599572,0.7319454,-0.17624581,0.25657892,0.062111083,0.30109212,0.05613569,0.19750524,-0.008434362,0.11143253,0.07309662
11.249766,10.651572,9.136473,0,0,0,00:00.0,00:00.0,uploads\b67551bc-3737-11f0-85b7-581122bb7f2c\20210419T140000+1000_REC_130.wav,False,0,0,0,0,0,0,0,0,0,0,0,0,rain (light),-5.8868694,1.7407846,0.42693937,0.83500844,-0.21987626,0.19676526,0.04268149,0.32160679,-0.008473586,0.16341232,-0.034453887,0.115055986,0.023639904
11.453607,9.800902,7.8929973,0,0,0,00:00.0,00:00.0,uploads\b67551bc-3737-11f0-85b7-581122bb7f2c\20210419T140000+1000_REC_131.wav,False,0,0,0,0,0,0,0,0,0,0,0,0,rain (light),-6.000783,1.3999138,0.3330823,0.67160183,-0.13181111,0.17237633,0.11769849,0.26750147,0.02761052,0.17897731,0.08059565,0.11041026,0.09504157
11.668257,9.802778,7.7334714,0,0,0,00:00.0,00:00.0,uploads\b67551bc-3737-11f0-85b7-581122bb7f2c\20210419T140000+1000_REC_135.wav,False,0,0,0,0,0,0,0,0,0,0,0,0,rain (light),-6.014797,1.3694786,0.34569168,0.6049947,0.012228734,0.25113693,0.0982861,0.23741035,0.0516918,0.20393088,0.018485539,0.15405525,0.10272657
11.640923,9.793004,7.7831817,0,0,0,00:00.0,00:00.0,uploads\b67551bc-3737-11f0-85b7-581122bb7f2c\20210419T140000+1000_REC_136.wav,False,0,0,0,0,0,0,0,0,0,0,0,0,rain (light),-5.996123,1.4557502,0.37760752,0.5908293,-0.040005006,0.21407227,0.08516554,0.24794886,0.06402058,0.1830559,0.03469324,0.1591595,0.081510484
11.510476,9.87184,7.942217,0,0,0,00:00.0,00:00.0,uploads\b67551bc-3737-11f0-85b7-581122bb7f2c\20210419T140000+1000_REC_137.wav,False,0,0,0,0,0,0,0,0,0,0,0,0,rain (light),-5.9486904,1.6135784,0.3790925,0.6782131,-0.0692995,0.19007888,0.120313674,0.27080724,0.029025104,0.24332479,0.070919804,0.12893926,0.0666039
11.616453,9.781253,7.814086,0,0,0,00:00.0,00:00.0,uploads\b67551bc-3737-11f0-85b7-581122bb7f2c\20210419T140000+1000_REC_138.wav,False,0,0,0,0,0,0,0,0,0,0,0,0,rain (light),-5.990506,1.459872,0.3844756,0.6221446,-0.090060726,0.2277169,0.069142915,0.2490807,0.061325397,0.20859113,0.0545014,0.13845225,0.09672459
11.658232,9.685537,6.5985007,0,0,0,00:00.0,00:00.0,uploads\b67551bc-3737-11f0-85b7-581122bb7f2c\20210419T140000+1000_REC_139.wav,False,0,0,0,0,0,0,0,0,0,0,0,0,rain (light),-6.0442157,1.2044547,0.3399189,0.6156834,-0.009006179,0.25315604,0.17809795,0.2924894,0.0830678,0.22055101,0.071149915,0.12467178,0.118191704
11.522121,9.738092,6.273904,0,0,0,00:00.0,00:00.0,uploads\b67551bc-3737-11f0-85b7-581122bb7f2c\20210419T140000+1000_REC_144.wav,False,0,0,0,0,0,0,0,0,0,0,0,0,rain (light),-6.04235,1.2769774,0.3821027,0.4483145,-0.0019091842,0.25030375,0.10734918,0.25743276,0.101711825,0.2066577,0.082230136,0.15958416,0.146984
11.702092,10.00012,6.746803,0,0,0,00:00.0,00:00.0,uploads\b67551bc-3737-11f0-85b7-581122bb7f2c\20210419T140000+1000_REC_145.wav,False,0,0,0,0,0,0,0,0,0,0,0,0,rain (light),-5.9669194,1.560188,0.40793923,0.56075686,-0.11814751,0.27743483,0.12294626,0.28625816,0.08909307,0.2230255,0.026965382,0.16372569,0.09103414
11.495316,9.723783,6.2087426,0,0,0,00:00.0,00:00.0,uploads\b67551bc-3737-11f0-85b7-581122bb7f2c\20210419T140000+1000_REC_146.wav,False,0,0,0,0,0,0,0,0,0,0,0,0,rain (light),-6.068277,1.1385561,0.34763372,0.4704219,0.0631505,0.24071254,0.13331713,0.26369467,0.14414765,0.19031933,0.092774086,0.16949242,0.1274442
11.71257,9.778285,6.594425,0,0,0,00:00.0,00:00.0,uploads\b67551bc-3737-11f0-85b7-581122bb7f2c\20210419T140000+1000_REC_147.wav,False,0,0,0,0,0,0,0,0,0,0,0,0,rain (light),-6.0104933,1.3925786,0.36361426,0.53411704,0.0050934055,0.2791391,0.14668657,0.3374417,0.10855317,0.21347655,0.042574644,0.16121057,0.11311378
11.578866,9.81813,6.302742,0,0,0,00:00.0,00:00.0,uploads\b67551bc-3737-11f0-85b7-581122bb7f2c\20210419T140000+1000_REC_148.wav,False,0,0,0,0,0,0,0,0,0,0,0,0,rain (light),-6.0396934,1.2921007,0.32297406,0.43493456,0.010102336,0.29293466,0.1530967,0.28912616,0.11432587,0.22388373,0.06757099,0.1991454,0.121445954
11.495783,9.755888,6.1008897,0,0,0,00:00.0,00:00.0,uploads\b67551bc-3737-11f0-85b7-581122bb7f2c\20210419T140000+1000_REC_149.wav,False,0,0,0,0,0,0,0,0,0,0,0,0,rain (light),-6.056867,1.1710837,0.3372101,0.5131786,0.038170286,0.27847016,0.17057866,0.29705235,0.14319196,0.23204052,0.06916224,0.1717194,0.15653616
11.729823,9.7638235,6.5876093,0,0,0,00:00.0,00:00.0,uploads\b67551bc-3737-11f0-85b7-581122bb7f2c\20210419T140000+1000_REC_151.wav,False,0,0,0,0,0,0,0,0,0,0,0,0,rain (light),-6.0061197,1.372907,0.3793002,0.6153594,-0.0632368,0.27599737,0.16931652,0.32288477,0.09091388,0.23494312,0.06433957,0.16831891,0.1182426
11.767518,9.8386755,6.7314205,0,0,0,00:00.0,00:00.0,uploads\b67551bc-3737-11f0-85b7-581122bb7f2c\20210419T140000+1000_REC_152.wav,False,0,0,0,0,0,0,0,0,0,0,0,0,rain (light),-5.9858108,1.4302647,0.4082808,0.6939615,-0.03270521,0.285215,0.16185565,0.32426366,0.039030086,0.2119936,0.057703648,0.15802936,0.06634474
11.7259,9.7745,6.6224046,0,0,0,00:00.0,00:00.0,uploads\b67551bc-3737-11f0-85b7-581122bb7f2c\20210419T140000+1000_REC_153.wav,False,0,0,0,0,0,0,0,0,0,0,0,0,rain (light),-6.0233583,1.3023235,0.36636776,0.61187965,0.035794675,0.28519398,0.17260131,0.3221752,0.09989874,0.2034139,0.05988449,0.18186612,0.0892851
11.479169,9.739482,6.0362434,0,0,0,00:00.0,00:00.0,uploads\b67551bc-3737-11f0-85b7-581122bb7f2c\20210419T140000+1000_REC_160.wav,False,0,0,0,0,0,0,0,0,0,0,0,0,rain (light),-6.0791726,1.0483459,0.35822257,0.46747658,0.033187058,0.2540203,0.16443582,0.3069684,0.11912253,0.24955645,0.10814598,0.1777204,0.15111916
11.494076,9.757176,6.047036,0,0,0,00:00.0,00:00.0,uploads\b67551bc-3737-11f0-85b7-581122bb7f2c\20210419T140000+1000_REC_165.wav,False,0,0,0,0,0,0,0,0,0,0,0,0,rain (light),-6.0821853,1.028796,0.3861658,0.45965442,0.09042483,0.27082738,0.1749353,0.27503344,0.13680966,0.23119546,0.11180212,0.19449016,0.15797341
11.611954,9.82008,6.3888407,0,0,0,00:00.0,00:00.0,uploads\b67551bc-3737-11f0-85b7-581122bb7f2c\20210419T140000+1000_REC_166.wav,False,0,0,0,0,0,0,0,0,0,0,0,0,rain (light),-6.0322304,1.2696415,0.4595351,0.52132404,0.065720014,0.31560287,0.12339965,0.2858441,0.08523016,0.21755317,0.06639975,0.19444674,0.12466343
11.710983,9.766254,6.574568,0,0,0,00:00.0,00:00.0,uploads\b67551bc-3737-11f0-85b7-581122bb7f2c\20210419T140000+1000_REC_167.wav,False,0,0,0,0,0,0,0,0,0,0,0,0,rain (light),-6.0150476,1.3547916,0.4307648,0.5325261,0.052499536,0.2987245,0.18700744,0.31179723,0.08044035,0.23071432,0.044374183,0.16270901,0.1220494
11.671985,9.932418,6.7409244,0,0,0,00:00.0,00:00.0,uploads\b67551bc-3737-11f0-85b7-581122bb7f2c\20210419T140000+1000_REC_168.wav,False,0,0,0,0,0,0,0,0,0,0,0,0,rain (light),-5.991975,1.4516253,0.48069033,0.50301677,0.0166829,0.34264654,0.12201101,0.29549983,0.113772295,0.23115845,0.031342976,0.18839085,0.06389811
11.724276,9.76341,6.57355,0,0,0,00:00.0,00:00.0,uploads\b67551bc-3737-11f0-85b7-581122bb7f2c\20210419T140000+1000_REC_169.wav,False,0,0,0,0,0,0,0,0,0,0,0,0,rain (light),-6.0021567,1.397823,0.41431108,0.58106947,-0.04682542,0.29251903,0.22894286,0.27251065,0.093447775,0.22319515,0.01540917,0.18309514,0.0954971
11.594438,9.859734,6.4615655,0,0,0,00:00.0,00:00.0,uploads\b67551bc-3737-11f0-85b7-581122bb7f2c\20210419T140000+1000_REC_171.wav,False,0,0,0,0,0,0,0,0,0,0,0,0,rain (light),-6.000798,1.4495921,0.42508388,0.46524957,0.068132736,0.30043045,0.07358858,0.27194494,0.14281037,0.2527998,0.047516715,0.17129914,0.096581966
11.656371,10.015475,6.6514683,0,0,0,00:00.0,00:00.0,uploads\b67551bc-3737-11f0-85b7-581122bb7f2c\20210419T140000+1000_REC_172.wav,False,0,0,0,0,0,0,0,0,0,0,0,0,rain (light),-5.975003,1.5395008,0.41370565,0.5201712,-0.047629733,0.33648732,0.0806924,0.25848353,0.032403376,0.21665013,0.098935425,0.19552413,0.12392069
11.5059185,9.77156,6.04965,0,0,0,00:00.0,00:00.0,uploads\b67551bc-3737-11f0-85b7-581122bb7f2c\20210419T140000+1000_REC_173.wav,False,0,0,0,0,0,0,0,0,0,0,0,0,rain (light),-6.070015,1.0698459,0.47267964,0.42583698,0.08524082,0.29041594,0.16808273,0.3107123,0.13995789,0.2525465,0.14279264,0.22042678,0.17343374
11.553594,9.828573,6.1471286,0,0,0,00:00.0,00:00.0,uploads\b67551bc-3737-11f0-85b7-581122bb7f2c\20210419T140000+1000_REC_174.wav,False,0,0,0,0,0,0,0,0,0,0,0,0,rain (light),-6.031688,1.2990942,0.43376204,0.46671918,0.04170445,0.27724424,0.12660995,0.26858142,0.1378652,0.24893357,0.11444184,0.21990742,0.14262015
11.672091,10.029314,6.675906,0,0,0,00:00.0,00:00.0,uploads\b67551bc-3737-11f0-85b7-581122bb7f2c\20210419T140000+1000_REC_175.wav,False,0,0,0,0,0,0,0,0,0,0,0,0,rain (light),-5.970885,1.5385754,0.50627947,0.52120125,-0.0050824904,0.31175008,0.122625984,0.26618525,0.08453816,0.23669517,0.04457241,0.17194627,0.107504584
11.681041,9.765502,6.547605,0,0,0,00:00.0,00:00.0,uploads\b67551bc-3737-11f0-85b7-581122bb7f2c\20210419T140000+1000_REC_176.wav,False,0,0,0,0,0,0,0,0,0,0,0,0,rain (light),-6.0337605,1.299751,0.40699473,0.47715366,0.07466746,0.24911977,0.160575,0.31117547,0.09042948,0.22423269,0.07942847,0.14382507,0.119517684
11.646109,9.856175,6.4542093,0,0,0,00:00.0,00:00.0,uploads\b67551bc-3737-11f0-85b7-581122bb7f2c\20210419T140000+1000_REC_177.wav,False,0,0,0,0,0,0,0,0,0,0,0,0,rain (light),-6.030664,1.3022211,0.44817275,0.46123198,0.054923948,0.29916534,0.12678243,0.3015829,0.13411443,0.22336742,0.08788041,0.17050917,0.107838646
11.504318,9.770505,6.040211,0,0,0,00:00.0,00:00.0,uploads\b67551bc-3737-11f0-85b7-581122bb7f2c\20210419T140000+1000_REC_178.wav,False,0,0,0,0,0,0,0,0,0,0,0,0,rain (light),-6.040983,1.2047668,0.47547874,0.5006482,0.12635756,0.3151014,0.185293,0.3022381,0.20321344,0.2261527,0.13770795,0.21780449,0.16659662
11.581146,9.21821,6.84996,0,0,0,00:00.0,00:00.0,uploads\b67551bc-3737-11f0-85b7-581122bb7f2c\20210419T140000+1000_REC_183.wav,False,0,0,0,0,0,0,0,0,0,0,0,0,rain (light),-6.0467057,1.2408375,0.41507518,0.50038093,0.01296142,0.22887631,0.13614504,0.20400092,0.09587874,0.18575636,0.11385388,0.15260379,0.109294005
11.595735,9.797716,7.858361,0,0,0,00:00.0,00:00.0,uploads\b67551bc-3737-11f0-85b7-581122bb7f2c\20210419T140000+1000_REC_186.wav,False,0,0,0,0,0,0,0,0,0,0,0,0,rain (light),-5.973062,1.5167962,0.4298411,0.6659673,-0.030497566,0.23783381,0.09901368,0.23876391,0.04612896,0.17214161,0.049185656,0.14641735,0.09055434
11.555349,9.832894,7.9174786,0,0,0,00:00.0,00:00.0,uploads\b67551bc-3737-11f0-85b7-581122bb7f2c\20210419T140000+1000_REC_187.wav,False,0,0,0,0,0,0,0,0,0,0,0,0,rain (light),-5.958661,1.5314251,0.4133115,0.7752687,-0.027862793,0.21998012,0.084410824,0.26356894,0.053979635,0.18482527,0.033089045,0.13344395,0.060757216
11.524743,9.834172,7.945124,0,0,0,00:00.0,00:00.0,uploads\b67551bc-3737-11f0-85b7-581122bb7f2c\20210419T140000+1000_REC_188.wav,False,0,0,0,0,0,0,0,0,0,0,0,0,rain (light),-5.9794636,1.4510576,0.39581856,0.7533528,-0.081319205,0.19867341,0.08044741,0.27520466,0.037746668,0.17831084,0.024884172,0.11060004,0.08757653
11.4768915,10.240227,8.761941,0,0,0,00:00.0,00:00.0,uploads\b67551bc-3737-11f0-85b7-581122bb7f2c\20210419T140000+1000_REC_189.wav,False,0,0,0,0,0,0,0,0,0,0,0,0,rain (light),-5.9071875,1.7117761,0.41299284,0.79319304,-0.14043659,0.19030316,0.017966017,0.27553445,0.01707239,0.13435207,0.0019190699,0.12984067,0.057770267
11.344694,10.529416,8.993695,0,0,0,00:00.0,00:00.0,uploads\b67551bc-3737-11f0-85b7-581122bb7f2c\20210419T140000+1000_REC_190.wav,False,0,0,0,0,0,0,0,0,0,0,0,0,rain (light),-5.8650675,1.8435496,0.41295946,0.7972322,-0.21168214,0.19718693,0.04082962,0.29868028,0.009222116,0.12596446,-0.01549377,0.13471079,0.032574214
11.60396,9.810568,7.882246,0,0,0,00:00.0,00:00.0,uploads\b67551bc-3737-11f0-85b7-581122bb7f2c\20210419T140000+1000_REC_191.wav,False,0,0,0,0,0,0,0,0,0,0,0,0,rain (light),-5.952406,1.5734715,0.4064396,0.7299078,-0.10221371,0.18098338,0.0854255,0.27440324,0.06427848,0.18618058,0.04753136,0.14740129,0.10430396
11.544405,9.241197,7.175722,0,0,0,00:00.0,00:00.0,uploads\b67551bc-3737-11f0-85b7-581122bb7f2c\20210419T140000+1000_REC_194.wav,False,0,0,0,0,0,0,0,0,0,0,0,0,rain (light),-5.9728684,1.5765414,0.3696451,0.5550786,-0.0041960203,0.18942532,0.04998669,0.18515049,0.15220496,0.20899813,0.023255035,0.08837412,0.113879085
11.555028,10.149315,8.693564,0,0,0,00:00.0,00:00.0,uploads\b67551bc-3737-11f0-85b7-581122bb7f2c\20210419T140000+1000_REC_195.wav,False,0,0,0,0,0,0,0,0,0,0,0,0,rain (light),-5.897837,1.7967464,0.43411952,0.6718923,-0.08754449,0.20960917,0.03718368,0.22844921,0.053492766,0.19894327,0.0153899565,0.14006306,0.05878785
11.524299,9.160973,7.0502605,0,0,0,00:00.0,00:00.0,uploads\b67551bc-3737-11f0-85b7-581122bb7f2c\20210419T140000+1000_REC_196.wav,False,0,0,0,0,0,0,0,0,0,0,0,0,rain (light),-5.9999905,1.4461336,0.4029375,0.59078026,0.03196138,0.18283926,0.10704997,0.2155554,0.102095954,0.19028717,0.108448915,0.124912724,0.09825152
11.518771,9.145956,7.057777,0,0,0,00:00.0,00:00.0,uploads\b67551bc-3737-11f0-85b7-581122bb7f2c\20210419T140000+1000_REC_204.wav,True,0,1,0,0,0,0,0,0,1,0,0,0,rain (light),-6.0200944,1.3401514,0.32377842,0.6293115,-0.019232856,0.24120769,0.10575374,0.23530583,0.07135877,0.20908572,0.11062685,0.11541505,0.11019087
11.5662775,10.039805,7.9495487,0,0,0,00:00.0,00:00.0,uploads\b67551bc-3737-11f0-85b7-581122bb7f2c\20210419T140000+1000_REC_208.wav,False,0,0,0,0,0,0,0,0,0,0,0,0,rain (light),-5.939719,1.5897753,0.42070895,0.76656413,-0.1270976,0.28089115,0.07584236,0.26114786,0.006371257,0.19075648,0.04593672,0.18134345,0.08344523
11.603013,9.822034,6.382956,0,0,0,00:00.0,00:00.0,uploads\b67551bc-3737-11f0-85b7-581122bb7f2c\20210419T140000+1000_REC_212.wav,False,0,0,0,0,0,0,0,0,0,0,0,0,rain (light),-6.003002,1.3869493,0.42663202,0.630351,0.03777548,0.27702743,0.1315283,0.2529499,0.13806815,0.25253147,0.059362438,0.16128999,0.124657586
11.534113,9.876448,6.432674,0,0,0,00:00.0,00:00.0,uploads\b67551bc-3737-11f0-85b7-581122bb7f2c\20210419T140000+1000_REC_213.wav,False,0,0,0,0,0,0,0,0,0,0,0,0,rain (light),-5.991212,1.4972649,0.2103623,0.54531384,0.10569397,0.30295885,0.057815973,0.27585125,0.17440833,0.2764367,0.0066249324,0.13080905,0.11621427
11.548499,9.825307,6.1551957,0,0,0,00:00.0,00:00.0,uploads\b67551bc-3737-11f0-85b7-581122bb7f2c\20210419T140000+1000_REC_214.wav,False,0,0,0,0,0,0,0,0,0,0,0,0,rain (light),-5.9977937,1.4388257,0.40780145,0.5457406,0.007086823,0.27445298,0.13754228,0.25568268,0.17036806,0.25575453,0.05929564,0.21008195,0.15338905
11.507424,9.796817,6.1441803,0,0,0,00:00.0,00:00.0,uploads\b67551bc-3737-11f0-85b7-581122bb7f2c\20210419T140000+1000_REC_217.wav,False,0,0,0,0,0,0,0,0,0,0,0,0,rain (light),-6.0374956,1.3073866,0.29463595,0.46706393,0.043897882,0.24258883,0.106988706,0.257177,0.16537286,0.2505266,0.0695049,0.1879626,0.17835207
11.560813,9.838739,6.1383967,0,0,0,00:00.0,00:00.0,uploads\b67551bc-3737-11f0-85b7-581122bb7f2c\20210419T140000+1000_REC_219.wav,False,0,0,0,0,0,0,0,0,0,0,0,0,rain (light),-5.983373,1.5109224,0.47891212,0.45827472,-0.0627697,0.22068238,0.120495744,0.31717837,0.1107371,0.20066382,0.0961912,0.2002187,0.16120487
11.503472,9.078125,6.974544,0,0,0,00:00.0,00:00.0,uploads\b67551bc-3737-11f0-85b7-581122bb7f2c\20210419T140000+1000_REC_239.wav,False,0,0,0,0,0,0,0,0,0,0,0,0,rain (light),-6.0008025,1.4525847,0.41565505,0.53017175,0.041307386,0.22779565,0.17922232,0.22709821,0.15058568,0.16434059,0.13844337,0.12492439,0.105892844
11.544463,9.257806,7.206175,0,0,0,00:00.0,00:00.0,uploads\b67551bc-3737-11f0-85b7-581122bb7f2c\20210419T140000+1000_REC_244.wav,False,0,0,0,0,0,0,0,0,0,0,0,0,rain (light),-5.9940915,1.4418215,0.41680586,0.6072052,-0.14887477,0.20857948,0.07151435,0.21043836,0.1102546,0.17891042,0.08166506,0.085451424,0.08691899
11.086868,11.060335,9.392206,0,0,0,00:00.0,00:00.0,uploads\b67551bc-3737-11f0-85b7-581122bb7f2c\20210419T140000+1000_REC_245.wav,False,0,0,0,0,0,0,0,0,0,0,0,0,rain (light),-5.8333845,1.9580563,0.38463277,0.7188503,-0.33033898,0.1490724,-0.06144755,0.24795443,0.0054361653,0.16344482,-0.031754732,0.13187477,0.08851723
11.089349,11.109433,9.371539,0,0,0,00:00.0,00:00.0,uploads\b67551bc-3737-11f0-85b7-581122bb7f2c\20210419T140000+1000_REC_246.wav,False,0,0,0,0,0,0,0,0,0,0,0,0,rain (light),-5.7827315,2.1096804,0.3758142,0.73951614,-0.31457254,0.20680206,-0.053928446,0.22333968,-0.007163485,0.12796669,-0.00789386,0.13894513,0.020030811
11.080444,11.083149,9.405913,0,0,0,00:00.0,00:00.0,uploads\b67551bc-3737-11f0-85b7-581122bb7f2c\20210419T140000+1000_REC_247.wav,False,0,0,0,0,0,0,0,0,0,0,0,0,rain (light),-5.8063893,2.0169103,0.33679947,0.82842284,-0.29966113,0.14544196,-0.08246435,0.22472121,-0.013719371,0.13426694,-0.020388542,0.11443949,0.063399665
11.017201,11.184474,9.52048,0,0,0,00:00.0,00:00.0,uploads\b67551bc-3737-11f0-85b7-581122bb7f2c\20210419T140000+1000_REC_250.wav,False,0,0,0,0,0,0,0,0,0,0,0,0,rain (light),-5.805119,1.9118103,0.40290305,0.8843101,-0.4744219,0.03527771,-0.18275188,0.33612576,-0.010053868,0.15414266,-0.106026806,0.07651183,0.061987154
10.975939,11.275346,9.604729,0,0,0,00:00.0,00:00.0,uploads\b67551bc-3737-11f0-85b7-581122bb7f2c\20210419T140000+1000_REC_251.wav,False,0,0,0,0,0,0,0,0,0,0,0,0,rain (light),-5.773368,2.0023477,0.41241536,0.89028794,-0.51023185,0.07964852,-0.16580589,0.29847348,-0.06321608,0.16829434,-0.06635671,0.08204032,-0.00015772588
11.033318,11.168256,9.497984,0,0,0,00:00.0,00:00.0,uploads\b67551bc-3737-11f0-85b7-581122bb7f2c\20210419T140000+1000_REC_252.wav,False,0,0,0,0,0,0,0,0,0,0,0,0,rain (light),-5.779607,2.0181937,0.35835966,0.84805864,-0.5074344,0.13295144,-0.13273546,0.24074353,-0.08493223,0.17541857,-0.06991282,0.110429965,0.0646498
10.970103,11.292335,9.6213045,0,0,0,00:00.0,00:00.0,uploads\b67551bc-3737-11f0-85b7-581122bb7f2c\20210419T140000+1000_REC_253.wav,False,0,0,0,0,0,0,0,0,0,0,0,0,rain (light),-5.767998,1.9883763,0.3945372,1.0078951,-0.44629666,0.14856756,-0.15219553,0.273322,-0.06465273,0.17891575,-0.0909227,0.07703442,-0.018575324
11.2402115,10.765932,9.07784,0,0,0,00:00.0,00:00.0,uploads\b67551bc-3737-11f0-85b7-581122bb7f2c\20210419T140000+1000_REC_256.wav,False,0,0,0,0,0,0,0,0,0,0,0,0,rain (light),-5.900799,1.685374,0.3943549,0.8269989,-0.3368583,0.11544694,-0.03804526,0.22426479,-0.03355822,0.17180964,0.048330992,0.11344757,0.08625695
11.213569,10.782138,9.157892,0,0,0,00:00.0,00:00.0,uploads\b67551bc-3737-11f0-85b7-581122bb7f2c\20210419T140000+1000_REC_262.wav,False,0,0,0,0,0,0,0,0,0,0,0,0,rain (light),-5.910951,1.6576401,0.2782045,0.8669909,-0.26801518,0.11714591,-0.07920162,0.22632292,-0.015084279,0.16029689,0.00999412,0.09806874,0.05904857
11.080673,11.046079,9.396441,0,0,0,00:00.0,00:00.0,uploads\b67551bc-3737-11f0-85b7-581122bb7f2c\20210419T140000+1000_REC_263.wav,False,0,0,0,0,0,0,0,0,0,0,0,0,rain (light),-5.860351,1.8217866,0.29402903,0.85478634,-0.3316467,0.11906698,-0.10128287,0.27364913,-0.014857621,0.16812168,-0.027336542,0.11742477,0.0798368
11.214118,10.778507,9.152335,0,0,0,00:00.0,00:00.0,uploads\b67551bc-3737-11f0-85b7-581122bb7f2c\20210419T140000+1000_REC_266.wav,True,0,0,0,0,0,0,0,0,1,0,0,0,rain (light),-5.899743,1.6862384,0.43026713,0.80452305,-0.3262318,0.09462679,-0.09504365,0.2643224,0.011300493,0.1775271,0.015604942,0.091544025,0.043514017
10.628613,11.781295,9.800793,0,0,0,00:00.0,00:00.0,uploads\b67551bc-3737-11f0-85b7-581122bb7f2c\20210419T160000+1000_REC_143.wav,False,0,0,0,0,0,0,0,0,0,0,0,0,rain (light),-5.7994833,1.8660765,0.31284264,1.0761824,-0.4476269,0.10385381,-0.1446287,0.35040262,-0.05276122,0.16370802,-0.0013025388,0.10644674,0.014160218
10.631871,11.775226,9.800714,0,0,0,00:00.0,00:00.0,uploads\b67551bc-3737-11f0-85b7-581122bb7f2c\20210419T160000+1000_REC_144.wav,False,0,0,0,0,0,0,0,0,0,0,0,0,rain (light),-5.79895,1.8143524,0.2895737,1.0947925,-0.52261394,0.095166996,-0.16939412,0.42631084,-0.07210714,0.17654172,-0.04954074,0.1235919,0.05163807
10.627257,11.782883,9.801986,0,0,0,00:00.0,00:00.0,uploads\b67551bc-3737-11f0-85b7-581122bb7f2c\20210419T160000+1000_REC_145.wav,False,0,0,0,0,0,0,0,0,0,0,0,0,rain (light),-5.851783,1.6176788,0.32572496,1.134113,-0.4798294,0.10550812,-0.12037616,0.40574983,-0.037576336,0.2380138,-0.04603441,0.11888444,0.033359755
10.634173,11.770525,9.801022,0,0,0,00:00.0,00:00.0,uploads\b67551bc-3737-11f0-85b7-581122bb7f2c\20210419T160000+1000_REC_146.wav,False,0,0,0,0,0,0,0,0,0,0,0,0,rain (light),-5.81621,1.7371843,0.314775,1.1414042,-0.5086137,0.13520229,-0.12181786,0.38129374,-0.09807297,0.1849896,-0.066901386,0.122715965,0.051771898
10.626717,11.787468,9.798536,0,0,0,00:00.0,00:00.0,uploads\b67551bc-3737-11f0-85b7-581122bb7f2c\20210419T160000+1000_REC_147.wav,False,0,0,0,0,0,0,0,0,0,0,0,0,rain (light),-5.859945,1.6726526,0.3245943,1.0403253,-0.43230855,0.14486441,-0.10772461,0.3856712,-0.016760191,0.19836526,-0.048391286,0.07873833,0.028544135
10.627364,11.783425,9.800988,0,0,0,00:00.0,00:00.0,uploads\b67551bc-3737-11f0-85b7-581122bb7f2c\20210419T160000+1000_REC_149.wav,False,0,0,0,0,0,0,0,0,0,0,0,0,rain (light),-5.850261,1.7164625,0.28459293,1.0466264,-0.39686057,0.09502564,-0.18507843,0.36047462,-0.019339021,0.18932657,-0.02765008,0.12239095,0.02265856
9.6482315,7.1225276,5.686177,0,0,0,00:00.0,00:00.0,uploads\b67551bc-3737-11f0-85b7-581122bb7f2c\20210419T180000+1000_REC_44.wav,True,0,0,0,0,1,0,0,0,0,0,0,0,rain (light),-6.0738373,1.012508,0.4919355,0.46083438,0.17963743,0.29711333,0.10135507,0.26897013,0.060714792,0.29651728,0.09208526,0.30366525,0.097743295
11.666257,9.495831,6.875096,0,0,0,00:00.0,00:00.0,uploads\b67551bc-3737-11f0-85b7-581122bb7f2c\20210419T180000+1000_REC_118.wav,False,0,0,0,0,0,0,0,0,0,0,0,0,rain (light),-6.095216,0.6471854,0.72573733,0.26603034,0.2817717,0.22531925,0.1669806,0.358946,-0.0026776053,0.36033183,-0.067022204,0.32091013,-0.004830081
9.641298,7.1001115,5.661269,0,0,0,00:00.0,00:00.0,uploads\b67551bc-3737-11f0-85b7-581122bb7f2c\20210419T180000+1000_REC_216.wav,False,0,0,0,0,0,0,0,0,0,0,0,0,rain (light),-6.0972133,0.8505269,0.46465173,0.38597646,0.21391071,0.31794944,0.13890868,0.3231413,0.1029358,0.32826647,0.09888473,0.30443734,0.09715936
12.199919,9.131966,8.501336,0,0,0,00:00.0,00:00.0,uploads\b67551bc-3737-11f0-85b7-581122bb7f2c\20210419T200000+1000_REC_43.wav,False,0,0,0,0,0,0,0,0,0,0,0,0,rain (light),-6.0144386,1.4525263,0.2932196,0.30071667,0.10419601,0.16303122,0.035763603,-0.054070573,-0.0463424,0.20347273,0.20736457,0.16381519,0.2044124
12.340374,9.1955595,8.643869,0,0,0,00:00.0,00:00.0,uploads\b67551bc-3737-11f0-85b7-581122bb7f2c\20210419T200000+1000_REC_79.wav,False,0,0,0,0,0,0,0,0,0,0,0,0,rain (light),-6.0456276,1.2388445,0.5588616,0.42348158,0.12785618,0.17023432,0.07793051,0.115135446,0.09024305,0.116529204,0.12127808,0.10599614,0.120374
10.780468,7.096858,7.036798,0,0,0,00:00.0,00:00.0,uploads\b67551bc-3737-11f0-85b7-581122bb7f2c\20210419T200000+1000_REC_101.wav,False,0,0,0,0,0,0,0,0,0,0,0,0,rain (light),-6.1057205,0.71564156,0.05505152,0.4774682,0.055240005,0.47658274,0.07390252,0.32240552,0.07865378,0.33986595,0.21710138,0.38908947,0.17307216
11.227729,10.370948,6.921556,0,0,0,00:00.0,00:00.0,uploads\b67551bc-3737-11f0-85b7-581122bb7f2c\20210419T200000+1000_REC_105.wav,False,0,0,0,0,0,0,0,0,0,0,0,0,rain (light),-6.102419,0.94884205,0.3531587,0.1672086,-0.019146703,0.29811135,0.07226895,0.20188208,0.21878754,0.26796326,0.049036197,0.15601505,0.14336091
12.354644,9.602381,8.417185,0,0,0,00:00.0,00:00.0,uploads\b67551bc-3737-11f0-85b7-581122bb7f2c\20210419T200000+1000_REC_119.wav,False,0,0,0,0,0,0,0,0,0,0,0,0,rain (light),-6.0509768,1.2355468,0.385447,0.21659121,0.004388222,0.11930754,-0.10767231,0.05389411,0.19348744,0.2914756,0.09192583,-0.017900273,-0.017109932
11.190289,10.399925,7.0616474,0,0,0,00:00.0,00:00.0,uploads\b67551bc-3737-11f0-85b7-581122bb7f2c\20210419T200000+1000_REC_121.wav,True,0,0,0,1,0,0,0,0,0,0,0,0,rain (light),-6.0868006,1.057566,0.13984445,0.18981326,-0.05104662,0.3491306,0.12373534,0.33161253,0.1369139,0.24363644,0.108919546,0.18508303,0.08642219
12.280938,9.6041975,8.393471,0,0,0,00:00.0,00:00.0,uploads\b67551bc-3737-11f0-85b7-581122bb7f2c\20210419T200000+1000_REC_128.wav,False,0,0,0,0,0,0,0,0,0,0,0,0,rain (light),-6.008979,1.4240016,0.5871501,0.24883954,-0.07139828,0.061228245,0.011101649,0.0663669,0.12463877,0.15949108,0.15765887,0.10777137,0.08656851
10.816615,7.116514,6.840785,0,0,0,00:00.0,00:00.0,uploads\b67551bc-3737-11f0-85b7-581122bb7f2c\20210419T200000+1000_REC_161.wav,False,0,0,0,0,0,0,0,0,0,0,0,0,rain (light),-6.0897055,0.98852026,0.13937874,0.37810093,0.04513752,0.37924224,0.09606736,0.2540571,0.078379884,0.27306744,0.22923516,0.3210212,0.1885473
11.41277,8.3495035,7.420553,0,0,0,00:00.0,00:00.0,uploads\b67551bc-3737-11f0-85b7-581122bb7f2c\20210419T200000+1000_REC_239.wav,False,0,0,0,0,0,0,0,0,0,0,0,0,rain (light),-6.068839,1.0536137,0.4451691,0.51833785,0.14158039,0.26340917,0.03864073,0.20446344,0.14444773,0.28884727,0.23919651,0.24976563,0.17562498
12.692409,9.005443,9.0454645,0,0,0,00:00.0,00:00.0,uploads\b67551bc-3737-11f0-85b7-581122bb7f2c\20210419T200000+1000_REC_240.wav,False,0,0,0,0,0,0,0,0,0,0,0,0,rain (light),-6.012922,1.2628385,0.6348404,0.61119556,0.26648033,0.34293792,0.13820817,0.22473645,0.11998847,0.14086689,0.097053416,0.1197292,0.10394104
12.95711,8.825763,9.194361,0,0,0,00:00.0,00:00.0,uploads\b67551bc-3737-11f0-85b7-581122bb7f2c\20210419T200000+1000_REC_241.wav,False,0,0,0,0,0,0,0,0,0,0,0,0,rain (light),-6.0199423,1.1939734,0.73938346,0.5892921,0.3236546,0.27503598,0.13694711,0.13213035,0.10262585,0.086867176,0.100515485,0.0688953,0.0967705
12.784625,8.91487,9.013601,0,0,0,00:00.0,00:00.0,uploads\b67551bc-3737-11f0-85b7-581122bb7f2c\20210419T200000+1000_REC_242.wav,False,0,0,0,0,0,0,0,0,0,0,0,0,rain (light),-5.9975414,1.3267403,0.74375015,0.58705795,0.24563645,0.2318491,0.07260226,0.08310319,0.06571684,0.11903979,0.142835,0.13467391,0.118060745
13.106313,8.803996,9.355976,0,0,0,00:00.0,00:00.0,uploads\b67551bc-3737-11f0-85b7-581122bb7f2c\20210419T200000+1000_REC_243.wav,False,0,0,0,0,0,0,0,0,0,0,0,0,rain (light),-6.0132775,1.1481065,0.8704375,0.5856617,0.35649467,0.19740836,0.100347415,0.05470569,0.043271795,0.045628596,0.053138103,0.060302526,0.06261245
13.109944,8.810249,9.355438,0,0,0,00:00.0,00:00.0,uploads\b67551bc-3737-11f0-85b7-581122bb7f2c\20210419T200000+1000_REC_244.wav,True,0,0,0,0,0,0,0,0,0,1,0,0,rain (light),-5.979404,1.3077732,0.87590975,0.59815717,0.37417683,0.24080789,0.11988403,0.05360096,0.0359156,0.021711137,0.029553665,0.05182338,0.086089805
13.135474,8.792405,9.387789,0,0,0,00:00.0,00:00.0,uploads\b67551bc-3737-11f0-85b7-581122bb7f2c\20210419T200000+1000_REC_245.wav,False,0,0,0,0,0,0,0,0,0,0,0,0,rain (light),-6.0350175,1.0371149,0.8102171,0.5934413,0.3945317,0.23076764,0.110603645,0.04409002,0.021947524,0.021431992,0.040053632,0.059193343,0.071218245
13.092983,8.81912,9.337968,0,0,0,00:00.0,00:00.0,uploads\b67551bc-3737-11f0-85b7-581122bb7f2c\20210419T200000+1000_REC_246.wav,False,0,0,0,0,0,0,0,0,0,0,0,0,rain (light),-5.9796824,1.1882272,0.95798784,0.67714155,0.42478538,0.22439179,0.093895294,0.01914506,-0.007617864,-0.012767064,0.0014898143,0.019155856,0.041484915
13.032215,8.819457,9.26228,0,0,0,00:00.0,00:00.0,uploads\b67551bc-3737-11f0-85b7-581122bb7f2c\20210419T200000+1000_REC_247.wav,False,0,0,0,0,0,0,0,0,0,0,0,0,rain (light),-6.0443416,1.0343497,0.78156435,0.5530961,0.37116316,0.22745855,0.12497535,0.07657943,0.06745672,0.069383316,0.07762636,0.08876241,0.10080345
13.112015,8.789391,9.370648,0,0,0,00:00.0,00:00.0,uploads\b67551bc-3737-11f0-85b7-581122bb7f2c\20210419T200000+1000_REC_248.wav,False,0,0,0,0,0,0,0,0,0,0,0,0,rain (light),-6.020118,1.0974449,0.8534018,0.5916962,0.39187524,0.26213837,0.16362345,0.10522514,0.05938621,0.044378355,0.049099784,0.05721359,0.065484755
13.125717,8.782662,9.386741,0,0,0,00:00.0,00:00.0,uploads\b67551bc-3737-11f0-85b7-581122bb7f2c\20210419T200000+1000_REC_249.wav,False,0,0,0,0,0,0,0,0,0,0,0,0,rain (light),-6.023477,1.027406,0.86125934,0.62655365,0.44061932,0.2716378,0.17595263,0.08561118,0.048532844,0.012098102,0.027541619,0.030837934,0.054811474
13.152997,8.744462,9.450297,0,0,0,00:00.0,00:00.0,uploads\b67551bc-3737-11f0-85b7-581122bb7f2c\20210419T200000+1000_REC_250.wav,False,0,0,0,0,0,0,0,0,0,0,0,0,rain (light),-6.0176992,1.1544465,0.8227851,0.53845173,0.37151045,0.26870593,0.21839689,0.14811715,0.092412725,0.034944978,0.041155554,0.03931495,0.057249475
13.170454,8.729187,9.471607,0,0,0,00:00.0,00:00.0,uploads\b67551bc-3737-11f0-85b7-581122bb7f2c\20210419T200000+1000_REC_251.wav,False,0,0,0,0,0,0,0,0,0,0,0,0,rain (light),-6.0097857,1.1708679,0.78841424,0.62079895,0.41327327,0.29464075,0.18792488,0.1252458,0.108847305,0.047021613,0.041898284,0.01732825,0.04233351
13.342022,8.564602,9.919508,0,0,0,00:00.0,00:00.0,uploads\b67551bc-3737-11f0-85b7-581122bb7f2c\20210419T200000+1000_REC_252.wav,False,0,0,0,0,0,0,0,0,0,0,0,0,rain (light),-6.0369,1.0033292,0.74831986,0.6061485,0.4519198,0.34506205,0.25182113,0.18381466,0.122695185,0.06696528,0.04773788,0.03126921,0.028778777
12.726231,8.926096,9.00877,0,0,0,00:00.0,00:00.0,uploads\b67551bc-3737-11f0-85b7-581122bb7f2c\20210419T200000+1000_REC_259.wav,False,0,0,0,0,0,0,0,0,0,0,0,0,rain (light),-6.0442348,1.0857327,0.5579805,0.66196513,0.27832407,0.35208008,0.10025639,0.21248673,0.086325034,0.16723366,0.12905219,0.21440855,0.15145583
10.775011,11.503724,9.757207,0,0,0,00:00.0,00:00.0,uploads\b67551bc-3737-11f0-85b7-581122bb7f2c\20210419T220000+1000_REC_136.wav,False,0,0,0,0,0,0,0,0,0,0,0,0,rain (light),-5.8976994,1.5555464,0.38145956,1.0546659,-0.2651303,0.20771031,-0.08527082,0.3747772,-0.069217935,0.15256006,-0.026755715,0.11978522,0.030052848
8.478236,7.0123324,3.4689841,0,0,0,00:00.0,00:00.0,uploads\b67551bc-3737-11f0-85b7-581122bb7f2c\20210419T220000+1000_REC_153.wav,False,0,0,0,0,0,0,0,0,0,0,0,0,rain (light),-6.097305,0.90260166,0.46028644,0.52925706,0.079183966,0.124112114,0.10081729,0.09115397,0.06805185,0.0814136,0.11714494,0.113379985,0.17550622
8.033904,6.468711,3.6972914,0,0,0,00:00.0,00:00.0,uploads\b67551bc-3737-11f0-85b7-581122bb7f2c\20210419T220000+1000_REC_161.wav,False,0,0,0,0,0,0,0,0,0,0,0,0,rain (light),-6.1040998,0.88028765,0.5363732,0.35328472,0.17770723,0.13657443,0.15381184,0.17481099,0.19963223,0.14858991,0.114300065,0.13184325,0.1365471
7.952388,5.9103293,3.3415291,0,0,0,00:00.0,00:00.0,uploads\b67551bc-3737-11f0-85b7-581122bb7f2c\20210419T220000+1000_REC_162.wav,False,0,0,0,0,0,0,0,0,0,0,0,0,rain (light),-6.1332545,0.57158846,0.47978976,0.37049264,0.27757704,0.2202972,0.1952768,0.18937151,0.18811898,0.18109888,0.17224127,0.16812931,0.16879123
7.932047,5.862875,3.3278117,0,0,0,00:00.0,00:00.0,uploads\b67551bc-3737-11f0-85b7-581122bb7f2c\20210419T220000+1000_REC_163.wav,True,0,0,0,0,0,0,0,0,1,0,0,0,rain (light),-6.1305165,0.5721823,0.4883522,0.38515675,0.28021634,0.23362163,0.20726934,0.20099244,0.20744437,0.1964738,0.1881633,0.18385191,0.17877638
8.063134,6.0023417,3.4891918,0,0,0,00:00.0,00:00.0,uploads\b67551bc-3737-11f0-85b7-581122bb7f2c\20210419T220000+1000_REC_168.wav,False,0,0,0,0,0,0,0,0,0,0,0,0,rain (light),-6.102934,0.8826026,0.40209267,0.43980137,0.20323423,0.23072666,0.20015198,0.2276007,0.20572127,0.16690476,0.19028752,0.18461603,0.19660461
8.06958,6.027038,3.5051913,0,0,0,00:00.0,00:00.0,uploads\b67551bc-3737-11f0-85b7-581122bb7f2c\20210419T220000+1000_REC_169.wav,False,0,0,0,0,0,0,0,0,0,0,0,0,rain (light),-6.0910373,0.91884977,0.44945043,0.5018147,0.20311603,0.27236423,0.21636248,0.23657075,0.2157815,0.20147324,0.16335416,0.14147373,0.15995838
11.4842825,9.009153,6.938376,0,0,0,00:00.0,00:00.0,uploads\b67551bc-3737-11f0-85b7-581122bb7f2c\20210419T220000+1000_REC_186.wav,False,0,0,0,0,0,0,0,0,0,0,0,0,rain (light),-6.005741,1.3373047,0.58816993,0.6378476,0.1615568,0.24983238,0.07164313,0.18139903,0.125009,0.14768481,0.111435756,0.1500967,0.14818943
11.490369,9.037387,6.9473934,0,0,0,00:00.0,00:00.0,uploads\b67551bc-3737-11f0-85b7-581122bb7f2c\20210419T220000+1000_REC_187.wav,False,0,0,0,0,0,0,0,0,0,0,0,0,rain (light),-6.019295,1.287948,0.5748362,0.61097103,0.18853322,0.2561352,0.11909055,0.18037263,0.13941413,0.11295113,0.088886924,0.09920285,0.12182545
11.1236105,10.799619,9.275873,0,0,0,00:00.0,00:00.0,uploads\b67551bc-3737-11f0-85b7-581122bb7f2c\20210419T220000+1000_REC_232.wav,False,0,0,0,0,0,0,0,0,0,0,0,0,rain (light),-5.950415,1.4724509,0.063106924,0.9515574,-0.08111718,0.09219635,0.075936265,0.3714277,-0.13984373,0.14886756,0.08562939,0.09729812,0.038843185
8.03268,6.470027,3.6948946,0,0,0,00:00.0,00:00.0,uploads\b67551bc-3737-11f0-85b7-581122bb7f2c\20210419T220000+1000_REC_250.wav,False,0,0,0,0,0,0,0,0,0,0,0,0,rain (light),-6.116667,0.79148746,0.50070924,0.3452206,0.19474003,0.12554032,0.1491008,0.1710707,0.18376522,0.16961965,0.14717975,0.14815046,0.1591441
8.036185,6.4731727,3.6968842,0,0,0,00:00.0,00:00.0,uploads\b67551bc-3737-11f0-85b7-581122bb7f2c\20210419T220000+1000_REC_251.wav,False,0,0,0,0,0,0,0,0,0,0,0,0,rain (light),-6.1092715,0.8410311,0.5094732,0.3615314,0.2007371,0.12855583,0.1635199,0.18198313,0.17893106,0.17513508,0.1713052,0.15880287,0.16941369
8.375856,6.9297724,3.908947,0,0,0,00:00.0,00:00.0,uploads\b67551bc-3737-11f0-85b7-581122bb7f2c\20210419T220000+1000_REC_258.wav,False,0,0,0,0,0,0,0,0,0,0,0,0,rain (light),-6.0670166,1.1126893,0.50252974,0.48934123,0.07153781,0.1415802,0.10510189,0.14953202,0.15380298,0.13394289,0.14647058,0.13369064,0.17366835
8.422128,5.3195434,18.265654,1,0,0,00:00.0,00:00.0,uploads\b67551bc-3737-11f0-85b7-581122bb7f2c\20210419T000000+1000_REC_137.wav,False,0,0,0,0,0,0,0,0,0,0,0,0,birds,-5.9825706,1.4132403,0.51565015,0.71034425,-0.058769863,0.31355366,0.02059592,0.24833915,0.058878656,0.19486664,0.035458446,0.15779273,0.056671888
7.7549477,5.1903644,17.045813,1,0,0,00:00.0,00:00.0,uploads\b67551bc-3737-11f0-85b7-581122bb7f2c\20210419T020000+1000_REC_191.wav,False,0,0,0,0,0,0,0,0,0,0,0,0,birds,-6.0352483,1.2665403,0.42453843,0.5777078,-0.004752591,0.24379279,0.07190956,0.22129765,0.087842606,0.16626339,0.070749834,0.13949102,0.10041388
7.82084,5.1538405,16.986427,1,0,0,00:00.0,00:00.0,uploads\b67551bc-3737-11f0-85b7-581122bb7f2c\20210419T020000+1000_REC_219.wav,False,0,0,0,0,0,0,0,0,0,0,0,0,birds,-6.031866,1.2652965,0.46367204,0.60052645,0.08056002,0.26929185,0.0666462,0.20837648,0.08485672,0.17000097,0.11262762,0.13951753,0.10532874
7.8559976,5.087671,17.674637,1,0,0,00:00.0,00:00.0,uploads\b67551bc-3737-11f0-85b7-581122bb7f2c\20210419T100000+1000_REC_0.wav,False,0,0,0,0,0,0,0,0,0,0,0,0,birds,-6.0700545,1.053751,0.3836466,0.46254164,0.14492692,0.33668968,0.25547302,0.32772395,0.21245964,0.27136225,0.1911525,0.1430461,0.16202058
7.820711,5.161602,16.984322,1,0,0,00:00.0,00:00.0,uploads\b67551bc-3737-11f0-85b7-581122bb7f2c\20210419T100000+1000_REC_1.wav,False,0,0,0,0,0,0,0,0,0,0,0,0,birds,-6.095757,0.8757603,0.47746778,0.34749466,0.21567847,0.253475,0.30705878,0.287286,0.23670839,0.23462527,0.24330196,0.18981235,0.20566739
7.8205442,5.12008,17.564722,1,0,0,00:00.0,00:00.0,uploads\b67551bc-3737-11f0-85b7-581122bb7f2c\20210419T100000+1000_REC_2.wav,False,0,0,0,0,0,0,0,0,0,0,0,0,birds,-6.070117,1.0376482,0.4764048,0.42299515,0.16556698,0.27842152,0.2734259,0.29863197,0.25543767,0.2470653,0.21724817,0.18522482,0.19447689
7.797829,5.091875,17.778837,1,0,0,00:00.0,00:00.0,uploads\b67551bc-3737-11f0-85b7-581122bb7f2c\20210419T100000+1000_REC_3.wav,False,0,0,0,0,0,0,0,0,0,0,0,0,birds,-6.0530205,1.1221247,0.32834193,0.53510934,0.08484522,0.3083086,0.28108633,0.38656288,0.22491041,0.25894862,0.22769687,0.19534236,0.15286131
7.733616,5.0774198,17.881598,1,0,0,00:00.0,00:00.0,uploads\b67551bc-3737-11f0-85b7-581122bb7f2c\20210419T100000+1000_REC_4.wav,False,0,0,0,0,0,0,0,0,0,0,0,0,birds,-6.053862,1.1546775,0.33981693,0.5088755,0.08105982,0.2901328,0.21357322,0.34772918,0.14476754,0.28301042,0.20561175,0.19610421,0.18258248
7.7657847,5.101492,17.78819,1,0,0,00:00.0,00:00.0,uploads\b67551bc-3737-11f0-85b7-581122bb7f2c\20210419T100000+1000_REC_5.wav,False,0,0,0,0,0,0,0,0,0,0,0,0,birds,-6.051015,1.1458449,0.4039139,0.5063463,0.14902975,0.2938196,0.29042405,0.37613174,0.15740593,0.20161235,0.2206868,0.14930016,0.1763157
7.7497587,5.0861816,17.824646,1,0,0,00:00.0,00:00.0,uploads\b67551bc-3737-11f0-85b7-581122bb7f2c\20210419T100000+1000_REC_6.wav,True,0,1,0,0,1,0,0,0,0,0,0,0,birds,-6.052249,1.1661147,0.21508104,0.54485327,0.055314567,0.13874106,0.28601292,0.38678268,0.08394579,0.25609156,0.30201438,0.14267601,0.14082992
7.745609,5.0914817,17.862053,1,0,0,00:00.0,00:00.0,uploads\b67551bc-3737-11f0-85b7-581122bb7f2c\20210419T100000+1000_REC_7.wav,False,0,0,0,0,0,0,0,0,0,0,0,0,birds,-6.060674,1.1283305,0.32235873,0.51029295,0.095115244,0.2639958,0.21838097,0.368569,0.1417251,0.23537457,0.18807243,0.17807254,0.19031554
7.783501,5.1155434,17.672832,1,0,0,00:00.0,00:00.0,uploads\b67551bc-3737-11f0-85b7-581122bb7f2c\20210419T100000+1000_REC_8.wav,False,0,0,0,0,0,0,0,0,0,0,0,0,birds,-6.076406,1.0363303,0.38390353,0.4472816,0.12674314,0.24417165,0.28240028,0.3368689,0.1919057,0.22257328,0.22914515,0.1585562,0.16924126
7.7966247,5.1159096,17.672447,1,0,0,00:00.0,00:00.0,uploads\b67551bc-3737-11f0-85b7-581122bb7f2c\20210419T100000+1000_REC_9.wav,False,0,0,0,0,0,0,0,0,0,0,0,0,birds,-6.0701957,1.0818969,0.44504905,0.40411955,0.10171335,0.28411657,0.23620822,0.30103007,0.20380017,0.22771192,0.17874238,0.18268262,0.17256208
7.692909,5.237861,17.224756,1,0,0,00:00.0,00:00.0,uploads\b67551bc-3737-11f0-85b7-581122bb7f2c\20210419T100000+1000_REC_10.wav,False,0,0,0,0,0,0,0,0,0,0,0,0,birds,-6.08424,1.0083544,0.40670505,0.29237044,0.14327073,0.2955769,0.31364238,0.3220564,0.2210813,0.17906283,0.18878803,0.18851696,0.21796641
7.5280747,5.064183,18.281399,1,0,0,00:00.0,00:00.0,uploads\b67551bc-3737-11f0-85b7-581122bb7f2c\20210419T100000+1000_REC_11.wav,False,0,0,0,0,0,0,0,0,0,0,0,0,birds,-6.0399675,1.2004226,0.24639934,0.545286,0.014319299,0.37407494,0.18147346,0.38840267,0.18681018,0.2615389,0.18857643,0.2671941,0.17155892
7.5699205,5.101925,18.319912,1,0,0,00:00.0,00:00.0,uploads\b67551bc-3737-11f0-85b7-581122bb7f2c\20210419T100000+1000_REC_12.wav,True,0,0,0,0,1,0,0,0,0,0,0,0,birds,-6.0379095,1.2491165,0.4209101,0.44357607,0.043484587,0.36251232,0.19337618,0.31814137,0.15333787,0.24799538,0.107376345,0.20402169,0.14987929
7.5296574,5.274885,18.595104,1,0,0,00:00.0,00:00.0,uploads\b67551bc-3737-11f0-85b7-581122bb7f2c\20210419T100000+1000_REC_13.wav,False,0,0,0,0,0,0,0,0,0,0,0,0,birds,-6.0267324,1.348726,0.32871753,0.35996395,-0.060040187,0.31023628,0.21114123,0.38725662,0.1374415,0.17783976,0.073271684,0.1273103,0.08962083
7.669301,5.1302485,17.96548,1,0,0,00:00.0,00:00.0,uploads\b67551bc-3737-11f0-85b7-581122bb7f2c\20210419T100000+1000_REC_14.wav,False,0,0,0,0,0,0,0,0,0,0,0,0,birds,-6.07166,1.072252,0.37423024,0.4502078,0.09305819,0.33359575,0.21274741,0.292365,0.17446497,0.22830376,0.17013067,0.22693907,0.17593266
7.6326737,5.1233563,18.071571,1,0,0,00:00.0,00:00.0,uploads\b67551bc-3737-11f0-85b7-581122bb7f2c\20210419T100000+1000_REC_15.wav,False,0,0,0,0,0,0,0,0,0,0,0,0,birds,-6.067231,1.0929605,0.38369635,0.44795138,0.077820815,0.33424935,0.19305927,0.3282751,0.18370731,0.23449606,0.13700601,0.21382636,0.18666339
7.5563183,5.059132,18.149122,1,0,0,00:00.0,00:00.0,uploads\b67551bc-3737-11f0-85b7-581122bb7f2c\20210419T100000+1000_REC_16.wav,True,0,1,0,0,0,0,0,0,0,0,0,0,birds,-6.0617933,1.1479216,0.31168613,0.42960703,0.05820131,0.3436404,0.13239019,0.32186997,0.16316067,0.24303678,0.14833677,0.24821569,0.18714707
7.5122304,4.9570904,18.3264,1,0,0,00:00.0,00:00.0,uploads\b67551bc-3737-11f0-85b7-581122bb7f2c\20210419T100000+1000_REC_17.wav,False,0,0,0,0,0,0,0,0,0,0,0,0,birds,-6.046646,1.2044613,0.33009955,0.51182157,0.00057160016,0.27441427,0.17095944,0.35277328,0.121736005,0.28272685,0.16888328,0.20480856,0.15624648
7.5554295,5.071099,18.28171,1,0,0,00:00.0,00:00.0,uploads\b67551bc-3737-11f0-85b7-581122bb7f2c\20210419T100000+1000_REC_18.wav,False,0,0,0,0,0,0,0,0,0,0,0,0,birds,-6.0574303,1.1625873,0.3355174,0.45689785,0.034703843,0.31709996,0.17123675,0.34070268,0.15828429,0.27739695,0.14432098,0.1897661,0.14306359
7.5182014,5.0339875,18.403027,1,0,0,00:00.0,00:00.0,uploads\b67551bc-3737-11f0-85b7-581122bb7f2c\20210419T100000+1000_REC_19.wav,False,0,0,0,0,0,0,0,0,0,0,0,0,birds,-6.0370603,1.2624156,0.34855914,0.46484843,-0.0030929365,0.30681124,0.15439469,0.35507596,0.15402895,0.2757964,0.13198277,0.22788139,0.14365606
7.306452,4.7927427,18.638706,1,0,0,00:00.0,00:00.0,uploads\b67551bc-3737-11f0-85b7-581122bb7f2c\20210419T100000+1000_REC_20.wav,False,0,0,0,0,0,0,0,0,0,0,0,0,birds,-6.049162,1.144514,0.3508285,0.5871748,0.030449584,0.31608793,0.25918716,0.2809391,0.10483738,0.31256086,0.09067746,0.17995292,0.23284423
7.87959,4.989309,18.125797,1,0,0,00:00.0,00:00.0,uploads\b67551bc-3737-11f0-85b7-581122bb7f2c\20210419T100000+1000_REC_21.wav,False,0,0,0,0,0,0,0,0,0,0,0,0,birds,-6.0431457,1.1644431,0.37515324,0.5849357,0.10276596,0.30799565,0.19843161,0.41005,0.111776315,0.30201352,0.18183435,0.122509636,0.10306953
7.921282,4.984141,18.09735,1,0,0,00:00.0,00:00.0,uploads\b67551bc-3737-11f0-85b7-581122bb7f2c\20210419T100000+1000_REC_22.wav,True,0,0,0,0,0,0,0,0,0,1,0,0,birds,-6.0405984,1.2140294,0.4386412,0.5102875,0.13528283,0.3077998,0.23574512,0.33340216,0.16743943,0.25763017,0.1496031,0.10117827,0.08746463
7.88841,4.991333,18.178194,1,0,0,00:00.0,00:00.0,uploads\b67551bc-3737-11f0-85b7-581122bb7f2c\20210419T100000+1000_REC_23.wav,False,0,0,0,0,0,0,0,0,0,0,0,0,birds,-6.032846,1.2280393,0.49112555,0.5020533,0.1420525,0.3627098,0.21232967,0.35305315,0.17521343,0.2315279,0.14098531,0.1443877,0.1109272
7.9722385,4.991819,18.134106,1,0,0,00:00.0,00:00.0,uploads\b67551bc-3737-11f0-85b7-581122bb7f2c\20210419T100000+1000_REC_24.wav,False,0,0,0,0,0,0,0,0,0,0,0,0,birds,-6.0286107,1.2469966,0.50589114,0.5398633,0.14728832,0.3340031,0.20568801,0.31758255,0.19214378,0.22516473,0.13903716,0.10937066,0.078831814
7.8547535,5.149977,17.148565,1,0,0,00:00.0,00:00.0,uploads\b67551bc-3737-11f0-85b7-581122bb7f2c\20210419T100000+1000_REC_25.wav,False,0,0,0,0,0,0,0,0,0,0,0,0,birds,-6.1036773,0.74393684,0.560939,0.43285546,0.31673712,0.2839808,0.27508765,0.26001546,0.23117927,0.18587574,0.15629825,0.1241706,0.09369898
7.59476,4.9314947,18.656912,1,0,0,00:00.0,00:00.0,uploads\b67551bc-3737-11f0-85b7-581122bb7f2c\20210419T100000+1000_REC_26.wav,False,0,0,0,0,0,0,0,0,0,0,0,0,birds,-6.0001836,1.4052706,0.51166445,0.5348325,0.05538762,0.24678215,0.16387607,0.30255103,0.17253911,0.23050585,0.15753046,0.17307858,0.07916329
8.42365,5.320209,18.26823,1,0,0,00:00.0,00:00.0,uploads\b67551bc-3737-11f0-85b7-581122bb7f2c\20210419T100000+1000_REC_27.wav,True,0,0,0,0,0,0,0,0,0,1,0,0,birds,-6.046598,1.1374129,0.62439096,0.49895236,0.25402832,0.24171852,0.25369614,0.23188849,0.1722219,0.13160501,0.124171086,0.056814406,0.07768643
8.312567,5.2908072,18.276705,1,0,0,00:00.0,00:00.0,uploads\b67551bc-3737-11f0-85b7-581122bb7f2c\20210419T100000+1000_REC_28.wav,False,0,0,0,0,0,0,0,0,0,0,0,0,birds,-6.0141835,1.3008579,0.5797984,0.594177,0.16604747,0.26956642,0.2206848,0.25764462,0.1468143,0.14679357,0.1103411,0.09895325,0.107175164
8.427309,5.321558,18.268822,1,0,0,00:00.0,00:00.0,uploads\b67551bc-3737-11f0-85b7-581122bb7f2c\20210419T100000+1000_REC_30.wav,False,0,0,0,0,0,0,0,0,0,0,0,0,birds,-6.0219975,1.2186447,0.66420144,0.5594687,0.24629873,0.27810732,0.30774176,0.2256609,0.14169405,0.120112635,0.09453553,0.037447926,0.08125444
8.424981,5.3211174,18.270075,1,0,0,00:00.0,00:00.0,uploads\b67551bc-3737-11f0-85b7-581122bb7f2c\20210419T100000+1000_REC_60.wav,False,0,0,0,0,0,0,0,0,0,0,0,0,birds,-6.0144153,1.2616237,0.7401193,0.4892047,0.23643427,0.23988606,0.24658747,0.22037144,0.17872126,0.1038218,0.07761014,0.059566412,0.07786415
8.423928,5.3201632,18.270369,1,0,0,00:00.0,00:00.0,uploads\b67551bc-3737-11f0-85b7-581122bb7f2c\20210419T100000+1000_REC_61.wav,False,0,0,0,0,0,0,0,0,0,0,0,0,birds,-6.032588,1.2040879,0.5905744,0.5236632,0.2845418,0.2749472,0.281543,0.26855564,0.16209587,0.096820414,0.121036775,0.07931019,0.077793576
7.9253726,5.0482607,17.68216,1,0,0,00:00.0,00:00.0,uploads\b67551bc-3737-11f0-85b7-581122bb7f2c\20210419T100000+1000_REC_62.wav,False,0,0,0,0,0,0,0,0,0,0,0,0,birds,-6.051487,1.1422857,0.54177827,0.49819085,0.15058166,0.2249697,0.2918917,0.24243341,0.21115252,0.18168335,0.15044166,0.12148262,0.15828961
7.990012,5.239519,18.308302,1,0,0,00:00.0,00:00.0,uploads\b67551bc-3737-11f0-85b7-581122bb7f2c\20210419T100000+1000_REC_63.wav,False,0,0,0,0,0,0,0,0,0,0,0,0,birds,-6.0302567,1.2889055,0.47548166,0.49498725,0.07528154,0.29619253,0.20431134,0.3046029,0.11879638,0.1627905,0.085394636,0.10551844,0.094871536
7.782733,5.0104203,18.10779,1,0,0,00:00.0,00:00.0,uploads\b67551bc-3737-11f0-85b7-581122bb7f2c\20210419T100000+1000_REC_64.wav,False,0,0,0,0,0,0,0,0,0,0,0,0,birds,-6.0305767,1.251891,0.48991406,0.52325785,0.04344724,0.2833863,0.26300085,0.25562772,0.24144316,0.24476609,0.10927143,0.16423576,0.1443691
7.727296,4.9144783,18.338203,1,0,0,00:00.0,00:00.0,uploads\b67551bc-3737-11f0-85b7-581122bb7f2c\20210419T100000+1000_REC_65.wav,False,0,0,0,0,0,0,0,0,0,0,0,0,birds,-6.0359054,1.181181,0.4097558,0.6690889,0.029397588,0.2602823,0.30471084,0.29487658,0.14293684,0.2706304,0.09266874,0.13664383,0.11560952
7.777345,4.930299,18.338411,1,0,0,00:00.0,00:00.0,uploads\b67551bc-3737-11f0-85b7-581122bb7f2c\20210419T100000+1000_REC_66.wav,False,0,0,0,0,0,0,0,0,0,0,0,0,birds,-6.015344,1.3287454,0.44793883,0.5382867,0.04896193,0.3255517,0.22756752,0.32723784,0.18166246,0.25841162,0.09630734,0.14528707,0.098425075
7.9223466,5.0419736,17.71214,1,0,0,00:00.0,00:00.0,uploads\b67551bc-3737-11f0-85b7-581122bb7f2c\20210419T100000+1000_REC_67.wav,False,0,0,0,0,0,0,0,0,0,0,0,0,birds,-6.0559506,1.1279458,0.46567157,0.5094517,0.1469205,0.28076997,0.26742703,0.2812056,0.2000947,0.2221166,0.16308494,0.12365877,0.1464976
7.9789715,5.006124,17.939827,1,0,0,00:00.0,00:00.0,uploads\b67551bc-3737-11f0-85b7-581122bb7f2c\20210419T100000+1000_REC_68.wav,False,0,0,0,0,0,0,0,0,0,0,0,0,birds,-6.036479,1.221194,0.5151569,0.4943513,0.144704,0.286585,0.2615481,0.31611255,0.2173223,0.206544,0.1378654,0.0729997,0.11160774
7.288692,4.887272,19.138094,1,0,0,00:00.0,00:00.0,uploads\b67551bc-3737-11f0-85b7-581122bb7f2c\20210419T100000+1000_REC_69.wav,False,0,0,0,0,0,0,0,0,0,0,0,0,birds,-5.9772363,1.4806397,0.38827303,0.6121911,0.03186322,0.24434589,0.20691122,0.43891388,0.094976604,0.2574135,0.16894637,0.09948957,0.014350438
7.8904996,5.0599976,17.686476,1,0,0,00:00.0,00:00.0,uploads\b67551bc-3737-11f0-85b7-581122bb7f2c\20210419T100000+1000_REC_70.wav,False,0,0,0,0,0,0,0,0,0,0,0,0,birds,-6.0547414,1.1527137,0.4407929,0.4174539,0.13050652,0.26961553,0.2696534,0.3504212,0.26010096,0.20179406,0.18051982,0.17188063,0.15925694
7.9177265,5.0539937,17.664608,1,0,0,00:00.0,00:00.0,uploads\b67551bc-3737-11f0-85b7-581122bb7f2c\20210419T100000+1000_REC_71.wav,False,0,0,0,0,0,0,0,0,0,0,0,0,birds,-6.0582347,1.1295766,0.47086546,0.41205192,0.14670494,0.29483983,0.28213757,0.3198658,0.24722484,0.20908172,0.15900448,0.1180886,0.15475702
7.950851,5.0585523,17.549738,1,0,0,00:00.0,00:00.0,uploads\b67551bc-3737-11f0-85b7-581122bb7f2c\20210419T100000+1000_REC_72.wav,False,0,0,0,0,0,0,0,0,0,0,0,0,birds,-6.065867,1.0302218,0.5715794,0.41079807,0.26961288,0.2950867,0.3180463,0.28732547,0.21712478,0.17347006,0.14570089,0.13659772,0.1631536
7.838861,5.123873,17.576235,1,0,0,00:00.0,00:00.0,uploads\b67551bc-3737-11f0-85b7-581122bb7f2c\20210419T100000+1000_REC_73.wav,False,0,0,0,0,0,0,0,0,0,0,0,0,birds,-6.0632043,1.1097063,0.47725618,0.3972239,0.16007467,0.22754475,0.26369938,0.3097042,0.21243218,0.19033414,0.22459824,0.19538756,0.19477399
7.762985,5.08227,17.895828,1,0,0,00:00.0,00:00.0,uploads\b67551bc-3737-11f0-85b7-581122bb7f2c\20210419T100000+1000_REC_74.wav,False,0,0,0,0,0,0,0,0,0,0,0,0,birds,-6.054743,1.157298,0.36573154,0.5188917,0.097011894,0.2741016,0.2566494,0.3520127,0.14521603,0.20960243,0.15857589,0.1515264,0.1362152
7.8847456,5.06445,17.704943,1,0,0,00:00.0,00:00.0,uploads\b67551bc-3737-11f0-85b7-581122bb7f2c\20210419T100000+1000_REC_75.wav,False,0,0,0,0,0,0,0,0,0,0,0,0,birds,-6.0546165,1.1476651,0.46986943,0.43145245,0.118179075,0.30556816,0.2620861,0.3343617,0.20933232,0.19815026,0.18010567,0.1499099,0.14917916
7.800715,5.102221,17.765255,1,0,0,00:00.0,00:00.0,uploads\b67551bc-3737-11f0-85b7-581122bb7f2c\20210419T100000+1000_REC_76.wav,False,0,0,0,0,0,0,0,0,0,0,0,0,birds,-6.04774,1.1687467,0.43877444,0.47649118,0.112236924,0.3119242,0.24862848,0.3279141,0.20548074,0.23379213,0.19780073,0.20252922,0.20273162
7.8160987,5.1066775,17.681892,1,0,0,00:00.0,00:00.0,uploads\b67551bc-3737-11f0-85b7-581122bb7f2c\20210419T100000+1000_REC_77.wav,False,0,0,0,0,0,0,0,0,0,0,0,0,birds,-6.066318,1.0855867,0.43332082,0.44359243,0.11984986,0.2966323,0.2520261,0.32147,0.21025938,0.2112102,0.18793067,0.18015368,0.18785998
7.8299913,5.1028104,17.659996,1,0,0,00:00.0,00:00.0,uploads\b67551bc-3737-11f0-85b7-581122bb7f2c\20210419T100000+1000_REC_78.wav,False,0,0,0,0,0,0,0,0,0,0,0,0,birds,-6.0752807,1.0374429,0.39421135,0.47665456,0.10285305,0.29011452,0.23388495,0.28758597,0.20624624,0.26474148,0.17457993,0.13816872,0.19845125
7.5425673,5.2594247,18.33377,1,0,0,00:00.0,00:00.0,uploads\b67551bc-3737-11f0-85b7-581122bb7f2c\20210419T100000+1000_REC_79.wav,False,0,0,0,0,0,0,0,0,0,0,0,0,birds,-6.066646,1.1367304,0.3781086,0.42912886,0.031683695,0.2574619,0.16518302,0.31071377,0.14607465,0.21888635,0.11882864,0.18418157,0.10586325
7.699834,5.1831794,17.245255,1,0,0,00:00.0,00:00.0,uploads\b67551bc-3737-11f0-85b7-581122bb7f2c\20210419T100000+1000_REC_80.wav,False,0,0,0,0,0,0,0,0,0,0,0,0,birds,-6.090887,0.9627985,0.41636825,0.4110807,0.1018553,0.24390328,0.24009211,0.26724365,0.22726421,0.22750925,0.18821521,0.15923093,0.19312537
7.6220026,5.146259,18.042276,1,0,0,00:00.0,00:00.0,uploads\b67551bc-3737-11f0-85b7-581122bb7f2c\20210419T100000+1000_REC_81.wav,False,0,0,0,0,0,0,0,0,0,0,0,0,birds,-6.070629,1.0982091,0.37507212,0.4735788,0.058364525,0.27203995,0.15998802,0.27010047,0.15297408,0.21364222,0.15421325,0.20630476,0.18338023
7.386826,4.758791,18.709063,1,0,0,00:00.0,00:00.0,uploads\b67551bc-3737-11f0-85b7-581122bb7f2c\20210419T100000+1000_REC_82.wav,False,0,0,0,0,0,0,0,0,0,0,0,0,birds,-6.017005,1.3020952,0.33061096,0.6190818,-0.012858857,0.30268967,0.254567,0.3783739,0.062834986,0.27539176,0.14214605,0.15008484,0.14408769
7.541825,5.0213494,18.555746,1,0,0,00:00.0,00:00.0,uploads\b67551bc-3737-11f0-85b7-581122bb7f2c\20210419T100000+1000_REC_83.wav,False,0,0,0,0,0,0,0,0,0,0,0,0,birds,-6.0102596,1.3801513,0.3864217,0.4321854,-0.061685998,0.3264847,0.18782179,0.4149492,0.15611243,0.20647982,0.07956856,0.20434326,0.16916238
7.725885,5.1410336,18.077711,1,0,0,00:00.0,00:00.0,uploads\b67551bc-3737-11f0-85b7-581122bb7f2c\20210419T100000+1000_REC_84.wav,False,0,0,0,0,0,0,0,0,0,0,0,0,birds,-6.0485363,1.2102547,0.45048785,0.43295678,0.07993154,0.30133075,0.21031469,0.2983693,0.16942039,0.20653933,0.14193654,0.14730941,0.1433993
7.5442004,4.9165554,18.781826,1,0,0,00:00.0,00:00.0,uploads\b67551bc-3737-11f0-85b7-581122bb7f2c\20210419T100000+1000_REC_85.wav,False,0,0,0,0,0,0,0,0,0,0,0,0,birds,-6.000631,1.4032917,0.43798393,0.52580464,-0.014778828,0.3106695,0.1688259,0.35425308,0.1645068,0.25415576,0.104228586,0.17981993,0.1403358
7.8092113,5.045022,18.264065,1,0,0,00:00.0,00:00.0,uploads\b67551bc-3737-11f0-85b7-581122bb7f2c\20210419T100000+1000_REC_86.wav,False,0,0,0,0,0,0,0,0,0,0,0,0,birds,-6.023015,1.2894559,0.5031505,0.5363356,0.119693786,0.3327386,0.1608179,0.30018824,0.15160264,0.20481232,0.11696419,0.16422799,0.1327885
7.5224257,4.933623,18.797756,1,0,0,00:00.0,00:00.0,uploads\b67551bc-3737-11f0-85b7-581122bb7f2c\20210419T100000+1000_REC_87.wav,False,0,0,0,0,0,0,0,0,0,0,0,0,birds,-5.98862,1.4579133,0.4690062,0.5292943,0.011756304,0.32636642,0.13437983,0.32623455,0.12726116,0.23045845,0.082781285,0.19715306,0.11751874
7.283329,4.961094,18.483994,1,0,0,00:00.0,00:00.0,uploads\b67551bc-3737-11f0-85b7-581122bb7f2c\20210419T100000+1000_REC_88.wav,False,0,0,0,0,0,0,0,0,0,0,0,0,birds,-6.0408516,1.1171052,0.27498305,0.74040246,-0.10703243,0.35483283,0.20473337,0.27405483,0.26796722,0.19590758,0.11513322,0.21229222,0.09942789
7.515097,4.928559,18.761581,1,0,0,00:00.0,00:00.0,uploads\b67551bc-3737-11f0-85b7-581122bb7f2c\20210419T100000+1000_REC_89.wav,False,0,0,0,0,0,0,0,0,0,0,0,0,birds,-6.00771,1.376973,0.437187,0.55345577,0.032744404,0.3092033,0.12245179,0.31536418,0.114837155,0.24828222,0.13643068,0.18024434,0.1043853
7.516285,5.261753,18.483683,1,0,0,00:00.0,00:00.0,uploads\b67551bc-3737-11f0-85b7-581122bb7f2c\20210419T100000+1000_REC_90.wav,False,0,0,0,0,0,0,0,0,0,0,0,0,birds,-6.044972,1.2247193,0.37553093,0.5088783,0.028889896,0.28690863,0.14977473,0.3442093,0.12096522,0.20288964,0.11702908,0.17767082,0.107400164
7.2193975,4.9532194,19.19222,1,0,0,00:00.0,00:00.0,uploads\b67551bc-3737-11f0-85b7-581122bb7f2c\20210419T100000+1000_REC_91.wav,False,0,0,0,0,0,0,0,0,0,0,0,0,birds,-6.0019646,1.4235269,0.35914293,0.5604501,-0.07128182,0.26538962,0.11297353,0.30651405,0.047961358,0.21594472,0.08340798,0.17331313,0.14223266
7.255102,4.9762545,19.256758,1,0,0,00:00.0,00:00.0,uploads\b67551bc-3737-11f0-85b7-581122bb7f2c\20210419T100000+1000_REC_92.wav,False,0,0,0,0,0,0,0,0,0,0,0,0,birds,-5.996804,1.4418436,0.35977212,0.55279225,-0.0226755,0.31777623,0.14906693,0.33842412,0.099956796,0.20100859,0.06718279,0.18189044,0.10647693
7.2837615,4.860412,18.668373,1,0,0,00:00.0,00:00.0,uploads\b67551bc-3737-11f0-85b7-581122bb7f2c\20210419T100000+1000_REC_93.wav,True,0,1,0,0,1,0,0,0,0,0,0,0,birds,-6.022189,1.3248849,0.24719313,0.57236147,-0.033576567,0.29069927,0.20536196,0.30283,0.11532138,0.30241126,0.047016118,0.16252129,0.17667715
7.3802886,5.003281,18.880764,1,0,0,00:00.0,00:00.0,uploads\b67551bc-3737-11f0-85b7-581122bb7f2c\20210419T100000+1000_REC_94.wav,False,0,0,0,0,0,0,0,0,0,0,0,0,birds,-6.0201616,1.3243898,0.41469592,0.5345213,-0.039507754,0.2970148,0.14849575,0.3292883,0.08667232,0.23955697,0.086613186,0.18915221,0.13742608
7.2050943,4.9537396,19.280743,1,0,0,00:00.0,00:00.0,uploads\b67551bc-3737-11f0-85b7-581122bb7f2c\20210419T100000+1000_REC_95.wav,False,0,0,0,0,0,0,0,0,0,0,0,0,birds,-5.9812365,1.5028815,0.4162827,0.52149034,-0.03119408,0.31954968,0.16278121,0.35549295,0.051782493,0.1817394,0.054066103,0.18923421,0.12402475
7.413154,5.5881515,18.916342,1,0,0,00:00.0,00:00.0,uploads\b67551bc-3737-11f0-85b7-581122bb7f2c\20210419T100000+1000_REC_96.wav,False,0,0,0,0,0,0,0,0,0,0,0,0,birds,-6.0031796,1.4069617,0.33899525,0.5302644,-0.008759987,0.3124646,0.16522041,0.40805343,0.09950454,0.1975824,0.120587,0.22502825,0.08671142
7.4674497,4.956163,18.674286,1,0,0,00:00.0,00:00.0,uploads\b67551bc-3737-11f0-85b7-581122bb7f2c\20210419T100000+1000_REC_97.wav,False,0,0,0,0,0,0,0,0,0,0,0,0,birds,-6.0282016,1.2661709,0.4267315,0.6008082,0.033200655,0.29771948,0.15190412,0.29970434,0.123036064,0.24582,0.07274948,0.1545645,0.12341081
7.163758,4.8717194,19.213987,1,0,0,00:00.0,00:00.0,uploads\b67551bc-3737-11f0-85b7-581122bb7f2c\20210419T100000+1000_REC_99.wav,False,0,0,0,0,0,0,0,0,0,0,0,0,birds,-5.992888,1.4225929,0.38439342,0.6185916,-0.037087467,0.24433705,0.16952609,0.40955257,0.06887424,0.20394851,0.09038219,0.18326105,0.10318247
7.2415323,4.8640513,19.124823,1,0,0,00:00.0,00:00.0,uploads\b67551bc-3737-11f0-85b7-581122bb7f2c\20210419T100000+1000_REC_100.wav,False,0,0,0,0,0,0,0,0,0,0,0,0,birds,-6.003692,1.4143869,0.33372718,0.5565849,-0.080815725,0.2518202,0.1773572,0.337693,0.088078864,0.23703805,0.107084,0.156809,0.11895
7.224556,4.8326216,19.174198,1,0,0,00:00.0,00:00.0,uploads\b67551bc-3737-11f0-85b7-581122bb7f2c\20210419T100000+1000_REC_101.wav,False,0,0,0,0,0,0,0,0,0,0,0,0,birds,-5.977626,1.5240465,0.28361556,0.55615985,-0.10520613,0.32412192,0.15850879,0.32401055,0.08133743,0.2630408,0.11146626,0.1546981,0.06407967
7.217849,4.8174696,19.271818,1,0,0,00:00.0,00:00.0,uploads\b67551bc-3737-11f0-85b7-581122bb7f2c\20210419T100000+1000_REC_102.wav,False,0,0,0,0,0,0,0,0,0,0,0,0,birds,-5.983398,1.4551451,0.39304563,0.6069371,-0.10246237,0.27410936,0.1505569,0.4012372,0.14249392,0.2589942,0.06871759,0.13186789,0.07705267
7.196677,4.8625646,19.232403,1,0,0,00:00.0,00:00.0,uploads\b67551bc-3737-11f0-85b7-581122bb7f2c\20210419T100000+1000_REC_103.wav,False,0,0,0,0,0,0,0,0,0,0,0,0,birds,-5.98522,1.4785092,0.3409925,0.5969477,-0.085891664,0.27239364,0.14223336,0.34953123,0.076702595,0.2289065,0.072513975,0.16195436,0.094777495
7.1484847,4.9322186,19.336964,1,0,0,00:00.0,00:00.0,uploads\b67551bc-3737-11f0-85b7-581122bb7f2c\20210419T100000+1000_REC_104.wav,False,0,0,0,0,0,0,0,0,0,0,0,0,birds,-5.9326506,1.7108009,0.25759068,0.4770542,-0.1586104,0.2889518,0.17097445,0.41710314,0.07362681,0.1759226,0.013315571,0.17440377,0.13540284
7.149111,4.8514566,19.265385,1,0,0,00:00.0,00:00.0,uploads\b67551bc-3737-11f0-85b7-581122bb7f2c\20210419T100000+1000_REC_105.wav,False,0,0,0,0,0,0,0,0,0,0,0,0,birds,-5.9825497,1.462406,0.33229762,0.6049651,-0.16311243,0.29149997,0.170205,0.39366084,0.06404977,0.23274137,0.060663078,0.16621476,0.124030106
7.759043,5.0827637,17.873909,1,0,0,00:00.0,00:00.0,uploads\b67551bc-3737-11f0-85b7-581122bb7f2c\20210419T100000+1000_REC_106.wav,False,0,0,0,0,0,0,0,0,0,0,0,0,birds,-6.0418124,1.165868,0.4542995,0.5638864,0.0034679126,0.260085,0.2619277,0.36325294,0.18896754,0.25737745,0.17450246,0.15657423,0.17808324
7.3931603,5.0378065,18.956028,1,0,0,00:00.0,00:00.0,uploads\b67551bc-3737-11f0-85b7-581122bb7f2c\20210419T100000+1000_REC_107.wav,False,0,0,0,0,0,0,0,0,0,0,0,0,birds,-6.0017433,1.4035397,0.35232928,0.5607073,-0.05907795,0.29051918,0.12535441,0.3898322,0.14099364,0.23274057,0.102507815,0.19736037,0.12116766
7.4505377,5.006602,18.904638,1,0,0,00:00.0,00:00.0,uploads\b67551bc-3737-11f0-85b7-581122bb7f2c\20210419T100000+1000_REC_108.wav,False,0,0,0,0,0,0,0,0,0,0,0,0,birds,-5.9989276,1.4450346,0.35053492,0.4723057,-0.094579,0.24742769,0.13727625,0.37145114,0.13656111,0.24416171,0.12300509,0.23068479,0.14163247
7.516462,4.870256,18.799736,1,0,0,00:00.0,00:00.0,uploads\b67551bc-3737-11f0-85b7-581122bb7f2c\20210419T100000+1000_REC_109.wav,False,0,0,0,0,0,0,0,0,0,0,0,0,birds,-5.9963737,1.4230555,0.41729736,0.5554217,0.008347938,0.2713975,0.19125398,0.38527793,0.13240486,0.23858404,0.11199745,0.14642203,0.13087662
7.332542,4.8628635,19.060232,1,0,0,00:00.0,00:00.0,uploads\b67551bc-3737-11f0-85b7-581122bb7f2c\20210419T100000+1000_REC_110.wav,False,0,0,0,0,0,0,0,0,0,0,0,0,birds,-5.9873414,1.4356519,0.4013066,0.6160961,-0.04948943,0.31823385,0.1375458,0.37530378,0.11306204,0.26409212,0.13741103,0.15568686,0.08726158
7.430145,5.0182004,18.851757,1,0,0,00:00.0,00:00.0,uploads\b67551bc-3737-11f0-85b7-581122bb7f2c\20210419T100000+1000_REC_111.wav,False,0,0,0,0,0,0,0,0,0,0,0,0,birds,-6.00501,1.428518,0.40846735,0.41452828,-0.12340704,0.1991774,0.09876225,0.31993935,0.1396845,0.2730933,0.15358967,0.2125514,0.14319043
7.527606,4.9392476,18.780226,1,0,0,00:00.0,00:00.0,uploads\b67551bc-3737-11f0-85b7-581122bb7f2c\20210419T100000+1000_REC_112.wav,False,0,0,0,0,0,0,0,0,0,0,0,0,birds,-5.981494,1.5275595,0.34353027,0.44643897,0.0026522488,0.2825439,0.15493064,0.38616896,0.18667704,0.25394163,0.105221085,0.18333332,0.17203215
7.7983847,5.104257,17.76657,1,0,0,00:00.0,00:00.0,uploads\b67551bc-3737-11f0-85b7-581122bb7f2c\20210419T100000+1000_REC_113.wav,False,0,0,0,0,0,0,0,0,0,0,0,0,birds,-6.044043,1.2270199,0.4354816,0.41401267,0.085876815,0.30347168,0.2354295,0.3198377,0.15911774,0.19264767,0.16468345,0.1938237,0.22594568
7.731101,5.1511154,17.88131,1,0,0,00:00.0,00:00.0,uploads\b67551bc-3737-11f0-85b7-581122bb7f2c\20210419T100000+1000_REC_114.wav,False,0,0,0,0,0,0,0,0,0,0,0,0,birds,-6.0527124,1.1898738,0.41872588,0.43053138,0.078252584,0.24528627,0.20216767,0.33197162,0.20191239,0.2258696,0.16586842,0.18973675,0.16991521
7.6677623,5.2279115,18.101656,1,0,0,00:00.0,00:00.0,uploads\b67551bc-3737-11f0-85b7-581122bb7f2c\20210419T100000+1000_REC_115.wav,False,0,0,0,0,0,0,0,0,0,0,0,0,birds,-6.0543175,1.1986177,0.39169708,0.43038902,0.062200412,0.27171603,0.16531385,0.33490756,0.1697989,0.18806455,0.15607466,0.15922156,0.14125
7.789773,5.1821527,16.985958,1,0,0,00:00.0,00:00.0,uploads\b67551bc-3737-11f0-85b7-581122bb7f2c\20210419T100000+1000_REC_116.wav,False,0,0,0,0,0,0,0,0,0,0,0,0,birds,-6.1160216,0.7793673,0.46366727,0.26952544,0.20016286,0.21742012,0.25564155,0.2607849,0.23859891,0.20578699,0.18044128,0.18335888,0.20317473
7.68314,5.1789274,17.214018,1,0,0,00:00.0,00:00.0,uploads\b67551bc-3737-11f0-85b7-581122bb7f2c\20210419T100000+1000_REC_117.wav,False,0,0,0,0,0,0,0,0,0,0,0,0,birds,-6.098277,0.94648,0.3825891,0.35369676,0.1386489,0.23848467,0.23879446,0.27416572,0.19963077,0.20226152,0.19701351,0.14133056,0.19309832
7.850303,5.1508327,16.918848,1,0,0,00:00.0,00:00.0,uploads\b67551bc-3737-11f0-85b7-581122bb7f2c\20210419T100000+1000_REC_118.wav,False,0,0,0,0,0,0,0,0,0,0,0,0,birds,-6.110489,0.73425734,0.5113565,0.34833506,0.25434515,0.25555533,0.27683973,0.27224994,0.25690547,0.22227888,0.20406094,0.21269515,0.21018423
7.8555956,5.1515465,16.897823,1,0,0,00:00.0,00:00.0,uploads\b67551bc-3737-11f0-85b7-581122bb7f2c\20210419T100000+1000_REC_119.wav,False,0,0,0,0,0,0,0,0,0,0,0,0,birds,-6.122053,0.5801167,0.46574262,0.3795309,0.3114899,0.27974677,0.29747,0.2977621,0.25465268,0.23027939,0.22619699,0.2036156,0.19673058
7.8548756,5.1505594,16.901072,1,0,0,00:00.0,00:00.0,uploads\b67551bc-3737-11f0-85b7-581122bb7f2c\20210419T100000+1000_REC_120.wav,False,0,0,0,0,0,0,0,0,0,0,0,0,birds,-6.1443424,0.3214111,0.3175274,0.31154734,0.3040447,0.29556802,0.28652245,0.2771322,0.26747996,0.25758496,0.2474746,0.23721904,0.22692685
7.851908,5.1515746,16.906551,1,0,0,00:00.0,00:00.0,uploads\b67551bc-3737-11f0-85b7-581122bb7f2c\20210419T100000+1000_REC_121.wav,False,0,0,0,0,0,0,0,0,0,0,0,0,birds,-6.1190257,0.5695129,0.48300213,0.40882087,0.34899637,0.3102092,0.28887123,0.27189788,0.24276961,0.23766828,0.23095036,0.20578709,0.19551928
7.838104,5.151434,16.920717,1,0,0,00:00.0,00:00.0,uploads\b67551bc-3737-11f0-85b7-581122bb7f2c\20210419T100000+1000_REC_122.wav,False,0,0,0,0,0,0,0,0,0,0,0,0,birds,-6.1250567,0.60029465,0.45473194,0.33332923,0.2841003,0.28191268,0.28095064,0.26540384,0.2474263,0.23436688,0.22360915,0.21538118,0.21029586
7.8013473,5.1766105,16.971151,1,0,0,00:00.0,00:00.0,uploads\b67551bc-3737-11f0-85b7-581122bb7f2c\20210419T100000+1000_REC_123.wav,False,0,0,0,0,0,0,0,0,0,0,0,0,birds,-6.1250978,0.68370616,0.46496758,0.30335605,0.22183686,0.22001031,0.25103527,0.2533895,0.2271993,0.196275,0.17915393,0.18056497,0.19039275
7.7189655,5.2080207,17.079126,1,0,0,00:00.0,00:00.0,uploads\b67551bc-3737-11f0-85b7-581122bb7f2c\20210419T100000+1000_REC_124.wav,True,0,1,0,0,1,0,0,0,0,0,0,0,birds,-6.0993705,0.9499905,0.41870248,0.3494758,0.17602123,0.16561733,0.20918916,0.24767163,0.18948644,0.1327409,0.17508307,0.17629783,0.18057378
7.7136955,5.213198,17.092352,1,0,0,00:00.0,00:00.0,uploads\b67551bc-3737-11f0-85b7-581122bb7f2c\20210419T100000+1000_REC_125.wav,False,0,0,0,0,0,0,0,0,0,0,0,0,birds,-6.1131406,0.8128043,0.4729566,0.32921976,0.18419133,0.16779605,0.25478572,0.25109714,0.16740152,0.16950248,0.18328556,0.15282682,0.19133867
7.3849688,5.152796,17.700754,1,0,0,00:00.0,00:00.0,uploads\b67551bc-3737-11f0-85b7-581122bb7f2c\20210419T100000+1000_REC_126.wav,False,0,0,0,0,0,0,0,0,0,0,0,0,birds,-6.0740447,1.0640141,0.38065264,0.5165647,0.104287505,0.19095695,0.20576154,0.33544588,0.14930426,0.12117545,0.19136904,0.13943584,0.1398283
7.472488,5.162892,17.642263,1,0,0,00:00.0,00:00.0,uploads\b67551bc-3737-11f0-85b7-581122bb7f2c\20210419T100000+1000_REC_127.wav,False,0,0,0,0,0,0,0,0,0,0,0,0,birds,-6.0780864,1.0752331,0.40332866,0.4203584,0.073453106,0.21416734,0.20065635,0.28458542,0.1729366,0.15690698,0.14928003,0.13457763,0.17254901
7.5472097,5.254824,18.378422,1,0,0,00:00.0,00:00.0,uploads\b67551bc-3737-11f0-85b7-581122bb7f2c\20210419T100000+1000_REC_128.wav,False,0,0,0,0,0,0,0,0,0,0,0,0,birds,-6.0404243,1.2516872,0.38699916,0.51412106,-0.002419062,0.23914553,0.16901816,0.314892,0.13147548,0.2388601,0.14007294,0.12448314,0.11585291
7.5596914,5.288647,18.39075,1,0,0,00:00.0,00:00.0,uploads\b67551bc-3737-11f0-85b7-581122bb7f2c\20210419T100000+1000_REC_129.wav,False,0,0,0,0,0,0,0,0,0,0,0,0,birds,-6.0435805,1.2815536,0.3536269,0.42104182,0.0010054489,0.26551878,0.14741504,0.27981424,0.1120698,0.19282414,0.11659776,0.14364852,0.095348075
7.349118,5.0323014,18.967173,1,0,0,00:00.0,00:00.0,uploads\b67551bc-3737-11f0-85b7-581122bb7f2c\20210419T100000+1000_REC_130.wav,False,0,0,0,0,0,0,0,0,0,0,0,0,birds,-6.0172157,1.3350132,0.43006757,0.58304775,0.001272673,0.2508774,0.12834547,0.31592596,0.08113505,0.18951833,0.08717528,0.1905367,0.13882375
7.103128,4.8798223,19.33927,1,0,0,00:00.0,00:00.0,uploads\b67551bc-3737-11f0-85b7-581122bb7f2c\20210419T100000+1000_REC_133.wav,False,0,0,0,0,0,0,0,0,0,0,0,0,birds,-5.9931655,1.4404833,0.35949337,0.57074857,-0.104811035,0.26703662,0.1678018,0.39099243,0.09001457,0.18355855,0.05033502,0.16806175,0.11977916
7.133258,4.9139676,19.289999,1,0,0,00:00.0,00:00.0,uploads\b67551bc-3737-11f0-85b7-581122bb7f2c\20210419T100000+1000_REC_134.wav,False,0,0,0,0,0,0,0,0,0,0,0,0,birds,-5.9904785,1.461163,0.3257766,0.55616516,-0.050573036,0.3219179,0.16752414,0.3841313,0.08335637,0.22114745,0.043178234,0.15045893,0.117577024
7.3567257,4.953766,18.908846,1,0,0,00:00.0,00:00.0,uploads\b67551bc-3737-11f0-85b7-581122bb7f2c\20210419T100000+1000_REC_135.wav,False,0,0,0,0,0,0,0,0,0,0,0,0,birds,-6.014072,1.3422353,0.3791005,0.5609747,-0.0828807,0.27820313,0.16420864,0.34765387,0.10116937,0.25962815,0.10497814,0.1982431,0.1526285
7.688075,5.19692,17.174648,1,0,0,00:00.0,00:00.0,uploads\b67551bc-3737-11f0-85b7-581122bb7f2c\20210419T100000+1000_REC_136.wav,False,0,0,0,0,0,0,0,0,0,0,0,0,birds,-6.1039267,0.92713684,0.36644077,0.36024556,0.12717731,0.16447723,0.1756876,0.26966548,0.2165814,0.17589857,0.17152782,0.174637,0.18708266
7.557523,5.0799193,18.410027,1,0,0,00:00.0,00:00.0,uploads\b67551bc-3737-11f0-85b7-581122bb7f2c\20210419T100000+1000_REC_137.wav,False,0,0,0,0,0,0,0,0,0,0,0,0,birds,-6.0459843,1.2390938,0.35669595,0.43861747,-0.002450108,0.31839955,0.16147614,0.32318893,0.14365333,0.19910255,0.10029044,0.18956333,0.17532898
7.428319,5.620569,18.897173,1,0,0,00:00.0,00:00.0,uploads\b67551bc-3737-11f0-85b7-581122bb7f2c\20210419T100000+1000_REC_138.wav,True,0,1,0,0,1,0,0,0,0,0,0,0,birds,-6.024023,1.3250477,0.3022536,0.5434071,-0.018431257,0.24552117,0.11068306,0.39654997,0.10809202,0.18320155,0.155151,0.21158013,0.09976089
7.5034986,5.0487514,18.470514,1,0,0,00:00.0,00:00.0,uploads\b67551bc-3737-11f0-85b7-581122bb7f2c\20210419T100000+1000_REC_139.wav,False,0,0,0,0,0,0,0,0,0,0,0,0,birds,-6.00986,1.4206495,0.33741203,0.40091598,-0.010512802,0.3408943,0.10471461,0.3062354,0.13921566,0.28752258,0.099147014,0.20782857,0.14530365
7.7510877,5.2023296,17.037737,1,0,0,00:00.0,00:00.0,uploads\b67551bc-3737-11f0-85b7-581122bb7f2c\20210419T100000+1000_REC_140.wav,False,0,0,0,0,0,0,0,0,0,0,0,0,birds,-6.108104,0.88690597,0.4048097,0.2811575,0.16127194,0.20907304,0.24629506,0.25205386,0.20720938,0.19061837,0.18883224,0.17304477,0.20466374
7.6027102,5.195745,18.141972,1,0,0,00:00.0,00:00.0,uploads\b67551bc-3737-11f0-85b7-581122bb7f2c\20210419T100000+1000_REC_141.wav,False,0,0,0,0,0,0,0,0,0,0,0,0,birds,-6.067115,1.1338115,0.3912529,0.4163305,0.051703967,0.2456669,0.16182451,0.31871226,0.1671546,0.21517907,0.14240125,0.17634621,0.14460517
7.7317004,5.2137437,17.026514,1,0,0,00:00.0,00:00.0,uploads\b67551bc-3737-11f0-85b7-581122bb7f2c\20210419T100000+1000_REC_142.wav,False,0,0,0,0,0,0,0,0,0,0,0,0,birds,-6.11188,0.8223357,0.48205873,0.3007991,0.16352543,0.20819475,0.2388075,0.24404429,0.2116595,0.16310063,0.15090808,0.16910762,0.21890736
7.852088,5.153297,16.896627,1,0,0,00:00.0,00:00.0,uploads\b67551bc-3737-11f0-85b7-581122bb7f2c\20210419T100000+1000_REC_143.wav,False,0,0,0,0,0,0,0,0,0,0,0,0,birds,-6.1303844,0.584781,0.4459457,0.33300027,0.2477221,0.2244084,0.24816938,0.27473152,0.25060177,0.21562408,0.22023849,0.21066914,0.20295165
7.792081,5.178899,16.990236,1,0,0,00:00.0,00:00.0,uploads\b67551bc-3737-11f0-85b7-581122bb7f2c\20210419T100000+1000_REC_144.wav,False,0,0,0,0,0,0,0,0,0,0,0,0,birds,-6.117812,0.7857712,0.3921427,0.27296743,0.2000374,0.21774936,0.28898978,0.2258562,0.17732571,0.25686336,0.24518934,0.16029364,0.21051884
7.6710777,5.211278,17.255749,1,0,0,00:00.0,00:00.0,uploads\b67551bc-3737-11f0-85b7-581122bb7f2c\20210419T100000+1000_REC_145.wav,False,0,0,0,0,0,0,0,0,0,0,0,0,birds,-6.0901184,0.9829303,0.41725942,0.36589873,0.12433551,0.23071255,0.24610472,0.308078,0.20606235,0.17702292,0.17598343,0.15717734,0.21149155
7.3902183,5.0416737,18.842392,1,0,0,00:00.0,00:00.0,uploads\b67551bc-3737-11f0-85b7-581122bb7f2c\20210419T100000+1000_REC_146.wav,False,0,0,0,0,0,0,0,0,0,0,0,0,birds,-6.0260124,1.305406,0.3873777,0.55304945,-0.005972769,0.25561437,0.109685615,0.3303474,0.10397883,0.22811185,0.1076933,0.18518394,0.17125846
7.662248,5.184963,17.216534,1,0,0,00:00.0,00:00.0,uploads\b67551bc-3737-11f0-85b7-581122bb7f2c\20210419T100000+1000_REC_147.wav,False,0,0,0,0,0,0,0,0,0,0,0,0,birds,-6.0934286,0.9615769,0.38484,0.4398622,0.13888298,0.17613646,0.25152552,0.27067268,0.16076568,0.18743204,0.19646989,0.13319951,0.20622171
7.3979716,5.5223355,18.924534,1,0,0,00:00.0,00:00.0,uploads\b67551bc-3737-11f0-85b7-581122bb7f2c\20210419T100000+1000_REC_148.wav,False,0,0,0,0,0,0,0,0,0,0,0,0,birds,-6.0048175,1.3857678,0.31706217,0.5705633,-0.048535973,0.27943805,0.1361456,0.4358995,0.10773811,0.18107925,0.08143188,0.22639918,0.13928154
7.227969,4.9768467,19.289883,1,0,0,00:00.0,00:00.0,uploads\b67551bc-3737-11f0-85b7-581122bb7f2c\20210419T100000+1000_REC_149.wav,False,0,0,0,0,0,0,0,0,0,0,0,0,birds,-5.980928,1.5034332,0.3898303,0.5739721,-0.061354138,0.29408306,0.1066028,0.31829122,0.10091728,0.19062002,0.042879306,0.17041244,0.124973856
7.2352376,4.986237,19.272696,1,0,0,00:00.0,00:00.0,uploads\b67551bc-3737-11f0-85b7-581122bb7f2c\20210419T100000+1000_REC_150.wav,False,0,0,0,0,0,0,0,0,0,0,0,0,birds,-6.0043645,1.4170567,0.40574414,0.5282201,-0.042209357,0.25385082,0.088826954,0.32166347,0.07290848,0.1984702,0.040680766,0.18297017,0.10648197
7.2180576,4.977066,19.301985,1,0,0,00:00.0,00:00.0,uploads\b67551bc-3737-11f0-85b7-581122bb7f2c\20210419T100000+1000_REC_151.wav,False,0,0,0,0,0,0,0,0,0,0,0,0,birds,-5.9859524,1.4760064,0.414427,0.5856161,-0.003531683,0.31855306,0.05617107,0.307167,0.071833655,0.1842719,0.05054245,0.16977085,0.08871239
7.1617217,4.9448605,19.347042,1,0,0,00:00.0,00:00.0,uploads\b67551bc-3737-11f0-85b7-581122bb7f2c\20210419T100000+1000_REC_152.wav,False,0,0,0,0,0,0,0,0,0,0,0,0,birds,-5.9818945,1.5080333,0.44210345,0.49282476,-0.03837582,0.30259538,0.12374254,0.35965905,0.055670917,0.15125513,-0.0017874797,0.12114885,0.061285153
7.156852,4.9338093,19.35068,1,0,0,00:00.0,00:00.0,uploads\b67551bc-3737-11f0-85b7-581122bb7f2c\20210419T100000+1000_REC_153.wav,False,0,0,0,0,0,0,0,0,0,0,0,0,birds,-5.943642,1.6199697,0.43659982,0.63825834,-0.043164756,0.2975443,0.08613488,0.3597119,0.06463373,0.14186093,0.013338331,0.13100374,0.028987328
7.1345,4.91947,19.356691,1,0,0,00:00.0,00:00.0,uploads\b67551bc-3737-11f0-85b7-581122bb7f2c\20210419T100000+1000_REC_154.wav,False,0,0,0,0,0,0,0,0,0,0,0,0,birds,-5.985698,1.4891231,0.38711196,0.51943874,-0.06915677,0.30761912,0.1329089,0.3661705,0.07264303,0.17878567,0.010733345,0.16466153,0.11053827
7.3060484,5.0176673,19.107162,1,0,0,00:00.0,00:00.0,uploads\b67551bc-3737-11f0-85b7-581122bb7f2c\20210419T100000+1000_REC_155.wav,False,0,0,0,0,0,0,0,0,0,0,0,0,birds,-6.011807,1.369203,0.3859791,0.55771744,-0.018089086,0.32264727,0.15460685,0.32438892,0.09633138,0.18003368,0.058584277,0.17104511,0.10784821
7.1612334,4.9458213,19.344824,1,0,0,00:00.0,00:00.0,uploads\b67551bc-3737-11f0-85b7-581122bb7f2c\20210419T100000+1000_REC_156.wav,True,0,1,0,0,0,0,0,0,0,0,0,0,birds,-5.9669986,1.5420916,0.33782125,0.6029109,-0.13389625,0.32662997,0.107902884,0.35786298,0.052112013,0.16541979,0.041416846,0.16970071,0.12446129
7.3158,5.038309,19.146528,1,0,0,00:00.0,00:00.0,uploads\b67551bc-3737-11f0-85b7-581122bb7f2c\20210419T100000+1000_REC_157.wav,False,0,0,0,0,0,0,0,0,0,0,0,0,birds,-5.994246,1.4280142,0.2718812,0.6268942,-0.0148106115,0.31278697,0.067214854,0.36198947,0.16632919,0.26754197,0.018405437,0.15018283,0.14265227
7.413603,5.5602655,18.881128,1,0,0,00:00.0,00:00.0,uploads\b67551bc-3737-11f0-85b7-581122bb7f2c\20210419T100000+1000_REC_158.wav,False,0,0,0,0,0,0,0,0,0,0,0,0,birds,-6.035114,1.2641879,0.30280796,0.554571,0.03473191,0.25854445,0.07923469,0.37715217,0.14635465,0.20585653,0.10305425,0.2536881,0.12633917
7.209474,4.9505115,19.248686,1,0,0,00:00.0,00:00.0,uploads\b67551bc-3737-11f0-85b7-581122bb7f2c\20210419T100000+1000_REC_159.wav,False,0,0,0,0,0,0,0,0,0,0,0,0,birds,-5.9909673,1.4893516,0.3564473,0.44601434,-0.097454585,0.3159144,0.14638516,0.36137342,0.10449917,0.20966505,0.05083356,0.13803266,0.106242925
7.407205,5.5664506,18.89041,1,0,0,00:00.0,00:00.0,uploads\b67551bc-3737-11f0-85b7-581122bb7f2c\20210419T100000+1000_REC_160.wav,False,0,0,0,0,0,0,0,0,0,0,0,0,birds,-6.0170856,1.3591042,0.2676951,0.54799354,-0.00049484853,0.2632171,0.09501753,0.3962873,0.10252058,0.21059388,0.10093149,0.2310013,0.09936777
7.2779245,5.0017333,19.206682,1,0,0,00:00.0,00:00.0,uploads\b67551bc-3737-11f0-85b7-581122bb7f2c\20210419T100000+1000_REC_161.wav,False,0,0,0,0,0,0,0,0,0,0,0,0,birds,-6.0015364,1.4351393,0.4018336,0.4757459,-0.077230886,0.26964435,0.08643212,0.3417912,0.10753311,0.2287058,0.05902503,0.18098132,0.121401325
7.3360305,5.018157,19.04143,1,0,0,00:00.0,00:00.0,uploads\b67551bc-3737-11f0-85b7-581122bb7f2c\20210419T100000+1000_REC_162.wav,False,0,0,0,0,0,0,0,0,0,0,0,0,birds,-6.022445,1.3412184,0.38222584,0.50837094,-0.0123929465,0.2784876,0.1311644,0.33805344,0.09391095,0.20001072,0.070142455,0.15176482,0.1360945
7.2517033,4.9682837,19.207462,1,0,0,00:00.0,00:00.0,uploads\b67551bc-3737-11f0-85b7-581122bb7f2c\20210419T100000+1000_REC_163.wav,False,0,0,0,0,0,0,0,0,0,0,0,0,birds,-6.00098,1.4365733,0.35583717,0.5157253,-0.06721765,0.2820342,0.14531362,0.3371255,0.07135699,0.21216917,0.07781889,0.17568746,0.1350609
7.2566075,4.9835243,19.207716,1,0,0,00:00.0,00:00.0,uploads\b67551bc-3737-11f0-85b7-581122bb7f2c\20210419T100000+1000_REC_164.wav,False,0,0,0,0,0,0,0,0,0,0,0,0,birds,-5.994018,1.4474962,0.3643372,0.543581,-0.044006884,0.32259434,0.11400472,0.3489105,0.06578632,0.23398659,0.05817963,0.19393975,0.14595947
7.4130096,5.081214,18.736584,1,0,0,00:00.0,00:00.0,uploads\b67551bc-3737-11f0-85b7-581122bb7f2c\20210419T100000+1000_REC_165.wav,False,0,0,0,0,0,0,0,0,0,0,0,0,birds,-6.041269,1.2514317,0.37171873,0.48240846,-0.024144346,0.30153552,0.11894884,0.31400895,0.09446346,0.22719185,0.08466945,0.1817749,0.15421027
7.480395,5.6080637,18.770824,1,0,0,00:00.0,00:00.0,uploads\b67551bc-3737-11f0-85b7-581122bb7f2c\20210419T100000+1000_REC_166.wav,False,0,0,0,0,0,0,0,0,0,0,0,0,birds,-6.072754,1.0929304,0.29959548,0.46340474,0.0074543688,0.28218547,0.115015626,0.34454682,0.16309454,0.17036834,0.19099592,0.19737059,0.08957667
7.469704,5.174524,17.633091,1,0,0,00:00.0,00:00.0,uploads\b67551bc-3737-11f0-85b7-581122bb7f2c\20210419T100000+1000_REC_167.wav,True,0,0,0,0,1,0,0,0,0,0,0,0,birds,-6.101236,0.94706154,0.3299226,0.40717182,0.071975455,0.20804276,0.18775143,0.25848526,0.108701944,0.20242503,0.14981176,0.15462919,0.17043929
7.6734433,5.1839743,17.206009,1,0,0,00:00.0,00:00.0,uploads\b67551bc-3737-11f0-85b7-581122bb7f2c\20210419T100000+1000_REC_168.wav,False,0,0,0,0,0,0,0,0,0,0,0,0,birds,-6.103068,0.8696024,0.43159083,0.42133924,0.15229149,0.20966116,0.20979562,0.30544272,0.17921497,0.20038424,0.22021289,0.12759832,0.17632505
7.481306,5.164615,17.699121,1,0,0,00:00.0,00:00.0,uploads\b67551bc-3737-11f0-85b7-581122bb7f2c\20210419T100000+1000_REC_169.wav,False,0,0,0,0,0,0,0,0,0,0,0,0,birds,-6.082828,1.0265049,0.36702555,0.4696897,0.0710532,0.23641242,0.19560418,0.31257254,0.12999919,0.20169261,0.17301066,0.14643541,0.160561
7.442064,5.179317,18.598492,1,0,0,00:00.0,00:00.0,uploads\b67551bc-3737-11f0-85b7-581122bb7f2c\20210419T100000+1000_REC_170.wav,False,0,0,0,0,0,0,0,0,0,0,0,0,birds,-6.0492167,1.2022862,0.36271283,0.50539804,0.022666711,0.30246007,0.10820944,0.31869006,0.10703986,0.23579685,0.12226129,0.20586422,0.14650783
7.4552226,5.1807585,18.257784,1,0,0,00:00.0,00:00.0,uploads\b67551bc-3737-11f0-85b7-581122bb7f2c\20210419T100000+1000_REC_171.wav,False,0,0,0,0,0,0,0,0,0,0,0,0,birds,-6.068063,1.0925872,0.32644758,0.52007437,0.0044688354,0.23703693,0.13179408,0.37707332,0.10735488,0.21395613,0.1532045,0.18257965,0.1593091
7.569386,5.1788177,17.474087,1,0,0,00:00.0,00:00.0,uploads\b67551bc-3737-11f0-85b7-581122bb7f2c\20210419T100000+1000_REC_172.wav,False,0,0,0,0,0,0,0,0,0,0,0,0,birds,-6.094481,0.9678508,0.3659754,0.42123008,0.07274908,0.18485452,0.20351541,0.29778546,0.16561791,0.1770934,0.20293482,0.17640603,0.18036282
7.676432,5.1849933,17.220118,1,0,0,00:00.0,00:00.0,uploads\b67551bc-3737-11f0-85b7-581122bb7f2c\20210419T100000+1000_REC_173.wav,False,0,0,0,0,0,0,0,0,0,0,0,0,birds,-6.1037188,0.88952494,0.4191523,0.3956214,0.13571085,0.20520616,0.23794255,0.26622385,0.20826569,0.18636033,0.17915165,0.13959375,0.17094493
7.396302,5.159659,17.677437,1,0,0,00:00.0,00:00.0,uploads\b67551bc-3737-11f0-85b7-581122bb7f2c\20210419T100000+1000_REC_174.wav,False,0,0,0,0,0,0,0,0,0,0,0,0,birds,-6.076622,1.0589485,0.40826347,0.5310542,0.092888474,0.17729652,0.17805281,0.24238843,0.14142911,0.14355566,0.1403288,0.11586604,0.11630638
7.3409505,4.943851,18.956858,1,0,0,00:00.0,00:00.0,uploads\b67551bc-3737-11f0-85b7-581122bb7f2c\20210419T100000+1000_REC_175.wav,False,0,0,0,0,0,0,0,0,0,0,0,0,birds,-6.012017,1.3320136,0.36752304,0.61839235,-0.07001306,0.2960056,0.15508458,0.36022833,0.08088624,0.23903038,0.08932558,0.20503585,0.12080597
7.4238286,5.1545644,18.736856,1,0,0,00:00.0,00:00.0,uploads\b67551bc-3737-11f0-85b7-581122bb7f2c\20210419T100000+1000_REC_176.wav,True,0,1,0,0,1,0,0,0,0,0,0,0,birds,-6.0388117,1.2474223,0.3563596,0.5187903,-0.0010828755,0.31022412,0.16469248,0.34564412,0.091287084,0.21064603,0.07625675,0.20814914,0.14059652
7.2343645,4.9120536,19.220678,1,0,0,00:00.0,00:00.0,uploads\b67551bc-3737-11f0-85b7-581122bb7f2c\20210419T100000+1000_REC_177.wav,False,0,0,0,0,0,0,0,0,0,0,0,0,birds,-6.0084076,1.369017,0.39372116,0.5560856,-0.012664144,0.32480684,0.14907049,0.38076138,0.0871353,0.24023075,0.045618165,0.11757413,0.06278284
7.2125072,4.8772964,19.277544,1,0,0,00:00.0,00:00.0,uploads\b67551bc-3737-11f0-85b7-581122bb7f2c\20210419T100000+1000_REC_178.wav,False,0,0,0,0,0,0,0,0,0,0,0,0,birds,-5.971645,1.5154967,0.45804998,0.5768014,-0.041520618,0.3066091,0.12359653,0.36322623,0.12041823,0.2193285,0.061043587,0.16105208,0.065948084
7.546726,4.943697,18.776669,1,0,0,00:00.0,00:00.0,uploads\b67551bc-3737-11f0-85b7-581122bb7f2c\20210419T100000+1000_REC_179.wav,False,0,0,0,0,0,0,0,0,0,0,0,0,birds,-6.005284,1.4089516,0.4140178,0.50204813,-0.004040602,0.30826864,0.096583,0.320779,0.12217463,0.26203912,0.10320024,0.17598559,0.09823961
7.5295005,5.0945797,18.425562,1,0,0,00:00.0,00:00.0,uploads\b67551bc-3737-11f0-85b7-581122bb7f2c\20210419T100000+1000_REC_180.wav,False,0,0,0,0,0,0,0,0,0,0,0,0,birds,-6.0394645,1.2517813,0.38416108,0.4773966,0.018529434,0.31119132,0.11383675,0.32806164,0.15630335,0.25754303,0.089777805,0.20513535,0.13552578
7.4268007,5.384367,18.775402,1,0,0,00:00.0,00:00.0,uploads\b67551bc-3737-11f0-85b7-581122bb7f2c\20210419T100000+1000_REC_181.wav,False,0,0,0,0,0,0,0,0,0,0,0,0,birds,-6.0404434,1.2707685,0.35564384,0.42922285,0.012048222,0.3161738,0.14172238,0.34919176,0.09893186,0.1708938,0.11430849,0.2253326,0.114596635
7.579332,5.1311226,18.19527,1,0,0,00:00.0,00:00.0,uploads\b67551bc-3737-11f0-85b7-581122bb7f2c\20210419T100000+1000_REC_182.wav,False,0,0,0,0,0,0,0,0,0,0,0,0,birds,-6.062475,1.1427317,0.3915188,0.42624223,0.07016583,0.30288827,0.15839559,0.32601658,0.15488191,0.23960419,0.12160042,0.20094052,0.15801984
7.5438805,5.136175,18.385807,1,0,0,00:00.0,00:00.0,uploads\b67551bc-3737-11f0-85b7-581122bb7f2c\20210419T100000+1000_REC_183.wav,False,0,0,0,0,0,0,0,0,0,0,0,0,birds,-6.048247,1.2294081,0.3873729,0.4118893,0.017795967,0.29520953,0.13773854,0.32837048,0.13022761,0.24405941,0.12935656,0.1957604,0.14302425
7.408502,5.0877686,18.773293,1,0,0,00:00.0,00:00.0,uploads\b67551bc-3737-11f0-85b7-581122bb7f2c\20210419T100000+1000_REC_184.wav,True,0,1,0,0,1,0,0,0,0,0,0,0,birds,-6.0248013,1.332825,0.4031913,0.4862362,0.030527081,0.28230974,0.1307645,0.30470234,0.073353305,0.23148386,0.06889785,0.20522279,0.14428179
7.448197,5.6873693,18.932781,1,0,0,00:00.0,00:00.0,uploads\b67551bc-3737-11f0-85b7-581122bb7f2c\20210419T100000+1000_REC_185.wav,False,0,0,0,0,0,0,0,0,0,0,0,0,birds,-6.0369434,1.2416443,0.328971,0.55621994,-0.030758714,0.25655347,0.10000148,0.41168264,0.100684434,0.14472763,0.18509756,0.22087167,0.082467705
7.4489164,5.6860437,18.932472,1,0,0,00:00.0,00:00.0,uploads\b67551bc-3737-11f0-85b7-581122bb7f2c\20210419T100000+1000_REC_186.wav,False,0,0,0,0,0,0,0,0,0,0,0,0,birds,-6.038133,1.2105155,0.31540453,0.6049182,-0.016406454,0.24927852,0.16881521,0.43131727,0.070039295,0.16443478,0.21559265,0.18570021,0.09129185
7.4455085,5.7005014,18.95106,1,0,0,00:00.0,00:00.0,uploads\b67551bc-3737-11f0-85b7-581122bb7f2c\20210419T100000+1000_REC_187.wav,False,0,0,0,0,0,0,0,0,0,0,0,0,birds,-6.039002,1.2230625,0.37976333,0.5394335,0.040137913,0.2875691,0.12627584,0.42739373,0.08069238,0.18712023,0.19320835,0.15130453,0.06471388
7.505635,5.051818,18.469572,1,0,0,00:00.0,00:00.0,uploads\b67551bc-3737-11f0-85b7-581122bb7f2c\20210419T100000+1000_REC_188.wav,False,0,0,0,0,0,0,0,0,0,0,0,0,birds,-6.0315976,1.282572,0.3770848,0.46401313,-0.017561052,0.31807497,0.12637891,0.36258948,0.14150046,0.2899742,0.10424735,0.20641431,0.12700748
7.2728996,4.8881803,18.6257,1,0,0,00:00.0,00:00.0,uploads\b67551bc-3737-11f0-85b7-581122bb7f2c\20210419T100000+1000_REC_189.wav,False,0,0,0,0,0,0,0,0,0,0,0,0,birds,-6.048386,1.176708,0.2859733,0.613714,-0.06298928,0.23001477,0.17052518,0.27516612,0.087335564,0.276244,0.063233756,0.20263775,0.1832054
7.320416,4.9965367,19.0773,1,0,0,00:00.0,00:00.0,uploads\b67551bc-3737-11f0-85b7-581122bb7f2c\20210419T100000+1000_REC_190.wav,False,0,0,0,0,0,0,0,0,0,0,0,0,birds,-6.020804,1.33646,0.4085751,0.46063817,-0.071020044,0.31566602,0.1356781,0.36467516,0.082575835,0.21026862,0.039017756,0.15828966,0.16005826
7.535496,5.2166157,18.300531,1,0,0,00:00.0,00:00.0,uploads\b67551bc-3737-11f0-85b7-581122bb7f2c\20210419T100000+1000_REC_191.wav,False,0,0,0,0,0,0,0,0,0,0,0,0,birds,-6.066691,1.1173683,0.37403646,0.44961846,-0.0067406944,0.24607478,0.18434699,0.3438497,0.1289212,0.24383326,0.13783771,0.16866301,0.14755538
7.4254227,5.6641955,18.917822,1,0,0,00:00.0,00:00.0,uploads\b67551bc-3737-11f0-85b7-581122bb7f2c\20210419T100000+1000_REC_192.wav,True,0,1,0,0,1,0,0,0,0,0,0,0,birds,-6.0177383,1.303761,0.36678386,0.6237125,-0.04122685,0.291242,0.11732385,0.3925348,0.09123125,0.1855874,0.15825956,0.19855179,0.06648904
7.1700325,4.916792,19.305445,1,0,0,00:00.0,00:00.0,uploads\b67551bc-3737-11f0-85b7-581122bb7f2c\20210419T100000+1000_REC_194.wav,False,0,0,0,0,0,0,0,0,0,0,0,0,birds,-5.976533,1.4762944,0.41852406,0.6308226,-0.16929232,0.27129593,0.08209007,0.35014307,0.070445225,0.2079116,0.055179067,0.16984436,0.11934316
7.1914177,4.808096,19.242767,1,0,0,00:00.0,00:00.0,uploads\b67551bc-3737-11f0-85b7-581122bb7f2c\20210419T100000+1000_REC_195.wav,False,0,0,0,0,0,0,0,0,0,0,0,0,birds,-5.9825644,1.4717586,0.34423602,0.58078116,-0.15523177,0.2856213,0.13731626,0.3883463,0.086732745,0.27305186,0.07065566,0.124446444,0.084063165
7.2202907,4.8333178,19.24066,1,0,0,00:00.0,00:00.0,uploads\b67551bc-3737-11f0-85b7-581122bb7f2c\20210419T100000+1000_REC_196.wav,False,0,0,0,0,0,0,0,0,0,0,0,0,birds,-5.969431,1.5207734,0.3920782,0.5684471,-0.13749292,0.29014602,0.12486784,0.3921146,0.1301737,0.2811336,0.06354937,0.16470581,0.056639925
7.3322334,4.8866687,19.011051,1,0,0,00:00.0,00:00.0,uploads\b67551bc-3737-11f0-85b7-581122bb7f2c\20210419T100000+1000_REC_197.wav,False,0,0,0,0,0,0,0,0,0,0,0,0,birds,-6.0150337,1.3351424,0.36478642,0.57514703,-0.088248625,0.28495374,0.14691684,0.35228583,0.093676984,0.2675434,0.120767556,0.18220197,0.09923736
7.2077613,4.8396163,19.123844,1,0,0,00:00.0,00:00.0,uploads\b67551bc-3737-11f0-85b7-581122bb7f2c\20210419T100000+1000_REC_198.wav,False,0,0,0,0,0,0,0,0,0,0,0,0,birds,-6.001411,1.3934072,0.31878746,0.63703567,-0.09197018,0.2637834,0.15238321,0.32370263,0.05805661,0.26602313,0.08680421,0.1486617,0.14095381
7.412386,5.56135,18.879557,1,0,0,00:00.0,00:00.0,uploads\b67551bc-3737-11f0-85b7-581122bb7f2c\20210419T100000+1000_REC_199.wav,False,0,0,0,0,0,0,0,0,0,0,0,0,birds,-6.0317664,1.2966053,0.33086422,0.49855998,-0.034683518,0.27600938,0.103045665,0.36611062,0.11817065,0.19712088,0.11469733,0.22507504,0.11953771
7.4284306,5.543173,18.809525,1,0,0,00:00.0,00:00.0,uploads\b67551bc-3737-11f0-85b7-581122bb7f2c\20210419T100000+1000_REC_200.wav,False,0,0,0,0,0,0,0,0,0,0,0,0,birds,-6.044927,1.2095582,0.32293883,0.5296249,-0.06894655,0.25684807,0.12207583,0.38420603,0.1485829,0.2225058,0.16637631,0.18494432,0.11194462
7.2530026,4.943576,19.192577,1,0,0,00:00.0,00:00.0,uploads\b67551bc-3737-11f0-85b7-581122bb7f2c\20210419T100000+1000_REC_201.wav,False,0,0,0,0,0,0,0,0,0,0,0,0,birds,-5.9944153,1.4331822,0.4160954,0.52018905,-0.14960459,0.28844768,0.12680218,0.33044568,0.048763365,0.266118,0.07610529,0.17858492,0.13950872
7.3135667,4.8248396,18.738684,1,0,0,00:00.0,00:00.0,uploads\b67551bc-3737-11f0-85b7-581122bb7f2c\20210419T100000+1000_REC_202.wav,False,0,0,0,0,0,0,0,0,0,0,0,0,birds,-6.0221214,1.2581381,0.26530984,0.69484645,-0.114993036,0.22868273,0.21368082,0.34322086,0.055426423,0.28984937,0.11222215,0.17714824,0.17148364
7.2154164,4.952402,19.248981,1,0,0,00:00.0,00:00.0,uploads\b67551bc-3737-11f0-85b7-581122bb7f2c\20210419T100000+1000_REC_203.wav,False,0,0,0,0,0,0,0,0,0,0,0,0,birds,-5.9978,1.4649837,0.34269032,0.4212126,-0.06588341,0.33595535,0.09670928,0.38376385,0.0488263,0.19143847,0.077303864,0.17096828,0.1017701
7.2361703,4.9543586,19.226072,1,0,0,00:00.0,00:00.0,uploads\b67551bc-3737-11f0-85b7-581122bb7f2c\20210419T100000+1000_REC_204.wav,False,0,0,0,0,0,0,0,0,0,0,0,0,birds,-5.9643087,1.5709316,0.35303488,0.56730944,-0.093837164,0.26898998,0.048835456,0.31961346,0.03863728,0.2612914,0.075364485,0.20880207,0.14943637
7.286583,4.980691,18.642076,1,0,0,00:00.0,00:00.0,uploads\b67551bc-3737-11f0-85b7-581122bb7f2c\20210419T100000+1000_REC_205.wav,False,0,0,0,0,0,0,0,0,0,0,0,0,birds,-6.0425463,1.2084957,0.35301444,0.5896131,-0.06904495,0.2714747,0.10875766,0.29974592,0.073675744,0.22383036,0.10263303,0.19872993,0.15078026
7.159913,4.873265,19.21536,1,0,0,00:00.0,00:00.0,uploads\b67551bc-3737-11f0-85b7-581122bb7f2c\20210419T100000+1000_REC_206.wav,False,0,0,0,0,0,0,0,0,0,0,0,0,birds,-5.9930105,1.3930999,0.30465713,0.6742855,-0.14125422,0.23681353,0.11463447,0.41392383,0.05808163,0.24408865,0.064162984,0.21077903,0.1691416
7.176975,4.8466606,19.24472,1,0,0,00:00.0,00:00.0,uploads\b67551bc-3737-11f0-85b7-581122bb7f2c\20210419T100000+1000_REC_207.wav,False,0,0,0,0,0,0,0,0,0,0,0,0,birds,-5.9962025,1.4041352,0.33042634,0.62394804,-0.13694704,0.23034011,0.14803295,0.40621027,0.07143079,0.24954459,0.082282305,0.1416598,0.118444875
7.1788387,4.9098463,19.216131,1,0,0,00:00.0,00:00.0,uploads\b67551bc-3737-11f0-85b7-581122bb7f2c\20210419T100000+1000_REC_208.wav,True,0,0,0,0,1,0,0,0,0,0,0,0,birds,-5.9998145,1.392571,0.22872043,0.6497827,-0.111966655,0.18121032,0.11800764,0.41994265,0.002909736,0.18870296,0.11311734,0.22593574,0.16210184
7.4320235,5.6666994,18.924566,1,0,0,00:00.0,00:00.0,uploads\b67551bc-3737-11f0-85b7-581122bb7f2c\20210419T100000+1000_REC_209.wav,False,0,0,0,0,0,0,0,0,0,0,0,0,birds,-6.0098996,1.3810476,0.3082869,0.5522095,-0.057121646,0.28579426,0.102913424,0.37515536,0.07940983,0.1765467,0.18776424,0.22771442,0.057447907
7.451013,5.6810465,18.912018,1,0,0,00:00.0,00:00.0,uploads\b67551bc-3737-11f0-85b7-581122bb7f2c\20210419T100000+1000_REC_210.wav,False,0,0,0,0,0,0,0,0,0,0,0,0,birds,-6.067053,1.0975455,0.32028466,0.5211764,-0.0070555424,0.24564464,0.11006899,0.38544393,0.091895334,0.16503021,0.18132801,0.2025754,0.08178049
7.5514455,5.1811924,17.409595,1,0,0,00:00.0,00:00.0,uploads\b67551bc-3737-11f0-85b7-581122bb7f2c\20210419T100000+1000_REC_211.wav,False,0,0,0,0,0,0,0,0,0,0,0,0,birds,-6.104168,0.8956779,0.308897,0.46041113,0.059890784,0.18238369,0.21738462,0.28777105,0.12832937,0.19383368,0.2050615,0.122083865,0.20398928
7.510321,5.2170343,18.041908,1,0,0,00:00.0,00:00.0,uploads\b67551bc-3737-11f0-85b7-581122bb7f2c\20210419T100000+1000_REC_212.wav,False,0,0,0,0,0,0,0,0,0,0,0,0,birds,-6.0892286,0.98948866,0.33169025,0.46854162,0.010717303,0.2340631,0.15420893,0.31183365,0.14758088,0.2230113,0.17092873,0.16046767,0.14567791
7.6098995,5.135296,18.053293,1,0,0,00:00.0,00:00.0,uploads\b67551bc-3737-11f0-85b7-581122bb7f2c\20210419T100000+1000_REC_213.wav,False,0,0,0,0,0,0,0,0,0,0,0,0,birds,-6.082529,1.0312786,0.35437977,0.4553923,0.026443796,0.26100957,0.14203253,0.293857,0.13070944,0.22770517,0.1627589,0.20532319,0.17045787
7.624829,5.1368213,18.128466,1,0,0,00:00.0,00:00.0,uploads\b67551bc-3737-11f0-85b7-581122bb7f2c\20210419T100000+1000_REC_214.wav,False,0,0,0,0,0,0,0,0,0,0,0,0,birds,-6.0666013,1.0904762,0.40860024,0.46442932,0.055894602,0.34211546,0.19812007,0.33658412,0.13598384,0.2005465,0.12445729,0.19838469,0.16004558
7.4701,5.1548223,18.581942,1,0,0,00:00.0,00:00.0,uploads\b67551bc-3737-11f0-85b7-581122bb7f2c\20210419T100000+1000_REC_215.wav,True,0,0,0,0,1,0,0,0,0,0,0,0,birds,-6.0554886,1.1372329,0.412189,0.51236534,-0.0035245395,0.31568223,0.16873144,0.35010195,0.11746091,0.22899765,0.08728219,0.20103082,0.15230174
7.680828,5.18827,17.243382,1,0,0,00:00.0,00:00.0,uploads\b67551bc-3737-11f0-85b7-581122bb7f2c\20210419T100000+1000_REC_216.wav,False,0,0,0,0,0,0,0,0,0,0,0,0,birds,-6.0928254,0.9520308,0.4180688,0.39754727,0.12503284,0.26067936,0.22263339,0.2883293,0.22746272,0.20584662,0.17386405,0.1652096,0.19164547
7.616114,5.1954722,18.139458,1,0,0,00:00.0,00:00.0,uploads\b67551bc-3737-11f0-85b7-581122bb7f2c\20210419T100000+1000_REC_217.wav,False,0,0,0,0,0,0,0,0,0,0,0,0,birds,-6.0623674,1.1165735,0.40843856,0.48055336,0.009770984,0.28951815,0.19120452,0.35173017,0.17391878,0.20654188,0.12133779,0.17159376,0.14469637
7.565889,5.264645,18.177082,1,0,0,00:00.0,00:00.0,uploads\b67551bc-3737-11f0-85b7-581122bb7f2c\20210419T100000+1000_REC_218.wav,False,0,0,0,0,0,0,0,0,0,0,0,0,birds,-6.0794554,1.068238,0.3563855,0.4343913,-0.01369693,0.25493982,0.104297884,0.27528843,0.12654698,0.21661034,0.10313913,0.16348878,0.118265174
7.404227,5.132944,18.756102,1,0,0,00:00.0,00:00.0,uploads\b67551bc-3737-11f0-85b7-581122bb7f2c\20210419T100000+1000_REC_219.wav,False,0,0,0,0,0,0,0,0,0,0,0,0,birds,-6.0347195,1.2469616,0.4034156,0.5439088,0.0134391645,0.35896182,0.13113324,0.30359268,0.07021817,0.21331446,0.09029693,0.2210487,0.13954946
7.6370683,5.1537623,18.09805,1,0,0,00:00.0,00:00.0,uploads\b67551bc-3737-11f0-85b7-581122bb7f2c\20210419T100000+1000_REC_220.wav,False,0,0,0,0,0,0,0,0,0,0,0,0,birds,-6.074915,1.0759937,0.40261236,0.40438816,0.06860385,0.30009466,0.19435714,0.30756292,0.17981401,0.20024045,0.12162092,0.18320704,0.17740157
7.5385113,5.082298,18.473944,1,0,0,00:00.0,00:00.0,uploads\b67551bc-3737-11f0-85b7-581122bb7f2c\20210419T100000+1000_REC_221.wav,False,0,0,0,0,0,0,0,0,0,0,0,0,birds,-6.0394683,1.2355332,0.37138283,0.50085276,0.0071541355,0.3225974,0.1713201,0.3522849,0.1327842,0.23679408,0.10982656,0.22384349,0.17001872
7.539089,5.2574005,18.428322,1,0,0,00:00.0,00:00.0,uploads\b67551bc-3737-11f0-85b7-581122bb7f2c\20210419T100000+1000_REC_222.wav,False,0,0,0,0,0,0,0,0,0,0,0,0,birds,-6.0386806,1.2742894,0.3861923,0.45283678,0.0093185045,0.2873129,0.14724228,0.328472,0.15219598,0.22044264,0.08844565,0.16915077,0.08398184
7.3851953,5.1165,18.833216,1,0,0,00:00.0,00:00.0,uploads\b67551bc-3737-11f0-85b7-581122bb7f2c\20210419T100000+1000_REC_223.wav,False,0,0,0,0,0,0,0,0,0,0,0,0,birds,-6.0271115,1.2675433,0.43138638,0.57167083,0.041036196,0.34670377,0.15232553,0.34030047,0.08598596,0.20104884,0.06996101,0.20278892,0.11313859
7.4133925,5.162686,18.632309,1,0,0,00:00.0,00:00.0,uploads\b67551bc-3737-11f0-85b7-581122bb7f2c\20210419T100000+1000_REC_225.wav,True,0,0,0,0,1,0,0,0,0,0,0,0,birds,-6.050044,1.179456,0.36985955,0.5521938,-0.011166842,0.31758875,0.14663956,0.28867757,0.09706053,0.2097279,0.10878607,0.21429373,0.12810943
7.2634163,4.9433208,18.592175,1,0,0,00:00.0,00:00.0,uploads\b67551bc-3737-11f0-85b7-581122bb7f2c\20210419T100000+1000_REC_226.wav,False,0,0,0,0,0,0,0,0,0,0,0,0,birds,-6.0491557,1.1210268,0.35936937,0.6653564,-0.05417488,0.2872286,0.1161685,0.33840767,0.08821953,0.25030053,0.09447651,0.19079418,0.12671095
7.1476774,4.8262,19.195362,1,0,0,00:00.0,00:00.0,uploads\b67551bc-3737-11f0-85b7-581122bb7f2c\20210419T100000+1000_REC_228.wav,True,0,0,0,0,0,0,0,0,0,1,0,0,birds,-6.0207276,1.2634468,0.34798726,0.7079355,-0.09635199,0.2428268,0.14050454,0.3560933,0.049001858,0.19418195,0.046647355,0.1320328,0.109992236
7.13976,4.8038025,19.160036,1,0,0,00:00.0,00:00.0,uploads\b67551bc-3737-11f0-85b7-581122bb7f2c\20210419T100000+1000_REC_229.wav,False,0,0,0,0,0,0,0,0,0,0,0,0,birds,-6.034196,1.1609747,0.34565496,0.75515956,-0.10583971,0.23156762,0.09307746,0.37177143,0.051315475,0.18131897,0.04995657,0.13140973,0.1088679
7.3807435,5.138152,17.765045,1,0,0,00:00.0,00:00.0,uploads\b67551bc-3737-11f0-85b7-581122bb7f2c\20210419T100000+1000_REC_230.wav,False,0,0,0,0,0,0,0,0,0,0,0,0,birds,-6.0787597,0.98501843,0.45623836,0.56972677,0.060136076,0.21565524,0.22124758,0.2696877,0.15741158,0.15763043,0.1845452,0.1475463,0.18327047
7.7181334,5.1755395,17.155289,1,0,0,00:00.0,00:00.0,uploads\b67551bc-3737-11f0-85b7-581122bb7f2c\20210419T100000+1000_REC_231.wav,False,0,0,0,0,0,0,0,0,0,0,0,0,birds,-6.1009808,0.8097421,0.53207654,0.48049492,0.18701848,0.1782424,0.2739997,0.24619791,0.19198543,0.17233996,0.18890457,0.168325,0.20168339
7.2743726,4.9721217,18.495882,1,0,0,00:00.0,00:00.0,uploads\b67551bc-3737-11f0-85b7-581122bb7f2c\20210419T100000+1000_REC_232.wav,True,0,0,0,0,0,0,0,0,0,1,0,0,birds,-6.0434985,1.1284482,0.38431552,0.6885207,-0.10444811,0.24571343,0.17438276,0.3607364,0.12297629,0.21873829,0.108745806,0.17616293,0.15865827
7.294809,5.0762353,18.050848,1,0,0,00:00.0,00:00.0,uploads\b67551bc-3737-11f0-85b7-581122bb7f2c\20210419T100000+1000_REC_233.wav,False,0,0,0,0,0,0,0,0,0,0,0,0,birds,-6.066797,1.0502871,0.43068373,0.60438323,-0.0009689195,0.23215277,0.19761558,0.28442737,0.14286391,0.1911578,0.16729522,0.14296314,0.1719091
7.1348863,4.8270774,19.225977,1,0,0,00:00.0,00:00.0,uploads\b67551bc-3737-11f0-85b7-581122bb7f2c\20210419T100000+1000_REC_234.wav,False,0,0,0,0,0,0,0,0,0,0,0,0,birds,-6.0253296,1.2561909,0.2988599,0.63725567,-0.14600128,0.2963188,0.16091388,0.4001937,0.077387385,0.1847135,0.058340035,0.14751866,0.12279774
7.264464,5.022641,18.239721,1,0,0,00:00.0,00:00.0,uploads\b67551bc-3737-11f0-85b7-581122bb7f2c\20210419T100000+1000_REC_235.wav,False,0,0,0,0,0,0,0,0,0,0,0,0,birds,-6.069662,1.0489242,0.3320861,0.60570145,-0.006362881,0.27995548,0.18955486,0.3186617,0.12031562,0.1886024,0.114399105,0.15535946,0.16325566
7.280187,5.0451565,18.232111,1,0,0,00:00.0,00:00.0,uploads\b67551bc-3737-11f0-85b7-581122bb7f2c\20210419T100000+1000_REC_236.wav,False,0,0,0,0,0,0,0,0,0,0,0,0,birds,-6.064099,1.0750296,0.3700465,0.60217404,-0.026904518,0.26568064,0.17099684,0.29929978,0.11387106,0.21800625,0.15988205,0.1925459,0.1530842
7.3201,4.9913554,19.012949,1,0,0,00:00.0,00:00.0,uploads\b67551bc-3737-11f0-85b7-581122bb7f2c\20210419T100000+1000_REC_237.wav,True,0,1,0,0,0,0,0,0,0,0,0,0,birds,-6.0303674,1.2171344,0.45116633,0.6313078,-0.04885711,0.3129466,0.13459437,0.33415115,0.047640495,0.21363111,0.04845593,0.20515272,0.081474766
7.262335,4.9501576,18.511404,1,0,0,00:00.0,00:00.0,uploads\b67551bc-3737-11f0-85b7-581122bb7f2c\20210419T100000+1000_REC_239.wav,False,0,0,0,0,0,0,0,0,0,0,0,0,birds,-6.0482473,1.1778538,0.32426652,0.59595466,-0.0496432,0.27226645,0.14706632,0.33958024,0.12882493,0.21677321,0.09766363,0.15797876,0.13302208
7.676989,5.278198,17.195328,1,0,0,00:00.0,00:00.0,uploads\b67551bc-3737-11f0-85b7-581122bb7f2c\20210419T100000+1000_REC_240.wav,False,0,0,0,0,0,0,0,0,0,0,0,0,birds,-6.0915694,0.98881525,0.3488415,0.35188293,0.061363425,0.23800299,0.30926502,0.29110506,0.16015297,0.12507486,0.19182369,0.18671642,0.23419644
7.6947675,5.2632055,17.167053,1,0,0,00:00.0,00:00.0,uploads\b67551bc-3737-11f0-85b7-581122bb7f2c\20210419T100000+1000_REC_241.wav,False,0,0,0,0,0,0,0,0,0,0,0,0,birds,-6.1006727,0.9306353,0.40429136,0.21843661,0.08957321,0.21274672,0.3303081,0.253987,0.16204688,0.1571708,0.20651026,0.22935805,0.24166846
7.2759376,4.9556584,19.160402,1,0,0,00:00.0,00:00.0,uploads\b67551bc-3737-11f0-85b7-581122bb7f2c\20210419T100000+1000_REC_242.wav,False,0,0,0,0,0,0,0,0,0,0,0,0,birds,-6.012712,1.3373647,0.3549698,0.6177405,-0.04602249,0.34726387,0.13700353,0.32847187,0.07529427,0.22404063,0.046197254,0.15315005,0.0758036
7.2976613,5.0743685,18.080898,1,0,0,00:00.0,00:00.0,uploads\b67551bc-3737-11f0-85b7-581122bb7f2c\20210419T100000+1000_REC_243.wav,False,0,0,0,0,0,0,0,0,0,0,0,0,birds,-6.073318,1.0672609,0.35749084,0.5341009,0.032035794,0.27625147,0.18637803,0.28017488,0.110091746,0.17069742,0.12399064,0.15502016,0.17360784
7.2372456,4.9271803,18.524122,1,0,0,00:00.0,00:00.0,uploads\b67551bc-3737-11f0-85b7-581122bb7f2c\20210419T100000+1000_REC_245.wav,False,0,0,0,0,0,0,0,0,0,0,0,0,birds,-6.055585,1.1375244,0.32039097,0.59094137,-0.06079942,0.27447918,0.18018556,0.30857334,0.07173036,0.24079096,0.0944796,0.1479298,0.15826525
7.8335505,5.158738,16.941349,1,0,0,00:00.0,00:00.0,uploads\b67551bc-3737-11f0-85b7-581122bb7f2c\20210419T100000+1000_REC_246.wav,False,0,0,0,0,0,0,0,0,0,0,0,0,birds,-6.1185226,0.6706144,0.49550313,0.34842804,0.2645619,0.28189385,0.29033288,0.26859415,0.2227206,0.18831757,0.19892204,0.19707994,0.19401158
7.6797676,5.268271,17.208387,1,0,0,00:00.0,00:00.0,uploads\b67551bc-3737-11f0-85b7-581122bb7f2c\20210419T100000+1000_REC_247.wav,False,0,0,0,0,0,0,0,0,0,0,0,0,birds,-6.1048455,0.8913155,0.33818275,0.3425743,0.043416955,0.27258343,0.2862437,0.29143164,0.13059825,0.10416662,0.15381195,0.20451762,0.26634932
7.716714,5.1722107,17.166666,1,0,0,00:00.0,00:00.0,uploads\b67551bc-3737-11f0-85b7-581122bb7f2c\20210419T100000+1000_REC_248.wav,False,0,0,0,0,0,0,0,0,0,0,0,0,birds,-6.106736,0.84001815,0.39617458,0.45015553,0.17589036,0.24724731,0.21770291,0.244137,0.2155857,0.18900438,0.20593642,0.16699708,0.19627225
7.6056266,5.1602106,18.046488,1,0,0,00:00.0,00:00.0,uploads\b67551bc-3737-11f0-85b7-581122bb7f2c\20210419T100000+1000_REC_249.wav,False,0,0,0,0,0,0,0,0,0,0,0,0,birds,-6.0835695,1.0100753,0.36487973,0.4663716,0.048395343,0.28411305,0.17012335,0.2835925,0.18601821,0.24290174,0.16573799,0.1771861,0.18417987
7.9063625,5.059372,17.662733,1,0,0,00:00.0,00:00.0,uploads\b67551bc-3737-11f0-85b7-581122bb7f2c\20210419T100000+1000_REC_250.wav,False,0,0,0,0,0,0,0,0,0,0,0,0,birds,-6.072815,0.9889792,0.46316823,0.537732,0.18299252,0.32611933,0.2569195,0.29464206,0.22852562,0.21798493,0.16906402,0.14595686,0.16854282
7.824702,5.156421,17.039593,1,0,0,00:00.0,00:00.0,uploads\b67551bc-3737-11f0-85b7-581122bb7f2c\20210419T100000+1000_REC_251.wav,False,0,0,0,0,0,0,0,0,0,0,0,0,birds,-6.1004114,0.82119924,0.5175494,0.4152042,0.25586557,0.27081195,0.25826862,0.25396216,0.23202288,0.19590099,0.20500599,0.15623763,0.17379437
7.666466,5.1914015,17.38974,1,0,0,00:00.0,00:00.0,uploads\b67551bc-3737-11f0-85b7-581122bb7f2c\20210419T100000+1000_REC_252.wav,True,0,1,0,0,0,0,0,0,0,0,0,0,birds,-6.093836,0.92302847,0.38850084,0.4436567,0.11643947,0.2648793,0.25695363,0.33553445,0.17614904,0.16922134,0.21167874,0.18831058,0.18981606
7.7549157,5.13833,17.751917,1,0,0,00:00.0,00:00.0,uploads\b67551bc-3737-11f0-85b7-581122bb7f2c\20210419T100000+1000_REC_253.wav,True,0,1,0,0,0,0,0,0,0,0,0,0,birds,-6.07871,1.0171221,0.4021851,0.44630533,0.10586922,0.31349045,0.22774827,0.31474227,0.19769603,0.2242573,0.17690602,0.19129503,0.19740067
7.6174145,5.131109,18.138285,1,0,0,00:00.0,00:00.0,uploads\b67551bc-3737-11f0-85b7-581122bb7f2c\20210419T100000+1000_REC_254.wav,False,0,0,0,0,0,0,0,0,0,0,0,0,birds,-6.0672827,1.1390339,0.3504224,0.40109226,0.012917265,0.29506233,0.2059509,0.30514377,0.13911495,0.17828408,0.1354925,0.18925728,0.17505555
7.7167635,5.213979,17.089216,1,0,0,00:00.0,00:00.0,uploads\b67551bc-3737-11f0-85b7-581122bb7f2c\20210419T100000+1000_REC_255.wav,False,0,0,0,0,0,0,0,0,0,0,0,0,birds,-6.117592,0.81616765,0.4122122,0.27869102,0.12454436,0.14803785,0.26229233,0.22634016,0.1441205,0.1908538,0.18012652,0.14388622,0.24294525
7.346276,4.7100224,18.618423,1,0,0,00:00.0,00:00.0,uploads\b67551bc-3737-11f0-85b7-581122bb7f2c\20210419T100000+1000_REC_256.wav,False,0,0,0,0,0,0,0,0,0,0,0,0,birds,-6.0704417,1.0717256,0.26466626,0.53777283,0.010400598,0.22626387,0.21706729,0.33042818,0.038508784,0.290781,0.17303869,0.1592161,0.21211149
7.5807714,5.109433,18.215014,1,0,0,00:00.0,00:00.0,uploads\b67551bc-3737-11f0-85b7-581122bb7f2c\20210419T100000+1000_REC_257.wav,False,0,0,0,0,0,0,0,0,0,0,0,0,birds,-6.082305,1.018248,0.35360095,0.42224884,0.025207343,0.28539526,0.10183358,0.3652898,0.12234501,0.27366787,0.14021482,0.20720614,0.15967682
7.683341,5.2718515,17.179663,1,0,0,00:00.0,00:00.0,uploads\b67551bc-3737-11f0-85b7-581122bb7f2c\20210419T100000+1000_REC_258.wav,True,0,1,0,0,0,0,0,0,0,0,0,0,birds,-6.149107,0.46427402,0.24778402,0.17351255,0.13700302,0.2080754,0.32733837,0.23552625,0.09141747,0.13020897,0.19494902,0.23711044,0.30597404
7.351358,4.7066407,18.628838,1,0,0,00:00.0,00:00.0,uploads\b67551bc-3737-11f0-85b7-581122bb7f2c\20210419T100000+1000_REC_259.wav,False,0,0,0,0,0,0,0,0,0,0,0,0,birds,-6.0582633,1.1254375,0.28579554,0.5721241,0.0037751426,0.25421405,0.23038763,0.3386943,0.032110613,0.29121435,0.15072766,0.09848302,0.17489094
7.3482428,4.712807,18.616621,1,0,0,00:00.0,00:00.0,uploads\b67551bc-3737-11f0-85b7-581122bb7f2c\20210419T100000+1000_REC_260.wav,True,0,1,0,0,0,0,0,0,0,0,0,0,birds,-6.0628505,1.1234565,0.26159096,0.49978927,-0.0526783,0.24163507,0.19719864,0.34840047,0.058266725,0.30487776,0.16016045,0.1693593,0.1940316
7.34487,4.708015,18.624834,1,0,0,00:00.0,00:00.0,uploads\b67551bc-3737-11f0-85b7-581122bb7f2c\20210419T100000+1000_REC_262.wav,False,0,0,0,0,0,0,0,0,0,0,0,0,birds,-6.037983,1.2390872,0.23701283,0.51792276,-0.07649097,0.25150728,0.28064632,0.3918265,0.02953118,0.26820967,0.12759422,0.15765959,0.21492024
7.3623986,4.720361,18.607697,1,0,0,00:00.0,00:00.0,uploads\b67551bc-3737-11f0-85b7-581122bb7f2c\20210419T100000+1000_REC_264.wav,False,0,0,0,0,0,0,0,0,0,0,0,0,birds,-6.0417066,1.2295533,0.30208254,0.5329648,-0.03787312,0.24860014,0.16502029,0.341038,0.07292627,0.3143173,0.15138285,0.16962777,0.17434534
7.4558463,5.1074677,18.544365,1,0,0,00:00.0,00:00.0,uploads\b67551bc-3737-11f0-85b7-581122bb7f2c\20210419T100000+1000_REC_265.wav,False,0,0,0,0,0,0,0,0,0,0,0,0,birds,-6.0482626,1.2289882,0.32304054,0.42901808,-0.04023818,0.26756722,0.14932495,0.366192,0.10134883,0.2560958,0.09810773,0.14729677,0.19115767
7.6776304,5.3018413,17.184511,1,0,0,00:00.0,00:00.0,uploads\b67551bc-3737-11f0-85b7-581122bb7f2c\20210419T120000+1000_REC_71.wav,False,0,0,0,0,0,0,0,0,0,0,0,0,birds,-6.057657,1.1865914,0.0966911,0.19183241,0.12835656,0.4909959,0.32358235,0.24552287,0.14817496,0.11651932,0.116044514,0.23245724,0.2948696
9.85744,8.160655,3.0749147,2,0,0,00:00.0,00:00.0,uploads\b67551bc-3737-11f0-85b7-581122bb7f2c\20210419T020000+1000_REC_6.wav,False,0,0,0,0,0,0,0,0,0,0,0,0,wind (light),-6.000794,1.3528075,0.5491145,0.66168725,-0.14775078,0.10720874,0.010197273,0.20255849,0.089986265,0.14103158,0.084653884,0.08036542,0.10013799
10.79107,8.201717,2.780197,2,0,0,00:00.0,00:00.0,uploads\b67551bc-3737-11f0-85b7-581122bb7f2c\20210419T020000+1000_REC_74.wav,False,0,0,0,0,0,0,0,0,0,0,0,0,wind (light),-6.0196996,1.3350402,0.5090621,0.5664791,0.010386894,0.18959649,0.060865637,0.17992997,0.10592826,0.16306727,0.07818145,0.11479118,0.114886545
10.716936,8.260423,2.9089675,2,0,0,00:00.0,00:00.0,uploads\b67551bc-3737-11f0-85b7-581122bb7f2c\20210419T020000+1000_REC_259.wav,False,0,0,0,0,0,0,0,0,0,0,0,0,wind (light),-6.0298877,1.2520378,0.47586316,0.6467169,-0.019958487,0.19418196,0.021429744,0.1962508,0.075021684,0.1411208,0.033615015,0.10851311,0.10637082
9.876596,8.073652,3.012623,2,0,0,00:00.0,00:00.0,uploads\b67551bc-3737-11f0-85b7-581122bb7f2c\20210419T040000+1000_REC_248.wav,False,0,0,0,0,0,0,0,0,0,0,0,0,wind (light),-6.1058264,0.8851305,0.5301431,0.27138874,0.115493566,0.10673971,0.17152835,0.20927659,0.19847083,0.1474459,0.11783853,0.13963276,0.19424275
10.752184,8.275773,2.8921552,2,0,0,00:00.0,00:00.0,uploads\b67551bc-3737-11f0-85b7-581122bb7f2c\20210419T080000+1000_REC_51.wav,True,0,1,0,0,0,0,0,0,0,0,0,0,wind (light),-6.109597,0.711731,0.20177901,-0.048608765,-0.15153281,0.24003264,0.4461174,0.47437143,0.013121439,0.11584643,0.18924658,0.1440546,0.28113064
10.343601,8.239365,3.0383422,2,0,0,00:00.0,00:00.0,uploads\b67551bc-3737-11f0-85b7-581122bb7f2c\20210419T080000+1000_REC_186.wav,False,0,0,0,0,0,0,0,0,0,0,0,0,wind (light),-6.1224847,0.72754157,0.28649378,0.32091027,0.1694074,0.11241743,0.26194257,0.30142158,0.04121231,0.34909973,0.2335175,0.123521075,0.2838513
10.762846,8.247279,2.8379989,2,0,0,00:00.0,00:00.0,uploads\b67551bc-3737-11f0-85b7-581122bb7f2c\20210419T080000+1000_REC_241.wav,False,0,0,0,0,0,0,0,0,0,0,0,0,wind (light),-6.115641,0.7271968,0.21869777,-0.021498749,-0.015262579,0.2111234,0.4330771,0.41808966,0.2523266,0.23454656,0.20705174,0.19375996,0.26785246
10.718022,8.234735,2.851781,2,0,0,00:00.0,00:00.0,uploads\b67551bc-3737-11f0-85b7-581122bb7f2c\20210419T140000+1000_REC_22.wav,False,0,0,0,0,0,0,0,0,0,0,0,0,wind (light),-6.078057,1.0401866,0.22331247,0.5799771,-0.072364055,0.09454371,0.27310416,0.15589492,0.13044514,0.21557431,0.06821353,0.14318617,0.15328027
11.144883,8.080958,1.8725523,2,0,0,00:00.0,00:00.0,uploads\b67551bc-3737-11f0-85b7-581122bb7f2c\20210419T140000+1000_REC_30.wav,False,0,0,0,0,0,0,0,0,0,0,0,0,wind (light),-6.0971317,0.9594755,0.44760805,0.3196715,0.13768782,0.17832693,0.23169692,0.21070674,0.22097497,0.19766086,0.15701267,0.16830242,0.19081457
11.203237,8.03191,1.751152,2,0,0,00:00.0,00:00.0,uploads\b67551bc-3737-11f0-85b7-581122bb7f2c\20210419T140000+1000_REC_31.wav,False,0,0,0,0,0,0,0,0,0,0,0,0,wind (light),-6.0834527,0.90062565,0.6252384,0.410527,0.27506495,0.24285619,0.25449404,0.24072449,0.2209001,0.20195605,0.1778383,0.16990255,0.16753528
10.759159,8.209811,2.7802727,2,0,0,00:00.0,00:00.0,uploads\b67551bc-3737-11f0-85b7-581122bb7f2c\20210419T140000+1000_REC_36.wav,True,0,1,0,0,0,0,0,0,0,0,0,0,wind (light),-6.062417,1.1885297,0.3537475,0.45767143,0.040276602,0.17026608,0.16051686,0.19533789,0.15164302,0.17572936,0.13290328,0.13389665,0.1690119
10.847805,8.191364,2.634289,2,0,0,00:00.0,00:00.0,uploads\b67551bc-3737-11f0-85b7-581122bb7f2c\20210419T140000+1000_REC_37.wav,True,0,0,0,0,0,0,0,0,1,0,0,0,wind (light),-6.0617642,1.1679717,0.4018048,0.44690126,0.08113737,0.19551155,0.19813861,0.22198081,0.20830666,0.20514753,0.17730568,0.13653737,0.17496492
10.176593,8.260101,3.128586,2,0,0,00:00.0,00:00.0,uploads\b67551bc-3737-11f0-85b7-581122bb7f2c\20210419T140000+1000_REC_42.wav,False,0,0,0,0,0,0,0,0,0,0,0,0,wind (light),-6.011192,1.3769429,0.37810177,0.6233146,-0.06959628,0.1843271,0.12751631,0.21243308,0.0671359,0.1838784,0.12227766,0.13324279,0.1475761
10.056564,8.231634,3.11186,2,0,0,00:00.0,00:00.0,uploads\b67551bc-3737-11f0-85b7-581122bb7f2c\20210419T140000+1000_REC_44.wav,False,0,0,0,0,0,0,0,0,0,0,0,0,wind (light),-6.0203247,1.3138413,0.3707419,0.65722364,-0.12287071,0.11990211,0.0868248,0.21953957,0.09606828,0.15592918,0.13911256,0.11759011,0.16655181
10.690883,7.9882374,2.1878066,2,0,0,00:00.0,00:00.0,uploads\b67551bc-3737-11f0-85b7-581122bb7f2c\20210419T140000+1000_REC_50.wav,False,0,0,0,0,0,0,0,0,0,0,0,0,wind (light),-6.1141315,0.773345,0.52663165,0.39668387,0.15580611,0.08925141,0.1894142,0.19414733,0.16512658,0.18050718,0.18021698,0.15717885,0.18086652
10.396565,7.9898763,2.2651863,2,0,0,00:00.0,00:00.0,uploads\b67551bc-3737-11f0-85b7-581122bb7f2c\20210419T140000+1000_REC_51.wav,False,0,0,0,0,0,0,0,0,0,0,0,0,wind (light),-6.0623307,1.0844913,0.49739426,0.57497054,-0.06422061,0.038768623,0.16113384,0.19891812,0.16255002,0.13805747,0.18212636,0.11531354,0.16861528
10.424558,7.987177,2.2444394,2,0,0,00:00.0,00:00.0,uploads\b67551bc-3737-11f0-85b7-581122bb7f2c\20210419T140000+1000_REC_52.wav,False,0,0,0,0,0,0,0,0,0,0,0,0,wind (light),-6.0772543,1.0168494,0.53099173,0.49701092,0.019088438,0.033142056,0.1667561,0.17945872,0.18931694,0.16739185,0.16845801,0.13064931,0.1775022
10.355845,7.9937344,2.2977161,2,0,0,00:00.0,00:00.0,uploads\b67551bc-3737-11f0-85b7-581122bb7f2c\20210419T140000+1000_REC_53.wav,False,0,0,0,0,0,0,0,0,0,0,0,0,wind (light),-6.042775,1.1615207,0.4908746,0.65162617,-0.10111365,0.0861149,0.15005825,0.19539177,0.14262338,0.14734861,0.1686608,0.11959975,0.20455211
10.378854,7.989287,2.2689974,2,0,0,00:00.0,00:00.0,uploads\b67551bc-3737-11f0-85b7-581122bb7f2c\20210419T140000+1000_REC_54.wav,False,0,0,0,0,0,0,0,0,0,0,0,0,wind (light),-6.067271,1.0621705,0.4995928,0.5654728,-0.01682442,0.05172089,0.16753228,0.19742571,0.17615128,0.14267102,0.16120742,0.12571023,0.19906503
10.413316,7.9904814,2.2551174,2,0,0,00:00.0,00:00.0,uploads\b67551bc-3737-11f0-85b7-581122bb7f2c\20210419T140000+1000_REC_57.wav,False,0,0,0,0,0,0,0,0,0,0,0,0,wind (light),-6.05475,1.1454016,0.5267976,0.5178544,-0.0057207406,0.07186096,0.15283081,0.21190411,0.21198298,0.15225816,0.17564757,0.14221406,0.19601896
9.905787,8.12526,3.02162,2,0,0,00:00.0,00:00.0,uploads\b67551bc-3737-11f0-85b7-581122bb7f2c\20210419T140000+1000_REC_58.wav,False,0,0,0,0,0,0,0,0,0,0,0,0,wind (light),-6.0415006,1.1969473,0.4970765,0.597948,-0.105589524,0.11988234,0.12232641,0.20478523,0.14252079,0.12833895,0.11835566,0.10429106,0.1714049
10.542393,7.9855204,2.20644,2,0,0,00:00.0,00:00.0,uploads\b67551bc-3737-11f0-85b7-581122bb7f2c\20210419T140000+1000_REC_59.wav,False,0,0,0,0,0,0,0,0,0,0,0,0,wind (light),-6.09469,0.91068137,0.5536199,0.45119938,0.12539534,0.08007185,0.18188329,0.15871236,0.16560751,0.17076115,0.14636844,0.12845963,0.15766834
9.814936,8.106734,3.0396705,2,0,0,00:00.0,00:00.0,uploads\b67551bc-3737-11f0-85b7-581122bb7f2c\20210419T140000+1000_REC_62.wav,False,0,0,0,0,0,0,0,0,0,0,0,0,wind (light),-6.052438,1.1390258,0.47084892,0.5968755,-0.107478775,0.00860052,0.095854,0.1813191,0.13038348,0.10117598,0.13225435,0.075105235,0.16876568
9.839278,8.140942,3.0601618,2,0,0,00:00.0,00:00.0,uploads\b67551bc-3737-11f0-85b7-581122bb7f2c\20210419T140000+1000_REC_63.wav,False,0,0,0,0,0,0,0,0,0,0,0,0,wind (light),-6.031814,1.2326711,0.4350026,0.6599015,-0.13082556,0.05414751,0.1125487,0.23837462,0.12272259,0.10485021,0.095329516,0.071664214,0.1553909
9.838116,8.147674,3.0655973,2,0,0,00:00.0,00:00.0,uploads\b67551bc-3737-11f0-85b7-581122bb7f2c\20210419T140000+1000_REC_64.wav,False,0,0,0,0,0,0,0,0,0,0,0,0,wind (light),-6.0185275,1.3098868,0.43752903,0.6514556,-0.13644391,0.058913533,0.092026375,0.19047867,0.121842146,0.11856477,0.114856966,0.08956618,0.15348662
10.550156,7.9867,2.2099001,2,0,0,00:00.0,00:00.0,uploads\b67551bc-3737-11f0-85b7-581122bb7f2c\20210419T140000+1000_REC_65.wav,False,0,0,0,0,0,0,0,0,0,0,0,0,wind (light),-6.0932736,0.9037126,0.5875849,0.4367991,0.13596395,0.0667374,0.1832772,0.1827877,0.17414895,0.17780158,0.1538918,0.1352566,0.15203467
10.698383,7.997889,2.2052379,2,0,0,00:00.0,00:00.0,uploads\b67551bc-3737-11f0-85b7-581122bb7f2c\20210419T140000+1000_REC_66.wav,True,0,0,0,0,0,0,0,0,0,0,0,1,wind (light),-6.090995,0.92865735,0.542612,0.45618033,0.15428002,0.097830206,0.21388243,0.21101622,0.1809295,0.16551407,0.15618403,0.14650947,0.18733124
9.853735,8.139608,3.0556264,2,0,0,00:00.0,00:00.0,uploads\b67551bc-3737-11f0-85b7-581122bb7f2c\20210419T140000+1000_REC_67.wav,False,0,0,0,0,0,0,0,0,0,0,0,0,wind (light),-6.0340824,1.244304,0.4134935,0.65405107,-0.05213723,0.098710306,0.1258334,0.23677959,0.12937176,0.13619483,0.11894044,0.085432805,0.15187278
10.048448,8.1312475,2.9693656,2,0,0,00:00.0,00:00.0,uploads\b67551bc-3737-11f0-85b7-581122bb7f2c\20210419T140000+1000_REC_68.wav,False,0,0,0,0,0,0,0,0,0,0,0,0,wind (light),-6.0607915,1.1357161,0.39476845,0.5950051,0.013948441,0.13075414,0.15853281,0.20239004,0.100687936,0.114661105,0.12707882,0.1177218,0.17012233
11.167259,8.016873,1.7671205,2,0,0,00:00.0,00:00.0,uploads\b67551bc-3737-11f0-85b7-581122bb7f2c\20210419T140000+1000_REC_71.wav,False,0,0,0,0,0,0,0,0,0,0,0,0,wind (light),-6.1309867,0.6414765,0.46400836,0.33922413,0.22515883,0.18991241,0.23407118,0.21769461,0.17009243,0.16659686,0.15009676,0.14025846,0.17823254
11.200158,7.9904127,1.6936172,2,0,0,00:00.0,00:00.0,uploads\b67551bc-3737-11f0-85b7-581122bb7f2c\20210419T140000+1000_REC_72.wav,False,0,0,0,0,0,0,0,0,0,0,0,0,wind (light),-6.125976,0.68819815,0.46417353,0.34502518,0.22002235,0.1907332,0.22218308,0.22163716,0.20168164,0.18097328,0.16785228,0.16601689,0.18669541
11.377534,7.8902507,1.3629694,2,0,0,00:00.0,00:00.0,uploads\b67551bc-3737-11f0-85b7-581122bb7f2c\20210419T140000+1000_REC_73.wav,False,0,0,0,0,0,0,0,0,0,0,0,0,wind (light),-6.1288447,0.46284693,0.43283844,0.39291313,0.35275343,0.31868404,0.2922137,0.27152345,0.25419423,0.23906998,0.22632235,0.21633486,0.20869786
11.35355,7.9103794,1.3964459,2,0,0,00:00.0,00:00.0,uploads\b67551bc-3737-11f0-85b7-581122bb7f2c\20210419T140000+1000_REC_74.wav,False,0,0,0,0,0,0,0,0,0,0,0,0,wind (light),-6.148327,0.39187616,0.3579457,0.31641906,0.2805326,0.25557494,0.23760633,0.225976,0.21493532,0.20532997,0.19656678,0.18917197,0.18550313
11.139813,8.049684,1.8592497,2,0,0,00:00.0,00:00.0,uploads\b67551bc-3737-11f0-85b7-581122bb7f2c\20210419T140000+1000_REC_75.wav,False,0,0,0,0,0,0,0,0,0,0,0,0,wind (light),-6.1083193,0.8507711,0.45010296,0.37677807,0.19250804,0.19783753,0.25039682,0.21654803,0.20095511,0.18709378,0.14029785,0.1469573,0.18642701
11.08943,8.096839,2.009839,2,0,0,00:00.0,00:00.0,uploads\b67551bc-3737-11f0-85b7-581122bb7f2c\20210419T140000+1000_REC_84.wav,False,0,0,0,0,0,0,0,0,0,0,0,0,wind (light),-6.088551,1.0480427,0.39006007,0.33031198,0.08581559,0.17638688,0.17511678,0.21336767,0.18537132,0.15365724,0.15782179,0.16729608,0.20848948
10.709708,8.2755,2.9363835,2,0,0,00:00.0,00:00.0,uploads\b67551bc-3737-11f0-85b7-581122bb7f2c\20210419T140000+1000_REC_86.wav,False,0,0,0,0,0,0,0,0,0,0,0,0,wind (light),-6.058127,1.1840522,0.37597182,0.5106032,0.016931077,0.22622055,0.1098729,0.21599013,0.12031583,0.18533005,0.07625805,0.11362075,0.13579643
10.776683,8.094417,2.4082792,2,0,0,00:00.0,00:00.0,uploads\b67551bc-3737-11f0-85b7-581122bb7f2c\20210419T140000+1000_REC_88.wav,False,0,0,0,0,0,0,0,0,0,0,0,0,wind (light),-6.087797,1.0228729,0.4499984,0.41245744,0.11803514,0.14683288,0.18370919,0.19136351,0.145717,0.13537526,0.13582297,0.13203625,0.15663752
10.76952,8.200328,2.7511938,2,0,0,00:00.0,00:00.0,uploads\b67551bc-3737-11f0-85b7-581122bb7f2c\20210419T140000+1000_REC_91.wav,False,0,0,0,0,0,0,0,0,0,0,0,0,wind (light),-6.067965,1.149581,0.43413514,0.4249447,0.060129303,0.18805695,0.14123325,0.18081765,0.1528929,0.14347982,0.106803305,0.125339,0.15146904
10.703406,8.276638,2.9277544,2,0,0,00:00.0,00:00.0,uploads\b67551bc-3737-11f0-85b7-581122bb7f2c\20210419T140000+1000_REC_92.wav,False,0,0,0,0,0,0,0,0,0,0,0,0,wind (light),-6.0345535,1.3116124,0.3892885,0.49081394,-0.013636042,0.22352462,0.13687517,0.21871255,0.12844469,0.16267991,0.0645003,0.13389227,0.14350455
10.718426,7.9955606,2.183308,2,0,0,00:00.0,00:00.0,uploads\b67551bc-3737-11f0-85b7-581122bb7f2c\20210419T140000+1000_REC_93.wav,False,0,0,0,0,0,0,0,0,0,0,0,0,wind (light),-6.109451,0.84063786,0.5120225,0.34829432,0.19710653,0.15316954,0.19586976,0.18746898,0.17629921,0.17398646,0.14896603,0.14438264,0.17369157
11.316217,7.93148,1.4705912,2,0,0,00:00.0,00:00.0,uploads\b67551bc-3737-11f0-85b7-581122bb7f2c\20210419T140000+1000_REC_94.wav,True,0,0,0,0,0,0,0,0,0,0,0,1,wind (light),-6.1256523,0.60555845,0.49202192,0.37048477,0.28115717,0.23997693,0.23461315,0.23626845,0.23003711,0.21710253,0.20287089,0.19588794,0.1963747
10.751261,8.23112,2.8484309,2,0,0,00:00.0,00:00.0,uploads\b67551bc-3737-11f0-85b7-581122bb7f2c\20210419T140000+1000_REC_95.wav,False,0,0,0,0,0,0,0,0,0,0,0,0,wind (light),-6.0626497,1.1806902,0.3520607,0.47408205,0.031725768,0.2104373,0.15270458,0.1907519,0.16948844,0.16604926,0.12771013,0.11031548,0.13717309
11.196254,7.9971704,1.7044852,2,0,0,00:00.0,00:00.0,uploads\b67551bc-3737-11f0-85b7-581122bb7f2c\20210419T140000+1000_REC_96.wav,True,0,0,0,0,0,0,0,0,0,0,0,1,wind (light),-6.138203,0.5587006,0.45273715,0.33875275,0.2529448,0.20602618,0.18723975,0.17816249,0.17136058,0.16711865,0.16499487,0.1679934,0.17739917
10.6911125,8.254774,2.9059587,2,0,0,00:00.0,00:00.0,uploads\b67551bc-3737-11f0-85b7-581122bb7f2c\20210419T140000+1000_REC_107.wav,False,0,0,0,0,0,0,0,0,0,0,0,0,wind (light),-6.059255,1.1728779,0.32481465,0.5577236,-0.013967491,0.16359328,0.14826171,0.20653902,0.12232934,0.17371446,0.08721393,0.11518639,0.15479754
10.708223,7.99256,2.1890643,2,0,0,00:00.0,00:00.0,uploads\b67551bc-3737-11f0-85b7-581122bb7f2c\20210419T140000+1000_REC_118.wav,True,0,1,0,0,0,0,0,0,0,0,0,1,wind (light),-6.10864,0.827462,0.5088339,0.3977833,0.17827831,0.1092085,0.20417845,0.18824065,0.1427985,0.20461926,0.19052449,0.1445662,0.18950903
10.768529,8.103715,2.4745522,2,0,0,00:00.0,00:00.0,uploads\b67551bc-3737-11f0-85b7-581122bb7f2c\20210419T140000+1000_REC_120.wav,False,0,0,0,0,0,0,0,0,0,0,0,0,wind (light),-6.0750337,1.0879611,0.36584896,0.4899851,0.040795002,0.1535451,0.18211187,0.23797289,0.10294071,0.2084928,0.17303643,0.07963508,0.1972932
10.792059,8.091842,2.4056036,2,0,0,00:00.0,00:00.0,uploads\b67551bc-3737-11f0-85b7-581122bb7f2c\20210419T140000+1000_REC_121.wav,False,0,0,0,0,0,0,0,0,0,0,0,0,wind (light),-6.095393,0.9626724,0.37515172,0.47416008,0.14749144,0.1273456,0.20837377,0.19672987,0.1414714,0.19420797,0.1630655,0.10827508,0.18149342
10.799754,8.094047,2.3903224,2,0,0,00:00.0,00:00.0,uploads\b67551bc-3737-11f0-85b7-581122bb7f2c\20210419T140000+1000_REC_122.wav,True,0,1,0,0,0,0,0,0,0,0,0,1,wind (light),-6.0844445,1.024484,0.43731877,0.45171365,0.12469771,0.17542353,0.19880748,0.20406394,0.16512352,0.18959981,0.14493412,0.12524135,0.19220062
11.15136,8.034168,1.8152976,2,0,0,00:00.0,00:00.0,uploads\b67551bc-3737-11f0-85b7-581122bb7f2c\20210419T140000+1000_REC_123.wav,False,0,0,0,0,0,0,0,0,0,0,0,0,wind (light),-6.10057,0.8484215,0.5422303,0.41149467,0.25485408,0.19574964,0.22831756,0.21549942,0.18310437,0.17659138,0.15710698,0.15837902,0.1874967
10.769254,8.254576,2.8231776,2,0,0,00:00.0,00:00.0,uploads\b67551bc-3737-11f0-85b7-581122bb7f2c\20210419T140000+1000_REC_124.wav,False,0,0,0,0,0,0,0,0,0,0,0,0,wind (light),-6.05371,1.1829864,0.38791764,0.56079257,0.046031516,0.20784198,0.17818752,0.25214854,0.15798458,0.16170381,0.1107231,0.123202376,0.14395535
10.767453,8.203141,2.819675,2,0,0,00:00.0,00:00.0,uploads\b67551bc-3737-11f0-85b7-581122bb7f2c\20210419T140000+1000_REC_125.wav,False,0,0,0,0,0,0,0,0,0,0,0,0,wind (light),-6.06815,1.1381637,0.38647217,0.4950774,0.07979291,0.15560533,0.1612176,0.20084384,0.16824153,0.16004251,0.105811946,0.09266507,0.12428588
10.862851,8.1174,2.385333,2,0,0,00:00.0,00:00.0,uploads\b67551bc-3737-11f0-85b7-581122bb7f2c\20210419T140000+1000_REC_132.wav,False,0,0,0,0,0,0,0,0,0,0,0,0,wind (light),-6.0961633,0.9172257,0.47262734,0.45839393,0.17099275,0.1619543,0.24879533,0.22552378,0.18665692,0.15594728,0.13896011,0.09582196,0.15460168
11.0223465,8.075213,2.0743701,2,0,0,00:00.0,00:00.0,uploads\b67551bc-3737-11f0-85b7-581122bb7f2c\20210419T140000+1000_REC_133.wav,False,0,0,0,0,0,0,0,0,0,0,0,0,wind (light),-6.097929,0.9281148,0.4492347,0.40645763,0.18575713,0.16990209,0.23829143,0.22822061,0.20594701,0.18128116,0.16025783,0.1320654,0.15985839
10.730739,8.25521,2.885077,2,0,0,00:00.0,00:00.0,uploads\b67551bc-3737-11f0-85b7-581122bb7f2c\20210419T140000+1000_REC_134.wav,False,0,0,0,0,0,0,0,0,0,0,0,0,wind (light),-6.0589166,1.1740631,0.36564127,0.53952706,0.05733809,0.20332952,0.14941368,0.23145863,0.14120644,0.16793211,0.112290196,0.11846614,0.13359006
10.841449,8.165882,2.5418308,2,0,0,00:00.0,00:00.0,uploads\b67551bc-3737-11f0-85b7-581122bb7f2c\20210419T140000+1000_REC_140.wav,False,0,0,0,0,0,0,0,0,0,0,0,0,wind (light),-6.0825877,1.0206848,0.44027266,0.489811,0.09741363,0.19899355,0.19066703,0.23415251,0.15863787,0.16909392,0.13128461,0.118525185,0.16643187
11.372471,7.8980165,1.3658885,2,0,0,00:00.0,00:00.0,uploads\b67551bc-3737-11f0-85b7-581122bb7f2c\20210419T140000+1000_REC_141.wav,False,0,0,0,0,0,0,0,0,0,0,0,0,wind (light),-6.136219,0.39362195,0.38116005,0.36288014,0.3412496,0.3190897,0.29793108,0.27840173,0.26073742,0.24459182,0.2298605,0.21640249,0.20407212
11.326872,7.926063,1.4580164,2,0,0,00:00.0,00:00.0,uploads\b67551bc-3737-11f0-85b7-581122bb7f2c\20210419T140000+1000_REC_142.wav,False,0,0,0,0,0,0,0,0,0,0,0,0,wind (light),-6.1160393,0.65796554,0.5242824,0.39224157,0.2981018,0.25614247,0.25286186,0.25256538,0.24129795,0.22438255,0.20405617,0.19065148,0.19078796
11.225894,7.9812427,1.6495191,2,0,0,00:00.0,00:00.0,uploads\b67551bc-3737-11f0-85b7-581122bb7f2c\20210419T140000+1000_REC_143.wav,False,0,0,0,0,0,0,0,0,0,0,0,0,wind (light),-6.135977,0.5810778,0.4493319,0.31905544,0.23642969,0.20873438,0.2111949,0.21649954,0.21231173,0.19676633,0.18054458,0.17361811,0.17358601
10.939339,8.261193,2.704811,2,0,0,00:00.0,00:00.0,uploads\b67551bc-3737-11f0-85b7-581122bb7f2c\20210419T140000+1000_REC_150.wav,False,0,0,0,0,0,0,0,0,0,0,0,0,wind (light),-6.092388,1.0041153,0.29742998,0.41940278,0.087671846,0.25328836,0.18784794,0.27355656,0.18460213,0.19414018,0.1351952,0.15319386,0.15898027
10.928424,8.241106,2.6503448,2,0,0,00:00.0,00:00.0,uploads\b67551bc-3737-11f0-85b7-581122bb7f2c\20210419T140000+1000_REC_154.wav,False,0,0,0,0,0,0,0,0,0,0,0,0,wind (light),-6.0723085,1.0712267,0.4221114,0.49684337,0.120203085,0.24420995,0.22501805,0.28604662,0.15869649,0.18625596,0.117334,0.13976015,0.15440492
10.937865,8.220011,2.5741441,2,0,0,00:00.0,00:00.0,uploads\b67551bc-3737-11f0-85b7-581122bb7f2c\20210419T140000+1000_REC_155.wav,False,0,0,0,0,0,0,0,0,0,0,0,0,wind (light),-6.0843706,0.9901866,0.43447873,0.4588314,0.11184911,0.25481808,0.23324373,0.3273249,0.16893652,0.19198255,0.12290272,0.09451758,0.15486781
10.926271,8.243761,2.6610894,2,0,0,00:00.0,00:00.0,uploads\b67551bc-3737-11f0-85b7-581122bb7f2c\20210419T140000+1000_REC_156.wav,False,0,0,0,0,0,0,0,0,0,0,0,0,wind (light),-6.085542,0.98120177,0.43673378,0.4990273,0.118319705,0.24605274,0.19372065,0.2785766,0.1362981,0.19546694,0.12617216,0.15287353,0.1596472
11.360868,7.9050064,1.3841232,2,0,0,00:00.0,00:00.0,uploads\b67551bc-3737-11f0-85b7-581122bb7f2c\20210419T140000+1000_REC_157.wav,False,0,0,0,0,0,0,0,0,0,0,0,0,wind (light),-6.13846,0.46179894,0.40675974,0.34362766,0.2947939,0.26946464,0.2603066,0.25365642,0.24175964,0.22543965,0.21119584,0.20481347,0.2054396
11.213104,8.076761,1.8186677,2,0,0,00:00.0,00:00.0,uploads\b67551bc-3737-11f0-85b7-581122bb7f2c\20210419T140000+1000_REC_158.wav,False,0,0,0,0,0,0,0,0,0,0,0,0,wind (light),-6.0862117,0.9562629,0.44702035,0.47172996,0.14693557,0.26311138,0.2095642,0.29374352,0.19810055,0.22407547,0.1595766,0.1797493,0.21283329
11.214021,8.077043,1.8178693,2,0,0,00:00.0,00:00.0,uploads\b67551bc-3737-11f0-85b7-581122bb7f2c\20210419T140000+1000_REC_159.wav,False,0,0,0,0,0,0,0,0,0,0,0,0,wind (light),-6.101413,0.83711225,0.40173942,0.49998888,0.054722726,0.25182232,0.2526719,0.31146914,0.15432031,0.24752104,0.17028305,0.17038798,0.20052952
11.206497,8.073951,1.8209925,2,0,0,00:00.0,00:00.0,uploads\b67551bc-3737-11f0-85b7-581122bb7f2c\20210419T140000+1000_REC_161.wav,True,0,0,0,0,0,0,0,0,0,0,0,1,wind (light),-6.101086,0.8929087,0.4451336,0.3554448,0.14487965,0.2265419,0.24696319,0.27899763,0.20843811,0.23264503,0.17832667,0.15610793,0.21343435
11.211483,8.073587,1.8156661,2,0,0,00:00.0,00:00.0,uploads\b67551bc-3737-11f0-85b7-581122bb7f2c\20210419T140000+1000_REC_162.wav,False,0,0,0,0,0,0,0,0,0,0,0,0,wind (light),-6.083159,0.99830145,0.45666575,0.42795542,0.12126721,0.22253229,0.19723974,0.30818847,0.2224612,0.22910923,0.14455768,0.18784872,0.17406106
11.358516,7.907378,1.3892788,2,0,0,00:00.0,00:00.0,uploads\b67551bc-3737-11f0-85b7-581122bb7f2c\20210419T140000+1000_REC_163.wav,False,0,0,0,0,0,0,0,0,0,0,0,0,wind (light),-6.1350336,0.4684687,0.41913995,0.36154985,0.31602606,0.29038787,0.27845576,0.2679636,0.25074956,0.22759059,0.20533909,0.19016892,0.18284273
11.207604,8.057536,1.7958951,2,0,0,00:00.0,00:00.0,uploads\b67551bc-3737-11f0-85b7-581122bb7f2c\20210419T140000+1000_REC_164.wav,False,0,0,0,0,0,0,0,0,0,0,0,0,wind (light),-6.0971775,0.92154473,0.4476615,0.39336172,0.17356332,0.23063773,0.2072356,0.259275,0.22078617,0.21253115,0.1730101,0.16821125,0.17861028
11.1986265,8.063035,1.8116199,2,0,0,00:00.0,00:00.0,uploads\b67551bc-3737-11f0-85b7-581122bb7f2c\20210419T140000+1000_REC_179.wav,True,0,0,0,0,0,0,0,0,0,0,0,1,wind (light),-6.0827208,0.9961708,0.5074407,0.39490333,0.16142938,0.23248722,0.24884073,0.24061434,0.19274172,0.18631409,0.19923745,0.18365999,0.1957019
11.370959,7.897806,1.3699691,2,0,0,00:00.0,00:00.0,uploads\b67551bc-3737-11f0-85b7-581122bb7f2c\20210419T140000+1000_REC_180.wav,False,0,0,0,0,0,0,0,0,0,0,0,0,wind (light),-6.1408625,0.43010172,0.38713235,0.33679867,0.29579476,0.2705229,0.25751895,0.24951023,0.2411936,0.23153943,0.22256622,0.21613817,0.21142314
10.928889,8.26529,2.6738286,2,0,0,00:00.0,00:00.0,uploads\b67551bc-3737-11f0-85b7-581122bb7f2c\20210419T140000+1000_REC_181.wav,False,0,0,0,0,0,0,0,0,0,0,0,0,wind (light),-6.06858,1.1365052,0.40215424,0.42745388,0.06905126,0.23548698,0.19102031,0.2442322,0.14338861,0.18583371,0.14604828,0.14794928,0.16010103
10.835488,8.219777,2.7201278,2,0,0,00:00.0,00:00.0,uploads\b67551bc-3737-11f0-85b7-581122bb7f2c\20210419T140000+1000_REC_182.wav,False,0,0,0,0,0,0,0,0,0,0,0,0,wind (light),-6.064921,1.1766971,0.3965514,0.40201283,0.052509133,0.19371654,0.14746767,0.207441,0.15747967,0.18578045,0.16474858,0.15117611,0.15230025
10.716857,8.01339,2.2319465,2,0,0,00:00.0,00:00.0,uploads\b67551bc-3737-11f0-85b7-581122bb7f2c\20210419T140000+1000_REC_184.wav,True,0,0,0,0,0,0,0,0,0,0,0,1,wind (light),-6.0922875,0.97174156,0.49630535,0.39944336,0.1441908,0.14482574,0.177575,0.17216747,0.17631046,0.17333652,0.15853189,0.14286926,0.17937188
11.240987,7.9645042,1.6130166,2,0,0,00:00.0,00:00.0,uploads\b67551bc-3737-11f0-85b7-581122bb7f2c\20210419T140000+1000_REC_185.wav,False,0,0,0,0,0,0,0,0,0,0,0,0,wind (light),-6.1185403,0.7336656,0.51089346,0.3453894,0.22844972,0.18545042,0.20384285,0.21088381,0.2005511,0.19312246,0.18358307,0.18139279,0.19517082
9.918964,8.1148815,3.012613,2,0,0,00:00.0,00:00.0,uploads\b67551bc-3737-11f0-85b7-581122bb7f2c\20210419T140000+1000_REC_192.wav,False,0,0,0,0,0,0,0,0,0,0,0,0,wind (light),-6.0354185,1.2732233,0.47882217,0.55208355,0.021057565,0.13503657,0.14006034,0.17999373,0.12198463,0.1272112,0.11231908,0.11935437,0.17079271
10.734828,8.233398,2.8566167,2,0,0,00:00.0,00:00.0,uploads\b67551bc-3737-11f0-85b7-581122bb7f2c\20210419T140000+1000_REC_193.wav,False,0,0,0,0,0,0,0,0,0,0,0,0,wind (light),-6.0344167,1.2929786,0.27954367,0.61584806,-0.0052574687,0.1293864,0.15854484,0.18160655,0.19214426,0.15631029,0.11169074,0.14108054,0.14165297
10.1533,8.255581,3.12666,2,0,0,00:00.0,00:00.0,uploads\b67551bc-3737-11f0-85b7-581122bb7f2c\20210419T140000+1000_REC_197.wav,False,0,0,0,0,0,0,0,0,0,0,0,0,wind (light),-6.007963,1.3912123,0.37936065,0.6208119,0.012879088,0.18243735,0.15141389,0.25942907,0.124315545,0.19536608,0.10971331,0.16127911,0.17305584
10.143201,8.251906,3.122181,2,0,0,00:00.0,00:00.0,uploads\b67551bc-3737-11f0-85b7-581122bb7f2c\20210419T140000+1000_REC_198.wav,False,0,0,0,0,0,0,0,0,0,0,0,0,wind (light),-6.019332,1.3206671,0.43204653,0.64557445,-0.01365576,0.14674774,0.08267932,0.23427019,0.087727755,0.17612039,0.14265329,0.13599439,0.15157716
10.138097,8.252691,3.118698,2,0,0,00:00.0,00:00.0,uploads\b67551bc-3737-11f0-85b7-581122bb7f2c\20210419T140000+1000_REC_199.wav,False,0,0,0,0,0,0,0,0,0,0,0,0,wind (light),-6.017443,1.2789164,0.40173227,0.72738826,-0.06444653,0.066151105,0.09177073,0.30887946,0.11261314,0.13699941,0.13704947,0.1816435,0.19943695
11.311097,7.9319434,1.4823118,2,0,0,00:00.0,00:00.0,uploads\b67551bc-3737-11f0-85b7-581122bb7f2c\20210419T140000+1000_REC_200.wav,False,0,0,0,0,0,0,0,0,0,0,0,0,wind (light),-6.1282597,0.59729177,0.48828024,0.37060976,0.26474994,0.20708945,0.20534787,0.21516193,0.21880388,0.22321688,0.21654502,0.20335534,0.20209685
11.305945,7.935226,1.4929918,2,0,0,00:00.0,00:00.0,uploads\b67551bc-3737-11f0-85b7-581122bb7f2c\20210419T140000+1000_REC_201.wav,False,0,0,0,0,0,0,0,0,0,0,0,0,wind (light),-6.117809,0.6720858,0.5338923,0.39847663,0.27526549,0.2122601,0.21726483,0.21986552,0.20971642,0.21098588,0.20244795,0.18997315,0.19903983
10.715725,7.998653,2.197995,2,0,0,00:00.0,00:00.0,uploads\b67551bc-3737-11f0-85b7-581122bb7f2c\20210419T140000+1000_REC_202.wav,False,0,0,0,0,0,0,0,0,0,0,0,0,wind (light),-6.1171703,0.7433166,0.5053672,0.40322122,0.24797295,0.15130484,0.17501159,0.17105933,0.17290278,0.20277369,0.17303817,0.13726103,0.17966063
11.37099,7.8991184,1.3645879,2,0,0,00:00.0,00:00.0,uploads\b67551bc-3737-11f0-85b7-581122bb7f2c\20210419T140000+1000_REC_203.wav,False,0,0,0,0,0,0,0,0,0,0,0,0,wind (light),-6.1376085,0.44684508,0.39227244,0.35714275,0.32863966,0.2898515,0.2589571,0.2431247,0.2274432,0.21723393,0.22439499,0.22972892,0.21662775
11.352338,7.9104156,1.3988984,2,0,0,00:00.0,00:00.0,uploads\b67551bc-3737-11f0-85b7-581122bb7f2c\20210419T140000+1000_REC_205.wav,False,0,0,0,0,0,0,0,0,0,0,0,0,wind (light),-6.1287284,0.5554884,0.45820808,0.3820868,0.3279672,0.2773881,0.24172379,0.22557926,0.21183757,0.19957697,0.20330313,0.21445426,0.2098714
10.713166,8.011518,2.2281024,2,0,0,00:00.0,00:00.0,uploads\b67551bc-3737-11f0-85b7-581122bb7f2c\20210419T140000+1000_REC_206.wav,False,0,0,0,0,0,0,0,0,0,0,0,0,wind (light),-6.1105847,0.82939106,0.46861717,0.42208037,0.22049668,0.128114,0.17557032,0.17777544,0.173537,0.15463893,0.13458227,0.12800176,0.172043
10.740278,8.070272,2.3543434,2,0,0,00:00.0,00:00.0,uploads\b67551bc-3737-11f0-85b7-581122bb7f2c\20210419T140000+1000_REC_207.wav,False,0,0,0,0,0,0,0,0,0,0,0,0,wind (light),-6.078334,1.0234598,0.47878504,0.5146495,0.08550947,0.15628876,0.16051207,0.21961133,0.20647015,0.16088289,0.14936724,0.13605636,0.19889739
10.772528,8.255623,2.8257585,2,0,0,00:00.0,00:00.0,uploads\b67551bc-3737-11f0-85b7-581122bb7f2c\20210419T140000+1000_REC_211.wav,False,0,0,0,0,0,0,0,0,0,0,0,0,wind (light),-6.0523458,1.1988891,0.3816712,0.5387407,0.07855783,0.23493798,0.16164343,0.2409552,0.15423809,0.18548463,0.07945413,0.1341673,0.1675958
10.88196,8.244584,2.7096179,2,0,0,00:00.0,00:00.0,uploads\b67551bc-3737-11f0-85b7-581122bb7f2c\20210419T140000+1000_REC_215.wav,False,0,0,0,0,0,0,0,0,0,0,0,0,wind (light),-6.06257,1.1682158,0.367174,0.4481652,0.13431649,0.26707292,0.18681759,0.21529748,0.16852714,0.23719095,0.121634,0.13469867,0.15549117
11.133129,8.068591,1.8992913,2,0,0,00:00.0,00:00.0,uploads\b67551bc-3737-11f0-85b7-581122bb7f2c\20210419T140000+1000_REC_216.wav,False,0,0,0,0,0,0,0,0,0,0,0,0,wind (light),-6.0947323,0.97083664,0.4161209,0.38398847,0.14289765,0.19046803,0.23311438,0.2099141,0.19280717,0.20459059,0.1593082,0.15315616,0.20260464
10.8964205,8.231493,2.6626902,2,0,0,00:00.0,00:00.0,uploads\b67551bc-3737-11f0-85b7-581122bb7f2c\20210419T140000+1000_REC_218.wav,False,0,0,0,0,0,0,0,0,0,0,0,0,wind (light),-6.0736737,1.1194626,0.4082603,0.38546512,0.083325796,0.19251145,0.17334224,0.25439036,0.16669321,0.16802952,0.15403016,0.16773443,0.17230007
11.20564,8.066744,1.8093959,2,0,0,00:00.0,00:00.0,uploads\b67551bc-3737-11f0-85b7-581122bb7f2c\20210419T140000+1000_REC_220.wav,False,0,0,0,0,0,0,0,0,0,0,0,0,wind (light),-6.078927,1.0542971,0.45662826,0.35309955,0.14733587,0.2056052,0.2398256,0.26687756,0.22974902,0.20032242,0.17917255,0.16767177,0.19248222
11.30001,7.9528522,1.5236654,2,0,0,00:00.0,00:00.0,uploads\b67551bc-3737-11f0-85b7-581122bb7f2c\20210419T140000+1000_REC_221.wav,False,0,0,0,0,0,0,0,0,0,0,0,0,wind (light),-6.1102543,0.7378499,0.48954117,0.3766072,0.3344953,0.2703665,0.2388905,0.25795248,0.25887725,0.22212021,0.18456647,0.16613786,0.17781034
10.927368,8.206913,2.552894,2,0,0,00:00.0,00:00.0,uploads\b67551bc-3737-11f0-85b7-581122bb7f2c\20210419T140000+1000_REC_222.wav,False,0,0,0,0,0,0,0,0,0,0,0,0,wind (light),-6.062753,1.0959971,0.5254194,0.44734427,0.17672938,0.26524928,0.2608422,0.2701921,0.20856996,0.1938433,0.13048035,0.09953269,0.1473702
10.749384,8.204851,2.8379114,2,0,0,00:00.0,00:00.0,uploads\b67551bc-3737-11f0-85b7-581122bb7f2c\20210419T140000+1000_REC_238.wav,False,0,0,0,0,0,0,0,0,0,0,0,0,wind (light),-6.0242,1.341884,0.45978177,0.5160466,0.08029238,0.18800348,0.17923412,0.18468995,0.18663143,0.17201032,0.13650633,0.10129291,0.13401431
10.73609,8.221372,2.8589551,2,0,0,00:00.0,00:00.0,uploads\b67551bc-3737-11f0-85b7-581122bb7f2c\20210419T140000+1000_REC_240.wav,False,0,0,0,0,0,0,0,0,0,0,0,0,wind (light),-6.0344462,1.3038471,0.40130004,0.5416358,0.046945605,0.17988689,0.11254864,0.18624029,0.16106094,0.13339846,0.12009701,0.1090793,0.13533497
10.701684,7.999757,2.2077103,2,0,0,00:00.0,00:00.0,uploads\b67551bc-3737-11f0-85b7-581122bb7f2c\20210419T140000+1000_REC_241.wav,False,0,0,0,0,0,0,0,0,0,0,0,0,wind (light),-6.077156,1.0001061,0.6434869,0.3691004,0.1732805,0.13908292,0.1719797,0.19073452,0.21080537,0.19149065,0.16427459,0.16357018,0.17159605
9.877869,8.211995,3.1086571,2,0,0,00:00.0,00:00.0,uploads\b67551bc-3737-11f0-85b7-581122bb7f2c\20210419T140000+1000_REC_242.wav,False,0,0,0,0,0,0,0,0,0,0,0,0,wind (light),-6.004694,1.3984228,0.5054012,0.5022316,-0.18322799,0.11952822,0.0051662964,0.19512361,0.14073695,0.16763441,0.062303253,0.13583846,0.13226575
9.891608,8.098759,3.016286,2,0,0,00:00.0,00:00.0,uploads\b67551bc-3737-11f0-85b7-581122bb7f2c\20210419T140000+1000_REC_243.wav,False,0,0,0,0,0,0,0,0,0,0,0,0,wind (light),-6.0332785,1.2695186,0.56069857,0.4884011,-0.044902127,0.12153206,0.09203269,0.16446935,0.19214769,0.14444333,0.11586073,0.1193833,0.17175017
9.875918,8.063655,2.9902184,2,0,0,00:00.0,00:00.0,uploads\b67551bc-3737-11f0-85b7-581122bb7f2c\20210419T140000+1000_REC_248.wav,False,0,0,0,0,0,0,0,0,0,0,0,0,wind (light),-6.0321236,1.3218837,0.45987177,0.46895465,-0.0035064595,0.10605546,0.115853876,0.15258755,0.16758238,0.10240394,0.12725003,0.12568556,0.1907601
9.887188,8.113439,3.0265386,2,0,0,00:00.0,00:00.0,uploads\b67551bc-3737-11f0-85b7-581122bb7f2c\20210419T140000+1000_REC_249.wav,False,0,0,0,0,0,0,0,0,0,0,0,0,wind (light),-6.017807,1.3372846,0.5130656,0.5551613,-0.07642251,0.118321314,0.14253314,0.18676312,0.17737274,0.14174408,0.14453888,0.09160357,0.15421674
9.856668,8.184633,3.0953636,2,0,0,00:00.0,00:00.0,uploads\b67551bc-3737-11f0-85b7-581122bb7f2c\20210419T140000+1000_REC_254.wav,False,0,0,0,0,0,0,0,0,0,0,0,0,wind (light),-6.0133276,1.3447577,0.4117175,0.6160012,-0.2006083,0.09028773,0.08454491,0.17942724,0.09967323,0.13239832,0.09725235,0.085950285,0.14345418
9.836916,8.157335,3.0762026,2,0,0,00:00.0,00:00.0,uploads\b67551bc-3737-11f0-85b7-581122bb7f2c\20210419T140000+1000_REC_255.wav,False,0,0,0,0,0,0,0,0,0,0,0,0,wind (light),-6.020235,1.3240508,0.41469967,0.62862426,-0.104009785,0.10135639,0.08763068,0.18310429,0.124246486,0.12468177,0.119119294,0.061346997,0.1502578
9.87231,8.200167,3.1094072,2,0,0,00:00.0,00:00.0,uploads\b67551bc-3737-11f0-85b7-581122bb7f2c\20210419T140000+1000_REC_257.wav,False,0,0,0,0,0,0,0,0,0,0,0,0,wind (light),-5.99175,1.4206634,0.4130353,0.6531636,-0.22965622,0.08505019,0.033702947,0.20188864,0.09179121,0.16653527,0.109445125,0.07924827,0.14210126
9.854986,8.135902,3.0542948,2,0,0,00:00.0,00:00.0,uploads\b67551bc-3737-11f0-85b7-581122bb7f2c\20210419T140000+1000_REC_258.wav,False,0,0,0,0,0,0,0,0,0,0,0,0,wind (light),-6.037209,1.1970316,0.5335388,0.6347159,-0.03523919,0.0948304,0.14526747,0.22738576,0.15741993,0.14118774,0.14073177,0.066524155,0.15362754
9.908376,8.197938,3.1029568,2,0,0,00:00.0,00:00.0,uploads\b67551bc-3737-11f0-85b7-581122bb7f2c\20210419T140000+1000_REC_259.wav,False,0,0,0,0,0,0,0,0,0,0,0,0,wind (light),-5.989458,1.3754768,0.50865304,0.72312045,-0.17798564,0.11103247,0.0805867,0.30486175,0.10679891,0.15789899,0.11526696,0.10743879,0.1424436
10.459175,7.988507,2.2410107,2,0,0,00:00.0,00:00.0,uploads\b67551bc-3737-11f0-85b7-581122bb7f2c\20210419T140000+1000_REC_260.wav,False,0,0,0,0,0,0,0,0,0,0,0,0,wind (light),-6.079113,0.99849,0.5590274,0.49351323,0.094958544,0.04966724,0.17940085,0.19221406,0.17413211,0.16184896,0.16151428,0.102769695,0.16613065
10.412711,7.988217,2.2500012,2,0,0,00:00.0,00:00.0,uploads\b67551bc-3737-11f0-85b7-581122bb7f2c\20210419T140000+1000_REC_261.wav,False,0,0,0,0,0,0,0,0,0,0,0,0,wind (light),-6.0688453,1.071116,0.525721,0.49478194,-0.0014953177,0.025272818,0.18102345,0.1840011,0.1854351,0.1634548,0.18419765,0.13931175,0.16965084
9.85455,8.109337,3.0344393,2,0,0,00:00.0,00:00.0,uploads\b67551bc-3737-11f0-85b7-581122bb7f2c\20210419T140000+1000_REC_264.wav,False,0,0,0,0,0,0,0,0,0,0,0,0,wind (light),-6.040119,1.2311358,0.4463636,0.60527956,-0.0416641,0.08559847,0.10560034,0.1607249,0.119868,0.13358921,0.16298994,0.09839793,0.15920468
9.87849,8.201656,3.1091561,2,0,0,00:00.0,00:00.0,uploads\b67551bc-3737-11f0-85b7-581122bb7f2c\20210419T140000+1000_REC_265.wav,False,0,0,0,0,0,0,0,0,0,0,0,0,wind (light),-6.004308,1.3544674,0.46991664,0.6508862,-0.20136167,0.09605074,0.05973086,0.22386546,0.12281716,0.14341187,0.09311004,0.07803025,0.13799997
11.058377,8.298265,2.7605965,2,0,0,00:00.0,00:00.0,uploads\b67551bc-3737-11f0-85b7-581122bb7f2c\20210419T200000+1000_REC_72.wav,False,0,0,0,0,0,0,0,0,0,0,0,0,wind (light),-6.1295657,0.75315344,0.21486951,0.23175995,0.056588747,0.25050908,0.12738122,0.24965039,0.20015684,0.22053443,0.20327964,0.2232473,0.21329318
10.93038,8.265887,2.7294123,2,0,0,00:00.0,00:00.0,uploads\b67551bc-3737-11f0-85b7-581122bb7f2c\20210419T200000+1000_REC_86.wav,False,0,0,0,0,0,0,0,0,0,0,0,0,wind (light),-6.135295,0.64121205,0.37436324,0.31370237,0.16567455,0.21462098,0.18969269,0.2705321,0.23606318,0.13410465,0.16116494,0.17893101,0.1581984
11.708098,12.665417,5.610899,3,0,0,00:00.0,00:00.0,uploads\b67551bc-3737-11f0-85b7-581122bb7f2c\20210419T020000+1000_REC_89.wav,False,0,0,0,0,0,0,0,0,0,0,0,0,rain (light),-6.0078807,1.3393934,0.44255915,0.7029492,-0.045079473,0.18192805,0.0062647928,0.22611013,0.018563792,0.14277601,0.054875012,0.15943743,0.100051485
11.483773,12.623848,6.5728583,3,0,0,00:00.0,00:00.0,uploads\b67551bc-3737-11f0-85b7-581122bb7f2c\20210419T020000+1000_REC_230.wav,False,0,0,0,0,0,0,0,0,0,0,0,0,rain (light),-5.908925,1.7144089,0.5608601,0.66920966,-0.18608993,0.1377857,-0.05485084,0.22445545,0.007903193,0.11445443,0.018657207,0.11039552,0.05872293
11.605632,12.735945,5.9753537,3,0,0,00:00.0,00:00.0,uploads\b67551bc-3737-11f0-85b7-581122bb7f2c\20210419T020000+1000_REC_234.wav,False,0,0,0,0,0,0,0,0,0,0,0,0,rain (light),-5.9395394,1.6145527,0.50916153,0.71021557,-0.04497707,0.19301748,-0.016381243,0.20563571,-0.011489987,0.12939727,0.038861807,0.17716809,0.105066285
11.781688,12.737606,5.7978063,3,0,0,00:00.0,00:00.0,uploads\b67551bc-3737-11f0-85b7-581122bb7f2c\20210419T060000+1000_REC_34.wav,False,0,0,0,0,0,0,0,0,0,0,0,0,rain (light),-6.056669,1.0943127,-0.05662745,0.32269183,-0.111313604,0.26773998,0.112898625,0.59965825,0.29015967,0.22407097,0.16325459,0.3088802,0.104706794
12.060169,12.432379,5.7158146,3,0,0,00:00.0,00:00.0,uploads\b67551bc-3737-11f0-85b7-581122bb7f2c\20210419T060000+1000_REC_188.wav,False,0,0,0,0,0,0,0,0,0,0,0,0,rain (light),-6.017224,1.2863727,-0.18071401,0.04468439,-0.029910954,0.41002598,0.28666684,0.562582,0.2071668,0.21230118,0.20444863,0.37971932,0.1653273
11.473861,13.261088,6.770848,3,0,0,00:00.0,00:00.0,uploads\b67551bc-3737-11f0-85b7-581122bb7f2c\20210419T060000+1000_REC_220.wav,False,0,0,0,0,0,0,0,0,0,0,0,0,rain (light),-6.0059967,1.2520331,0.2724029,0.5053232,-0.3288067,0.47746253,-0.060863353,0.5044004,-0.029937051,0.16055912,0.017150603,0.20450604,-0.04882181
11.588706,13.193511,6.83271,3,0,0,00:00.0,00:00.0,uploads\b67551bc-3737-11f0-85b7-581122bb7f2c\20210419T060000+1000_REC_222.wav,False,0,0,0,0,0,0,0,0,0,0,0,0,rain (light),-5.9964023,1.3140719,-0.06930179,0.52166855,-0.32406962,0.4506863,0.13385247,0.4144195,0.30403486,0.26131806,-0.0043808543,0.31676856,-0.019087134
12.022364,12.44494,5.742986,3,0,0,00:00.0,00:00.0,uploads\b67551bc-3737-11f0-85b7-581122bb7f2c\20210419T060000+1000_REC_229.wav,False,0,0,0,0,0,0,0,0,0,0,0,0,rain (light),-6.0117836,1.2794744,-0.14289412,0.055181537,-0.19373916,0.31110197,0.20447943,0.6790912,0.21023048,0.16433144,0.18721083,0.38135839,0.15413935
12.061128,12.215283,5.786609,3,0,0,00:00.0,00:00.0,uploads\b67551bc-3737-11f0-85b7-581122bb7f2c\20210419T060000+1000_REC_243.wav,False,0,0,0,0,0,0,0,0,0,0,0,0,rain (light),-5.9978933,1.3059064,-0.27345702,0.02253838,-0.20789662,0.26317546,0.32780632,0.66213816,0.23525399,0.27357474,0.17371702,0.32213387,0.21467455
12.0592,12.437796,5.906487,3,0,0,00:00.0,00:00.0,uploads\b67551bc-3737-11f0-85b7-581122bb7f2c\20210419T080000+1000_REC_61.wav,False,0,0,0,0,0,0,0,0,0,0,0,0,rain (light),-6.0637946,0.7646498,0.74229366,0.0237645,-0.2603465,0.35373783,0.05282124,0.48340055,0.0890827,0.33966678,0.10203638,0.46122023,0.05105441
12.04724,12.437463,5.953413,3,0,0,00:00.0,00:00.0,uploads\b67551bc-3737-11f0-85b7-581122bb7f2c\20210419T080000+1000_REC_66.wav,False,0,0,0,0,0,0,0,0,0,0,0,0,rain (light),-6.077654,0.68129206,0.62342983,0.21823297,-0.24152878,0.40960452,-0.06751249,0.45964068,0.053617302,0.39330024,0.16093542,0.46666783,0.07558957
12.057445,12.440629,5.7732224,3,0,0,00:00.0,00:00.0,uploads\b67551bc-3737-11f0-85b7-581122bb7f2c\20210419T080000+1000_REC_96.wav,False,0,0,0,0,0,0,0,0,0,0,0,0,rain (light),-6.082911,0.33546185,0.65085286,-0.24890219,-0.19643535,0.5462988,0.12656306,0.47946063,-0.034582753,0.33705133,0.18290193,0.48300156,0.08401949
11.586331,13.190562,6.8493156,3,0,0,00:00.0,00:00.0,uploads\b67551bc-3737-11f0-85b7-581122bb7f2c\20210419T080000+1000_REC_155.wav,False,0,0,0,0,0,0,0,0,0,0,0,0,rain (light),-6.0280538,0.38644397,0.3751837,0.98857534,-0.53978896,0.40896723,0.20473348,0.43448213,0.03209501,0.345828,-0.039244708,0.4904203,-0.036898192
11.028522,13.054347,4.5583816,3,0,0,00:00.0,00:00.0,uploads\b67551bc-3737-11f0-85b7-581122bb7f2c\20210419T160000+1000_REC_0.wav,False,0,0,0,0,0,0,0,0,0,0,0,0,rain (light),-6.038354,1.2868655,0.29579774,0.5248255,0.010156755,0.25542697,0.0658915,0.27947813,0.061470237,0.17994614,0.076911,0.18871227,0.1293782
11.692301,12.763508,5.7967134,3,0,0,00:00.0,00:00.0,uploads\b67551bc-3737-11f0-85b7-581122bb7f2c\20210419T160000+1000_REC_1.wav,False,0,0,0,0,0,0,0,0,0,0,0,0,rain (light),-5.997632,1.4480543,0.37931052,0.585015,-0.03913245,0.22026305,0.02605567,0.2364776,0.08129609,0.20361328,0.09155705,0.18903059,0.120490566
11.20858,13.040531,5.465857,3,0,0,00:00.0,00:00.0,uploads\b67551bc-3737-11f0-85b7-581122bb7f2c\20210419T160000+1000_REC_2.wav,True,0,0,0,0,0,0,0,0,1,0,0,0,rain (light),-5.953438,1.6173569,0.38692752,0.6093943,-0.0649793,0.25069216,-0.0028415904,0.23703824,0.070963316,0.1913768,0.013196186,0.1605257,0.08095697
11.209973,13.036411,5.480708,3,0,0,00:00.0,00:00.0,uploads\b67551bc-3737-11f0-85b7-581122bb7f2c\20210419T160000+1000_REC_3.wav,False,0,0,0,0,0,0,0,0,0,0,0,0,rain (light),-5.932822,1.6866361,0.40699416,0.6127511,-0.09126858,0.279075,0.0056079165,0.21995358,0.04154591,0.19340861,-0.014038772,0.13032241,0.10003365
11.159215,13.085863,5.2285657,3,0,0,00:00.0,00:00.0,uploads\b67551bc-3737-11f0-85b7-581122bb7f2c\20210419T160000+1000_REC_4.wav,False,0,0,0,0,0,0,0,0,0,0,0,0,rain (light),-5.9754825,1.5554161,0.3517421,0.5525292,-0.028968222,0.28539282,0.034636073,0.2276067,0.056096774,0.19775863,0.027756698,0.15454309,0.09188309
11.033806,13.0451355,4.576219,3,0,0,00:00.0,00:00.0,uploads\b67551bc-3737-11f0-85b7-581122bb7f2c\20210419T160000+1000_REC_5.wav,False,0,0,0,0,0,0,0,0,0,0,0,0,rain (light),-6.0216117,1.382056,0.33965144,0.45610753,-0.03285584,0.2879003,0.06346686,0.2314844,0.04054561,0.13500679,0.07688814,0.19895338,0.12602188
11.03761,13.058749,4.605988,3,0,0,00:00.0,00:00.0,uploads\b67551bc-3737-11f0-85b7-581122bb7f2c\20210419T160000+1000_REC_6.wav,False,0,0,0,0,0,0,0,0,0,0,0,0,rain (light),-6.042228,1.2776356,0.2896864,0.5063361,0.010501991,0.2738543,0.070890725,0.25361004,0.10920966,0.18126042,0.06516024,0.1607059,0.10193451
11.1550865,13.067742,5.0901737,3,0,0,00:00.0,00:00.0,uploads\b67551bc-3737-11f0-85b7-581122bb7f2c\20210419T160000+1000_REC_7.wav,False,0,0,0,0,0,0,0,0,0,0,0,0,rain (light),-6.012918,1.3996234,0.30165076,0.54217505,-0.035436913,0.26661843,0.05487642,0.27985066,0.11990452,0.19370884,0.038892724,0.15542282,0.07860035
11.170057,13.070438,5.1612096,3,0,0,00:00.0,00:00.0,uploads\b67551bc-3737-11f0-85b7-581122bb7f2c\20210419T160000+1000_REC_8.wav,False,0,0,0,0,0,0,0,0,0,0,0,0,rain (light),-6.00462,1.4230866,0.41062358,0.54873836,-0.024904933,0.25832686,0.018336896,0.21976691,0.08822791,0.1897405,0.059420064,0.15608746,0.08113946
11.629181,12.839868,5.7853193,3,0,0,00:00.0,00:00.0,uploads\b67551bc-3737-11f0-85b7-581122bb7f2c\20210419T160000+1000_REC_11.wav,False,0,0,0,0,0,0,0,0,0,0,0,0,rain (light),-5.997254,1.4181026,0.3925867,0.6323609,-0.09941496,0.2480037,0.041043818,0.26588547,0.047725126,0.14987172,0.041960686,0.17450894,0.11264032
11.025303,12.990813,4.423674,3,0,0,00:00.0,00:00.0,uploads\b67551bc-3737-11f0-85b7-581122bb7f2c\20210419T160000+1000_REC_17.wav,False,0,0,0,0,0,0,0,0,0,0,0,0,rain (light),-6.0457644,1.2666477,0.3912961,0.45826104,0.039421666,0.20956302,0.055979244,0.20179465,0.11490744,0.19854207,0.13033041,0.174155,0.1257939
11.022121,12.994399,4.42251,3,0,0,00:00.0,00:00.0,uploads\b67551bc-3737-11f0-85b7-581122bb7f2c\20210419T160000+1000_REC_20.wav,False,0,0,0,0,0,0,0,0,0,0,0,0,rain (light),-6.042261,1.287823,0.3887366,0.45000106,0.030440757,0.218881,0.047264125,0.19953361,0.09190648,0.17206606,0.102727056,0.17922062,0.14388373
11.302455,12.862652,4.706773,3,0,0,00:00.0,00:00.0,uploads\b67551bc-3737-11f0-85b7-581122bb7f2c\20210419T160000+1000_REC_23.wav,False,0,0,0,0,0,0,0,0,0,0,0,0,rain (light),-6.023476,1.3587725,0.41582245,0.5381599,0.05622964,0.16024965,0.06857834,0.18682253,0.12721615,0.13971582,0.11216725,0.107737415,0.108444765
11.413331,12.793692,6.4333506,3,0,0,00:00.0,00:00.0,uploads\b67551bc-3737-11f0-85b7-581122bb7f2c\20210419T160000+1000_REC_26.wav,False,0,0,0,0,0,0,0,0,0,0,0,0,rain (light),-5.9367056,1.667113,0.37372154,0.68153054,-0.07946148,0.14081551,0.015546894,0.24649616,0.0017974603,0.1620604,0.054752775,0.117722474,0.093710825
11.752919,12.785138,5.7798967,3,0,0,00:00.0,00:00.0,uploads\b67551bc-3737-11f0-85b7-581122bb7f2c\20210419T160000+1000_REC_30.wav,False,0,0,0,0,0,0,0,0,0,0,0,0,rain (light),-5.9978323,1.391775,0.36076385,0.69345534,-0.14437515,0.18808933,-0.016337933,0.24586396,0.08040253,0.18362166,0.025987687,0.13331354,0.08868756
11.237514,12.905294,7.0747585,3,0,0,00:00.0,00:00.0,uploads\b67551bc-3737-11f0-85b7-581122bb7f2c\20210419T160000+1000_REC_32.wav,False,0,0,0,0,0,0,0,0,0,0,0,0,rain (light),-5.8949437,1.7183461,0.23983744,0.9111205,-0.1833906,0.16165227,-0.018242659,0.24360159,-0.021104148,0.17814061,-0.010364954,0.09502352,0.05476348
11.429507,13.239651,6.8209624,3,0,0,00:00.0,00:00.0,uploads\b67551bc-3737-11f0-85b7-581122bb7f2c\20210419T160000+1000_REC_33.wav,False,0,0,0,0,0,0,0,0,0,0,0,0,rain (light),-5.8695645,1.8182378,0.33498767,0.8548831,-0.17107387,0.23159713,-0.003096979,0.29394853,-0.0037756378,0.17448907,0.010150464,0.09851396,0.012579771
11.340678,12.874797,4.782757,3,0,0,00:00.0,00:00.0,uploads\b67551bc-3737-11f0-85b7-581122bb7f2c\20210419T160000+1000_REC_34.wav,True,0,0,0,0,0,0,0,0,1,0,0,0,rain (light),-6.029265,1.3295996,0.37685606,0.54461783,-0.014485822,0.15199776,0.07896268,0.2217578,0.11773697,0.1405455,0.0707209,0.095427275,0.118659094
11.615408,12.851944,5.814136,3,0,0,00:00.0,00:00.0,uploads\b67551bc-3737-11f0-85b7-581122bb7f2c\20210419T160000+1000_REC_42.wav,False,0,0,0,0,0,0,0,0,0,0,0,0,rain (light),-5.9893813,1.4556727,0.3360443,0.65759677,-0.08960485,0.23771736,0.014833477,0.26441306,0.060056366,0.17133777,0.024103025,0.14654046,0.13222922
11.699553,12.670635,5.5899262,3,0,0,00:00.0,00:00.0,uploads\b67551bc-3737-11f0-85b7-581122bb7f2c\20210419T160000+1000_REC_47.wav,False,0,0,0,0,0,0,0,0,0,0,0,0,rain (light),-6.03026,1.2565784,0.26863858,0.7138358,-0.052947283,0.14602526,0.13009319,0.22793014,0.0033958985,0.20791012,0.12520438,0.09614469,0.13723455
11.333079,13.235377,6.5479574,3,0,0,00:00.0,00:00.0,uploads\b67551bc-3737-11f0-85b7-581122bb7f2c\20210419T160000+1000_REC_48.wav,False,0,0,0,0,0,0,0,0,0,0,0,0,rain (light),-5.9273543,1.6530786,0.39694047,0.74547553,-0.13535455,0.24145651,-0.003331407,0.253512,-0.023802077,0.116603285,-0.01943904,0.14840098,0.059119288
11.406954,13.237834,6.7746015,3,0,0,00:00.0,00:00.0,uploads\b67551bc-3737-11f0-85b7-581122bb7f2c\20210419T160000+1000_REC_49.wav,False,0,0,0,0,0,0,0,0,0,0,0,0,rain (light),-5.879723,1.8081242,0.40947643,0.76367396,-0.16710113,0.2506788,-0.048234828,0.25982645,0.03149542,0.16836306,-0.024097042,0.09945056,0.0023305637
11.325743,13.241341,6.5671897,3,0,0,00:00.0,00:00.0,uploads\b67551bc-3737-11f0-85b7-581122bb7f2c\20210419T160000+1000_REC_50.wav,False,0,0,0,0,0,0,0,0,0,0,0,0,rain (light),-5.905321,1.7341777,0.41105413,0.74392855,-0.14345905,0.24270509,-0.015423531,0.26141998,0.023874411,0.15811417,0.0033257157,0.13148017,0.055326596
11.372256,13.214669,6.8409543,3,0,0,00:00.0,00:00.0,uploads\b67551bc-3737-11f0-85b7-581122bb7f2c\20210419T160000+1000_REC_51.wav,False,0,0,0,0,0,0,0,0,0,0,0,0,rain (light),-5.886859,1.705997,0.38247794,0.89880866,-0.24413566,0.23071973,-0.038460907,0.29451343,-0.062419094,0.13318327,-0.04953299,0.082241744,0.013940795
11.471126,13.2528925,6.754067,3,0,0,00:00.0,00:00.0,uploads\b67551bc-3737-11f0-85b7-581122bb7f2c\20210419T160000+1000_REC_52.wav,False,0,0,0,0,0,0,0,0,0,0,0,0,rain (light),-5.9457617,1.5023438,0.428123,0.8485069,-0.2244568,0.23318392,-0.050593004,0.25706938,-0.013292923,0.15689312,-0.021538282,0.080275334,0.053257834
11.351836,13.176557,6.874963,3,0,0,00:00.0,00:00.0,uploads\b67551bc-3737-11f0-85b7-581122bb7f2c\20210419T160000+1000_REC_53.wav,False,0,0,0,0,0,0,0,0,0,0,0,0,rain (light),-5.878969,1.7442653,0.40615013,0.89147305,-0.2095506,0.20121326,-0.084805876,0.28167588,-0.02779695,0.14231478,-0.036707185,0.045461006,0.0337334
11.253898,12.90491,7.110712,3,0,0,00:00.0,00:00.0,uploads\b67551bc-3737-11f0-85b7-581122bb7f2c\20210419T160000+1000_REC_54.wav,False,0,0,0,0,0,0,0,0,0,0,0,0,rain (light),-5.8643427,1.7533132,0.29718745,1.0177649,-0.20814008,0.13144943,0.03319682,0.273684,-0.1339599,0.18935642,0.03974808,0.07873971,0.06845761
11.206059,13.068298,5.3131423,3,0,0,00:00.0,00:00.0,uploads\b67551bc-3737-11f0-85b7-581122bb7f2c\20210419T160000+1000_REC_55.wav,False,0,0,0,0,0,0,0,0,0,0,0,0,rain (light),-5.9951987,1.4402983,0.35123116,0.63964987,-0.06420073,0.24989825,0.042359088,0.25274634,0.07495319,0.161797,0.031176481,0.1066259,0.052326772
11.231064,13.032412,5.4921694,3,0,0,00:00.0,00:00.0,uploads\b67551bc-3737-11f0-85b7-581122bb7f2c\20210419T160000+1000_REC_56.wav,False,0,0,0,0,0,0,0,0,0,0,0,0,rain (light),-5.958414,1.5801768,0.3737049,0.6757562,-0.05130727,0.23635767,-0.008111235,0.23325498,0.08161565,0.19806197,0.03877679,0.12934446,0.06569637
11.360833,12.870568,4.835389,3,0,0,00:00.0,00:00.0,uploads\b67551bc-3737-11f0-85b7-581122bb7f2c\20210419T160000+1000_REC_57.wav,False,0,0,0,0,0,0,0,0,0,0,0,0,rain (light),-5.9987745,1.4596707,0.4057935,0.5560978,-0.053619124,0.12807691,0.024467602,0.20691712,0.10526626,0.13642703,0.07242383,0.097477786,0.10077227
11.362908,12.886882,4.9323797,3,0,0,00:00.0,00:00.0,uploads\b67551bc-3737-11f0-85b7-581122bb7f2c\20210419T160000+1000_REC_58.wav,False,0,0,0,0,0,0,0,0,0,0,0,0,rain (light),-5.9679995,1.6270822,0.34833726,0.431864,-0.10871565,0.1823303,0.069798395,0.19093376,0.05021068,0.086011805,0.07962383,0.12046127,0.07522912
11.366251,12.867496,4.859948,3,0,0,00:00.0,00:00.0,uploads\b67551bc-3737-11f0-85b7-581122bb7f2c\20210419T160000+1000_REC_59.wav,False,0,0,0,0,0,0,0,0,0,0,0,0,rain (light),-5.952681,1.6454179,0.4223958,0.51984286,-0.15381366,0.091139324,0.02453371,0.2187551,0.113379486,0.116107345,0.062323797,0.10149017,0.10419342
11.203315,12.993726,6.764192,3,0,0,00:00.0,00:00.0,uploads\b67551bc-3737-11f0-85b7-581122bb7f2c\20210419T160000+1000_REC_60.wav,True,0,0,0,0,0,0,0,0,1,0,0,0,rain (light),-5.8990135,1.8008934,0.39791346,0.6340115,-0.17464043,0.1768351,-0.03051637,0.22782356,0.017759662,0.13085292,0.0034719987,0.12208731,0.051632978
11.311487,13.244638,6.4943857,3,0,0,00:00.0,00:00.0,uploads\b67551bc-3737-11f0-85b7-581122bb7f2c\20210419T160000+1000_REC_61.wav,False,0,0,0,0,0,0,0,0,0,0,0,0,rain (light),-5.904394,1.8031702,0.2802754,0.5912437,-0.16723223,0.29184377,-4.517975e-06,0.18701194,-0.060786188,0.12979145,0.05103631,0.15080863,0.030709375
11.2969885,12.880214,4.713488,3,0,0,00:00.0,00:00.0,uploads\b67551bc-3737-11f0-85b7-581122bb7f2c\20210419T160000+1000_REC_62.wav,False,0,0,0,0,0,0,0,0,0,0,0,0,rain (light),-6.0401354,1.2855139,0.3704394,0.5245668,0.011592248,0.18420322,0.06684476,0.19750147,0.08535916,0.13365379,0.098832324,0.10141016,0.11712283
11.219645,13.028664,5.437918,3,0,0,00:00.0,00:00.0,uploads\b67551bc-3737-11f0-85b7-581122bb7f2c\20210419T160000+1000_REC_63.wav,False,0,0,0,0,0,0,0,0,0,0,0,0,rain (light),-5.94987,1.6336387,0.39653096,0.6133317,-0.053164225,0.2565237,0.020093998,0.2317758,0.032231368,0.12889047,0.025516232,0.13653813,0.07515979
11.215851,13.034466,5.3622007,3,0,0,00:00.0,00:00.0,uploads\b67551bc-3737-11f0-85b7-581122bb7f2c\20210419T160000+1000_REC_64.wav,False,0,0,0,0,0,0,0,0,0,0,0,0,rain (light),-5.977286,1.5391295,0.34118992,0.608062,-0.014544933,0.23936515,0.018889312,0.21567416,0.05674453,0.19121836,0.03893748,0.13294409,0.06219853
11.035965,12.984763,4.4211564,3,0,0,00:00.0,00:00.0,uploads\b67551bc-3737-11f0-85b7-581122bb7f2c\20210419T160000+1000_REC_70.wav,False,0,0,0,0,0,0,0,0,0,0,0,0,rain (light),-6.086598,1.0301278,0.39599356,0.45085928,0.017201323,0.2112543,0.10411351,0.1849753,0.13057004,0.14084652,0.09011833,0.14764938,0.12282827
11.220741,12.984289,6.704834,3,0,0,00:00.0,00:00.0,uploads\b67551bc-3737-11f0-85b7-581122bb7f2c\20210419T160000+1000_REC_71.wav,False,0,0,0,0,0,0,0,0,0,0,0,0,rain (light),-5.9042096,1.8071265,0.37868738,0.59596336,-0.09843081,0.18663876,-0.02664574,0.21700132,0.029497445,0.16192184,-0.007062073,0.15311624,0.079823785
11.321018,13.243491,6.51651,3,0,0,00:00.0,00:00.0,uploads\b67551bc-3737-11f0-85b7-581122bb7f2c\20210419T160000+1000_REC_72.wav,False,0,0,0,0,0,0,0,0,0,0,0,0,rain (light),-5.873455,1.874681,0.39424852,0.6852362,-0.09455951,0.275708,-0.008406283,0.22400652,-0.00037943572,0.16572542,0.03842757,0.16177143,0.065503195
11.300407,13.2596655,6.4402,3,0,0,00:00.0,00:00.0,uploads\b67551bc-3737-11f0-85b7-581122bb7f2c\20210419T160000+1000_REC_73.wav,False,0,0,0,0,0,0,0,0,0,0,0,0,rain (light),-5.916339,1.7239395,0.34339458,0.70134044,-0.08383921,0.2945179,-0.07923784,0.18448819,0.03935829,0.19535513,0.04169044,0.16182762,0.055332642
11.494479,12.858102,6.310617,3,0,0,00:00.0,00:00.0,uploads\b67551bc-3737-11f0-85b7-581122bb7f2c\20210419T160000+1000_REC_74.wav,False,0,0,0,0,0,0,0,0,0,0,0,0,rain (light),-5.9495726,1.5474896,0.41455862,0.74362457,-0.16800503,0.28460088,-0.05481218,0.23225445,-0.02855,0.122447155,-0.026832972,0.1535819,0.126269
11.512787,12.837648,6.3500323,3,0,0,00:00.0,00:00.0,uploads\b67551bc-3737-11f0-85b7-581122bb7f2c\20210419T160000+1000_REC_75.wav,False,0,0,0,0,0,0,0,0,0,0,0,0,rain (light),-5.9183164,1.6426088,0.38490462,0.7999941,-0.2182718,0.29293603,0.018039312,0.2860605,-0.036518324,0.15362778,0.003640162,0.16641073,0.1194557
11.659229,12.782441,5.8090014,3,0,0,00:00.0,00:00.0,uploads\b67551bc-3737-11f0-85b7-581122bb7f2c\20210419T160000+1000_REC_76.wav,True,0,0,0,0,0,0,0,0,1,0,0,0,rain (light),-5.978292,1.4981321,0.29480287,0.66915774,-0.080863595,0.24962804,-0.029700968,0.27594104,0.049324103,0.22215666,0.08518916,0.17547634,0.1207275
11.205804,13.029182,5.4867,3,0,0,00:00.0,00:00.0,uploads\b67551bc-3737-11f0-85b7-581122bb7f2c\20210419T160000+1000_REC_77.wav,False,0,0,0,0,0,0,0,0,0,0,0,0,rain (light),-5.9366484,1.6546751,0.38943803,0.6637459,-0.10719353,0.2577579,-0.016057415,0.26519626,0.049695358,0.19712715,0.02407339,0.13054922,0.09567464
11.182623,13.074681,5.2107677,3,0,0,00:00.0,00:00.0,uploads\b67551bc-3737-11f0-85b7-581122bb7f2c\20210419T160000+1000_REC_78.wav,False,0,0,0,0,0,0,0,0,0,0,0,0,rain (light),-5.9850426,1.5040908,0.35146788,0.5867101,-0.053494453,0.24933536,0.052629065,0.25616342,0.072350465,0.21378812,0.057030912,0.14033438,0.08421734
11.033521,13.071807,4.62875,3,0,0,00:00.0,00:00.0,uploads\b67551bc-3737-11f0-85b7-581122bb7f2c\20210419T160000+1000_REC_79.wav,False,0,0,0,0,0,0,0,0,0,0,0,0,rain (light),-6.024993,1.3431976,0.3295077,0.53722155,-0.01542122,0.26022744,0.07894822,0.2392349,0.0809355,0.20331682,0.10881794,0.22201452,0.099797
11.02352,13.005989,4.426895,3,0,0,00:00.0,00:00.0,uploads\b67551bc-3737-11f0-85b7-581122bb7f2c\20210419T160000+1000_REC_80.wav,False,0,0,0,0,0,0,0,0,0,0,0,0,rain (light),-6.069273,1.1466475,0.3077923,0.4653052,0.04321251,0.23948887,0.07083819,0.21842247,0.107223034,0.2110151,0.118055336,0.16318108,0.13743025
12.018947,13.595285,5.182625,3,0,0,00:00.0,00:00.0,uploads\b67551bc-3737-11f0-85b7-581122bb7f2c\20210419T160000+1000_REC_94.wav,False,0,0,0,0,0,0,0,0,0,0,0,0,rain (light),-5.9833612,1.4693165,0.6305742,0.5591861,0.120819435,0.16020668,0.07869841,0.096937776,0.033608735,0.06612402,0.10917848,0.12646711,0.14989756
12.032153,13.601091,5.161291,3,0,0,00:00.0,00:00.0,uploads\b67551bc-3737-11f0-85b7-581122bb7f2c\20210419T160000+1000_REC_95.wav,False,0,0,0,0,0,0,0,0,0,0,0,0,rain (light),-5.95613,1.521598,0.74069786,0.5792852,0.12788622,0.04786803,-0.0147242155,-0.02734387,0.0011627752,0.03907383,0.12044486,0.1422689,0.15669455
12.026176,13.59911,5.1747994,3,0,0,00:00.0,00:00.0,uploads\b67551bc-3737-11f0-85b7-581122bb7f2c\20210419T160000+1000_REC_96.wav,False,0,0,0,0,0,0,0,0,0,0,0,0,rain (light),-5.9535236,1.5432577,0.6986615,0.6213919,0.11873399,0.1020764,0.003051682,0.035155028,9.863291e-05,0.06573333,0.08900034,0.120042354,0.16517328
12.011246,13.591085,5.198108,3,0,0,00:00.0,00:00.0,uploads\b67551bc-3737-11f0-85b7-581122bb7f2c\20210419T160000+1000_REC_97.wav,False,0,0,0,0,0,0,0,0,0,0,0,0,rain (light),-5.9688544,1.4873991,0.6794186,0.6294927,0.12372678,0.11905028,0.075600654,0.087125055,0.024156785,0.030365529,0.05752779,0.077711046,0.14785753
11.889225,13.513974,5.413528,3,0,0,00:00.0,00:00.0,uploads\b67551bc-3737-11f0-85b7-581122bb7f2c\20210419T160000+1000_REC_98.wav,False,0,0,0,0,0,0,0,0,0,0,0,0,rain (light),-5.9760466,1.47301,0.61149627,0.6389907,0.14849038,0.20706722,0.14117059,0.11106271,0.013163041,0.03607093,0.04412199,0.051503804,0.08832547
11.879303,13.510001,5.426392,3,0,0,00:00.0,00:00.0,uploads\b67551bc-3737-11f0-85b7-581122bb7f2c\20210419T160000+1000_REC_99.wav,True,0,0,0,0,1,0,0,0,0,1,0,0,rain (light),-5.9910436,1.3582892,0.6882937,0.6720709,0.20595445,0.14160307,0.15001267,0.10367797,0.058461368,0.021127429,0.046739694,0.031708587,0.07645255
11.853409,13.475554,5.4576154,3,0,0,00:00.0,00:00.0,uploads\b67551bc-3737-11f0-85b7-581122bb7f2c\20210419T160000+1000_REC_100.wav,False,0,0,0,0,0,0,0,0,0,0,0,0,rain (light),-5.995909,1.3358479,0.55204284,0.76679814,0.13162643,0.22631133,0.18090113,0.21254724,0.054629557,0.06875472,0.040425032,0.01836134,0.05859812
11.817787,13.4725065,5.555654,3,0,0,00:00.0,00:00.0,uploads\b67551bc-3737-11f0-85b7-581122bb7f2c\20210419T160000+1000_REC_101.wav,True,0,0,0,0,0,0,0,0,0,1,0,0,rain (light),-5.9617543,1.447146,0.5186085,0.8700472,0.047762994,0.19410476,0.07417104,0.2351303,-0.01694514,0.06452611,0.021668257,0.034422368,0.027786067
11.85512,13.494313,5.4717336,3,0,0,00:00.0,00:00.0,uploads\b67551bc-3737-11f0-85b7-581122bb7f2c\20210419T160000+1000_REC_102.wav,True,0,0,0,0,0,0,0,0,0,1,0,0,rain (light),-5.9967065,1.3002396,0.57080203,0.8099128,0.11725722,0.18558931,0.15116373,0.18322414,0.018217098,0.02381651,0.029403368,-0.02359857,0.03719042
11.808752,13.46118,5.571152,3,0,0,00:00.0,00:00.0,uploads\b67551bc-3737-11f0-85b7-581122bb7f2c\20210419T160000+1000_REC_103.wav,False,0,0,0,0,0,0,0,0,0,0,0,0,rain (light),-5.9920516,1.3392698,0.46063417,0.8431031,-0.027858833,0.16907966,0.0847129,0.25016195,0.027321223,0.103188775,0.047694396,0.03559831,0.04870941
11.848599,13.462033,5.4499836,3,0,0,00:00.0,00:00.0,uploads\b67551bc-3737-11f0-85b7-581122bb7f2c\20210419T160000+1000_REC_104.wav,False,0,0,0,0,0,0,0,0,0,0,0,0,rain (light),-6.0385685,1.1645441,0.4663763,0.7383236,0.09954314,0.18296477,0.19635466,0.19436821,0.052534156,0.05190785,0.10775204,0.05008842,0.07464917
11.798197,13.459307,5.6009555,3,0,0,00:00.0,00:00.0,uploads\b67551bc-3737-11f0-85b7-581122bb7f2c\20210419T160000+1000_REC_105.wav,False,0,0,0,0,0,0,0,0,0,0,0,0,rain (light),-5.989834,1.3490096,0.38500476,0.86332494,-0.04009923,0.22327195,0.08080859,0.27601233,0.047183704,0.13674508,0.035081327,0.048331104,0.050049655
11.688605,13.368225,5.7815413,3,0,0,00:00.0,00:00.0,uploads\b67551bc-3737-11f0-85b7-581122bb7f2c\20210419T160000+1000_REC_106.wav,False,0,0,0,0,0,0,0,0,0,0,0,0,rain (light),-5.963707,1.4684898,0.36877543,0.8429118,-0.1245294,0.21127538,0.08009055,0.30805245,0.028840143,0.14208402,0.011302846,0.08311121,0.049367618
11.807968,13.454872,5.5722647,3,0,0,00:00.0,00:00.0,uploads\b67551bc-3737-11f0-85b7-581122bb7f2c\20210419T160000+1000_REC_107.wav,False,0,0,0,0,0,0,0,0,0,0,0,0,rain (light),-5.997134,1.3438671,0.3992249,0.7971496,-0.09050984,0.21596693,0.12932631,0.2809613,0.051527366,0.13525516,0.059973497,0.05636979,0.06097278
11.464631,13.263036,6.7280593,3,0,0,00:00.0,00:00.0,uploads\b67551bc-3737-11f0-85b7-581122bb7f2c\20210419T160000+1000_REC_108.wav,False,0,0,0,0,0,0,0,0,0,0,0,0,rain (light),-5.903979,1.6514906,0.34553638,0.9434292,-0.16791846,0.23105697,0.07237981,0.3062854,0.012125892,0.1739594,0.028388854,0.09940757,0.02310882
11.835428,13.433592,5.4695597,3,0,0,00:00.0,00:00.0,uploads\b67551bc-3737-11f0-85b7-581122bb7f2c\20210419T160000+1000_REC_109.wav,False,0,0,0,0,0,0,0,0,0,0,0,0,rain (light),-5.9896708,1.4141207,0.45385405,0.7465804,0.06086459,0.20193744,0.13083847,0.2306963,0.092312604,0.085546285,0.08845139,0.05897245,0.061477143
11.797151,13.340206,5.44041,3,0,0,00:00.0,00:00.0,uploads\b67551bc-3737-11f0-85b7-581122bb7f2c\20210419T160000+1000_REC_110.wav,False,0,0,0,0,0,0,0,0,0,0,0,0,rain (light),-6.005332,1.3527106,0.44818473,0.7180875,-0.0041962555,0.1785662,0.109027475,0.2529888,0.10029366,0.11111829,0.08641938,0.06993369,0.103482455
11.454343,13.256564,6.7162786,3,0,0,00:00.0,00:00.0,uploads\b67551bc-3737-11f0-85b7-581122bb7f2c\20210419T160000+1000_REC_111.wav,True,0,0,0,0,0,0,0,0,1,0,0,0,rain (light),-5.921006,1.5811943,0.38913852,0.9201286,-0.15002571,0.23254202,0.01127272,0.34616885,0.031048594,0.1897151,-0.027724238,0.12534298,0.039132718
11.799941,13.30871,5.467448,3,0,0,00:00.0,00:00.0,uploads\b67551bc-3737-11f0-85b7-581122bb7f2c\20210419T160000+1000_REC_112.wav,False,0,0,0,0,0,0,0,0,0,0,0,0,rain (light),-5.9926667,1.4007531,0.44352758,0.73304147,-0.044025518,0.21072295,0.106127955,0.24263303,0.107430294,0.1461379,0.06732381,0.08898176,0.104438834
11.480267,13.140591,5.9964705,3,0,0,00:00.0,00:00.0,uploads\b67551bc-3737-11f0-85b7-581122bb7f2c\20210419T160000+1000_REC_113.wav,False,0,0,0,0,0,0,0,0,0,0,0,0,rain (light),-5.93329,1.619038,0.3974306,0.7957435,-0.099992186,0.23407021,0.043925945,0.272057,0.05698861,0.13941623,-0.003338046,0.11356411,0.07913198
11.769627,13.216264,5.4480486,3,0,0,00:00.0,00:00.0,uploads\b67551bc-3737-11f0-85b7-581122bb7f2c\20210419T160000+1000_REC_115.wav,False,0,0,0,0,0,0,0,0,0,0,0,0,rain (light),-6.010085,1.3533498,0.39011857,0.69291365,-0.010233617,0.23274551,0.12092686,0.21875854,0.111455254,0.1541216,0.10566799,0.1140761,0.13053103
11.195288,12.848379,4.5150666,3,0,0,00:00.0,00:00.0,uploads\b67551bc-3737-11f0-85b7-581122bb7f2c\20210419T160000+1000_REC_123.wav,True,0,0,0,0,0,0,0,0,1,0,0,0,rain (light),-6.057283,1.1961955,0.35485536,0.5185851,0.037654493,0.18723679,0.11005008,0.20807166,0.19444649,0.14364314,0.11904133,0.091912165,0.10953321
11.167712,13.085569,5.1624703,3,0,0,00:00.0,00:00.0,uploads\b67551bc-3737-11f0-85b7-581122bb7f2c\20210419T160000+1000_REC_126.wav,False,0,0,0,0,0,0,0,0,0,0,0,0,rain (light),-5.9813037,1.4854894,0.3040067,0.6853606,-0.07388906,0.28177285,0.06858892,0.26241142,0.09416527,0.1849429,0.07175968,0.15393578,0.09659743
11.689144,12.746544,5.563349,3,0,0,00:00.0,00:00.0,uploads\b67551bc-3737-11f0-85b7-581122bb7f2c\20210419T160000+1000_REC_129.wav,False,0,0,0,0,0,0,0,0,0,0,0,0,rain (light),-6.01683,1.3186028,0.3044315,0.69323456,-0.11054656,0.2036338,0.09191292,0.2558622,0.11870502,0.18712331,0.051286567,0.15324144,0.15501375
11.715282,12.859559,5.704945,3,0,0,00:00.0,00:00.0,uploads\b67551bc-3737-11f0-85b7-581122bb7f2c\20210419T160000+1000_REC_130.wav,False,0,0,0,0,0,0,0,0,0,0,0,0,rain (light),-5.99687,1.405072,0.3455986,0.68476856,-0.15262681,0.18535817,0.046916064,0.27609274,0.08951731,0.1665275,0.055269044,0.129369,0.09445923
11.977286,12.421531,5.7944427,3,0,0,00:00.0,00:00.0,uploads\b67551bc-3737-11f0-85b7-581122bb7f2c\20210419T160000+1000_REC_131.wav,False,0,0,0,0,0,0,0,0,0,0,0,0,rain (light),-5.961643,1.5322434,0.32007384,0.5889571,-0.3806178,0.16920193,0.10465952,0.27240527,-0.038865685,0.08853019,0.009174601,0.17988351,0.1532123
11.3271055,13.221011,6.8652887,3,0,0,00:00.0,00:00.0,uploads\b67551bc-3737-11f0-85b7-581122bb7f2c\20210419T160000+1000_REC_132.wav,False,0,0,0,0,0,0,0,0,0,0,0,0,rain (light),-5.8412786,1.851722,0.35539603,0.9125033,-0.29497,0.23219195,-0.034107644,0.33129123,-0.0499765,0.11391222,-0.02961715,0.15191197,0.023480294
11.244155,13.0943165,6.823877,3,0,0,00:00.0,00:00.0,uploads\b67551bc-3737-11f0-85b7-581122bb7f2c\20210419T160000+1000_REC_133.wav,False,0,0,0,0,0,0,0,0,0,0,0,0,rain (light),-5.8448625,1.858628,0.31997362,0.86461794,-0.32154506,0.18571241,-0.032138847,0.31954744,-0.11231715,0.06940827,-0.0435682,0.1661066,0.07810421
11.173002,12.952356,7.037136,3,0,0,00:00.0,00:00.0,uploads\b67551bc-3737-11f0-85b7-581122bb7f2c\20210419T160000+1000_REC_134.wav,False,0,0,0,0,0,0,0,0,0,0,0,0,rain (light),-5.8229175,1.9308895,0.3262267,0.86857384,-0.33771607,0.1232412,-0.08880666,0.2807354,-0.07743971,0.14263977,-0.03439233,0.106668234,0.04703347
11.181882,12.959088,7.0478697,3,0,0,00:00.0,00:00.0,uploads\b67551bc-3737-11f0-85b7-581122bb7f2c\20210419T160000+1000_REC_135.wav,False,0,0,0,0,0,0,0,0,0,0,0,0,rain (light),-5.80288,1.9839727,0.31181404,0.9322877,-0.2864443,0.13443364,-0.101079084,0.25421172,-0.064605184,0.13804083,0.017973533,0.13996655,0.037265707
11.191249,12.941852,7.00647,3,0,0,00:00.0,00:00.0,uploads\b67551bc-3737-11f0-85b7-581122bb7f2c\20210419T160000+1000_REC_136.wav,False,0,0,0,0,0,0,0,0,0,0,0,0,rain (light),-5.8911753,1.6968149,0.28724352,0.9114091,-0.30471197,0.119604774,-0.06075272,0.27826446,-0.01682051,0.19831933,0.032463405,0.14629002,0.08023196
11.192462,12.945365,7.0193152,3,0,0,00:00.0,00:00.0,uploads\b67551bc-3737-11f0-85b7-581122bb7f2c\20210419T160000+1000_REC_137.wav,False,0,0,0,0,0,0,0,0,0,0,0,0,rain (light),-5.8796573,1.7215805,0.30442178,0.9093225,-0.37967968,0.10227288,-0.05215903,0.24123451,-0.0255628,0.21014178,0.037518125,0.12748706,0.061595757
11.316206,13.157039,6.5855784,3,0,0,00:00.0,00:00.0,uploads\b67551bc-3737-11f0-85b7-581122bb7f2c\20210419T160000+1000_REC_138.wav,False,0,0,0,0,0,0,0,0,0,0,0,0,rain (light),-5.888498,1.6877632,0.26447484,0.85724705,-0.4137835,0.24390839,0.004767639,0.28369123,-0.13686562,0.17410778,0.06545005,0.22535865,0.10140415
11.245597,13.003482,7.023156,3,0,0,00:00.0,00:00.0,uploads\b67551bc-3737-11f0-85b7-581122bb7f2c\20210419T160000+1000_REC_139.wav,False,0,0,0,0,0,0,0,0,0,0,0,0,rain (light),-5.89393,1.6312985,0.3236239,0.95364386,-0.36537814,0.15582612,-0.07801397,0.30629933,-0.061743177,0.20807959,0.024556084,0.13782765,0.09344938
11.135883,12.881724,6.945343,3,0,0,00:00.0,00:00.0,uploads\b67551bc-3737-11f0-85b7-581122bb7f2c\20210419T160000+1000_REC_140.wav,True,0,0,0,0,0,0,0,0,1,0,0,0,rain (light),-5.861433,1.8300332,0.29105008,0.8654824,-0.2552132,0.21108142,-0.08648356,0.25571185,-0.010519158,0.21099594,0.011151346,0.13560875,0.07728427
11.14881,12.9067745,6.943165,3,0,0,00:00.0,00:00.0,uploads\b67551bc-3737-11f0-85b7-581122bb7f2c\20210419T160000+1000_REC_141.wav,False,0,0,0,0,0,0,0,0,0,0,0,0,rain (light),-5.85249,1.8859143,0.25636026,0.8066339,-0.28086215,0.2030561,-0.055559464,0.2821983,0.00480789,0.18863691,0.0070151393,0.14777847,0.10416018
11.176618,12.950321,7.0369973,3,0,0,00:00.0,00:00.0,uploads\b67551bc-3737-11f0-85b7-581122bb7f2c\20210419T160000+1000_REC_142.wav,False,0,0,0,0,0,0,0,0,0,0,0,0,rain (light),-5.8174343,1.9209491,0.2785631,0.9354191,-0.37876126,0.11959594,-0.053329214,0.30434576,-0.001199518,0.18218061,0.004502343,0.14573455,0.059819736
11.229397,13.004754,7.059481,3,0,0,00:00.0,00:00.0,uploads\b67551bc-3737-11f0-85b7-581122bb7f2c\20210419T160000+1000_REC_148.wav,False,0,0,0,0,0,0,0,0,0,0,0,0,rain (light),-5.8643513,1.6682595,0.3265527,1.0735989,-0.3362808,0.19382708,-0.11458508,0.3457622,-0.06970016,0.18243659,-0.0096968915,0.103681624,0.039095875
11.259171,13.043999,6.9986076,3,0,0,00:00.0,00:00.0,uploads\b67551bc-3737-11f0-85b7-581122bb7f2c\20210419T160000+1000_REC_150.wav,False,0,0,0,0,0,0,0,0,0,0,0,0,rain (light),-5.848397,1.7529491,0.32514015,1.0268068,-0.3752897,0.20712687,-0.07442771,0.2831502,-0.10465791,0.19262514,0.034841478,0.14870128,0.033445004
11.22004,12.955238,7.027222,3,0,0,00:00.0,00:00.0,uploads\b67551bc-3737-11f0-85b7-581122bb7f2c\20210419T160000+1000_REC_151.wav,False,0,0,0,0,0,0,0,0,0,0,0,0,rain (light),-5.895328,1.6578639,0.34144193,0.9390935,-0.28918964,0.14949417,-0.04661947,0.2838085,-0.052591976,0.21355513,0.029004673,0.12855342,0.030459626
11.502834,12.801335,6.186609,3,0,0,00:00.0,00:00.0,uploads\b67551bc-3737-11f0-85b7-581122bb7f2c\20210419T160000+1000_REC_152.wav,False,0,0,0,0,0,0,0,0,0,0,0,0,rain (light),-5.9486966,1.5264579,0.2415448,0.8612182,-0.18141544,0.1876516,0.017045252,0.32620248,0.019116124,0.19377537,0.070417106,0.17754671,0.108692676
11.1814165,12.9188,6.9681187,3,0,0,00:00.0,00:00.0,uploads\b67551bc-3737-11f0-85b7-581122bb7f2c\20210419T160000+1000_REC_153.wav,False,0,0,0,0,0,0,0,0,0,0,0,0,rain (light),-5.896761,1.7114007,0.20414771,0.890927,-0.23164366,0.14504784,-0.02657311,0.30048338,-0.019826945,0.19045581,0.0864338,0.15207504,0.07665831
11.704039,12.695214,5.625402,3,0,0,00:00.0,00:00.0,uploads\b67551bc-3737-11f0-85b7-581122bb7f2c\20210419T160000+1000_REC_154.wav,False,0,0,0,0,0,0,0,0,0,0,0,0,rain (light),-6.0131707,1.3135364,0.21629539,0.75403154,-0.13358895,0.1497406,0.03748842,0.2617353,0.044237964,0.18032154,0.13018984,0.17615417,0.12791868
11.175972,12.928928,7.0020056,3,0,0,00:00.0,00:00.0,uploads\b67551bc-3737-11f0-85b7-581122bb7f2c\20210419T160000+1000_REC_155.wav,False,0,0,0,0,0,0,0,0,0,0,0,0,rain (light),-5.882015,1.7293762,0.29636306,0.9331822,-0.27712014,0.13188311,-0.03042649,0.26251408,-0.0264081,0.15630373,0.04339066,0.17501256,0.12711884
11.166074,12.934373,6.974263,3,0,0,00:00.0,00:00.0,uploads\b67551bc-3737-11f0-85b7-581122bb7f2c\20210419T160000+1000_REC_156.wav,False,0,0,0,0,0,0,0,0,0,0,0,0,rain (light),-5.884011,1.713533,0.32269198,0.9126448,-0.32798904,0.12977614,-0.009842155,0.29553115,0.030688656,0.22953938,0.05217308,0.17094189,0.065267794
11.648512,12.725037,5.9141355,3,0,0,00:00.0,00:00.0,uploads\b67551bc-3737-11f0-85b7-581122bb7f2c\20210419T160000+1000_REC_157.wav,False,0,0,0,0,0,0,0,0,0,0,0,0,rain (light),-5.984819,1.4338903,0.23513617,0.7721709,-0.15403056,0.18283719,0.05238418,0.25360802,0.013573573,0.17669964,0.07533551,0.16298825,0.11207251
11.693917,12.803547,5.7504687,3,0,0,00:00.0,00:00.0,uploads\b67551bc-3737-11f0-85b7-581122bb7f2c\20210419T160000+1000_REC_158.wav,False,0,0,0,0,0,0,0,0,0,0,0,0,rain (light),-5.9868045,1.4625579,0.32214278,0.69666064,-0.07981083,0.2038717,0.04764388,0.23222747,0.07635003,0.20560353,0.08199225,0.15332666,0.10235326
11.74311,12.739108,5.8425684,3,0,0,00:00.0,00:00.0,uploads\b67551bc-3737-11f0-85b7-581122bb7f2c\20210419T160000+1000_REC_159.wav,False,0,0,0,0,0,0,0,0,0,0,0,0,rain (light),-5.958363,1.5479614,0.352169,0.7133798,-0.18768477,0.19009104,-0.05506741,0.24754678,0.07529788,0.17297433,0.017694328,0.110413894,0.10449674
11.1627245,12.935868,7.019635,3,0,0,00:00.0,00:00.0,uploads\b67551bc-3737-11f0-85b7-581122bb7f2c\20210419T160000+1000_REC_160.wav,False,0,0,0,0,0,0,0,0,0,0,0,0,rain (light),-5.824765,1.9492304,0.33871964,0.799534,-0.32574618,0.1384507,-0.13473387,0.2728095,0.015099318,0.18856676,-0.09162899,0.110035956,0.06717443
11.1634035,12.924056,6.9611173,3,0,0,00:00.0,00:00.0,uploads\b67551bc-3737-11f0-85b7-581122bb7f2c\20210419T160000+1000_REC_161.wav,False,0,0,0,0,0,0,0,0,0,0,0,0,rain (light),-5.873647,1.8230456,0.35496357,0.7779829,-0.23235434,0.18006055,-0.05654384,0.28428784,0.01671656,0.17457166,-0.038744573,0.13205856,0.054217324
11.160267,12.9090805,6.9587073,3,0,0,00:00.0,00:00.0,uploads\b67551bc-3737-11f0-85b7-581122bb7f2c\20210419T160000+1000_REC_162.wav,False,0,0,0,0,0,0,0,0,0,0,0,0,rain (light),-5.88456,1.7926685,0.2990376,0.8125925,-0.2029804,0.18376163,-0.035600428,0.25416014,0.03646009,0.18908559,0.037468232,0.13148311,0.059415564
11.477261,12.863743,6.1741195,3,0,0,00:00.0,00:00.0,uploads\b67551bc-3737-11f0-85b7-581122bb7f2c\20210419T160000+1000_REC_163.wav,False,0,0,0,0,0,0,0,0,0,0,0,0,rain (light),-5.934936,1.6239212,0.2613909,0.8072772,-0.12969315,0.20838074,0.03658136,0.2529554,0.029855309,0.22553904,0.07285722,0.16040891,0.076332174
11.158778,12.90096,6.9581375,3,0,0,00:00.0,00:00.0,uploads\b67551bc-3737-11f0-85b7-581122bb7f2c\20210419T160000+1000_REC_164.wav,False,0,0,0,0,0,0,0,0,0,0,0,0,rain (light),-5.890701,1.7499144,0.32724047,0.83836573,-0.22576495,0.16641374,-0.023125138,0.2576489,-0.011620706,0.18878865,0.061433,0.17812116,0.07721893
11.444098,12.875782,6.307264,3,0,0,00:00.0,00:00.0,uploads\b67551bc-3737-11f0-85b7-581122bb7f2c\20210419T160000+1000_REC_165.wav,False,0,0,0,0,0,0,0,0,0,0,0,0,rain (light),-5.9254603,1.6314973,0.28273508,0.8480519,-0.14542244,0.18544762,0.039452437,0.30874476,0.0244691,0.22763832,0.088385805,0.14232504,0.06592984
11.589566,12.756588,5.9848533,3,0,0,00:00.0,00:00.0,uploads\b67551bc-3737-11f0-85b7-581122bb7f2c\20210419T160000+1000_REC_166.wav,True,0,0,0,0,0,0,0,0,1,0,0,0,rain (light),-5.9504337,1.5937831,0.30531713,0.74240005,-0.08547448,0.22045386,0.04710595,0.24889326,0.019232465,0.19008593,0.06367916,0.15345964,0.121382765
11.464761,12.887308,6.183322,3,0,0,00:00.0,00:00.0,uploads\b67551bc-3737-11f0-85b7-581122bb7f2c\20210419T160000+1000_REC_167.wav,False,0,0,0,0,0,0,0,0,0,0,0,0,rain (light),-5.9294567,1.6615912,0.31199893,0.7546633,-0.112087294,0.20567913,0.06372254,0.28647912,0.07974641,0.21794827,0.08397685,0.18320614,0.0715352
11.51658,12.772645,5.9888864,3,0,0,00:00.0,00:00.0,uploads\b67551bc-3737-11f0-85b7-581122bb7f2c\20210419T160000+1000_REC_168.wav,False,0,0,0,0,0,0,0,0,0,0,0,0,rain (light),-5.9316745,1.675661,0.25577268,0.73280305,-0.07714175,0.23877105,0.018141268,0.22684161,0.040573634,0.23487942,0.04539401,0.11836387,0.088568196
11.758062,12.840608,5.6514487,3,0,0,00:00.0,00:00.0,uploads\b67551bc-3737-11f0-85b7-581122bb7f2c\20210419T160000+1000_REC_169.wav,False,0,0,0,0,0,0,0,0,0,0,0,0,rain (light),-5.9947085,1.448992,0.31504562,0.6141743,-0.13187179,0.14367943,0.020187775,0.25127202,0.108027674,0.25357348,0.12353843,0.16522287,0.078022555
11.517798,12.8094425,6.0942307,3,0,0,00:00.0,00:00.0,uploads\b67551bc-3737-11f0-85b7-581122bb7f2c\20210419T160000+1000_REC_171.wav,False,0,0,0,0,0,0,0,0,0,0,0,0,rain (light),-5.946133,1.5818363,0.297629,0.7808144,-0.11521608,0.23367998,0.041290555,0.30046144,0.011298549,0.20677273,0.08625838,0.16257262,0.100932226
11.485589,13.127084,5.858646,3,0,0,00:00.0,00:00.0,uploads\b67551bc-3737-11f0-85b7-581122bb7f2c\20210419T160000+1000_REC_172.wav,False,0,0,0,0,0,0,0,0,0,0,0,0,rain (light),-5.9764194,1.4761416,0.29841545,0.7487412,-0.116186745,0.2453331,0.06562563,0.2713114,0.029124359,0.17583431,0.05593992,0.13054378,0.07317911
11.368112,13.195203,6.524014,3,0,0,00:00.0,00:00.0,uploads\b67551bc-3737-11f0-85b7-581122bb7f2c\20210419T160000+1000_REC_173.wav,False,0,0,0,0,0,0,0,0,0,0,0,0,rain (light),-5.9369802,1.5803117,0.33120778,0.8407439,-0.13998935,0.21395957,0.03307679,0.31983316,-0.022807986,0.16283318,0.016463242,0.10715408,0.1058671
11.442889,12.89606,6.318372,3,0,0,00:00.0,00:00.0,uploads\b67551bc-3737-11f0-85b7-581122bb7f2c\20210419T160000+1000_REC_174.wav,False,0,0,0,0,0,0,0,0,0,0,0,0,rain (light),-5.9368143,1.5919545,0.36296386,0.8206466,-0.13620716,0.20621708,0.02373633,0.29308465,0.01247191,0.18761976,0.06833952,0.1375707,0.069285035
11.532168,12.819825,6.0251055,3,0,0,00:00.0,00:00.0,uploads\b67551bc-3737-11f0-85b7-581122bb7f2c\20210419T160000+1000_REC_175.wav,False,0,0,0,0,0,0,0,0,0,0,0,0,rain (light),-5.942789,1.5984068,0.34999293,0.7701089,-0.055182707,0.27751395,0.05463076,0.2563506,-0.012452089,0.17033319,0.05703187,0.19601235,0.1062898
11.337172,13.237818,6.5283546,3,0,0,00:00.0,00:00.0,uploads\b67551bc-3737-11f0-85b7-581122bb7f2c\20210419T160000+1000_REC_176.wav,False,0,0,0,0,0,0,0,0,0,0,0,0,rain (light),-5.8997173,1.7116151,0.45219278,0.8262615,-0.13900633,0.21802732,-0.00084719574,0.278097,-0.02189956,0.16076303,0.037334464,0.13522871,0.076633774
11.702525,12.752876,5.7604213,3,0,0,00:00.0,00:00.0,uploads\b67551bc-3737-11f0-85b7-581122bb7f2c\20210419T160000+1000_REC_177.wav,False,0,0,0,0,0,0,0,0,0,0,0,0,rain (light),-6.013222,1.365569,0.34051755,0.6261908,-0.060308553,0.21691601,0.01611026,0.22061668,0.057480335,0.2058186,0.08623795,0.18415709,0.12753679
11.566269,12.782688,5.9721437,3,0,0,00:00.0,00:00.0,uploads\b67551bc-3737-11f0-85b7-581122bb7f2c\20210419T160000+1000_REC_178.wav,False,0,0,0,0,0,0,0,0,0,0,0,0,rain (light),-5.947877,1.6153437,0.32524416,0.69745654,-0.079680555,0.25193086,0.0294,0.24480914,0.019864202,0.2020469,0.06076159,0.17620678,0.10590768
11.677486,12.764693,5.8260493,3,0,0,00:00.0,00:00.0,uploads\b67551bc-3737-11f0-85b7-581122bb7f2c\20210419T160000+1000_REC_179.wav,False,0,0,0,0,0,0,0,0,0,0,0,0,rain (light),-5.9712663,1.5251006,0.3666515,0.66502607,-0.107298546,0.23020329,0.009156862,0.25162065,0.06276464,0.19981033,0.06460615,0.15855742,0.111286595
11.45964,13.038703,5.853824,3,0,0,00:00.0,00:00.0,uploads\b67551bc-3737-11f0-85b7-581122bb7f2c\20210419T160000+1000_REC_180.wav,True,0,0,0,0,0,0,0,0,1,0,0,0,rain (light),-5.972797,1.4987808,0.32237822,0.7282019,-0.122571945,0.22488615,0.030532205,0.256592,0.062454093,0.19597577,0.067624986,0.15118295,0.06678439
11.4224415,12.842347,6.3699727,3,0,0,00:00.0,00:00.0,uploads\b67551bc-3737-11f0-85b7-581122bb7f2c\20210419T160000+1000_REC_183.wav,False,0,0,0,0,0,0,0,0,0,0,0,0,rain (light),-5.936938,1.581991,0.30947134,0.8522562,-0.15595429,0.16080846,-0.019456934,0.27989158,0.001794874,0.20417605,0.06302198,0.11990602,0.083527006
11.632352,12.896881,5.888699,3,0,0,00:00.0,00:00.0,uploads\b67551bc-3737-11f0-85b7-581122bb7f2c\20210419T160000+1000_REC_184.wav,False,0,0,0,0,0,0,0,0,0,0,0,0,rain (light),-5.995395,1.3544723,0.27340245,0.79610884,-0.18859048,0.14263436,0.035558663,0.31486583,0.05157624,0.1625391,0.046882782,0.09863164,0.0689097
11.695946,12.735469,5.559641,3,0,0,00:00.0,00:00.0,uploads\b67551bc-3737-11f0-85b7-581122bb7f2c\20210419T160000+1000_REC_185.wav,False,0,0,0,0,0,0,0,0,0,0,0,0,rain (light),-6.0282965,1.2650138,0.2874461,0.70103836,-0.10747099,0.17165324,0.062656246,0.24592827,0.078432,0.17122993,0.07920378,0.1291685,0.12735432
11.690449,12.779891,5.563708,3,0,0,00:00.0,00:00.0,uploads\b67551bc-3737-11f0-85b7-581122bb7f2c\20210419T160000+1000_REC_186.wav,False,0,0,0,0,0,0,0,0,0,0,0,0,rain (light),-6.040771,1.2141047,0.29953212,0.67622656,-0.056913443,0.21506004,0.089645796,0.25149858,0.06423593,0.14923534,0.09232818,0.12635897,0.13119242
11.225201,12.920599,4.6683316,3,0,0,00:00.0,00:00.0,uploads\b67551bc-3737-11f0-85b7-581122bb7f2c\20210419T160000+1000_REC_190.wav,False,0,0,0,0,0,0,0,0,0,0,0,0,rain (light),-6.0505652,1.20155,0.36243764,0.5887366,0.0077918624,0.2010332,0.11617455,0.21883078,0.14443094,0.14808534,0.08122095,0.093588166,0.09109474
11.185841,13.072439,5.282546,3,0,0,00:00.0,00:00.0,uploads\b67551bc-3737-11f0-85b7-581122bb7f2c\20210419T160000+1000_REC_191.wav,False,0,0,0,0,0,0,0,0,0,0,0,0,rain (light),-5.9888067,1.4626135,0.34189805,0.64585906,-0.060601436,0.28833622,0.034495223,0.23001963,0.039306443,0.15949975,-0.0044208425,0.11967324,0.05620777
11.069705,13.002967,4.5085015,3,0,0,00:00.0,00:00.0,uploads\b67551bc-3737-11f0-85b7-581122bb7f2c\20210419T160000+1000_REC_193.wav,False,0,0,0,0,0,0,0,0,0,0,0,0,rain (light),-6.0598764,1.1750829,0.3685049,0.5129234,0.05911339,0.25104302,0.10186768,0.22964779,0.073132865,0.14368682,0.0857071,0.112845436,0.08017912
11.190392,13.062923,5.288067,3,0,0,00:00.0,00:00.0,uploads\b67551bc-3737-11f0-85b7-581122bb7f2c\20210419T160000+1000_REC_194.wav,False,0,0,0,0,0,0,0,0,0,0,0,0,rain (light),-5.9778614,1.5118308,0.39457873,0.6291114,0.0023440237,0.28264073,0.032312483,0.25795916,0.07021945,0.17170826,0.017111778,0.14367168,0.07805498
11.191071,13.060734,5.2542844,3,0,0,00:00.0,00:00.0,uploads\b67551bc-3737-11f0-85b7-581122bb7f2c\20210419T160000+1000_REC_196.wav,False,0,0,0,0,0,0,0,0,0,0,0,0,rain (light),-5.983614,1.4845085,0.373088,0.64697886,-0.012706462,0.27542287,0.039719168,0.2524802,0.09467451,0.19379371,0.027722528,0.1443642,0.070798844
11.022528,13.035312,4.4859314,3,0,0,00:00.0,00:00.0,uploads\b67551bc-3737-11f0-85b7-581122bb7f2c\20210419T160000+1000_REC_197.wav,False,0,0,0,0,0,0,0,0,0,0,0,0,rain (light),-6.051394,1.2069257,0.34045953,0.5600119,0.061984636,0.25801226,0.10254656,0.23807038,0.099067725,0.17447188,0.09486882,0.1618324,0.12548494
11.008774,13.045017,4.4746327,3,0,0,00:00.0,00:00.0,uploads\b67551bc-3737-11f0-85b7-581122bb7f2c\20210419T160000+1000_REC_198.wav,False,0,0,0,0,0,0,0,0,0,0,0,0,rain (light),-6.0656075,1.1152998,0.3233892,0.5696735,0.01373545,0.27385595,0.14393735,0.251556,0.10391341,0.18191378,0.12323873,0.1437121,0.14331442
11.615206,12.892978,5.7036853,3,0,0,00:00.0,00:00.0,uploads\b67551bc-3737-11f0-85b7-581122bb7f2c\20210419T160000+1000_REC_199.wav,False,0,0,0,0,0,0,0,0,0,0,0,0,rain (light),-6.0181828,1.3076514,0.35194698,0.692155,-0.041062534,0.21558784,0.078956835,0.29062548,0.069729075,0.21062158,0.086839825,0.13802558,0.08660432
11.578625,12.938166,5.779282,3,0,0,00:00.0,00:00.0,uploads\b67551bc-3737-11f0-85b7-581122bb7f2c\20210419T160000+1000_REC_200.wav,False,0,0,0,0,0,0,0,0,0,0,0,0,rain (light),-5.9993587,1.3653847,0.33087984,0.7435767,-0.0943158,0.21378216,0.06034807,0.33405742,0.047185272,0.16993928,0.04925779,0.1394933,0.094295345
11.4686,13.178146,5.876857,3,0,0,00:00.0,00:00.0,uploads\b67551bc-3737-11f0-85b7-581122bb7f2c\20210419T160000+1000_REC_201.wav,False,0,0,0,0,0,0,0,0,0,0,0,0,rain (light),-5.9560347,1.5207499,0.33410388,0.7856309,-0.17242129,0.25237542,0.07105117,0.3149305,-0.023227088,0.16221887,0.046389677,0.15038255,0.06980059
11.2657175,12.97162,6.9138255,3,0,0,00:00.0,00:00.0,uploads\b67551bc-3737-11f0-85b7-581122bb7f2c\20210419T160000+1000_REC_202.wav,False,0,0,0,0,0,0,0,0,0,0,0,0,rain (light),-5.9247766,1.546477,0.35082537,0.94763434,-0.24621448,0.11123541,-0.0065670866,0.36022288,-0.010653505,0.13080269,0.039603557,0.11443169,0.05656206
11.322878,13.163936,6.5725245,3,0,0,00:00.0,00:00.0,uploads\b67551bc-3737-11f0-85b7-581122bb7f2c\20210419T160000+1000_REC_203.wav,False,0,0,0,0,0,0,0,0,0,0,0,0,rain (light),-5.8762865,1.7072579,0.3130443,0.9580663,-0.2942766,0.22668473,-0.0049933614,0.3479045,-0.09506529,0.13879223,-0.047429435,0.13931684,0.10921283
11.357935,13.037492,6.7799616,3,0,0,00:00.0,00:00.0,uploads\b67551bc-3737-11f0-85b7-581122bb7f2c\20210419T160000+1000_REC_204.wav,False,0,0,0,0,0,0,0,0,0,0,0,0,rain (light),-5.936686,1.5225956,0.29564807,0.95102715,-0.14829612,0.1769374,-0.0073679728,0.3306281,-0.045647755,0.13670489,0.059376236,0.13054714,0.035715897
11.451064,13.251157,6.72275,3,0,0,00:00.0,00:00.0,uploads\b67551bc-3737-11f0-85b7-581122bb7f2c\20210419T160000+1000_REC_205.wav,False,0,0,0,0,0,0,0,0,0,0,0,0,rain (light),-5.9163194,1.611183,0.3511942,0.89598686,-0.20893446,0.26311213,-0.020317242,0.2947643,-0.009422855,0.19626252,-0.016357983,0.10660183,0.04921768
11.365205,13.19158,6.511352,3,0,0,00:00.0,00:00.0,uploads\b67551bc-3737-11f0-85b7-581122bb7f2c\20210419T160000+1000_REC_206.wav,False,0,0,0,0,0,0,0,0,0,0,0,0,rain (light),-5.924495,1.5782279,0.39699388,0.88193566,-0.22909172,0.2378269,0.05375588,0.29949766,-0.024161357,0.18290243,-0.021388412,0.13853738,0.08678094
11.442145,13.173245,6.7270517,3,0,0,00:00.0,00:00.0,uploads\b67551bc-3737-11f0-85b7-581122bb7f2c\20210419T160000+1000_REC_207.wav,False,0,0,0,0,0,0,0,0,0,0,0,0,rain (light),-5.9238157,1.5531251,0.31475493,0.94528896,-0.24492033,0.21815725,0.0017300227,0.3314715,-0.000670551,0.2214339,0.05518475,0.14751855,0.04211052
11.446172,13.242295,6.718398,3,0,0,00:00.0,00:00.0,uploads\b67551bc-3737-11f0-85b7-581122bb7f2c\20210419T160000+1000_REC_208.wav,False,0,0,0,0,0,0,0,0,0,0,0,0,rain (light),-5.908063,1.6327742,0.33456585,0.9258415,-0.19604369,0.22423397,-0.01759983,0.33453742,0.017906252,0.19608125,-0.0061552553,0.13045797,0.048849303
11.477286,13.174123,5.8684773,3,0,0,00:00.0,00:00.0,uploads\b67551bc-3737-11f0-85b7-581122bb7f2c\20210419T160000+1000_REC_209.wav,False,0,0,0,0,0,0,0,0,0,0,0,0,rain (light),-5.9717665,1.5007254,0.24860725,0.7351605,-0.12259306,0.301158,0.054014042,0.24034813,-0.012383382,0.18109645,0.046060205,0.124371044,0.064568296
11.533919,12.874536,5.9748416,3,0,0,00:00.0,00:00.0,uploads\b67551bc-3737-11f0-85b7-581122bb7f2c\20210419T160000+1000_REC_210.wav,False,0,0,0,0,0,0,0,0,0,0,0,0,rain (light),-5.975881,1.4421449,0.3626492,0.80052567,-0.09302738,0.24961239,0.06694093,0.2704614,-0.0025528448,0.17251281,0.055567347,0.15500101,0.108711235
11.616123,12.886169,5.690406,3,0,0,00:00.0,00:00.0,uploads\b67551bc-3737-11f0-85b7-581122bb7f2c\20210419T160000+1000_REC_211.wav,True,0,0,0,0,0,0,0,0,1,0,0,0,rain (light),-6.025125,1.2600017,0.30183452,0.7125911,-0.08580928,0.23173943,0.06860647,0.3041483,0.06595912,0.21109962,0.051794037,0.11194006,0.118596174
11.454984,13.129097,5.769652,3,0,0,00:00.0,00:00.0,uploads\b67551bc-3737-11f0-85b7-581122bb7f2c\20210419T160000+1000_REC_212.wav,False,0,0,0,0,0,0,0,0,0,0,0,0,rain (light),-5.9861193,1.4650058,0.29415852,0.65205747,-0.11750236,0.24467279,0.081291795,0.34083351,0.08066813,0.18733895,0.021304091,0.12132168,0.05750389
11.39767,13.11003,5.717699,3,0,0,00:00.0,00:00.0,uploads\b67551bc-3737-11f0-85b7-581122bb7f2c\20210419T160000+1000_REC_213.wav,False,0,0,0,0,0,0,0,0,0,0,0,0,rain (light),-5.9762883,1.5168973,0.28422982,0.66034186,-0.08505308,0.23128334,0.04066193,0.30441743,0.08286606,0.1999174,0.0524504,0.11996414,0.0446984
11.470767,13.150815,5.810868,3,0,0,00:00.0,00:00.0,uploads\b67551bc-3737-11f0-85b7-581122bb7f2c\20210419T160000+1000_REC_214.wav,False,0,0,0,0,0,0,0,0,0,0,0,0,rain (light),-5.9865055,1.4307953,0.29096127,0.72334814,-0.10127227,0.26009387,0.11122631,0.3604198,0.036853485,0.16542645,0.04852384,0.100421414,0.046719864
11.474644,13.1516075,5.8255754,3,0,0,00:00.0,00:00.0,uploads\b67551bc-3737-11f0-85b7-581122bb7f2c\20210419T160000+1000_REC_215.wav,False,0,0,0,0,0,0,0,0,0,0,0,0,rain (light),-5.981834,1.4482216,0.31268647,0.7414355,-0.07751138,0.2586121,0.074871466,0.33614013,0.058971345,0.16502382,0.020191731,0.10431892,0.07278207
11.543102,12.928367,5.853964,3,0,0,00:00.0,00:00.0,uploads\b67551bc-3737-11f0-85b7-581122bb7f2c\20210419T160000+1000_REC_216.wav,False,0,0,0,0,0,0,0,0,0,0,0,0,rain (light),-5.9825864,1.4583299,0.3168013,0.71920884,-0.10736567,0.2342808,0.05740691,0.29543644,0.041098043,0.1724685,0.055178456,0.16387843,0.094159536
11.59512,12.701379,6.28689,3,0,0,00:00.0,00:00.0,uploads\b67551bc-3737-11f0-85b7-581122bb7f2c\20210419T160000+1000_REC_217.wav,True,0,1,0,0,0,0,0,0,1,0,0,0,rain (light),-5.932729,1.5870715,0.37416103,0.8191048,-0.20188916,0.27748215,0.045104627,0.27778175,0.02748557,0.23025435,0.028827278,0.13101022,0.12999229
11.494887,13.16782,5.8730836,3,0,0,00:00.0,00:00.0,uploads\b67551bc-3737-11f0-85b7-581122bb7f2c\20210419T160000+1000_REC_218.wav,False,0,0,0,0,0,0,0,0,0,0,0,0,rain (light),-5.9717064,1.4691275,0.34114075,0.77584684,-0.13035236,0.26709172,0.054942515,0.278848,0.03769929,0.18359563,0.031964365,0.14366797,0.061004475
11.4680395,13.251339,6.727596,3,0,0,00:00.0,00:00.0,uploads\b67551bc-3737-11f0-85b7-581122bb7f2c\20210419T160000+1000_REC_219.wav,False,0,0,0,0,0,0,0,0,0,0,0,0,rain (light),-5.9301767,1.582657,0.3901847,0.8624195,-0.18160269,0.23982382,0.01827665,0.2684405,0.0135971755,0.19121422,0.020462487,0.117413275,0.031031912
11.480805,13.17071,5.8638916,3,0,0,00:00.0,00:00.0,uploads\b67551bc-3737-11f0-85b7-581122bb7f2c\20210419T160000+1000_REC_220.wav,False,0,0,0,0,0,0,0,0,0,0,0,0,rain (light),-5.9697404,1.4788854,0.33109742,0.78909403,-0.097395316,0.25908002,0.057984486,0.28651297,0.00993127,0.16196088,0.049397312,0.11839661,0.052974712
11.475186,13.184763,5.8676558,3,0,0,00:00.0,00:00.0,uploads\b67551bc-3737-11f0-85b7-581122bb7f2c\20210419T160000+1000_REC_221.wav,False,0,0,0,0,0,0,0,0,0,0,0,0,rain (light),-5.9676356,1.4770904,0.29345262,0.809494,-0.09053526,0.2745732,0.025144015,0.30379012,-0.0070972657,0.17207657,0.040991884,0.11239571,0.05625977
11.567929,13.263069,6.070379,3,0,0,00:00.0,00:00.0,uploads\b67551bc-3737-11f0-85b7-581122bb7f2c\20210419T160000+1000_REC_222.wav,False,0,0,0,0,0,0,0,0,0,0,0,0,rain (light),-5.954296,1.5193793,0.32858542,0.82849777,-0.11853151,0.21736078,0.022614498,0.32137835,0.029961145,0.1719385,0.017225234,0.08457334,0.04043214
11.548151,13.120967,5.9551673,3,0,0,00:00.0,00:00.0,uploads\b67551bc-3737-11f0-85b7-581122bb7f2c\20210419T160000+1000_REC_223.wav,False,0,0,0,0,0,0,0,0,0,0,0,0,rain (light),-5.977298,1.4408981,0.3424465,0.7972897,-0.098007634,0.213466,0.017170275,0.30180815,0.02776366,0.13447401,0.017554156,0.10981185,0.08053665
11.506844,13.137103,5.888609,3,0,0,00:00.0,00:00.0,uploads\b67551bc-3737-11f0-85b7-581122bb7f2c\20210419T160000+1000_REC_224.wav,True,0,0,0,0,0,0,0,0,1,0,0,0,rain (light),-5.9629784,1.5266589,0.34415552,0.7405313,-0.088009186,0.24798837,0.036788568,0.31800807,0.06570051,0.18234196,0.023112938,0.096697055,0.07584001
11.448506,13.033219,5.636745,3,0,0,00:00.0,00:00.0,uploads\b67551bc-3737-11f0-85b7-581122bb7f2c\20210419T160000+1000_REC_225.wav,False,0,0,0,0,0,0,0,0,0,0,0,0,rain (light),-6.006072,1.3758124,0.33495364,0.664656,-0.06747028,0.24156165,0.08537814,0.30265218,0.066975705,0.20145509,0.05944435,0.12962617,0.07490523
11.564738,12.860605,5.9629645,3,0,0,00:00.0,00:00.0,uploads\b67551bc-3737-11f0-85b7-581122bb7f2c\20210419T160000+1000_REC_226.wav,False,0,0,0,0,0,0,0,0,0,0,0,0,rain (light),-5.9790382,1.4641551,0.36299455,0.72308147,-0.07407934,0.2881982,0.041592695,0.282014,0.014889441,0.14820641,0.07331133,0.15059453,0.11067968
11.024482,13.032792,4.458316,3,0,0,00:00.0,00:00.0,uploads\b67551bc-3737-11f0-85b7-581122bb7f2c\20210419T160000+1000_REC_228.wav,False,0,0,0,0,0,0,0,0,0,0,0,0,rain (light),-6.0696974,1.1203066,0.31543735,0.51893115,0.027390266,0.2435736,0.10389872,0.25220525,0.121272005,0.1911348,0.10070512,0.13423145,0.13367267
11.237894,13.069675,5.229055,3,0,0,00:00.0,00:00.0,uploads\b67551bc-3737-11f0-85b7-581122bb7f2c\20210419T160000+1000_REC_229.wav,False,0,0,0,0,0,0,0,0,0,0,0,0,rain (light),-5.991179,1.447984,0.35797638,0.65018076,-0.0359361,0.26156327,0.033795003,0.29291874,0.07672798,0.20535368,0.06815849,0.12478127,0.07686277
11.009999,13.065078,4.529913,3,0,0,00:00.0,00:00.0,uploads\b67551bc-3737-11f0-85b7-581122bb7f2c\20210419T160000+1000_REC_230.wav,True,0,0,0,0,0,0,0,0,1,0,0,0,rain (light),-6.044846,1.2316508,0.33591068,0.5513249,-0.010780858,0.25257003,0.11737736,0.2931859,0.10356498,0.20653255,0.089533195,0.17498462,0.12301847
11.003935,12.995908,4.3720927,3,0,0,00:00.0,00:00.0,uploads\b67551bc-3737-11f0-85b7-581122bb7f2c\20210419T160000+1000_REC_235.wav,False,0,0,0,0,0,0,0,0,0,0,0,0,rain (light),-6.0598125,1.1914569,0.37396145,0.44190636,0.06392433,0.26097533,0.13033994,0.2607717,0.12927467,0.15585195,0.0881815,0.1376327,0.16090183
11.051941,12.99117,4.4529486,3,0,0,00:00.0,00:00.0,uploads\b67551bc-3737-11f0-85b7-581122bb7f2c\20210419T160000+1000_REC_236.wav,False,0,0,0,0,0,0,0,0,0,0,0,0,rain (light),-6.063104,1.1719693,0.38681155,0.47339916,0.041412257,0.22844365,0.10725826,0.20162565,0.11123186,0.13696203,0.10671499,0.12461171,0.11662872
11.157286,13.088832,5.2071524,3,0,0,00:00.0,00:00.0,uploads\b67551bc-3737-11f0-85b7-581122bb7f2c\20210419T160000+1000_REC_237.wav,False,0,0,0,0,0,0,0,0,0,0,0,0,rain (light),-5.9914017,1.494391,0.39644876,0.5103276,-0.02095605,0.27466333,0.055519093,0.25133196,0.07812921,0.18942788,0.06373536,0.15393643,0.07554715
11.1521435,13.097961,5.252529,3,0,0,00:00.0,00:00.0,uploads\b67551bc-3737-11f0-85b7-581122bb7f2c\20210419T160000+1000_REC_240.wav,True,0,0,0,0,0,0,0,0,1,0,0,0,rain (light),-5.955793,1.6166185,0.42359903,0.5448877,-0.029332563,0.2736715,0.010312221,0.28669956,0.077717386,0.20839912,0.063357614,0.16394454,0.047991283
11.131068,13.108672,5.2049704,3,0,0,00:00.0,00:00.0,uploads\b67551bc-3737-11f0-85b7-581122bb7f2c\20210419T160000+1000_REC_242.wav,False,0,0,0,0,0,0,0,0,0,0,0,0,rain (light),-5.942697,1.6689593,0.38046816,0.5612599,-0.03934161,0.29206672,0.06458383,0.28311634,0.061978094,0.20078667,0.075032055,0.1908886,0.123876296
11.147531,13.098324,5.2262716,3,0,0,00:00.0,00:00.0,uploads\b67551bc-3737-11f0-85b7-581122bb7f2c\20210419T160000+1000_REC_243.wav,False,0,0,0,0,0,0,0,0,0,0,0,0,rain (light),-5.9454646,1.6572995,0.41078964,0.5521143,-0.026144937,0.31010416,0.064711526,0.26936373,0.068569675,0.2060068,0.06947897,0.16110764,0.07802421
10.984915,12.967087,4.395616,3,0,0,00:00.0,00:00.0,uploads\b67551bc-3737-11f0-85b7-581122bb7f2c\20210419T160000+1000_REC_244.wav,True,0,1,0,0,0,0,0,0,1,0,0,0,rain (light),-6.0147614,1.384401,0.30698135,0.55675864,-6.209762e-05,0.23386225,0.13545617,0.27006212,0.029953333,0.25929776,0.13617636,0.15375488,0.16360927
11.001418,12.98359,4.409368,3,0,0,00:00.0,00:00.0,uploads\b67551bc-3737-11f0-85b7-581122bb7f2c\20210419T160000+1000_REC_245.wav,False,0,0,0,0,0,0,0,0,0,0,0,0,rain (light),-6.0469775,1.241592,0.31787407,0.5116694,-0.026933191,0.20729207,0.08847786,0.23724489,0.035810236,0.25456175,0.13131912,0.15273799,0.17342383
11.6459465,12.792457,5.7482257,3,0,0,00:00.0,00:00.0,uploads\b67551bc-3737-11f0-85b7-581122bb7f2c\20210419T160000+1000_REC_246.wav,False,0,0,0,0,0,0,0,0,0,0,0,0,rain (light),-5.9632196,1.563316,0.37943393,0.62959135,-0.04981329,0.20359817,0.08920948,0.32280585,0.05475324,0.27347374,0.14052254,0.12909241,0.119686574
11.015983,13.001784,4.427389,3,0,0,00:00.0,00:00.0,uploads\b67551bc-3737-11f0-85b7-581122bb7f2c\20210419T160000+1000_REC_247.wav,False,0,0,0,0,0,0,0,0,0,0,0,0,rain (light),-6.055311,1.2234274,0.3281542,0.4418507,0.010359603,0.25320554,0.09780629,0.22575383,0.09385684,0.20171046,0.11335563,0.20129761,0.14874755
11.03531,13.105441,4.752309,3,0,0,00:00.0,00:00.0,uploads\b67551bc-3737-11f0-85b7-581122bb7f2c\20210419T160000+1000_REC_248.wav,False,0,0,0,0,0,0,0,0,0,0,0,0,rain (light),-6.0059423,1.4119078,0.38096848,0.5510078,0.006750547,0.27814496,0.064659104,0.2785869,0.102636755,0.2409962,0.10893151,0.18234052,0.104503855
11.126702,13.110647,5.169799,3,0,0,00:00.0,00:00.0,uploads\b67551bc-3737-11f0-85b7-581122bb7f2c\20210419T160000+1000_REC_249.wav,True,0,0,0,0,0,0,0,0,1,0,0,0,rain (light),-5.9651237,1.5719622,0.42946714,0.5622513,-0.04928323,0.2765383,0.03613243,0.2646314,0.09537299,0.22177179,0.07275339,0.19083285,0.11000541
11.18321,12.990353,4.8412924,3,0,0,00:00.0,00:00.0,uploads\b67551bc-3737-11f0-85b7-581122bb7f2c\20210419T160000+1000_REC_250.wav,False,0,0,0,0,0,0,0,0,0,0,0,0,rain (light),-6.029824,1.3288473,0.35781375,0.5193013,-0.030048922,0.2195198,0.05732414,0.2453714,0.10216463,0.17699434,0.06814458,0.118191145,0.086266264
11.160123,13.092478,5.3947496,3,0,0,00:00.0,00:00.0,uploads\b67551bc-3737-11f0-85b7-581122bb7f2c\20210419T160000+1000_REC_251.wav,False,0,0,0,0,0,0,0,0,0,0,0,0,rain (light),-5.938054,1.6384374,0.37428242,0.6872446,-0.09997725,0.27543893,0.0042636916,0.30066547,0.06613713,0.18735582,0.06502812,0.1852962,0.076252855
11.55573,12.987664,5.7994847,3,0,0,00:00.0,00:00.0,uploads\b67551bc-3737-11f0-85b7-581122bb7f2c\20210419T160000+1000_REC_252.wav,False,0,0,0,0,0,0,0,0,0,0,0,0,rain (light),-5.980909,1.4923424,0.3428096,0.6494734,-0.086743526,0.23029691,0.022773907,0.28223905,0.05886176,0.2037258,0.006864389,0.12439693,0.09248741
11.330257,13.237349,6.5416603,3,0,0,00:00.0,00:00.0,uploads\b67551bc-3737-11f0-85b7-581122bb7f2c\20210419T160000+1000_REC_253.wav,True,0,1,0,0,0,0,0,0,1,0,0,0,rain (light),-5.893364,1.764395,0.45345795,0.75768065,-0.12592232,0.2467846,0.010140766,0.2659865,-0.0016381098,0.17838216,0.02351537,0.13646035,0.080027565
11.323265,13.224954,6.5202413,3,0,0,00:00.0,00:00.0,uploads\b67551bc-3737-11f0-85b7-581122bb7f2c\20210419T160000+1000_REC_254.wav,False,0,0,0,0,0,0,0,0,0,0,0,0,rain (light),-5.885043,1.7977284,0.33348158,0.777338,-0.1827061,0.23400396,0.00878639,0.28236657,-0.050783034,0.13095166,0.028982626,0.1392998,0.08362689
11.361408,13.1978245,6.5213633,3,0,0,00:00.0,00:00.0,uploads\b67551bc-3737-11f0-85b7-581122bb7f2c\20210419T160000+1000_REC_255.wav,False,0,0,0,0,0,0,0,0,0,0,0,0,rain (light),-5.901599,1.7178466,0.3846843,0.82801294,-0.13129982,0.23365054,-0.004026018,0.26956758,-0.0016249173,0.17172287,0.0061526527,0.12938291,0.095270686
11.688023,12.747804,5.5572424,3,0,0,00:00.0,00:00.0,uploads\b67551bc-3737-11f0-85b7-581122bb7f2c\20210419T160000+1000_REC_256.wav,False,0,0,0,0,0,0,0,0,0,0,0,0,rain (light),-6.0349145,1.2350581,0.33841264,0.6760504,-0.08331483,0.17775191,0.03885552,0.24328762,0.0938226,0.19091922,0.08259281,0.11850503,0.1381297
11.691966,12.837305,5.739023,3,0,0,00:00.0,00:00.0,uploads\b67551bc-3737-11f0-85b7-581122bb7f2c\20210419T160000+1000_REC_257.wav,False,0,0,0,0,0,0,0,0,0,0,0,0,rain (light),-6.011082,1.3269056,0.35758197,0.7112247,-0.11002764,0.21674067,0.043682143,0.24344775,0.050995298,0.21750195,0.07506806,0.1272213,0.08877945
11.491966,12.979602,5.8587346,3,0,0,00:00.0,00:00.0,uploads\b67551bc-3737-11f0-85b7-581122bb7f2c\20210419T160000+1000_REC_258.wav,False,0,0,0,0,0,0,0,0,0,0,0,0,rain (light),-5.974475,1.4740239,0.3334459,0.73221016,-0.15720461,0.23335434,-0.010180577,0.24145266,0.042686243,0.26268172,0.09069839,0.13147347,0.06270474
11.479189,12.909125,6.1256146,3,0,0,00:00.0,00:00.0,uploads\b67551bc-3737-11f0-85b7-581122bb7f2c\20210419T160000+1000_REC_259.wav,False,0,0,0,0,0,0,0,0,0,0,0,0,rain (light),-5.9768825,1.4398056,0.2640132,0.8175568,-0.12996033,0.1971111,0.00901091,0.27244228,0.01043738,0.2175002,0.0650603,0.100929305,0.06799402
11.473121,13.149454,5.8182516,3,0,0,00:00.0,00:00.0,uploads\b67551bc-3737-11f0-85b7-581122bb7f2c\20210419T160000+1000_REC_260.wav,False,0,0,0,0,0,0,0,0,0,0,0,0,rain (light),-5.9976654,1.4047157,0.21144499,0.70254344,-0.09550353,0.25692338,0.10501093,0.32318234,0.0015081133,0.16592345,0.07457646,0.13780291,0.060458533
11.374206,13.193929,6.5401974,3,0,0,00:00.0,00:00.0,uploads\b67551bc-3737-11f0-85b7-581122bb7f2c\20210419T160000+1000_REC_261.wav,False,0,0,0,0,0,0,0,0,0,0,0,0,rain (light),-5.9113564,1.6319121,0.28385863,0.93264765,-0.17105977,0.21111728,0.019769501,0.3482321,0.0065153344,0.17559868,0.01939835,0.10804171,0.09204924
10.995651,13.079821,4.530673,3,0,0,00:00.0,00:00.0,uploads\b67551bc-3737-11f0-85b7-581122bb7f2c\20210419T160000+1000_REC_262.wav,False,0,0,0,0,0,0,0,0,0,0,0,0,rain (light),-6.0205803,1.3166947,0.2799369,0.632128,0.014123558,0.3196563,0.12365909,0.2979177,0.14613473,0.22643568,0.123746544,0.18295667,0.17038515
11.001637,13.086335,4.5712504,3,0,0,00:00.0,00:00.0,uploads\b67551bc-3737-11f0-85b7-581122bb7f2c\20210419T160000+1000_REC_263.wav,False,0,0,0,0,0,0,0,0,0,0,0,0,rain (light),-6.0222383,1.3013009,0.29171827,0.6398753,-0.066237874,0.28349447,0.118674636,0.29925814,0.11296141,0.25564033,0.08619595,0.19177842,0.12406663
11.03904,13.102914,4.7476716,3,0,0,00:00.0,00:00.0,uploads\b67551bc-3737-11f0-85b7-581122bb7f2c\20210419T160000+1000_REC_264.wav,False,0,0,0,0,0,0,0,0,0,0,0,0,rain (light),-5.998114,1.4027772,0.34121564,0.6668643,-0.074626274,0.26064822,0.07974084,0.3107356,0.1096051,0.22601661,0.08466743,0.17103514,0.117756754
10.996947,13.07524,4.5210853,3,0,0,00:00.0,00:00.0,uploads\b67551bc-3737-11f0-85b7-581122bb7f2c\20210419T160000+1000_REC_265.wav,False,0,0,0,0,0,0,0,0,0,0,0,0,rain (light),-6.0474143,1.1755981,0.3254925,0.63489264,0.019344056,0.27072284,0.1312878,0.30205184,0.12020049,0.22719981,0.15127476,0.17989281,0.12311789
10.998274,13.074129,4.5209804,3,0,0,00:00.0,00:00.0,uploads\b67551bc-3737-11f0-85b7-581122bb7f2c\20210419T160000+1000_REC_266.wav,False,0,0,0,0,0,0,0,0,0,0,0,0,rain (light),-6.0478396,1.1808577,0.32788807,0.6084592,0.056220878,0.26003993,0.13811585,0.34264082,0.13182576,0.22571641,0.13192098,0.17678662,0.13101998
12.234329,8.279723,11.681172,4,0,0,00:00.0,00:00.0,uploads\b67551bc-3737-11f0-85b7-581122bb7f2c\20210419T020000+1000_REC_199.wav,False,0,0,0,0,0,0,0,0,0,0,0,0,human speech,-5.9787483,1.4298184,0.4548504,0.77333134,-0.0047798166,0.27434823,-0.006226493,0.23067647,0.035817273,0.15174645,-0.007832188,0.13220537,0.07271602
11.775297,8.148044,11.557115,4,0,0,00:00.0,00:00.0,uploads\b67551bc-3737-11f0-85b7-581122bb7f2c\20210419T040000+1000_REC_138.wav,False,0,0,0,0,0,0,0,0,0,0,0,0,human speech,-6.0838137,1.0091295,0.35558465,0.5133729,0.08538414,0.26752,0.06486548,0.2672759,0.16823013,0.2254455,0.11464668,0.19405814,0.11765875
11.878947,8.134743,11.59941,4,0,0,00:00.0,00:00.0,uploads\b67551bc-3737-11f0-85b7-581122bb7f2c\20210419T040000+1000_REC_186.wav,False,0,0,0,0,0,0,0,0,0,0,0,0,human speech,-6.076301,1.0378177,0.38114884,0.5444659,0.10656295,0.2869229,0.09885537,0.26298726,0.13247097,0.21354783,0.13218136,0.19804926,0.12990637
12.04111,8.610592,10.754103,4,0,0,00:00.0,00:00.0,uploads\b67551bc-3737-11f0-85b7-581122bb7f2c\20210419T040000+1000_REC_194.wav,False,0,0,0,0,0,0,0,0,0,0,0,0,human speech,-6.085497,0.9878608,0.39291346,0.53763366,0.1361952,0.28066477,0.07679423,0.20574453,0.08225944,0.19388685,0.10769182,0.17418963,0.15114456
12.05687,7.5824103,11.717101,4,0,0,00:00.0,00:00.0,uploads\b67551bc-3737-11f0-85b7-581122bb7f2c\20210419T040000+1000_REC_195.wav,False,0,0,0,0,0,0,0,0,0,0,0,0,human speech,-6.0896363,0.97579414,0.3802499,0.5103408,0.12054123,0.26006758,0.08871962,0.22235067,0.1405766,0.18242872,0.13530432,0.19916184,0.15585695
12.219517,8.66357,10.824291,4,0,0,00:00.0,00:00.0,uploads\b67551bc-3737-11f0-85b7-581122bb7f2c\20210419T080000+1000_REC_25.wav,False,0,0,0,0,0,0,0,0,0,0,0,0,human speech,-6.1098847,0.6664313,0.46388212,0.38537803,-0.121878535,0.46758306,0.1021307,0.36990267,0.13045648,0.17584507,0.12186367,0.21391022,0.20294961
11.860312,8.100922,11.626033,4,0,0,00:00.0,00:00.0,uploads\b67551bc-3737-11f0-85b7-581122bb7f2c\20210419T080000+1000_REC_35.wav,False,0,0,0,0,0,0,0,0,0,0,0,0,human speech,-6.067486,0.62324864,0.20281792,0.6024055,-0.0015906532,0.52999324,-0.24578871,0.7492769,0.094531424,0.32012296,0.11167919,0.26725033,0.13847901
12.181104,8.680673,10.767026,4,0,0,00:00.0,00:00.0,uploads\b67551bc-3737-11f0-85b7-581122bb7f2c\20210419T080000+1000_REC_93.wav,False,0,0,0,0,0,0,0,0,0,0,0,0,human speech,-6.101858,0.76823103,0.4346635,0.29115978,-0.1569635,0.40459517,0.036523018,0.43884352,0.08457468,0.2570221,0.07477216,0.21289103,0.18356436
11.420828,8.14855,11.809486,4,0,0,00:00.0,00:00.0,uploads\b67551bc-3737-11f0-85b7-581122bb7f2c\20210419T180000+1000_REC_169.wav,False,0,0,0,0,0,0,0,0,0,0,0,0,human speech,-6.077532,0.8367794,0.62211645,0.36648226,0.24965893,0.29671475,0.07226268,0.36576033,0.005122726,0.40788934,-0.009205426,0.39132956,0.016532922
11.462985,8.14585,11.80974,4,0,0,00:00.0,00:00.0,uploads\b67551bc-3737-11f0-85b7-581122bb7f2c\20210419T180000+1000_REC_183.wav,True,0,0,0,0,1,0,0,0,0,0,0,0,human speech,-6.0848384,0.8112082,0.578761,0.38264877,0.27990124,0.3080437,0.088632174,0.34916916,0.016513702,0.3936423,-0.0066582854,0.36160904,-0.0076157004
13.054293,7.8199964,12.462499,4,0,0,00:00.0,00:00.0,uploads\b67551bc-3737-11f0-85b7-581122bb7f2c\20210419T200000+1000_REC_0.wav,False,0,0,0,0,0,0,0,0,0,0,0,0,human speech,-6.1016793,0.8049927,0.16940123,0.5231791,0.06302336,0.3950769,0.1304467,0.37650052,0.18381028,0.26514474,0.18315482,0.30079144,0.12781566
13.106426,7.7704105,12.45272,4,0,0,00:00.0,00:00.0,uploads\b67551bc-3737-11f0-85b7-581122bb7f2c\20210419T200000+1000_REC_1.wav,False,0,0,0,0,0,0,0,0,0,0,0,0,human speech,-6.1012936,0.8249653,0.18721604,0.48479295,0.09220052,0.4294792,0.16009526,0.35586166,0.19965339,0.28980172,0.1671567,0.24738863,0.14861521
13.095777,7.837109,12.36619,4,0,0,00:00.0,00:00.0,uploads\b67551bc-3737-11f0-85b7-581122bb7f2c\20210419T200000+1000_REC_2.wav,False,0,0,0,0,0,0,0,0,0,0,0,0,human speech,-6.1053247,0.81840956,0.19429033,0.49126646,0.08735923,0.3609108,0.11537031,0.35353792,0.17963323,0.27818638,0.16269644,0.26151037,0.16955033
13.04152,7.758687,12.443394,4,0,0,00:00.0,00:00.0,uploads\b67551bc-3737-11f0-85b7-581122bb7f2c\20210419T200000+1000_REC_3.wav,False,0,0,0,0,0,0,0,0,0,0,0,0,human speech,-6.0892797,0.9090366,0.21260594,0.5098324,0.085123286,0.39579025,0.14850365,0.36168545,0.18267563,0.31538785,0.17836072,0.25418383,0.16235831
13.028124,7.8874373,12.338065,4,0,0,00:00.0,00:00.0,uploads\b67551bc-3737-11f0-85b7-581122bb7f2c\20210419T200000+1000_REC_4.wav,False,0,0,0,0,0,0,0,0,0,0,0,0,human speech,-6.108892,0.8150441,0.15220347,0.44149578,0.06180588,0.3611705,0.13413486,0.34036317,0.18573718,0.29967394,0.16219723,0.26077694,0.14987879
13.261599,7.703827,12.34994,4,0,0,00:00.0,00:00.0,uploads\b67551bc-3737-11f0-85b7-581122bb7f2c\20210419T200000+1000_REC_5.wav,True,0,0,0,0,0,0,0,0,0,1,0,0,human speech,-6.0902796,0.8738476,0.26030228,0.53082645,0.17922507,0.4313545,0.14738396,0.33487007,0.17187431,0.29868945,0.19170763,0.2622114,0.15269667
12.833537,7.703881,12.200991,4,0,0,00:00.0,00:00.0,uploads\b67551bc-3737-11f0-85b7-581122bb7f2c\20210419T200000+1000_REC_6.wav,True,0,0,0,0,0,0,0,0,0,1,0,0,human speech,-6.094436,0.9195739,0.26822537,0.48851928,0.12960978,0.36024782,0.091460146,0.26809663,0.15556774,0.27762282,0.17760906,0.25382525,0.18034175
12.870615,7.8659654,12.305512,4,0,0,00:00.0,00:00.0,uploads\b67551bc-3737-11f0-85b7-581122bb7f2c\20210419T200000+1000_REC_7.wav,False,0,0,0,0,0,0,0,0,0,0,0,0,human speech,-6.0945106,0.92735744,0.12587579,0.45738083,0.061330345,0.3621994,0.12093151,0.32387373,0.17723443,0.2945709,0.18623158,0.26599252,0.17059597
13.001482,7.959205,12.286108,4,0,0,00:00.0,00:00.0,uploads\b67551bc-3737-11f0-85b7-581122bb7f2c\20210419T200000+1000_REC_8.wav,True,0,0,0,0,0,0,0,0,0,1,0,0,human speech,-6.106125,0.8417244,0.21123776,0.4537007,0.09475563,0.38083705,0.11583949,0.311609,0.17640913,0.28072003,0.1459266,0.23013535,0.16375838
13.214415,7.7383585,12.355596,4,0,0,00:00.0,00:00.0,uploads\b67551bc-3737-11f0-85b7-581122bb7f2c\20210419T200000+1000_REC_11.wav,False,0,0,0,0,0,0,0,0,0,0,0,0,human speech,-6.106152,0.7952228,0.24925764,0.48428795,0.100494266,0.39411494,0.11872913,0.3342913,0.17221156,0.29037023,0.19101036,0.2578697,0.16174601
12.9737425,7.9733243,12.269795,4,0,0,00:00.0,00:00.0,uploads\b67551bc-3737-11f0-85b7-581122bb7f2c\20210419T200000+1000_REC_12.wav,False,0,0,0,0,0,0,0,0,0,0,0,0,human speech,-6.1107163,0.8064728,0.17553379,0.45501897,0.1034464,0.38542113,0.15332775,0.323418,0.1521742,0.26446673,0.15440996,0.22541639,0.14810188
12.127735,8.616468,10.84397,4,0,0,00:00.0,00:00.0,uploads\b67551bc-3737-11f0-85b7-581122bb7f2c\20210419T200000+1000_REC_13.wav,False,0,0,0,0,0,0,0,0,0,0,0,0,human speech,-6.0874934,1.0136763,0.31171203,0.4442852,0.031554464,0.31352594,0.050709862,0.24011193,0.08502195,0.20990641,0.10230098,0.22022606,0.16207026
12.786378,8.256673,12.146142,4,0,0,00:00.0,00:00.0,uploads\b67551bc-3737-11f0-85b7-581122bb7f2c\20210419T200000+1000_REC_14.wav,False,0,0,0,0,0,0,0,0,0,0,0,0,human speech,-6.0969863,0.91899407,0.1136562,0.47559768,0.11167917,0.39825043,0.097937696,0.32086214,0.149241,0.24780345,0.12140035,0.20226724,0.11294519
12.833351,7.783942,12.213081,4,0,0,00:00.0,00:00.0,uploads\b67551bc-3737-11f0-85b7-581122bb7f2c\20210419T200000+1000_REC_15.wav,False,0,0,0,0,0,0,0,0,0,0,0,0,human speech,-6.1077743,0.8367011,0.22954121,0.43590817,0.11153318,0.37435257,0.13147329,0.29682904,0.1362805,0.28063393,0.17227396,0.25284564,0.15499225
12.896682,7.8056426,12.270832,4,0,0,00:00.0,00:00.0,uploads\b67551bc-3737-11f0-85b7-581122bb7f2c\20210419T200000+1000_REC_16.wav,False,0,0,0,0,0,0,0,0,0,0,0,0,human speech,-6.11039,0.78349423,0.13813818,0.4779108,0.08490206,0.39730725,0.10193061,0.3256897,0.1483317,0.26865342,0.15658204,0.27898747,0.14936852
12.839076,7.7808104,12.312235,4,0,0,00:00.0,00:00.0,uploads\b67551bc-3737-11f0-85b7-581122bb7f2c\20210419T200000+1000_REC_18.wav,False,0,0,0,0,0,0,0,0,0,0,0,0,human speech,-6.100681,0.8642574,0.16836344,0.47556368,0.07012087,0.39771888,0.11407333,0.33057326,0.14257127,0.2696485,0.1802263,0.26701343,0.16047758
12.197566,7.6502867,11.8730545,4,0,0,00:00.0,00:00.0,uploads\b67551bc-3737-11f0-85b7-581122bb7f2c\20210419T200000+1000_REC_19.wav,False,0,0,0,0,0,0,0,0,0,0,0,0,human speech,-6.102648,0.85006064,0.22818972,0.5130607,0.12750067,0.33383802,0.072844975,0.25551334,0.104200944,0.26431397,0.19909962,0.2913305,0.21604392
12.97336,7.8131347,12.271673,4,0,0,00:00.0,00:00.0,uploads\b67551bc-3737-11f0-85b7-581122bb7f2c\20210419T200000+1000_REC_20.wav,False,0,0,0,0,0,0,0,0,0,0,0,0,human speech,-6.1065216,0.8398909,0.1761218,0.45085564,0.15752828,0.388663,0.10123412,0.29148605,0.16397788,0.26916042,0.16527984,0.26059097,0.17986996
12.647121,7.7512374,12.303877,4,0,0,00:00.0,00:00.0,uploads\b67551bc-3737-11f0-85b7-581122bb7f2c\20210419T200000+1000_REC_21.wav,False,0,0,0,0,0,0,0,0,0,0,0,0,human speech,-6.093067,0.8901626,0.23799536,0.51249075,0.10611116,0.4198994,0.109159365,0.31828225,0.15698859,0.30252805,0.14040785,0.2463271,0.16600166
12.8787565,7.8657923,12.2706375,4,0,0,00:00.0,00:00.0,uploads\b67551bc-3737-11f0-85b7-581122bb7f2c\20210419T200000+1000_REC_22.wav,False,0,0,0,0,0,0,0,0,0,0,0,0,human speech,-6.1010942,0.8537231,0.2189182,0.475472,0.11114585,0.41157386,0.13050827,0.3366003,0.14705922,0.27261582,0.15532649,0.2417333,0.16144566
12.957875,8.003104,12.228727,4,0,0,00:00.0,00:00.0,uploads\b67551bc-3737-11f0-85b7-581122bb7f2c\20210419T200000+1000_REC_23.wav,False,0,0,0,0,0,0,0,0,0,0,0,0,human speech,-6.1050286,0.8171741,0.20036769,0.51409024,0.08660822,0.39273,0.12967083,0.3263927,0.17040485,0.26590183,0.1651571,0.22519754,0.13098252
12.757679,8.315996,12.081533,4,0,0,00:00.0,00:00.0,uploads\b67551bc-3737-11f0-85b7-581122bb7f2c\20210419T200000+1000_REC_24.wav,False,0,0,0,0,0,0,0,0,0,0,0,0,human speech,-6.099203,0.8785132,0.24308877,0.4909477,0.1494511,0.40441966,0.1266231,0.326854,0.14959764,0.24643975,0.09710143,0.19367886,0.11002767
12.959181,7.9251904,12.381402,4,0,0,00:00.0,00:00.0,uploads\b67551bc-3737-11f0-85b7-581122bb7f2c\20210419T200000+1000_REC_25.wav,False,0,0,0,0,0,0,0,0,0,0,0,0,human speech,-6.087892,0.9387211,0.1555972,0.44219196,-0.08468819,0.3936393,0.08772249,0.37043607,0.20252395,0.33338812,0.13185842,0.22173803,0.11550631
12.04147,8.432803,11.075269,4,0,0,00:00.0,00:00.0,uploads\b67551bc-3737-11f0-85b7-581122bb7f2c\20210419T200000+1000_REC_26.wav,False,0,0,0,0,0,0,0,0,0,0,0,0,human speech,-6.0280004,1.2577491,0.41007963,0.558491,0.05356274,0.27031857,-0.07586062,0.12317973,0.00085517875,0.22741914,0.20623878,0.3389491,0.27824426
12.780917,7.819219,12.430221,4,0,0,00:00.0,00:00.0,uploads\b67551bc-3737-11f0-85b7-581122bb7f2c\20210419T200000+1000_REC_27.wav,False,0,0,0,0,0,0,0,0,0,0,0,0,human speech,-6.091294,0.84310436,0.24220061,0.5197829,-0.03764252,0.43041486,0.073189594,0.3729281,0.16678235,0.34265068,0.14666472,0.28906977,0.16307482
12.799878,7.8044624,12.428092,4,0,0,00:00.0,00:00.0,uploads\b67551bc-3737-11f0-85b7-581122bb7f2c\20210419T200000+1000_REC_28.wav,False,0,0,0,0,0,0,0,0,0,0,0,0,human speech,-6.0891256,0.9318709,0.2099219,0.48230147,0.018419726,0.38527468,0.120061256,0.3511335,0.1563348,0.3013003,0.15539047,0.27600023,0.16966313
12.868846,7.9068985,12.309578,4,0,0,00:00.0,00:00.0,uploads\b67551bc-3737-11f0-85b7-581122bb7f2c\20210419T200000+1000_REC_29.wav,False,0,0,0,0,0,0,0,0,0,0,0,0,human speech,-6.0981355,0.84765196,0.22470559,0.51769966,0.08864535,0.43269944,0.109528035,0.33555445,0.15555966,0.26785356,0.16577993,0.24413303,0.13428614
12.792517,7.863903,12.315212,4,0,0,00:00.0,00:00.0,uploads\b67551bc-3737-11f0-85b7-581122bb7f2c\20210419T200000+1000_REC_30.wav,False,0,0,0,0,0,0,0,0,0,0,0,0,human speech,-6.0941567,0.8817315,0.25504252,0.5327244,0.10965819,0.40037176,0.13927098,0.31747136,0.1415539,0.2682194,0.15552558,0.2566575,0.15067951
12.417298,8.026771,11.970642,4,0,0,00:00.0,00:00.0,uploads\b67551bc-3737-11f0-85b7-581122bb7f2c\20210419T200000+1000_REC_31.wav,False,0,0,0,0,0,0,0,0,0,0,0,0,human speech,-6.102087,0.7898675,0.2648046,0.5098821,0.0794247,0.42097855,0.086270615,0.36996895,0.08118443,0.27011672,0.13402787,0.30972067,0.14251316
12.620616,7.6969614,12.183839,4,0,0,00:00.0,00:00.0,uploads\b67551bc-3737-11f0-85b7-581122bb7f2c\20210419T200000+1000_REC_32.wav,False,0,0,0,0,0,0,0,0,0,0,0,0,human speech,-6.1090198,0.69892126,-0.017233564,0.5488744,0.02236704,0.3736023,0.16959578,0.33572197,0.070489526,0.40276816,0.10279529,0.23033807,0.18383119
12.747472,7.7394395,12.372545,4,0,0,00:00.0,00:00.0,uploads\b67551bc-3737-11f0-85b7-581122bb7f2c\20210419T200000+1000_REC_33.wav,False,0,0,0,0,0,0,0,0,0,0,0,0,human speech,-6.08558,0.92345756,0.29331064,0.5281953,0.09203805,0.40763715,0.09417848,0.3384937,0.19278486,0.30003276,0.16453011,0.23764907,0.1628939
13.023892,7.847122,12.311728,4,0,0,00:00.0,00:00.0,uploads\b67551bc-3737-11f0-85b7-581122bb7f2c\20210419T200000+1000_REC_34.wav,False,0,0,0,0,0,0,0,0,0,0,0,0,human speech,-6.1091547,0.79298186,0.16683562,0.46459332,0.10568856,0.38487288,0.11090278,0.3339164,0.17091674,0.29657984,0.16189882,0.27314675,0.16998836
13.062706,7.7541103,12.449522,4,0,0,00:00.0,00:00.0,uploads\b67551bc-3737-11f0-85b7-581122bb7f2c\20210419T200000+1000_REC_35.wav,False,0,0,0,0,0,0,0,0,0,0,0,0,human speech,-6.071392,0.9966926,0.16494675,0.5231732,0.16381983,0.4843012,0.1520079,0.37891904,0.16923167,0.27652365,0.1728334,0.281144,0.1509086
13.105922,7.769277,12.441762,4,0,0,00:00.0,00:00.0,uploads\b67551bc-3737-11f0-85b7-581122bb7f2c\20210419T200000+1000_REC_36.wav,False,0,0,0,0,0,0,0,0,0,0,0,0,human speech,-6.0993266,0.84851706,0.19053553,0.44875643,0.11386712,0.4475292,0.15211667,0.3430146,0.19931602,0.31600878,0.16480362,0.24017882,0.16458133
12.860611,7.8291063,12.472806,4,0,0,00:00.0,00:00.0,uploads\b67551bc-3737-11f0-85b7-581122bb7f2c\20210419T200000+1000_REC_37.wav,False,0,0,0,0,0,0,0,0,0,0,0,0,human speech,-6.09998,0.7982811,0.0469315,0.50736374,0.061840497,0.49314928,0.072534084,0.33340472,0.17846742,0.30497882,0.13703988,0.2743709,0.13976458
12.964049,7.915753,12.366572,4,0,0,00:00.0,00:00.0,uploads\b67551bc-3737-11f0-85b7-581122bb7f2c\20210419T200000+1000_REC_38.wav,False,0,0,0,0,0,0,0,0,0,0,0,0,human speech,-6.0846934,0.99288076,0.118817255,0.38165176,0.02025105,0.40266633,0.12848365,0.3901644,0.21137953,0.3224661,0.1280498,0.2251625,0.13445862
12.692383,7.7268972,12.343269,4,0,0,00:00.0,00:00.0,uploads\b67551bc-3737-11f0-85b7-581122bb7f2c\20210419T200000+1000_REC_39.wav,False,0,0,0,0,0,0,0,0,0,0,0,0,human speech,-6.0823917,0.95128566,0.1783267,0.5430124,0.11783283,0.4440786,0.08651592,0.29025632,0.15560783,0.31274328,0.14503373,0.27641606,0.15523703
12.345269,8.209114,11.842855,4,0,0,00:00.0,00:00.0,uploads\b67551bc-3737-11f0-85b7-581122bb7f2c\20210419T200000+1000_REC_40.wav,False,0,0,0,0,0,0,0,0,0,0,0,0,human speech,-6.0870905,0.94185436,0.20424722,0.54190594,0.12100692,0.43411818,0.08411616,0.29162842,0.08174147,0.24285582,0.11911291,0.25101858,0.14147313
12.455786,8.165436,11.963261,4,0,0,00:00.0,00:00.0,uploads\b67551bc-3737-11f0-85b7-581122bb7f2c\20210419T200000+1000_REC_41.wav,False,0,0,0,0,0,0,0,0,0,0,0,0,human speech,-6.0951443,0.91082335,0.19494522,0.49060652,0.07856831,0.40419677,0.08100229,0.30329508,0.114808775,0.27206635,0.12811205,0.25484413,0.13219573
12.084815,8.3805485,11.246071,4,0,0,00:00.0,00:00.0,uploads\b67551bc-3737-11f0-85b7-581122bb7f2c\20210419T200000+1000_REC_45.wav,False,0,0,0,0,0,0,0,0,0,0,0,0,human speech,-6.0790005,1.0084561,0.21863918,0.5338415,0.10211874,0.41549134,0.042808082,0.24134979,0.08744468,0.24853851,0.13464062,0.2688281,0.18601573
12.898534,7.872355,12.439335,4,0,0,00:00.0,00:00.0,uploads\b67551bc-3737-11f0-85b7-581122bb7f2c\20210419T200000+1000_REC_47.wav,False,0,0,0,0,0,0,0,0,0,0,0,0,human speech,-6.0717816,1.0150629,0.09828691,0.4766188,0.0032835882,0.4923861,0.07097329,0.36859405,0.19085695,0.3152113,0.097689904,0.26692444,0.12717941
12.966724,8.043183,12.289011,4,0,0,00:00.0,00:00.0,uploads\b67551bc-3737-11f0-85b7-581122bb7f2c\20210419T200000+1000_REC_48.wav,False,0,0,0,0,0,0,0,0,0,0,0,0,human speech,-6.10771,0.85643905,0.08745825,0.43284047,0.034273453,0.33416963,0.07923288,0.29139745,0.2214066,0.2998799,0.1012292,0.21091431,0.120993435
12.565493,7.9751406,12.26424,4,0,0,00:00.0,00:00.0,uploads\b67551bc-3737-11f0-85b7-581122bb7f2c\20210419T200000+1000_REC_49.wav,False,0,0,0,0,0,0,0,0,0,0,0,0,human speech,-6.0915055,0.93387884,0.18611273,0.453264,0.043489486,0.43489417,0.12046533,0.32158992,0.1173564,0.28760388,0.1598162,0.24860324,0.13706006
13.027398,7.9526234,12.368436,4,0,0,00:00.0,00:00.0,uploads\b67551bc-3737-11f0-85b7-581122bb7f2c\20210419T200000+1000_REC_50.wav,False,0,0,0,0,0,0,0,0,0,0,0,0,human speech,-6.107872,0.79324293,-0.11840198,0.4831735,0.030575462,0.26513258,0.08301183,0.3826636,0.21390757,0.23486894,0.12417404,0.1910924,0.19808339
12.888746,7.8630166,12.491167,4,0,0,00:00.0,00:00.0,uploads\b67551bc-3737-11f0-85b7-581122bb7f2c\20210419T200000+1000_REC_51.wav,False,0,0,0,0,0,0,0,0,0,0,0,0,human speech,-6.0959067,0.84659433,0.1127511,0.55180687,-0.008525118,0.4153221,0.07447572,0.33417812,0.18564008,0.29332647,0.14049551,0.2523998,0.12860799
12.952856,8.049861,12.26363,4,0,0,00:00.0,00:00.0,uploads\b67551bc-3737-11f0-85b7-581122bb7f2c\20210419T200000+1000_REC_52.wav,True,0,0,0,1,0,0,0,0,0,0,0,0,human speech,-6.111544,0.8412269,0.15369488,0.39320135,0.06855414,0.37619978,0.12085321,0.29613128,0.15835373,0.2743569,0.14333941,0.20272876,0.1302831
12.196236,8.703109,10.720023,4,0,0,00:00.0,00:00.0,uploads\b67551bc-3737-11f0-85b7-581122bb7f2c\20210419T200000+1000_REC_53.wav,False,0,0,0,0,0,0,0,0,0,0,0,0,human speech,-6.089528,1.0128682,0.3529974,0.38633505,0.010254281,0.14854369,-0.063055165,0.10160424,0.12247754,0.15089877,0.13206819,0.22529392,0.26328817
12.80923,8.081779,12.346022,4,0,0,00:00.0,00:00.0,uploads\b67551bc-3737-11f0-85b7-581122bb7f2c\20210419T200000+1000_REC_54.wav,False,0,0,0,0,0,0,0,0,0,0,0,0,human speech,-6.0951085,0.804078,0.183441,0.5952027,0.0036645196,0.4742526,0.049308904,0.34868822,0.14791708,0.25472325,0.10399878,0.23673168,0.09492528
12.638516,8.262264,12.125119,4,0,0,00:00.0,00:00.0,uploads\b67551bc-3737-11f0-85b7-581122bb7f2c\20210419T200000+1000_REC_55.wav,False,0,0,0,0,0,0,0,0,0,0,0,0,human speech,-6.0768695,0.98413146,0.20934837,0.52903736,-0.008558986,0.45717263,0.06741086,0.37651142,0.14382549,0.2688195,0.066913925,0.19292833,0.13495325
12.700055,8.0879345,12.298008,4,0,0,00:00.0,00:00.0,uploads\b67551bc-3737-11f0-85b7-581122bb7f2c\20210419T200000+1000_REC_56.wav,False,0,0,0,0,0,0,0,0,0,0,0,0,human speech,-6.0674663,1.0921564,0.2775507,0.4612967,0.027416747,0.38631073,0.14634201,0.36502424,0.17028189,0.25381774,0.10690687,0.2181593,0.14655031
12.676211,8.456775,11.544293,4,0,0,00:00.0,00:00.0,uploads\b67551bc-3737-11f0-85b7-581122bb7f2c\20210419T200000+1000_REC_57.wav,True,0,0,0,1,0,0,0,0,0,0,0,0,human speech,-6.088965,0.9876597,0.48833358,0.44311196,0.12306039,0.20784135,0.121999204,0.17412569,0.15768597,0.09457433,0.087321945,0.07530432,0.11220199
12.65904,8.421408,11.607012,4,0,0,00:00.0,00:00.0,uploads\b67551bc-3737-11f0-85b7-581122bb7f2c\20210419T200000+1000_REC_58.wav,False,0,0,0,0,0,0,0,0,0,0,0,0,human speech,-6.1073956,0.88746,0.3527352,0.42269257,0.0930273,0.24292915,0.11479538,0.2578544,0.16558152,0.1862458,0.13804722,0.16896807,0.14198816
12.774821,7.78369,12.18545,4,0,0,00:00.0,00:00.0,uploads\b67551bc-3737-11f0-85b7-581122bb7f2c\20210419T200000+1000_REC_60.wav,False,0,0,0,0,0,0,0,0,0,0,0,0,human speech,-6.104144,0.8400026,0.18306597,0.49308145,0.11271533,0.39561442,0.109515324,0.31097788,0.14248368,0.2633822,0.15191391,0.25119707,0.15369977
12.572247,7.753765,12.239331,4,0,0,00:00.0,00:00.0,uploads\b67551bc-3737-11f0-85b7-581122bb7f2c\20210419T200000+1000_REC_61.wav,False,0,0,0,0,0,0,0,0,0,0,0,0,human speech,-6.092527,0.9234338,0.20283297,0.48614925,0.07706901,0.40116012,0.09426645,0.31023738,0.14550959,0.27845466,0.1431487,0.27163282,0.16349278
12.122097,7.777223,11.819234,4,0,0,00:00.0,00:00.0,uploads\b67551bc-3737-11f0-85b7-581122bb7f2c\20210419T200000+1000_REC_62.wav,False,0,0,0,0,0,0,0,0,0,0,0,0,human speech,-6.0813913,1.0526446,0.18532121,0.40147963,-0.07403616,0.2238261,0.04126943,0.29945233,0.17675179,0.27676895,0.1874204,0.2803717,0.17554228
12.991297,7.8396134,12.47382,4,0,0,00:00.0,00:00.0,uploads\b67551bc-3737-11f0-85b7-581122bb7f2c\20210419T200000+1000_REC_63.wav,False,0,0,0,0,0,0,0,0,0,0,0,0,human speech,-6.0986824,0.8282378,0.18352874,0.5539246,0.067141935,0.39519897,0.12819403,0.3544873,0.17858313,0.25616467,0.1586762,0.2816321,0.14020091
13.256146,7.709749,12.347278,4,0,0,00:00.0,00:00.0,uploads\b67551bc-3737-11f0-85b7-581122bb7f2c\20210419T200000+1000_REC_64.wav,False,0,0,0,0,0,0,0,0,0,0,0,0,human speech,-6.1037993,0.8065566,0.2110341,0.5017087,0.14937088,0.41476378,0.14162497,0.32109934,0.16786498,0.29802823,0.18450457,0.24972326,0.16289878
13.245441,7.7125616,12.378802,4,0,0,00:00.0,00:00.0,uploads\b67551bc-3737-11f0-85b7-581122bb7f2c\20210419T200000+1000_REC_65.wav,False,0,0,0,0,0,0,0,0,0,0,0,0,human speech,-6.0987945,0.83787,0.20117018,0.48630512,0.14234424,0.42646998,0.12776206,0.33068755,0.20232543,0.309029,0.19057718,0.27419448,0.16599663
12.649297,8.422682,11.591387,4,0,0,00:00.0,00:00.0,uploads\b67551bc-3737-11f0-85b7-581122bb7f2c\20210419T200000+1000_REC_67.wav,False,0,0,0,0,0,0,0,0,0,0,0,0,human speech,-6.097052,0.9538484,0.37802964,0.4093685,0.09985981,0.30490014,0.14804752,0.24730499,0.14040303,0.14408335,0.12154241,0.1764635,0.17798449
12.574573,7.6934013,12.182762,4,0,0,00:00.0,00:00.0,uploads\b67551bc-3737-11f0-85b7-581122bb7f2c\20210419T200000+1000_REC_71.wav,True,0,0,0,1,0,0,0,0,0,0,0,0,human speech,-6.09503,0.8958663,0.22633009,0.49339604,0.10202154,0.40120956,0.1263293,0.3085212,0.14055428,0.2691867,0.15667583,0.2767776,0.18614279
12.051955,7.5803137,11.715075,4,0,0,00:00.0,00:00.0,uploads\b67551bc-3737-11f0-85b7-581122bb7f2c\20210419T200000+1000_REC_73.wav,False,0,0,0,0,0,0,0,0,0,0,0,0,human speech,-6.082426,1.0176463,0.27105945,0.42877904,-0.036732327,0.26624116,0.016860662,0.21370186,0.12755443,0.28186864,0.22722477,0.3367274,0.21999669
12.616165,7.704103,12.245678,4,0,0,00:00.0,00:00.0,uploads\b67551bc-3737-11f0-85b7-581122bb7f2c\20210419T200000+1000_REC_74.wav,False,0,0,0,0,0,0,0,0,0,0,0,0,human speech,-6.097331,0.8591414,0.19579257,0.51292074,0.10168356,0.4006055,0.11503933,0.32640392,0.14526945,0.3144056,0.15388493,0.26518184,0.18176767
12.575988,7.9184155,12.340443,4,0,0,00:00.0,00:00.0,uploads\b67551bc-3737-11f0-85b7-581122bb7f2c\20210419T200000+1000_REC_75.wav,False,0,0,0,0,0,0,0,0,0,0,0,0,human speech,-6.091053,0.94036,0.18730001,0.4763841,0.041211482,0.40101492,0.10562238,0.29996148,0.14970818,0.29327428,0.17222597,0.25762522,0.13437143
12.725736,7.8043294,12.328712,4,0,0,00:00.0,00:00.0,uploads\b67551bc-3737-11f0-85b7-581122bb7f2c\20210419T200000+1000_REC_76.wav,True,0,0,0,0,0,0,1,0,0,0,0,0,human speech,-6.0928073,0.8945968,0.20504038,0.4972924,0.11162243,0.4377311,0.11639834,0.33413792,0.1475688,0.28107676,0.15128398,0.270669,0.14647034
12.620249,7.7124205,12.162357,4,0,0,00:00.0,00:00.0,uploads\b67551bc-3737-11f0-85b7-581122bb7f2c\20210419T200000+1000_REC_77.wav,False,0,0,0,0,0,0,0,0,0,0,0,0,human speech,-6.101587,0.8517034,0.17274004,0.50350606,0.06490069,0.3851535,0.12657274,0.33415452,0.13219143,0.26382092,0.1461045,0.25457725,0.16803592
12.705378,7.737443,12.231849,4,0,0,00:00.0,00:00.0,uploads\b67551bc-3737-11f0-85b7-581122bb7f2c\20210419T200000+1000_REC_78.wav,True,0,0,0,1,0,0,0,0,0,0,0,0,human speech,-6.0996,0.8701114,0.22059849,0.50332785,0.11306574,0.38270563,0.12312388,0.30208144,0.13153699,0.26190212,0.16657375,0.26266083,0.17047928
12.613457,7.6996107,12.196613,4,0,0,00:00.0,00:00.0,uploads\b67551bc-3737-11f0-85b7-581122bb7f2c\20210419T200000+1000_REC_80.wav,False,0,0,0,0,0,0,0,0,0,0,0,0,human speech,-6.098492,0.8265579,0.15782285,0.54320174,0.034398306,0.4154786,0.1645347,0.3328532,0.14896044,0.27757114,0.1343051,0.27448034,0.21462592
12.533884,8.0810175,12.153867,4,0,0,00:00.0,00:00.0,uploads\b67551bc-3737-11f0-85b7-581122bb7f2c\20210419T200000+1000_REC_81.wav,False,0,0,0,0,0,0,0,0,0,0,0,0,human speech,-6.0826497,0.9851815,0.20926154,0.49160364,0.07001843,0.44618136,0.13279304,0.2975545,0.12837149,0.27573657,0.11521905,0.241963,0.15306745
12.087868,8.519705,10.978502,4,0,0,00:00.0,00:00.0,uploads\b67551bc-3737-11f0-85b7-581122bb7f2c\20210419T200000+1000_REC_82.wav,False,0,0,0,0,0,0,0,0,0,0,0,0,human speech,-6.0907435,0.8873718,0.3930586,0.5098839,0.022726612,0.39089125,-0.031944968,0.30704954,0.04271239,0.22807194,0.123420894,0.20307,0.182128
13.0083,7.945639,12.514522,4,0,0,00:00.0,00:00.0,uploads\b67551bc-3737-11f0-85b7-581122bb7f2c\20210419T200000+1000_REC_83.wav,False,0,0,0,0,0,0,0,0,0,0,0,0,human speech,-6.0955334,0.7512759,-0.074662596,0.6442876,0.035320677,0.25435248,0.092138655,0.51732033,0.20079063,0.113017425,0.0580885,0.24470578,0.069202244
13.027406,7.859125,12.528755,4,0,0,00:00.0,00:00.0,uploads\b67551bc-3737-11f0-85b7-581122bb7f2c\20210419T200000+1000_REC_84.wav,False,0,0,0,0,0,0,0,0,0,0,0,0,human speech,-6.087643,0.8792799,0.061805274,0.556256,0.04293061,0.39565054,0.1396886,0.46044126,0.18793596,0.26242667,0.15039754,0.26298296,0.11605851
12.083814,7.9688067,11.812887,4,0,0,00:00.0,00:00.0,uploads\b67551bc-3737-11f0-85b7-581122bb7f2c\20210419T200000+1000_REC_87.wav,False,0,0,0,0,0,0,0,0,0,0,0,0,human speech,-6.079834,1.003566,0.25314155,0.5183173,0.053840697,0.29810068,0.02725967,0.39372388,0.16477537,0.22333099,0.17401055,0.25508675,0.14399509
12.065038,7.590865,11.727685,4,0,0,00:00.0,00:00.0,uploads\b67551bc-3737-11f0-85b7-581122bb7f2c\20210419T200000+1000_REC_91.wav,False,0,0,0,0,0,0,0,0,0,0,0,0,human speech,-6.088189,0.96340156,0.23855568,0.5008935,0.040741485,0.30306974,0.019569496,0.25109664,0.11748358,0.28241557,0.19201282,0.31520006,0.18871601
12.680159,7.6850767,12.299195,4,0,0,00:00.0,00:00.0,uploads\b67551bc-3737-11f0-85b7-581122bb7f2c\20210419T200000+1000_REC_103.wav,False,0,0,0,0,0,0,0,0,0,0,0,0,human speech,-6.101284,0.8629492,0.23050204,0.44562152,0.05808663,0.38552547,0.09852889,0.33753595,0.14911565,0.30096987,0.15335369,0.2647057,0.15199475
12.758268,8.45042,11.789704,4,0,0,00:00.0,00:00.0,uploads\b67551bc-3737-11f0-85b7-581122bb7f2c\20210419T200000+1000_REC_115.wav,False,0,0,0,0,0,0,0,0,0,0,0,0,human speech,-6.101766,0.8307564,0.5258314,0.4549045,0.05787282,0.3301062,0.15844423,0.13394101,0.047737386,0.05838063,0.057496723,0.15326609,0.05366745
12.738611,8.413195,11.869847,4,0,0,00:00.0,00:00.0,uploads\b67551bc-3737-11f0-85b7-581122bb7f2c\20210419T200000+1000_REC_130.wav,False,0,0,0,0,0,0,0,0,0,0,0,0,human speech,-6.1237226,0.72751075,0.32984117,0.400317,0.14385667,0.37222376,0.08288769,0.21176356,0.12914658,0.16787183,0.03998579,0.14044423,0.09923984
12.8518715,8.230951,12.178138,4,0,0,00:00.0,00:00.0,uploads\b67551bc-3737-11f0-85b7-581122bb7f2c\20210419T200000+1000_REC_131.wav,False,0,0,0,0,0,0,0,0,0,0,0,0,human speech,-6.1057024,0.8683439,0.11452402,0.4159717,-0.0071038557,0.38993666,0.0741415,0.26216778,0.1731636,0.29412234,0.09196219,0.18535642,0.052296974
12.8036,8.265172,12.159457,4,0,0,00:00.0,00:00.0,uploads\b67551bc-3737-11f0-85b7-581122bb7f2c\20210419T200000+1000_REC_132.wav,False,0,0,0,0,0,0,0,0,0,0,0,0,human speech,-6.091193,0.9320254,0.14440595,0.45608756,0.08896909,0.4492486,0.11929472,0.34035885,0.15441452,0.27411845,0.13828331,0.24831639,0.07236381
12.833358,8.248063,12.163664,4,0,0,00:00.0,00:00.0,uploads\b67551bc-3737-11f0-85b7-581122bb7f2c\20210419T200000+1000_REC_134.wav,False,0,0,0,0,0,0,0,0,0,0,0,0,human speech,-6.1066628,0.87069494,0.09240574,0.3426944,0.080909304,0.44591174,0.096754424,0.30864668,0.16485329,0.25973168,0.09704111,0.19744465,0.055458512
12.774584,8.308324,12.152661,4,0,0,00:00.0,00:00.0,uploads\b67551bc-3737-11f0-85b7-581122bb7f2c\20210419T200000+1000_REC_135.wav,False,0,0,0,0,0,0,0,0,0,0,0,0,human speech,-6.0698767,1.0258827,0.2291551,0.4951078,0.056080293,0.52177703,0.0849391,0.3394391,0.16201973,0.2980078,0.09606778,0.2005246,0.06117609
12.269811,8.287288,11.718945,4,0,0,00:00.0,00:00.0,uploads\b67551bc-3737-11f0-85b7-581122bb7f2c\20210419T200000+1000_REC_136.wav,False,0,0,0,0,0,0,0,0,0,0,0,0,human speech,-6.0692816,1.0844421,0.18772131,0.52546704,0.060119733,0.39142892,0.057851136,0.31219238,0.11082006,0.24075678,0.11006114,0.21133925,0.15183
12.755888,8.3001585,12.155391,4,0,0,00:00.0,00:00.0,uploads\b67551bc-3737-11f0-85b7-581122bb7f2c\20210419T200000+1000_REC_137.wav,False,0,0,0,0,0,0,0,0,0,0,0,0,human speech,-6.078798,0.9847225,0.29153615,0.53033704,0.07970539,0.42899346,0.11867644,0.33634993,0.14125746,0.27092117,0.09339273,0.20683132,0.091452055
12.759597,8.299592,12.154837,4,0,0,00:00.0,00:00.0,uploads\b67551bc-3737-11f0-85b7-581122bb7f2c\20210419T200000+1000_REC_138.wav,False,0,0,0,0,0,0,0,0,0,0,0,0,human speech,-6.0704746,1.0905508,0.24807985,0.45673078,0.09482834,0.40240684,0.118961796,0.30307457,0.180302,0.30123985,0.13198031,0.15674482,0.09872767
12.303797,7.6737776,12.013199,4,0,0,00:00.0,00:00.0,uploads\b67551bc-3737-11f0-85b7-581122bb7f2c\20210419T200000+1000_REC_139.wav,False,0,0,0,0,0,0,0,0,0,0,0,0,human speech,-6.0998416,0.8730394,0.26310748,0.48200777,-0.06670734,0.3599954,0.087874144,0.27795234,0.12653296,0.20030198,0.18895657,0.25847784,0.16976835
12.687097,8.085175,12.28987,4,0,0,00:00.0,00:00.0,uploads\b67551bc-3737-11f0-85b7-581122bb7f2c\20210419T200000+1000_REC_140.wav,False,0,0,0,0,0,0,0,0,0,0,0,0,human speech,-6.0845556,0.988566,0.24646272,0.48914334,0.09762058,0.3762107,0.13098507,0.32339406,0.17038327,0.2719901,0.12691228,0.21077561,0.15997568
12.705084,8.054751,12.296483,4,0,0,00:00.0,00:00.0,uploads\b67551bc-3737-11f0-85b7-581122bb7f2c\20210419T200000+1000_REC_141.wav,False,0,0,0,0,0,0,0,0,0,0,0,0,human speech,-6.0850444,0.982082,0.2396025,0.49889398,0.095233254,0.38217273,0.15602785,0.31630626,0.16214263,0.24897547,0.12960094,0.22157143,0.18095319
12.758716,7.9218135,12.486295,4,0,0,00:00.0,00:00.0,uploads\b67551bc-3737-11f0-85b7-581122bb7f2c\20210419T200000+1000_REC_142.wav,False,0,0,0,0,0,0,0,0,0,0,0,0,human speech,-6.079841,0.9959526,0.13941567,0.557255,0.028854156,0.3539709,0.13446458,0.3453927,0.1665758,0.25848955,0.12493735,0.25306723,0.1351646
12.986131,8.058129,12.2554,4,0,0,00:00.0,00:00.0,uploads\b67551bc-3737-11f0-85b7-581122bb7f2c\20210419T200000+1000_REC_143.wav,False,0,0,0,0,0,0,0,0,0,0,0,0,human speech,-6.102756,0.87858456,0.23982471,0.4587855,0.034945685,0.32108536,0.12455216,0.3221132,0.17934453,0.2787175,0.14451978,0.22398184,0.13955514
13.001847,8.048858,12.220203,4,0,0,00:00.0,00:00.0,uploads\b67551bc-3737-11f0-85b7-581122bb7f2c\20210419T200000+1000_REC_145.wav,False,0,0,0,0,0,0,0,0,0,0,0,0,human speech,-6.1002316,0.8698741,0.2551474,0.4644645,0.14299095,0.41614524,0.12964335,0.31217262,0.1821244,0.26591018,0.14550501,0.21402232,0.119965084
13.014967,8.04548,12.222924,4,0,0,00:00.0,00:00.0,uploads\b67551bc-3737-11f0-85b7-581122bb7f2c\20210419T200000+1000_REC_146.wav,False,0,0,0,0,0,0,0,0,0,0,0,0,human speech,-6.096037,0.89013773,0.24120481,0.48826745,0.10057269,0.42182907,0.15143101,0.30898026,0.16604944,0.28151718,0.14457674,0.21838966,0.12587011
12.521149,8.202343,12.033113,4,0,0,00:00.0,00:00.0,uploads\b67551bc-3737-11f0-85b7-581122bb7f2c\20210419T200000+1000_REC_147.wav,False,0,0,0,0,0,0,0,0,0,0,0,0,human speech,-6.081157,0.99464476,0.2026137,0.52664036,0.08246214,0.40947604,0.08076948,0.32503027,0.13911447,0.24408339,0.1063812,0.23023574,0.16120835
12.567284,8.06404,12.178338,4,0,0,00:00.0,00:00.0,uploads\b67551bc-3737-11f0-85b7-581122bb7f2c\20210419T200000+1000_REC_148.wav,False,0,0,0,0,0,0,0,0,0,0,0,0,human speech,-6.09078,0.9282583,0.14726697,0.49263877,0.11012243,0.43672147,0.13908021,0.3142818,0.13758293,0.2883926,0.13355936,0.24453743,0.14206105
12.583345,8.223161,12.06868,4,0,0,00:00.0,00:00.0,uploads\b67551bc-3737-11f0-85b7-581122bb7f2c\20210419T200000+1000_REC_149.wav,False,0,0,0,0,0,0,0,0,0,0,0,0,human speech,-6.0821676,1.0441906,0.2455568,0.4446249,0.11081912,0.34517372,0.09099227,0.2945442,0.15956046,0.24576987,0.1162383,0.2140749,0.14817542
12.409477,8.186867,11.829109,4,0,0,00:00.0,00:00.0,uploads\b67551bc-3737-11f0-85b7-581122bb7f2c\20210419T200000+1000_REC_150.wav,False,0,0,0,0,0,0,0,0,0,0,0,0,human speech,-6.0910697,0.9675366,0.29755104,0.48820788,0.112244986,0.355684,0.07185723,0.22204684,0.09687544,0.23004366,0.13316625,0.22193618,0.15588732
12.988761,7.771132,12.437822,4,0,0,00:00.0,00:00.0,uploads\b67551bc-3737-11f0-85b7-581122bb7f2c\20210419T200000+1000_REC_151.wav,False,0,0,0,0,0,0,0,0,0,0,0,0,human speech,-6.0910554,0.9199655,0.12463236,0.48751903,0.11432638,0.42061394,0.13083148,0.33485487,0.18094853,0.30524668,0.16572607,0.2501473,0.15030187
12.057531,8.424289,11.093939,4,0,0,00:00.0,00:00.0,uploads\b67551bc-3737-11f0-85b7-581122bb7f2c\20210419T200000+1000_REC_152.wav,False,0,0,0,0,0,0,0,0,0,0,0,0,human speech,-6.0626607,1.137593,0.30802584,0.47768164,0.023675682,0.2768131,-0.051548395,0.1907523,0.04593005,0.23711745,0.17348894,0.29448363,0.22185618
12.216524,8.266308,11.680729,4,0,0,00:00.0,00:00.0,uploads\b67551bc-3737-11f0-85b7-581122bb7f2c\20210419T200000+1000_REC_153.wav,False,0,0,0,0,0,0,0,0,0,0,0,0,human speech,-6.0666547,1.1092662,0.26192,0.5140806,0.059334725,0.36923414,0.05603902,0.29525912,0.11900668,0.22125036,0.13276264,0.22078685,0.12541083
12.770838,7.9174294,12.301345,4,0,0,00:00.0,00:00.0,uploads\b67551bc-3737-11f0-85b7-581122bb7f2c\20210419T200000+1000_REC_154.wav,False,0,0,0,0,0,0,0,0,0,0,0,0,human speech,-6.0939507,0.9029865,0.21075551,0.5206542,0.11200523,0.39984825,0.12643048,0.32142928,0.13890341,0.24752702,0.15585615,0.2528563,0.13421246
12.658016,8.131729,12.174287,4,0,0,00:00.0,00:00.0,uploads\b67551bc-3737-11f0-85b7-581122bb7f2c\20210419T200000+1000_REC_155.wav,False,0,0,0,0,0,0,0,0,0,0,0,0,human speech,-6.095336,0.9062969,0.20666005,0.5006395,0.101944074,0.39515525,0.11028225,0.31593412,0.14743313,0.27230456,0.14105426,0.22720999,0.14524962
12.954993,7.9939866,12.252367,4,0,0,00:00.0,00:00.0,uploads\b67551bc-3737-11f0-85b7-581122bb7f2c\20210419T200000+1000_REC_156.wav,False,0,0,0,0,0,0,0,0,0,0,0,0,human speech,-6.101863,0.86277384,0.2039572,0.4651636,0.10071467,0.4067232,0.12905332,0.31329298,0.15636545,0.27700704,0.1589799,0.24659994,0.12819795
12.086509,8.603397,10.819806,4,0,0,00:00.0,00:00.0,uploads\b67551bc-3737-11f0-85b7-581122bb7f2c\20210419T200000+1000_REC_157.wav,False,0,0,0,0,0,0,0,0,0,0,0,0,human speech,-6.077197,1.0900508,0.28651652,0.43752778,0.06822573,0.32545328,0.030482939,0.16743892,0.059447687,0.2131983,0.14442722,0.22915149,0.18016331
12.039497,7.565478,11.6998625,4,0,0,00:00.0,00:00.0,uploads\b67551bc-3737-11f0-85b7-581122bb7f2c\20210419T200000+1000_REC_158.wav,False,0,0,0,0,0,0,0,0,0,0,0,0,human speech,-6.0723014,1.1085527,0.22232182,0.3644204,-0.011999654,0.28155738,0.038928922,0.23599811,0.10947718,0.28429466,0.2287837,0.34779805,0.20315844
12.779567,7.7228837,12.195353,4,0,0,00:00.0,00:00.0,uploads\b67551bc-3737-11f0-85b7-581122bb7f2c\20210419T200000+1000_REC_159.wav,False,0,0,0,0,0,0,0,0,0,0,0,0,human speech,-6.103686,0.84680533,0.2159161,0.4818555,0.10523171,0.39360973,0.119126976,0.29488128,0.14111818,0.27398852,0.1683192,0.2506712,0.15667501
12.416591,7.900167,12.0634365,4,0,0,00:00.0,00:00.0,uploads\b67551bc-3737-11f0-85b7-581122bb7f2c\20210419T200000+1000_REC_160.wav,True,0,0,0,1,0,0,0,0,0,0,0,0,human speech,-6.0861244,0.95487857,0.2274495,0.52680224,0.10071961,0.40572095,0.11053593,0.31273898,0.11855538,0.2448705,0.1353191,0.26599893,0.15775599
12.065466,8.393633,11.211351,4,0,0,00:00.0,00:00.0,uploads\b67551bc-3737-11f0-85b7-581122bb7f2c\20210419T200000+1000_REC_162.wav,True,0,0,0,1,0,0,0,0,0,0,0,0,human speech,-6.073577,1.0527772,0.2349059,0.48937678,0.12936282,0.44599423,0.040974405,0.21858518,0.06725237,0.24912919,0.14815718,0.27609938,0.16578196
12.3954,7.8412867,12.043772,4,0,0,00:00.0,00:00.0,uploads\b67551bc-3737-11f0-85b7-581122bb7f2c\20210419T200000+1000_REC_163.wav,True,0,0,0,1,0,0,0,0,0,0,0,0,human speech,-6.089957,0.94403154,0.18194333,0.5236103,0.067054875,0.35210255,0.08563347,0.31673983,0.13010037,0.25560546,0.14390643,0.28112763,0.16319017
12.054532,8.118552,11.678694,4,0,0,00:00.0,00:00.0,uploads\b67551bc-3737-11f0-85b7-581122bb7f2c\20210419T200000+1000_REC_164.wav,False,0,0,0,0,0,0,0,0,0,0,0,0,human speech,-6.0806627,1.0237826,0.19560799,0.49327746,0.049205102,0.36918008,0.033933505,0.296641,0.10841545,0.25596544,0.15555759,0.25270876,0.15336256
12.099292,7.9797425,11.814282,4,0,0,00:00.0,00:00.0,uploads\b67551bc-3737-11f0-85b7-581122bb7f2c\20210419T200000+1000_REC_165.wav,False,0,0,0,0,0,0,0,0,0,0,0,0,human speech,-6.076427,1.0551466,0.22976169,0.4323185,-0.017256374,0.33866173,0.088358894,0.3153361,0.11806015,0.29256698,0.18842937,0.29511008,0.13901027
12.619759,7.8822517,12.341541,4,0,0,00:00.0,00:00.0,uploads\b67551bc-3737-11f0-85b7-581122bb7f2c\20210419T200000+1000_REC_166.wav,False,0,0,0,0,0,0,0,0,0,0,0,0,human speech,-6.092106,0.922408,0.1587956,0.48643315,0.07881949,0.40995365,0.1052584,0.3149769,0.14265522,0.30340415,0.1663041,0.2628018,0.14030203
12.779588,7.8732634,12.46038,4,0,0,00:00.0,00:00.0,uploads\b67551bc-3737-11f0-85b7-581122bb7f2c\20210419T200000+1000_REC_167.wav,False,0,0,0,0,0,0,0,0,0,0,0,0,human speech,-6.0917177,0.9307854,0.17709813,0.5024949,0.05955608,0.37843788,0.100736655,0.3244976,0.16081193,0.2646925,0.13823605,0.27414748,0.1457519
12.5355215,8.171129,12.066813,4,0,0,00:00.0,00:00.0,uploads\b67551bc-3737-11f0-85b7-581122bb7f2c\20210419T200000+1000_REC_168.wav,False,0,0,0,0,0,0,0,0,0,0,0,0,human speech,-6.0918627,0.9471102,0.17206098,0.49527493,0.064561464,0.38089505,0.1036624,0.32090655,0.13068517,0.24530025,0.12837392,0.22893418,0.15091142
12.465085,7.9930983,12.008826,4,0,0,00:00.0,00:00.0,uploads\b67551bc-3737-11f0-85b7-581122bb7f2c\20210419T200000+1000_REC_169.wav,False,0,0,0,0,0,0,0,0,0,0,0,0,human speech,-6.0968876,0.90477103,0.19585654,0.4921581,0.08726482,0.3964755,0.07630244,0.29052648,0.1418033,0.24243554,0.1107492,0.25346166,0.1812173
12.148688,8.017379,11.832766,4,0,0,00:00.0,00:00.0,uploads\b67551bc-3737-11f0-85b7-581122bb7f2c\20210419T200000+1000_REC_170.wav,False,0,0,0,0,0,0,0,0,0,0,0,0,human speech,-6.0886445,0.95798016,0.23391339,0.52011675,0.09679946,0.3381341,0.080448,0.29791066,0.14718686,0.28875935,0.1493122,0.24946107,0.1322403
13.005897,7.889271,12.301151,4,0,0,00:00.0,00:00.0,uploads\b67551bc-3737-11f0-85b7-581122bb7f2c\20210419T200000+1000_REC_171.wav,False,0,0,0,0,0,0,0,0,0,0,0,0,human speech,-6.1022134,0.9011428,-0.008481976,0.35998955,0.098925166,0.37493005,0.08650519,0.29109547,0.19464347,0.30776557,0.17174669,0.24259421,0.17409286
12.798178,7.7083473,12.425389,4,0,0,00:00.0,00:00.0,uploads\b67551bc-3737-11f0-85b7-581122bb7f2c\20210419T200000+1000_REC_172.wav,False,0,0,0,0,0,0,0,0,0,0,0,0,human speech,-6.090355,0.926008,0.14813446,0.49322328,0.11890355,0.42160958,0.097783566,0.30924743,0.18454874,0.30854267,0.15149884,0.25754878,0.16241422
12.622095,7.9772243,12.361648,4,0,0,00:00.0,00:00.0,uploads\b67551bc-3737-11f0-85b7-581122bb7f2c\20210419T200000+1000_REC_173.wav,False,0,0,0,0,0,0,0,0,0,0,0,0,human speech,-6.0889983,0.94691527,0.1931377,0.5094751,0.09362852,0.39054525,0.10308033,0.31132036,0.1483457,0.29126212,0.15311098,0.24068555,0.14215976
12.10317,7.632016,11.766278,4,0,0,00:00.0,00:00.0,uploads\b67551bc-3737-11f0-85b7-581122bb7f2c\20210419T200000+1000_REC_174.wav,False,0,0,0,0,0,0,0,0,0,0,0,0,human speech,-6.082972,0.9962876,0.24223948,0.49028093,0.05504933,0.33860978,0.059517145,0.25387263,0.11926853,0.29074615,0.20884582,0.3065176,0.19573796
12.583301,7.771145,12.275523,4,0,0,00:00.0,00:00.0,uploads\b67551bc-3737-11f0-85b7-581122bb7f2c\20210419T200000+1000_REC_175.wav,False,0,0,0,0,0,0,0,0,0,0,0,0,human speech,-6.091611,0.9147242,0.18448254,0.53091586,0.099165216,0.40819937,0.085204,0.2850593,0.14380732,0.28494984,0.13401195,0.2582184,0.17208952
12.652671,7.7306457,12.260239,4,0,0,00:00.0,00:00.0,uploads\b67551bc-3737-11f0-85b7-581122bb7f2c\20210419T200000+1000_REC_176.wav,False,0,0,0,0,0,0,0,0,0,0,0,0,human speech,-6.0958595,0.890137,0.21630745,0.4981862,0.10064745,0.4023978,0.117600635,0.29663903,0.14538941,0.29494143,0.16185966,0.26385337,0.15978502
12.859682,7.809826,12.387365,4,0,0,00:00.0,00:00.0,uploads\b67551bc-3737-11f0-85b7-581122bb7f2c\20210419T200000+1000_REC_177.wav,False,0,0,0,0,0,0,0,0,0,0,0,0,human speech,-6.0929723,0.92506754,0.19322805,0.45858636,0.05998441,0.39588165,0.13409765,0.3298229,0.15646157,0.27956128,0.17663291,0.27121356,0.17135775
12.300825,8.242646,11.787734,4,0,0,00:00.0,00:00.0,uploads\b67551bc-3737-11f0-85b7-581122bb7f2c\20210419T200000+1000_REC_178.wav,False,0,0,0,0,0,0,0,0,0,0,0,0,human speech,-6.0813355,0.9783931,0.25873733,0.5603978,0.09447407,0.41755408,0.0715114,0.27415735,0.096599415,0.24774425,0.11369306,0.23080876,0.1326318
12.393799,7.8625016,12.03037,4,0,0,00:00.0,00:00.0,uploads\b67551bc-3737-11f0-85b7-581122bb7f2c\20210419T200000+1000_REC_179.wav,False,0,0,0,0,0,0,0,0,0,0,0,0,human speech,-6.0860233,0.9461955,0.22163771,0.5421,0.13595,0.4081522,0.10834978,0.29300478,0.09192932,0.25641325,0.1446178,0.26397228,0.19539711
12.427019,8.195498,11.93495,4,0,0,00:00.0,00:00.0,uploads\b67551bc-3737-11f0-85b7-581122bb7f2c\20210419T200000+1000_REC_180.wav,False,0,0,0,0,0,0,0,0,0,0,0,0,human speech,-6.0880294,0.93841916,0.23532449,0.54352,0.09688108,0.40304446,0.09059784,0.2883174,0.11632302,0.2718688,0.10615134,0.24494632,0.1443929
12.821834,7.80353,12.413776,4,0,0,00:00.0,00:00.0,uploads\b67551bc-3737-11f0-85b7-581122bb7f2c\20210419T200000+1000_REC_181.wav,False,0,0,0,0,0,0,0,0,0,0,0,0,human speech,-6.086754,0.9690794,0.18593623,0.4835004,0.043715384,0.37145585,0.121259026,0.34482044,0.16915789,0.2564416,0.1515198,0.2677768,0.18045004
12.159288,7.96176,11.849037,4,0,0,00:00.0,00:00.0,uploads\b67551bc-3737-11f0-85b7-581122bb7f2c\20210419T200000+1000_REC_182.wav,False,0,0,0,0,0,0,0,0,0,0,0,0,human speech,-6.0828743,0.9868132,0.25726387,0.52622855,0.098684065,0.36025894,0.06524127,0.3049713,0.14111835,0.27253908,0.15739374,0.24106476,0.15655218
12.7644415,8.332925,12.143001,4,0,0,00:00.0,00:00.0,uploads\b67551bc-3737-11f0-85b7-581122bb7f2c\20210419T200000+1000_REC_183.wav,False,0,0,0,0,0,0,0,0,0,0,0,0,human speech,-6.075442,1.0469844,0.21979287,0.50468194,0.0533938,0.38058683,0.10440914,0.31505898,0.1516449,0.27689922,0.12561075,0.22850531,0.07596118
12.150443,7.8505836,11.865233,4,0,0,00:00.0,00:00.0,uploads\b67551bc-3737-11f0-85b7-581122bb7f2c\20210419T200000+1000_REC_184.wav,False,0,0,0,0,0,0,0,0,0,0,0,0,human speech,-6.0846915,1.0020084,0.26877007,0.41414627,-0.04050196,0.25458857,0.07358592,0.34371248,0.196329,0.32909364,0.18634948,0.250638,0.15423098
12.09489,8.069757,11.753031,4,0,0,00:00.0,00:00.0,uploads\b67551bc-3737-11f0-85b7-581122bb7f2c\20210419T200000+1000_REC_185.wav,False,0,0,0,0,0,0,0,0,0,0,0,0,human speech,-6.0840983,0.99697655,0.22749005,0.508907,0.041409887,0.35065946,0.077426866,0.29939437,0.123891816,0.2604206,0.15171131,0.2474449,0.13647449
12.696027,7.929055,12.440496,4,0,0,00:00.0,00:00.0,uploads\b67551bc-3737-11f0-85b7-581122bb7f2c\20210419T200000+1000_REC_187.wav,False,0,0,0,0,0,0,0,0,0,0,0,0,human speech,-6.085054,0.96273375,0.21011095,0.5239191,0.056477547,0.3811829,0.1085904,0.3324359,0.14877653,0.28124788,0.15488446,0.2514171,0.14792505
12.162766,7.8720236,11.870932,4,0,0,00:00.0,00:00.0,uploads\b67551bc-3737-11f0-85b7-581122bb7f2c\20210419T200000+1000_REC_188.wav,False,0,0,0,0,0,0,0,0,0,0,0,0,human speech,-6.08561,0.9705531,0.20714746,0.47659588,0.009680205,0.31965908,0.07183921,0.36787122,0.18718109,0.30653372,0.19643933,0.26109168,0.14799066
12.497702,8.19185,12.017294,4,0,0,00:00.0,00:00.0,uploads\b67551bc-3737-11f0-85b7-581122bb7f2c\20210419T200000+1000_REC_189.wav,True,0,0,0,0,0,0,0,0,1,0,0,0,human speech,-6.09419,0.8989075,0.23283315,0.53960896,0.08570079,0.37534204,0.07880202,0.31837544,0.13585725,0.27222243,0.11476395,0.2262372,0.13539086
12.268733,7.694188,11.955019,4,0,0,00:00.0,00:00.0,uploads\b67551bc-3737-11f0-85b7-581122bb7f2c\20210419T200000+1000_REC_190.wav,False,0,0,0,0,0,0,0,0,0,0,0,0,human speech,-6.0964127,0.90739304,0.24339996,0.5131269,0.044015087,0.32695,0.08189202,0.2885003,0.11410935,0.2421568,0.12790273,0.26215646,0.21230744
12.147662,8.673147,10.781202,4,0,0,00:00.0,00:00.0,uploads\b67551bc-3737-11f0-85b7-581122bb7f2c\20210419T200000+1000_REC_191.wav,False,0,0,0,0,0,0,0,0,0,0,0,0,human speech,-6.084296,1.0353941,0.3187061,0.45497602,-0.005298827,0.24900609,-0.007312015,0.1941701,0.072502695,0.23551776,0.12161593,0.20568153,0.15586604
12.049536,7.5809174,11.713905,4,0,0,00:00.0,00:00.0,uploads\b67551bc-3737-11f0-85b7-581122bb7f2c\20210419T200000+1000_REC_192.wav,False,0,0,0,0,0,0,0,0,0,0,0,0,human speech,-6.085593,1.008705,0.24551779,0.42561406,0.027138235,0.2764499,0.03829553,0.25937897,0.15028611,0.28255954,0.22053252,0.33267906,0.16976742
12.245215,7.666814,11.93127,4,0,0,00:00.0,00:00.0,uploads\b67551bc-3737-11f0-85b7-581122bb7f2c\20210419T200000+1000_REC_193.wav,False,0,0,0,0,0,0,0,0,0,0,0,0,human speech,-6.0945673,0.93433756,0.21946904,0.49376437,0.056219444,0.34146804,0.058451228,0.27552313,0.10792973,0.22996329,0.14959577,0.27572355,0.18700063
12.100156,8.606281,10.838354,4,0,0,00:00.0,00:00.0,uploads\b67551bc-3737-11f0-85b7-581122bb7f2c\20210419T200000+1000_REC_194.wav,False,0,0,0,0,0,0,0,0,0,0,0,0,human speech,-6.087152,1.005881,0.2950923,0.48771375,0.051109243,0.30009845,-0.00076776015,0.19494389,0.060899667,0.22186258,0.108008124,0.21009085,0.16281755
12.42956,8.107618,11.887749,4,0,0,00:00.0,00:00.0,uploads\b67551bc-3737-11f0-85b7-581122bb7f2c\20210419T200000+1000_REC_195.wav,True,0,0,0,1,0,0,0,0,1,0,0,0,human speech,-6.1066184,0.8714492,0.2563444,0.46713963,0.0893753,0.3186215,0.06539433,0.24091999,0.124148615,0.24350737,0.14171585,0.2261011,0.1410148
12.468772,8.044985,11.979816,4,0,0,00:00.0,00:00.0,uploads\b67551bc-3737-11f0-85b7-581122bb7f2c\20210419T200000+1000_REC_196.wav,False,0,0,0,0,0,0,0,0,0,0,0,0,human speech,-6.1061573,0.8528156,0.22256126,0.46722674,0.091551565,0.36810407,0.096639745,0.29268712,0.13616721,0.23620951,0.12702757,0.2462917,0.16512693
12.550938,7.759725,12.243729,4,0,0,00:00.0,00:00.0,uploads\b67551bc-3737-11f0-85b7-581122bb7f2c\20210419T200000+1000_REC_197.wav,False,0,0,0,0,0,0,0,0,0,0,0,0,human speech,-6.089689,0.9246467,0.2331097,0.5150966,0.08208352,0.4041154,0.08222896,0.31762344,0.14116864,0.28790882,0.13877262,0.2565662,0.16289079
12.697644,7.724878,12.166322,4,0,0,00:00.0,00:00.0,uploads\b67551bc-3737-11f0-85b7-581122bb7f2c\20210419T200000+1000_REC_198.wav,False,0,0,0,0,0,0,0,0,0,0,0,0,human speech,-6.1078515,0.83020985,0.20840098,0.45969018,0.11189751,0.38902047,0.08610602,0.2663603,0.1191664,0.2694502,0.19157794,0.2606273,0.14708555
12.7874365,8.159347,12.17225,4,0,0,00:00.0,00:00.0,uploads\b67551bc-3737-11f0-85b7-581122bb7f2c\20210419T200000+1000_REC_199.wav,False,0,0,0,0,0,0,0,0,0,0,0,0,human speech,-6.104827,0.8477633,0.21647066,0.47592038,0.08223566,0.38895,0.09254803,0.31712168,0.1530543,0.259689,0.14184621,0.2132288,0.12699518
12.635354,7.8205533,12.0899,4,0,0,00:00.0,00:00.0,uploads\b67551bc-3737-11f0-85b7-581122bb7f2c\20210419T200000+1000_REC_200.wav,False,0,0,0,0,0,0,0,0,0,0,0,0,human speech,-6.1058507,0.8375903,0.20348439,0.47091842,0.09240124,0.404979,0.1357086,0.30356485,0.13073996,0.24484786,0.12064026,0.24846719,0.16287343
12.907126,7.8623223,12.27837,4,0,0,00:00.0,00:00.0,uploads\b67551bc-3737-11f0-85b7-581122bb7f2c\20210419T200000+1000_REC_201.wav,False,0,0,0,0,0,0,0,0,0,0,0,0,human speech,-6.1032424,0.8325638,0.19277865,0.48517895,0.0862821,0.4123596,0.1357401,0.31903335,0.1442303,0.2861998,0.17200598,0.26067787,0.13665615
12.507475,7.6791725,12.16023,4,0,0,00:00.0,00:00.0,uploads\b67551bc-3737-11f0-85b7-581122bb7f2c\20210419T200000+1000_REC_202.wav,False,0,0,0,0,0,0,0,0,0,0,0,0,human speech,-6.0995655,0.87125444,0.21459018,0.48502466,0.09157148,0.39487693,0.118085474,0.30623013,0.12859333,0.26843724,0.15222657,0.27819556,0.17363673
12.549783,7.7064667,12.243488,4,0,0,00:00.0,00:00.0,uploads\b67551bc-3737-11f0-85b7-581122bb7f2c\20210419T200000+1000_REC_203.wav,False,0,0,0,0,0,0,0,0,0,0,0,0,human speech,-6.091722,0.9220531,0.21915303,0.5080149,0.076039426,0.37359908,0.10590949,0.30922964,0.14222997,0.30973017,0.15208115,0.24948822,0.17554906
12.071509,8.43448,11.12078,4,0,0,00:00.0,00:00.0,uploads\b67551bc-3737-11f0-85b7-581122bb7f2c\20210419T200000+1000_REC_204.wav,True,0,0,0,1,0,0,0,0,1,0,0,0,human speech,-6.072384,1.0611664,0.28817478,0.5302475,0.10248939,0.37702477,0.038863204,0.25226256,0.06352165,0.22080316,0.10627246,0.25030681,0.17050065
12.060771,8.428127,11.10176,4,0,0,00:00.0,00:00.0,uploads\b67551bc-3737-11f0-85b7-581122bb7f2c\20210419T200000+1000_REC_205.wav,False,0,0,0,0,0,0,0,0,0,0,0,0,human speech,-6.0541325,1.1477323,0.3567589,0.5580562,0.051025122,0.2999708,-0.01629001,0.21158975,0.074526034,0.22174866,0.15068504,0.30128393,0.22463763
12.046653,7.5783243,11.707405,4,0,0,00:00.0,00:00.0,uploads\b67551bc-3737-11f0-85b7-581122bb7f2c\20210419T200000+1000_REC_206.wav,False,0,0,0,0,0,0,0,0,0,0,0,0,human speech,-6.0821795,1.0173993,0.2500052,0.47761038,0.047821306,0.29050112,-0.004104067,0.24453256,0.13509844,0.28957808,0.18448709,0.29987654,0.19314629
12.336834,7.6966567,12.018532,4,0,0,00:00.0,00:00.0,uploads\b67551bc-3737-11f0-85b7-581122bb7f2c\20210419T200000+1000_REC_207.wav,False,0,0,0,0,0,0,0,0,0,0,0,0,human speech,-6.098866,0.8949004,0.22200523,0.46713123,0.059166696,0.36373445,0.093219616,0.29181492,0.12324191,0.26820797,0.15815452,0.28766066,0.18096636
12.863791,7.8221707,12.468923,4,0,0,00:00.0,00:00.0,uploads\b67551bc-3737-11f0-85b7-581122bb7f2c\20210419T200000+1000_REC_208.wav,False,0,0,0,0,0,0,0,0,0,0,0,0,human speech,-6.091395,0.9205833,0.16410296,0.49178508,0.081962146,0.4069407,0.13166168,0.349783,0.16655071,0.27940065,0.14558387,0.2584568,0.16065171
12.57651,8.187179,12.074714,4,0,0,00:00.0,00:00.0,uploads\b67551bc-3737-11f0-85b7-581122bb7f2c\20210419T200000+1000_REC_209.wav,False,0,0,0,0,0,0,0,0,0,0,0,0,human speech,-6.0962358,0.9083468,0.22651197,0.49764994,0.08188643,0.3654517,0.09210116,0.3170205,0.13440776,0.2765254,0.13454606,0.22561735,0.1350143
12.5349045,8.275967,11.9766,4,0,0,00:00.0,00:00.0,uploads\b67551bc-3737-11f0-85b7-581122bb7f2c\20210419T200000+1000_REC_210.wav,False,0,0,0,0,0,0,0,0,0,0,0,0,human speech,-6.0975046,0.8980851,0.20090213,0.51180625,0.12287299,0.39692286,0.08800841,0.26799256,0.102847226,0.2723546,0.13714787,0.22043902,0.121900715
12.450338,8.151826,11.953309,4,0,0,00:00.0,00:00.0,uploads\b67551bc-3737-11f0-85b7-581122bb7f2c\20210419T200000+1000_REC_211.wav,True,0,0,0,1,0,0,0,0,1,0,0,0,human speech,-6.0956426,0.91346425,0.2142241,0.49984127,0.07892282,0.38133553,0.0781763,0.30230308,0.11269738,0.2670616,0.121912204,0.22580466,0.1553557
12.152681,8.249535,11.594235,4,0,0,00:00.0,00:00.0,uploads\b67551bc-3737-11f0-85b7-581122bb7f2c\20210419T200000+1000_REC_212.wav,False,0,0,0,0,0,0,0,0,0,0,0,0,human speech,-6.0750775,1.0030181,0.27215874,0.5698018,0.10885752,0.40514305,0.06162558,0.29052404,0.107005276,0.26635432,0.13481918,0.2684447,0.15470792
12.436631,8.071617,11.95337,4,0,0,00:00.0,00:00.0,uploads\b67551bc-3737-11f0-85b7-581122bb7f2c\20210419T200000+1000_REC_213.wav,False,0,0,0,0,0,0,0,0,0,0,0,0,human speech,-6.0963445,0.9188453,0.21417381,0.493079,0.08000777,0.36637995,0.0842126,0.28593254,0.12787949,0.24998413,0.13306259,0.25071368,0.15659568
12.542582,8.103869,12.1370945,4,0,0,00:00.0,00:00.0,uploads\b67551bc-3737-11f0-85b7-581122bb7f2c\20210419T200000+1000_REC_214.wav,False,0,0,0,0,0,0,0,0,0,0,0,0,human speech,-6.093747,0.91864747,0.2011737,0.4966881,0.066070445,0.40462306,0.11978738,0.3119549,0.12794206,0.26622343,0.13930531,0.23631397,0.14016642
12.772195,7.7481174,12.183881,4,0,0,00:00.0,00:00.0,uploads\b67551bc-3737-11f0-85b7-581122bb7f2c\20210419T200000+1000_REC_215.wav,False,0,0,0,0,0,0,0,0,0,0,0,0,human speech,-6.0970473,0.8954084,0.24528183,0.50250924,0.1270644,0.3602507,0.08985181,0.30527362,0.15377481,0.2644101,0.16342027,0.25208926,0.15404318
12.42142,8.200183,11.8694935,4,0,0,00:00.0,00:00.0,uploads\b67551bc-3737-11f0-85b7-581122bb7f2c\20210419T200000+1000_REC_216.wav,False,0,0,0,0,0,0,0,0,0,0,0,0,human speech,-6.097505,0.9081535,0.25185803,0.5065213,0.11930926,0.38356942,0.10469175,0.2709794,0.081698194,0.21183234,0.10210326,0.2088064,0.15662687
12.298462,8.240493,11.796882,4,0,0,00:00.0,00:00.0,uploads\b67551bc-3737-11f0-85b7-581122bb7f2c\20210419T200000+1000_REC_217.wav,False,0,0,0,0,0,0,0,0,0,0,0,0,human speech,-6.084491,0.98667043,0.2781095,0.55296403,0.093226224,0.32619008,0.057560194,0.2749061,0.1036767,0.23669568,0.107653804,0.22441804,0.121614315
12.107011,8.106574,11.72998,4,0,0,00:00.0,00:00.0,uploads\b67551bc-3737-11f0-85b7-581122bb7f2c\20210419T200000+1000_REC_218.wav,False,0,0,0,0,0,0,0,0,0,0,0,0,human speech,-6.088823,0.9437677,0.22937053,0.556332,0.10072515,0.3488529,0.09200767,0.29650018,0.109890826,0.2513097,0.15899785,0.25321084,0.1297179
12.804803,7.8571453,12.300753,4,0,0,00:00.0,00:00.0,uploads\b67551bc-3737-11f0-85b7-581122bb7f2c\20210419T200000+1000_REC_219.wav,True,0,0,0,1,0,0,0,0,1,0,0,0,human speech,-6.0944023,0.89263225,0.25561213,0.5061127,0.08685849,0.3887883,0.13762705,0.33696568,0.13802445,0.27570665,0.1624112,0.24753423,0.14911184
12.600209,8.25052,12.056296,4,0,0,00:00.0,00:00.0,uploads\b67551bc-3737-11f0-85b7-581122bb7f2c\20210419T200000+1000_REC_220.wav,False,0,0,0,0,0,0,0,0,0,0,0,0,human speech,-6.096489,0.90685713,0.25692755,0.49695012,0.10523169,0.39495727,0.094627745,0.27386358,0.13492724,0.24555072,0.14484982,0.2328412,0.12316504
12.327313,7.7434087,12.016592,4,0,0,00:00.0,00:00.0,uploads\b67551bc-3737-11f0-85b7-581122bb7f2c\20210419T200000+1000_REC_221.wav,False,0,0,0,0,0,0,0,0,0,0,0,0,human speech,-6.0927067,0.9187829,0.2514095,0.5077125,0.08107406,0.38664964,0.077584915,0.28652444,0.13577563,0.27086085,0.16214962,0.25327647,0.17133294
12.260095,7.6857405,11.945126,4,0,0,00:00.0,00:00.0,uploads\b67551bc-3737-11f0-85b7-581122bb7f2c\20210419T200000+1000_REC_222.wav,False,0,0,0,0,0,0,0,0,0,0,0,0,human speech,-6.098813,0.9049311,0.25182906,0.47462815,0.08626794,0.3463276,0.06188663,0.25216123,0.1171216,0.249777,0.13711812,0.2833688,0.19653435
12.331967,7.7358623,12.031059,4,0,0,00:00.0,00:00.0,uploads\b67551bc-3737-11f0-85b7-581122bb7f2c\20210419T200000+1000_REC_223.wav,False,0,0,0,0,0,0,0,0,0,0,0,0,human speech,-6.085224,0.96946,0.2688309,0.50711167,0.052818082,0.39253327,0.10113404,0.285162,0.12974842,0.25518015,0.1597178,0.2639764,0.1706802
12.671704,8.30586,12.057236,4,0,0,00:00.0,00:00.0,uploads\b67551bc-3737-11f0-85b7-581122bb7f2c\20210419T200000+1000_REC_224.wav,True,0,0,0,1,0,0,0,0,1,0,0,0,human speech,-6.096549,0.9191056,0.22086743,0.48735636,0.11530152,0.39857522,0.11488097,0.2792024,0.11637258,0.23703356,0.114886455,0.22191006,0.095580935
12.090007,8.126695,11.692064,4,0,0,00:00.0,00:00.0,uploads\b67551bc-3737-11f0-85b7-581122bb7f2c\20210419T200000+1000_REC_225.wav,False,0,0,0,0,0,0,0,0,0,0,0,0,human speech,-6.082023,0.9855642,0.24648868,0.5311695,0.075279765,0.39686593,0.062034853,0.31373712,0.10866696,0.23435488,0.14887089,0.25170198,0.13733338
12.16216,8.270277,11.5844555,4,0,0,00:00.0,00:00.0,uploads\b67551bc-3737-11f0-85b7-581122bb7f2c\20210419T200000+1000_REC_226.wav,False,0,0,0,0,0,0,0,0,0,0,0,0,human speech,-6.065761,1.0835649,0.29446912,0.5403743,0.06246761,0.39065194,0.048111834,0.26933944,0.115947805,0.267122,0.12031264,0.2635643,0.13115941
12.17025,8.226223,11.657486,4,0,0,00:00.0,00:00.0,uploads\b67551bc-3737-11f0-85b7-581122bb7f2c\20210419T200000+1000_REC_227.wav,False,0,0,0,0,0,0,0,0,0,0,0,0,human speech,-6.076717,0.9972801,0.30238688,0.5747983,0.10916214,0.38746345,0.057298504,0.2697364,0.08796883,0.2658968,0.14913096,0.24400216,0.14287381
12.260495,7.684246,11.939074,4,0,0,00:00.0,00:00.0,uploads\b67551bc-3737-11f0-85b7-581122bb7f2c\20210419T200000+1000_REC_228.wav,False,0,0,0,0,0,0,0,0,0,0,0,0,human speech,-6.0983067,0.8954057,0.20039746,0.49460274,0.08882883,0.35148254,0.046402726,0.26332384,0.10759368,0.2923759,0.18082666,0.27631888,0.16433541
12.070462,8.427938,11.125189,4,0,0,00:00.0,00:00.0,uploads\b67551bc-3737-11f0-85b7-581122bb7f2c\20210419T200000+1000_REC_229.wav,False,0,0,0,0,0,0,0,0,0,0,0,0,human speech,-6.0652504,1.082844,0.32018456,0.5445969,0.047104504,0.3839911,-0.004380509,0.22739585,0.06357516,0.22740562,0.11507781,0.27641347,0.18810952
12.142476,7.63391,11.807043,4,0,0,00:00.0,00:00.0,uploads\b67551bc-3737-11f0-85b7-581122bb7f2c\20210419T200000+1000_REC_230.wav,False,0,0,0,0,0,0,0,0,0,0,0,0,human speech,-6.0946274,0.9348619,0.28756088,0.48207492,0.06907662,0.31797042,0.031169241,0.21109559,0.07292505,0.22751662,0.16523895,0.30328155,0.1927988
12.167923,7.8635855,11.870372,4,0,0,00:00.0,00:00.0,uploads\b67551bc-3737-11f0-85b7-581122bb7f2c\20210419T200000+1000_REC_231.wav,False,0,0,0,0,0,0,0,0,0,0,0,0,human speech,-6.082565,0.97748417,0.24961896,0.52144825,0.07914129,0.39462668,0.051379934,0.28432545,0.14335044,0.2843455,0.1622877,0.27288562,0.14794868
12.128403,8.313146,11.445384,4,0,0,00:00.0,00:00.0,uploads\b67551bc-3737-11f0-85b7-581122bb7f2c\20210419T200000+1000_REC_232.wav,False,0,0,0,0,0,0,0,0,0,0,0,0,human speech,-6.0705724,1.0548137,0.2596195,0.5410234,0.07252488,0.37805685,0.04780613,0.27496248,0.10012619,0.2593655,0.1307282,0.3008241,0.1608943
12.153582,7.8198633,11.857822,4,0,0,00:00.0,00:00.0,uploads\b67551bc-3737-11f0-85b7-581122bb7f2c\20210419T200000+1000_REC_233.wav,False,0,0,0,0,0,0,0,0,0,0,0,0,human speech,-6.081949,0.97591734,0.24255964,0.5180972,0.042017687,0.3810921,0.045126908,0.27118134,0.14411528,0.31846002,0.19294897,0.28736708,0.15110174
12.288165,7.718232,11.977909,4,0,0,00:00.0,00:00.0,uploads\b67551bc-3737-11f0-85b7-581122bb7f2c\20210419T200000+1000_REC_234.wav,False,0,0,0,0,0,0,0,0,0,0,0,0,human speech,-6.092785,0.93517673,0.2560416,0.4944647,0.08862439,0.35156715,0.06984684,0.30009073,0.12202129,0.2506652,0.15013973,0.25986853,0.17848746
12.068427,8.430808,11.118512,4,0,0,00:00.0,00:00.0,uploads\b67551bc-3737-11f0-85b7-581122bb7f2c\20210419T200000+1000_REC_235.wav,True,0,0,0,1,0,0,0,0,1,0,0,0,human speech,-6.065348,1.0976019,0.32976627,0.5383704,0.07002449,0.34796998,0.029423162,0.24089324,0.075887166,0.23471336,0.13068078,0.24890806,0.19436286
12.053774,7.5874977,11.713698,4,0,0,00:00.0,00:00.0,uploads\b67551bc-3737-11f0-85b7-581122bb7f2c\20210419T200000+1000_REC_236.wav,False,0,0,0,0,0,0,0,0,0,0,0,0,human speech,-6.086338,0.97289175,0.32691196,0.49004275,0.07037707,0.27932096,0.018268682,0.21285819,0.10747755,0.26461557,0.1922703,0.31133732,0.2439456
13.310944,7.7056932,12.266673,4,0,0,00:00.0,00:00.0,uploads\b67551bc-3737-11f0-85b7-581122bb7f2c\20210419T200000+1000_REC_237.wav,False,0,0,0,0,0,0,0,0,0,0,0,0,human speech,-6.1000547,0.86038285,0.30287257,0.48306108,0.1502373,0.36486542,0.14648665,0.30199933,0.16411316,0.27539524,0.18106872,0.24429949,0.1662113
13.308301,7.740295,12.243042,4,0,0,00:00.0,00:00.0,uploads\b67551bc-3737-11f0-85b7-581122bb7f2c\20210419T200000+1000_REC_238.wav,False,0,0,0,0,0,0,0,0,0,0,0,0,human speech,-6.0927377,0.9093814,0.30840296,0.48240706,0.18784013,0.4016499,0.19034702,0.31015238,0.1697707,0.22998582,0.171055,0.21285005,0.15014526
13.229009,7.75516,12.194166,4,0,0,00:00.0,00:00.0,uploads\b67551bc-3737-11f0-85b7-581122bb7f2c\20210419T200000+1000_REC_261.wav,True,0,0,0,1,0,0,0,0,1,0,0,0,human speech,-6.0689373,1.0220704,0.45330146,0.55131805,0.19700871,0.34648246,0.13799855,0.26033598,0.15101217,0.23122019,0.17836961,0.23907025,0.16647492
13.30221,7.690304,12.334517,4,0,0,00:00.0,00:00.0,uploads\b67551bc-3737-11f0-85b7-581122bb7f2c\20210419T200000+1000_REC_262.wav,False,0,0,0,0,0,0,0,0,0,0,0,0,human speech,-6.087298,0.85864246,0.3506503,0.57440263,0.1604224,0.41625977,0.14483012,0.29287416,0.19684905,0.29191408,0.19911861,0.2869385,0.15147895
13.416221,7.6770864,12.198027,4,0,0,00:00.0,00:00.0,uploads\b67551bc-3737-11f0-85b7-581122bb7f2c\20210419T200000+1000_REC_263.wav,False,0,0,0,0,0,0,0,0,0,0,0,0,human speech,-6.093142,0.86114085,0.36237955,0.48132366,0.25175747,0.38172066,0.20559114,0.3082949,0.23247047,0.26223785,0.20252886,0.22775358,0.1746744
13.428158,7.6717234,12.193998,4,0,0,00:00.0,00:00.0,uploads\b67551bc-3737-11f0-85b7-581122bb7f2c\20210419T200000+1000_REC_264.wav,False,0,0,0,0,0,0,0,0,0,0,0,0,human speech,-6.0959954,0.8259282,0.3585401,0.49868816,0.21039274,0.39031887,0.21683106,0.33808708,0.2284471,0.2650927,0.1976929,0.22625804,0.1624468
13.437661,7.674346,12.175861,4,0,0,00:00.0,00:00.0,uploads\b67551bc-3737-11f0-85b7-581122bb7f2c\20210419T200000+1000_REC_265.wav,False,0,0,0,0,0,0,0,0,0,0,0,0,human speech,-6.101803,0.7891856,0.34093836,0.508699,0.24422126,0.38669145,0.20867063,0.2993028,0.2084569,0.27302068,0.20628782,0.21287523,0.1552095
13.366762,7.6825504,12.252541,4,0,0,00:00.0,00:00.0,uploads\b67551bc-3737-11f0-85b7-581122bb7f2c\20210419T200000+1000_REC_266.wav,False,0,0,0,0,0,0,0,0,0,0,0,0,human speech,-6.094668,0.85485363,0.33889118,0.5047377,0.19134478,0.36416128,0.1602733,0.31544054,0.2016048,0.28646645,0.21581014,0.2632915,0.17976357
12.080458,8.676712,10.717807,4,0,0,00:00.0,00:00.0,uploads\b67551bc-3737-11f0-85b7-581122bb7f2c\20210419T220000+1000_REC_142.wav,False,0,0,0,0,0,0,0,0,0,0,0,0,human speech,-6.027264,1.2247404,0.39134765,0.7280404,-0.08789113,0.22765878,-0.0026709458,0.18798496,-0.018345429,0.13251403,0.01026349,0.15196821,0.14593054
10.935496,11.426274,3.3727787,5,0,0,00:00.0,00:00.0,uploads\b67551bc-3737-11f0-85b7-581122bb7f2c\20210419T020000+1000_REC_207.wav,True,0,0,0,0,0,0,0,0,1,0,0,0,rain (light),-6.0337534,1.2698328,0.45472202,0.5836506,-0.0010565479,0.17527479,0.017390955,0.17433107,0.037447017,0.14327154,0.0857552,0.14533362,0.1237107
10.211658,12.262628,2.4496617,5,0,0,00:00.0,00:00.0,uploads\b67551bc-3737-11f0-85b7-581122bb7f2c\20210419T040000+1000_REC_9.wav,False,0,0,0,0,0,0,0,0,0,0,0,0,rain (light),-6.108192,0.7963144,0.5447428,0.4020184,0.25851414,0.1962864,0.17829035,0.1574894,0.15699612,0.15450038,0.16122355,0.18607059,0.21339248
10.902349,11.372002,3.4213214,5,0,0,00:00.0,00:00.0,uploads\b67551bc-3737-11f0-85b7-581122bb7f2c\20210419T040000+1000_REC_196.wav,False,0,0,0,0,0,0,0,0,0,0,0,0,rain (light),-6.0952864,0.95566094,0.41559312,0.44514513,0.11906446,0.21785004,0.09347519,0.18501188,0.15761074,0.19023226,0.17413889,0.20130408,0.18816063
11.097961,12.206346,3.1530676,5,0,0,00:00.0,00:00.0,uploads\b67551bc-3737-11f0-85b7-581122bb7f2c\20210419T140000+1000_REC_43.wav,False,0,0,0,0,0,0,0,0,0,0,0,0,rain (light),-6.124769,0.73914194,0.22795577,0.037158575,0.16464153,0.30500305,0.2380205,0.030622257,-0.011118452,0.19591534,0.35240808,0.26201782,0.08774328
10.042879,12.466456,2.104947,5,0,0,00:00.0,00:00.0,uploads\b67551bc-3737-11f0-85b7-581122bb7f2c\20210419T160000+1000_REC_9.wav,False,0,0,0,0,0,0,0,0,0,0,0,0,rain (light),-6.118763,0.78956187,0.47075456,0.325394,0.19860286,0.15216784,0.18889813,0.20335421,0.18040533,0.14756647,0.14025852,0.14889342,0.15078068
10.733645,12.30334,3.1084013,5,0,0,00:00.0,00:00.0,uploads\b67551bc-3737-11f0-85b7-581122bb7f2c\20210419T160000+1000_REC_10.wav,False,0,0,0,0,0,0,0,0,0,0,0,0,rain (light),-6.0679493,1.1423197,0.40514854,0.47093928,0.057306133,0.19698904,0.10425857,0.19066426,0.14483342,0.13646078,0.11872824,0.12525973,0.16031252
10.833663,12.419465,3.223961,5,0,0,00:00.0,00:00.0,uploads\b67551bc-3737-11f0-85b7-581122bb7f2c\20210419T160000+1000_REC_12.wav,False,0,0,0,0,0,0,0,0,0,0,0,0,rain (light),-6.083726,1.0336008,0.40462723,0.4654015,0.07788242,0.25718936,0.18016459,0.20532295,0.15931693,0.1287924,0.10913285,0.13269052,0.16572475
9.971845,12.485838,2.0183992,5,0,0,00:00.0,00:00.0,uploads\b67551bc-3737-11f0-85b7-581122bb7f2c\20210419T160000+1000_REC_13.wav,False,0,0,0,0,0,0,0,0,0,0,0,0,rain (light),-6.1078687,0.8625034,0.47653946,0.3474197,0.19174634,0.19512832,0.21957801,0.19835405,0.19109666,0.15768899,0.14779246,0.16730748,0.18298142
9.930405,12.505575,1.9701362,5,0,0,00:00.0,00:00.0,uploads\b67551bc-3737-11f0-85b7-581122bb7f2c\20210419T160000+1000_REC_14.wav,False,0,0,0,0,0,0,0,0,0,0,0,0,rain (light),-6.1105957,0.82431465,0.486264,0.34637877,0.21940778,0.20093876,0.2160506,0.21885662,0.21726424,0.18377936,0.15927733,0.14983098,0.1675317
9.854882,12.51008,1.878705,5,0,0,00:00.0,00:00.0,uploads\b67551bc-3737-11f0-85b7-581122bb7f2c\20210419T160000+1000_REC_15.wav,False,0,0,0,0,0,0,0,0,0,0,0,0,rain (light),-6.1232204,0.71925473,0.47754312,0.3119789,0.229459,0.20574404,0.20664868,0.20787704,0.2030513,0.18862118,0.17397542,0.17330517,0.19029406
10.723911,12.33803,2.9731262,5,0,0,00:00.0,00:00.0,uploads\b67551bc-3737-11f0-85b7-581122bb7f2c\20210419T160000+1000_REC_16.wav,True,0,1,0,0,0,0,0,0,1,0,0,0,rain (light),-6.096169,1.0021224,0.3996112,0.34258905,0.12856112,0.1710614,0.15252206,0.1733582,0.1760689,0.1556325,0.15162504,0.13215016,0.16089079
10.804072,12.348944,3.1774895,5,0,0,00:00.0,00:00.0,uploads\b67551bc-3737-11f0-85b7-581122bb7f2c\20210419T160000+1000_REC_18.wav,False,0,0,0,0,0,0,0,0,0,0,0,0,rain (light),-6.064962,1.1819211,0.35864577,0.41098267,0.05602112,0.19566578,0.08126257,0.21265516,0.15053259,0.17751722,0.13693532,0.19406535,0.17338386
10.770825,12.297753,3.116956,5,0,0,00:00.0,00:00.0,uploads\b67551bc-3737-11f0-85b7-581122bb7f2c\20210419T160000+1000_REC_19.wav,True,0,1,0,0,0,0,0,0,1,0,0,0,rain (light),-6.0721855,1.120926,0.43719104,0.41618577,0.10140104,0.19759728,0.102339186,0.17627262,0.13083456,0.15577853,0.15600473,0.18003981,0.19358131
10.028205,12.473907,2.0924535,5,0,0,00:00.0,00:00.0,uploads\b67551bc-3737-11f0-85b7-581122bb7f2c\20210419T160000+1000_REC_21.wav,False,0,0,0,0,0,0,0,0,0,0,0,0,rain (light),-6.107445,0.84221196,0.5466924,0.33834612,0.20620278,0.16205819,0.16155288,0.15509334,0.16163343,0.16390201,0.15884045,0.17428787,0.19671752
10.590133,12.312293,2.826783,5,0,0,00:00.0,00:00.0,uploads\b67551bc-3737-11f0-85b7-581122bb7f2c\20210419T160000+1000_REC_22.wav,False,0,0,0,0,0,0,0,0,0,0,0,0,rain (light),-6.075075,1.118559,0.47383088,0.3437396,0.16701017,0.1467035,0.12560114,0.11621289,0.152674,0.15115784,0.13904604,0.12604608,0.1648172
10.605912,12.25998,2.8632083,5,0,0,00:00.0,00:00.0,uploads\b67551bc-3737-11f0-85b7-581122bb7f2c\20210419T160000+1000_REC_24.wav,False,0,0,0,0,0,0,0,0,0,0,0,0,rain (light),-6.0577164,1.2202321,0.46907496,0.36048272,0.086680576,0.12626116,0.11745799,0.121183366,0.12805924,0.12650119,0.14750463,0.12897296,0.16850436
10.071595,12.453637,2.1391773,5,0,0,00:00.0,00:00.0,uploads\b67551bc-3737-11f0-85b7-581122bb7f2c\20210419T160000+1000_REC_25.wav,False,0,0,0,0,0,0,0,0,0,0,0,0,rain (light),-6.0869527,0.99979377,0.5536872,0.34210065,0.17354307,0.14410934,0.18285413,0.17749017,0.16302978,0.14025405,0.13494913,0.15342551,0.1829773
9.794434,12.520298,1.8077338,5,0,0,00:00.0,00:00.0,uploads\b67551bc-3737-11f0-85b7-581122bb7f2c\20210419T160000+1000_REC_27.wav,False,0,0,0,0,0,0,0,0,0,0,0,0,rain (light),-6.1236253,0.6421182,0.5127928,0.37198406,0.2675445,0.21450548,0.20160025,0.20588943,0.20976493,0.20837317,0.20492223,0.20237944,0.19958149
9.701505,12.522049,1.6972072,5,0,0,00:00.0,00:00.0,uploads\b67551bc-3737-11f0-85b7-581122bb7f2c\20210419T160000+1000_REC_28.wav,True,0,0,0,0,0,0,0,0,0,0,0,1,rain (light),-6.140436,0.38881692,0.37361813,0.35132214,0.3255264,0.29975453,0.27666652,0.25766754,0.24293911,0.23176223,0.22295439,0.21528327,0.20778577
10.000901,12.473825,2.0560393,5,0,0,00:00.0,00:00.0,uploads\b67551bc-3737-11f0-85b7-581122bb7f2c\20210419T160000+1000_REC_29.wav,False,0,0,0,0,0,0,0,0,0,0,0,0,rain (light),-6.0960264,0.8702319,0.5835832,0.40312335,0.25054705,0.18426256,0.18579419,0.18965301,0.19565287,0.18334122,0.16944867,0.17340098,0.19216268
10.584688,12.271951,2.8408387,5,0,0,00:00.0,00:00.0,uploads\b67551bc-3737-11f0-85b7-581122bb7f2c\20210419T160000+1000_REC_31.wav,False,0,0,0,0,0,0,0,0,0,0,0,0,rain (light),-6.069355,1.1271777,0.4293187,0.48970953,0.087893136,0.11504305,0.12811573,0.15553242,0.10766702,0.08041174,0.10786018,0.09948247,0.15585805
10.562294,12.300114,2.813501,5,0,0,00:00.0,00:00.0,uploads\b67551bc-3737-11f0-85b7-581122bb7f2c\20210419T160000+1000_REC_35.wav,False,0,0,0,0,0,0,0,0,0,0,0,0,rain (light),-6.0795913,1.0533302,0.53266627,0.39175427,0.16010347,0.12681629,0.15940668,0.15174855,0.16317049,0.13343287,0.1377302,0.13383174,0.14220762
10.055926,12.459951,2.1211395,5,0,0,00:00.0,00:00.0,uploads\b67551bc-3737-11f0-85b7-581122bb7f2c\20210419T160000+1000_REC_36.wav,False,0,0,0,0,0,0,0,0,0,0,0,0,rain (light),-6.098085,0.89692235,0.57835525,0.36344796,0.20355706,0.1498191,0.16997904,0.17162204,0.16639166,0.15142088,0.13367638,0.14435828,0.17472777
9.800323,12.517872,1.8140858,5,0,0,00:00.0,00:00.0,uploads\b67551bc-3737-11f0-85b7-581122bb7f2c\20210419T160000+1000_REC_37.wav,False,0,0,0,0,0,0,0,0,0,0,0,0,rain (light),-6.128461,0.5960227,0.50030756,0.3845486,0.28661075,0.22648288,0.20207098,0.19700526,0.19459511,0.188316,0.18152374,0.17956652,0.18352664
10.056099,12.459968,2.12102,5,0,0,00:00.0,00:00.0,uploads\b67551bc-3737-11f0-85b7-581122bb7f2c\20210419T160000+1000_REC_38.wav,False,0,0,0,0,0,0,0,0,0,0,0,0,rain (light),-6.0941396,0.9205598,0.56043583,0.39192072,0.21004878,0.16356733,0.1852756,0.18580173,0.19256072,0.16468143,0.14532892,0.15138087,0.16076677
10.601541,12.326792,2.8290534,5,0,0,00:00.0,00:00.0,uploads\b67551bc-3737-11f0-85b7-581122bb7f2c\20210419T160000+1000_REC_39.wav,False,0,0,0,0,0,0,0,0,0,0,0,0,rain (light),-6.083621,1.0494511,0.44829974,0.4268779,0.16010903,0.16030583,0.16665392,0.151715,0.14916062,0.12873656,0.12494533,0.09781031,0.14502214
10.715328,12.338661,2.9699266,5,0,0,00:00.0,00:00.0,uploads\b67551bc-3737-11f0-85b7-581122bb7f2c\20210419T160000+1000_REC_40.wav,False,0,0,0,0,0,0,0,0,0,0,0,0,rain (light),-6.07476,1.0654829,0.47033584,0.500424,0.1431663,0.19261423,0.16721307,0.18075347,0.16923694,0.13798973,0.14341137,0.11388325,0.1529224
10.724009,12.320901,3.0545154,5,0,0,00:00.0,00:00.0,uploads\b67551bc-3737-11f0-85b7-581122bb7f2c\20210419T160000+1000_REC_41.wav,False,0,0,0,0,0,0,0,0,0,0,0,0,rain (light),-6.076854,1.0682034,0.41055775,0.5129598,0.078458555,0.19916551,0.16164163,0.20239499,0.1217423,0.14556307,0.14693227,0.09799485,0.13318886
10.692443,12.271354,3.0167286,5,0,0,00:00.0,00:00.0,uploads\b67551bc-3737-11f0-85b7-581122bb7f2c\20210419T160000+1000_REC_43.wav,False,0,0,0,0,0,0,0,0,0,0,0,0,rain (light),-6.050999,1.2201325,0.36889207,0.54877293,0.049315926,0.17073396,0.09688599,0.1928829,0.13606514,0.1261315,0.08973656,0.13564178,0.17965484
10.498645,12.368561,2.6822107,5,0,0,00:00.0,00:00.0,uploads\b67551bc-3737-11f0-85b7-581122bb7f2c\20210419T160000+1000_REC_44.wav,False,0,0,0,0,0,0,0,0,0,0,0,0,rain (light),-6.0884643,0.9894492,0.4590897,0.46571594,0.14187866,0.115576126,0.21351284,0.18644196,0.1534039,0.15559381,0.15544495,0.11516025,0.18077181
10.679374,12.2684,2.9975643,5,0,0,00:00.0,00:00.0,uploads\b67551bc-3737-11f0-85b7-581122bb7f2c\20210419T160000+1000_REC_45.wav,True,0,1,0,0,0,0,0,0,1,0,0,0,rain (light),-6.061478,1.1407518,0.36481556,0.59296435,0.040166385,0.14923957,0.13575569,0.2237239,0.12070674,0.13331684,0.12332623,0.09999572,0.16215214
10.090797,12.453361,2.1644633,5,0,0,00:00.0,00:00.0,uploads\b67551bc-3737-11f0-85b7-581122bb7f2c\20210419T160000+1000_REC_46.wav,False,0,0,0,0,0,0,0,0,0,0,0,0,rain (light),-6.103034,0.90110594,0.48632017,0.38357827,0.15509848,0.14562209,0.19167455,0.16856706,0.17006741,0.1577586,0.16712739,0.15593381,0.16568127
10.631914,12.336768,2.8592212,5,0,0,00:00.0,00:00.0,uploads\b67551bc-3737-11f0-85b7-581122bb7f2c\20210419T160000+1000_REC_65.wav,False,0,0,0,0,0,0,0,0,0,0,0,0,rain (light),-6.082806,1.0555335,0.47897094,0.36784676,0.12892582,0.14891309,0.16433142,0.20364942,0.19852813,0.11641076,0.11272111,0.112893514,0.16319844
11.086574,12.218051,3.149503,5,0,0,00:00.0,00:00.0,uploads\b67551bc-3737-11f0-85b7-581122bb7f2c\20210419T160000+1000_REC_66.wav,False,0,0,0,0,0,0,0,0,0,0,0,0,rain (light),-6.0716853,1.1609616,0.25447416,0.20277657,0.2087871,0.33521238,0.22125967,0.048550002,0.10707572,0.23052587,0.2708555,0.13728741,0.027655534
10.742273,12.317873,3.079077,5,0,0,00:00.0,00:00.0,uploads\b67551bc-3737-11f0-85b7-581122bb7f2c\20210419T160000+1000_REC_67.wav,False,0,0,0,0,0,0,0,0,0,0,0,0,rain (light),-6.0790052,1.0875373,0.41084465,0.42991254,0.107171535,0.1755573,0.11991679,0.17298949,0.16870587,0.12393655,0.11125131,0.13686256,0.19299972
10.7526655,12.11156,3.093309,5,0,0,00:00.0,00:00.0,uploads\b67551bc-3737-11f0-85b7-581122bb7f2c\20210419T160000+1000_REC_68.wav,False,0,0,0,0,0,0,0,0,0,0,0,0,rain (light),-6.0444927,1.292835,0.3851687,0.3827373,0.010793157,0.1529277,0.054550294,0.09932365,0.09821539,0.16997845,0.1931352,0.21044369,0.20489
10.746414,11.868552,3.096038,5,0,0,00:00.0,00:00.0,uploads\b67551bc-3737-11f0-85b7-581122bb7f2c\20210419T160000+1000_REC_69.wav,False,0,0,0,0,0,0,0,0,0,0,0,0,rain (light),-6.0009766,1.4631706,0.41932046,0.3879265,-0.12078062,0.078937374,-0.054428544,0.12667595,0.10021346,0.22345543,0.19234514,0.23564854,0.18947673
9.806975,12.516626,1.8219813,5,0,0,00:00.0,00:00.0,uploads\b67551bc-3737-11f0-85b7-581122bb7f2c\20210419T160000+1000_REC_81.wav,False,0,0,0,0,0,0,0,0,0,0,0,0,rain (light),-6.133151,0.60901093,0.4470732,0.30390832,0.22374593,0.2017702,0.2124566,0.22853583,0.23377717,0.22191662,0.20173123,0.18957844,0.1888075
9.717019,12.520912,1.7144024,5,0,0,00:00.0,00:00.0,uploads\b67551bc-3737-11f0-85b7-581122bb7f2c\20210419T160000+1000_REC_82.wav,False,0,0,0,0,0,0,0,0,0,0,0,0,rain (light),-6.1331654,0.51698536,0.44889387,0.3653693,0.30165726,0.25978345,0.2433006,0.2370605,0.23188022,0.22278102,0.211919,0.20560177,0.198175
9.924032,12.499131,1.9619567,5,0,0,00:00.0,00:00.0,uploads\b67551bc-3737-11f0-85b7-581122bb7f2c\20210419T160000+1000_REC_83.wav,False,0,0,0,0,0,0,0,0,0,0,0,0,rain (light),-6.1191697,0.74381286,0.50304204,0.33865288,0.23568141,0.19211262,0.19381087,0.20194378,0.20169036,0.18298323,0.16137399,0.15926546,0.17320725
9.701398,12.521684,1.6966757,5,0,0,00:00.0,00:00.0,uploads\b67551bc-3737-11f0-85b7-581122bb7f2c\20210419T160000+1000_REC_84.wav,False,0,0,0,0,0,0,0,0,0,0,0,0,rain (light),-6.1255126,0.5302346,0.4358987,0.39499336,0.37721655,0.31528744,0.24623786,0.24260885,0.2707981,0.24821028,0.1930282,0.18692681,0.22238776
9.74497,12.520517,1.747639,5,0,0,00:00.0,00:00.0,uploads\b67551bc-3737-11f0-85b7-581122bb7f2c\20210419T160000+1000_REC_85.wav,False,0,0,0,0,0,0,0,0,0,0,0,0,rain (light),-6.1323705,0.54400206,0.4597037,0.36388525,0.2896597,0.24857023,0.23311982,0.22826746,0.22238928,0.21296826,0.2043632,0.20029396,0.1992952
10.033293,12.460925,2.0922241,5,0,0,00:00.0,00:00.0,uploads\b67551bc-3737-11f0-85b7-581122bb7f2c\20210419T160000+1000_REC_86.wav,False,0,0,0,0,0,0,0,0,0,0,0,0,rain (light),-6.0960684,0.9458866,0.5083125,0.33867386,0.19034985,0.17610478,0.19028617,0.19021769,0.20934045,0.15934134,0.14033893,0.17039002,0.1827726
9.954167,12.492767,1.9960622,5,0,0,00:00.0,00:00.0,uploads\b67551bc-3737-11f0-85b7-581122bb7f2c\20210419T160000+1000_REC_87.wav,False,0,0,0,0,0,0,0,0,0,0,0,0,rain (light),-6.1217546,0.7127748,0.51981866,0.34206754,0.23302938,0.19356152,0.1959004,0.19839516,0.1824953,0.16023889,0.14909935,0.1538008,0.16762409
9.703895,12.521681,1.6993709,5,0,0,00:00.0,00:00.0,uploads\b67551bc-3737-11f0-85b7-581122bb7f2c\20210419T160000+1000_REC_88.wav,True,0,0,0,0,0,0,0,0,0,0,0,1,rain (light),-6.13762,0.41523603,0.39187023,0.36008018,0.32717556,0.29857948,0.27638957,0.2598273,0.24687159,0.2358474,0.22609337,0.21765622,0.2105994
9.71493,12.520116,1.7108914,5,0,0,00:00.0,00:00.0,uploads\b67551bc-3737-11f0-85b7-581122bb7f2c\20210419T160000+1000_REC_89.wav,False,0,0,0,0,0,0,0,0,0,0,0,0,rain (light),-6.125897,0.51289076,0.47429755,0.40966535,0.3488829,0.30606738,0.26368782,0.25081193,0.2283772,0.22270736,0.2141164,0.20538247,0.20757309
10.033758,12.461666,2.0993688,5,0,0,00:00.0,00:00.0,uploads\b67551bc-3737-11f0-85b7-581122bb7f2c\20210419T160000+1000_REC_90.wav,False,0,0,0,0,0,0,0,0,0,0,0,0,rain (light),-6.107814,0.75359696,0.5317711,0.46885228,0.31664374,0.16771194,0.21135704,0.1988483,0.075474344,0.10416208,0.20365702,0.19335295,0.19638482
9.718599,12.520081,1.7152812,5,0,0,00:00.0,00:00.0,uploads\b67551bc-3737-11f0-85b7-581122bb7f2c\20210419T160000+1000_REC_91.wav,False,0,0,0,0,0,0,0,0,0,0,0,0,rain (light),-6.123503,0.5509949,0.49882004,0.4263078,0.3476735,0.2791298,0.23066556,0.20379685,0.19729778,0.20498072,0.2169863,0.22719435,0.23086943
10.2056265,12.279202,2.4316866,5,0,0,00:00.0,00:00.0,uploads\b67551bc-3737-11f0-85b7-581122bb7f2c\20210419T160000+1000_REC_92.wav,False,0,0,0,0,0,0,0,0,0,0,0,0,rain (light),-6.0605183,0.95677286,0.7589434,0.5248688,0.32143685,0.17977303,0.10282032,0.079468735,0.094278604,0.12919453,0.16795543,0.20106922,0.2212803
10.234527,12.27775,2.4708972,5,0,0,00:00.0,00:00.0,uploads\b67551bc-3737-11f0-85b7-581122bb7f2c\20210419T160000+1000_REC_93.wav,True,0,0,0,0,0,0,0,0,0,1,0,0,rain (light),-6.0422287,1.1636202,0.6993166,0.4703927,0.24191023,0.117643684,0.09837586,0.07974689,0.08255796,0.10220462,0.12557752,0.15731616,0.19890577
10.590158,12.333862,2.8146634,5,0,0,00:00.0,00:00.0,uploads\b67551bc-3737-11f0-85b7-581122bb7f2c\20210419T160000+1000_REC_114.wav,False,0,0,0,0,0,0,0,0,0,0,0,0,rain (light),-6.072024,1.1048598,0.4444391,0.48033288,0.09253902,0.13483343,0.17248164,0.1642465,0.19274637,0.13309146,0.11990159,0.09581396,0.12274883
10.507139,12.364962,2.690192,5,0,0,00:00.0,00:00.0,uploads\b67551bc-3737-11f0-85b7-581122bb7f2c\20210419T160000+1000_REC_116.wav,False,0,0,0,0,0,0,0,0,0,0,0,0,rain (light),-6.0869017,0.9741299,0.48287782,0.50278765,0.13568538,0.09795025,0.20019108,0.20492549,0.17722762,0.1545653,0.1712486,0.10750434,0.14711834
10.588126,12.281305,2.8467472,5,0,0,00:00.0,00:00.0,uploads\b67551bc-3737-11f0-85b7-581122bb7f2c\20210419T160000+1000_REC_117.wav,False,0,0,0,0,0,0,0,0,0,0,0,0,rain (light),-6.0630083,1.1260633,0.43275523,0.56675225,0.044947453,0.113438085,0.1433546,0.19394518,0.16335353,0.1212513,0.15004829,0.082921535,0.16058733
10.672426,12.241551,2.9846485,5,0,0,00:00.0,00:00.0,uploads\b67551bc-3737-11f0-85b7-581122bb7f2c\20210419T160000+1000_REC_118.wav,True,0,0,0,0,0,0,0,0,1,0,0,0,rain (light),-6.0389366,1.2318928,0.418401,0.6375307,-0.011180305,0.13699558,0.073089294,0.19170047,0.10388374,0.11827587,0.12129559,0.11384613,0.18645154
10.715983,12.297507,3.0559688,5,0,0,00:00.0,00:00.0,uploads\b67551bc-3737-11f0-85b7-581122bb7f2c\20210419T160000+1000_REC_119.wav,False,0,0,0,0,0,0,0,0,0,0,0,0,rain (light),-6.048146,1.184655,0.4194258,0.6133919,0.017092137,0.20899022,0.146493,0.23460871,0.11261715,0.13243474,0.14325891,0.1417704,0.16406362
10.016277,12.469139,2.0746357,5,0,0,00:00.0,00:00.0,uploads\b67551bc-3737-11f0-85b7-581122bb7f2c\20210419T160000+1000_REC_120.wav,False,0,0,0,0,0,0,0,0,0,0,0,0,rain (light),-6.0899196,0.9179526,0.5457815,0.45116013,0.21150689,0.17848417,0.23762777,0.2011572,0.19111614,0.17293976,0.16987443,0.18147518,0.1989391
9.792568,12.518515,1.8046716,5,0,0,00:00.0,00:00.0,uploads\b67551bc-3737-11f0-85b7-581122bb7f2c\20210419T160000+1000_REC_121.wav,False,0,0,0,0,0,0,0,0,0,0,0,0,rain (light),-6.1252637,0.6281663,0.5081997,0.37602693,0.27329582,0.22139132,0.21241903,0.21531959,0.21025012,0.19752084,0.18430534,0.18024895,0.18799199
10.576216,12.338538,2.795689,5,0,0,00:00.0,00:00.0,uploads\b67551bc-3737-11f0-85b7-581122bb7f2c\20210419T160000+1000_REC_122.wav,False,0,0,0,0,0,0,0,0,0,0,0,0,rain (light),-6.086419,1.0236433,0.4355677,0.4527542,0.1378286,0.13513912,0.16412847,0.17262952,0.18638234,0.1453168,0.1416706,0.117265,0.14966305
10.669503,12.299696,3.0202522,5,0,0,00:00.0,00:00.0,uploads\b67551bc-3737-11f0-85b7-581122bb7f2c\20210419T160000+1000_REC_124.wav,False,0,0,0,0,0,0,0,0,0,0,0,0,rain (light),-6.0541496,1.2236309,0.3746129,0.49617743,0.050483305,0.15655975,0.10292072,0.17756952,0.17739844,0.12569158,0.11663889,0.10946089,0.13313489
10.645872,12.253242,2.9524107,5,0,0,00:00.0,00:00.0,uploads\b67551bc-3737-11f0-85b7-581122bb7f2c\20210419T160000+1000_REC_125.wav,False,0,0,0,0,0,0,0,0,0,0,0,0,rain (light),-6.057341,1.2037386,0.38551688,0.47798812,-0.0027244887,0.12665772,0.09827181,0.1834475,0.19233973,0.12837335,0.120330945,0.12156212,0.15784237
10.503763,12.366197,2.6897576,5,0,0,00:00.0,00:00.0,uploads\b67551bc-3737-11f0-85b7-581122bb7f2c\20210419T160000+1000_REC_127.wav,False,0,0,0,0,0,0,0,0,0,0,0,0,rain (light),-6.092403,0.95804924,0.4700144,0.46072748,0.15221643,0.13710468,0.2020265,0.18115136,0.18239458,0.15587011,0.16186248,0.142701,0.15953444
9.880041,12.50657,1.9131643,5,0,0,00:00.0,00:00.0,uploads\b67551bc-3737-11f0-85b7-581122bb7f2c\20210419T160000+1000_REC_128.wav,False,0,0,0,0,0,0,0,0,0,0,0,0,rain (light),-6.119342,0.7109752,0.524957,0.36747217,0.21225756,0.15597782,0.17609376,0.20429622,0.2054631,0.22013198,0.20421335,0.17973243,0.18992524
10.9311495,11.485852,3.3533144,5,0,0,00:00.0,00:00.0,uploads\b67551bc-3737-11f0-85b7-581122bb7f2c\20210419T160000+1000_REC_170.wav,False,0,0,0,0,0,0,0,0,0,0,0,0,rain (light),-6.0484123,1.231307,0.29571477,0.5387305,-0.06123376,0.13901393,0.051963095,0.17704149,0.12902863,0.25393933,0.20507316,0.14850196,0.12390826
10.503789,12.367044,2.6905193,5,0,0,00:00.0,00:00.0,uploads\b67551bc-3737-11f0-85b7-581122bb7f2c\20210419T160000+1000_REC_181.wav,False,0,0,0,0,0,0,0,0,0,0,0,0,rain (light),-6.078652,1.0554713,0.40774268,0.50967276,0.07639002,0.12865724,0.18848093,0.20116495,0.17126481,0.1495809,0.16835314,0.1260116,0.17658837
10.487106,12.38774,2.6639378,5,0,0,00:00.0,00:00.0,uploads\b67551bc-3737-11f0-85b7-581122bb7f2c\20210419T160000+1000_REC_182.wav,True,0,0,0,0,0,0,0,0,1,0,0,0,rain (light),-6.073544,1.0402075,0.43578804,0.57831657,0.09953034,0.1317776,0.19286293,0.24662015,0.17357431,0.13362241,0.16452825,0.123988226,0.19637303
10.707672,12.297866,3.048182,5,0,0,00:00.0,00:00.0,uploads\b67551bc-3737-11f0-85b7-581122bb7f2c\20210419T160000+1000_REC_187.wav,False,0,0,0,0,0,0,0,0,0,0,0,0,rain (light),-6.070358,1.0945429,0.3628003,0.5792721,0.032514896,0.1700553,0.13402839,0.19883755,0.12833638,0.14644192,0.1297457,0.09421628,0.14434652
10.581628,12.340847,2.7998908,5,0,0,00:00.0,00:00.0,uploads\b67551bc-3737-11f0-85b7-581122bb7f2c\20210419T160000+1000_REC_188.wav,False,0,0,0,0,0,0,0,0,0,0,0,0,rain (light),-6.0922265,0.9640925,0.43702084,0.49636114,0.14090759,0.14058304,0.1809495,0.18177015,0.17519705,0.12017605,0.13907507,0.11663368,0.1449807
10.491793,12.372611,2.6702077,5,0,0,00:00.0,00:00.0,uploads\b67551bc-3737-11f0-85b7-581122bb7f2c\20210419T160000+1000_REC_189.wav,False,0,0,0,0,0,0,0,0,0,0,0,0,rain (light),-6.0939717,0.96556866,0.40815857,0.4550628,0.11255381,0.14897406,0.20734793,0.22067256,0.20788087,0.16039236,0.15535451,0.120024815,0.17837575
11.057749,12.238077,3.1452055,5,0,0,00:00.0,00:00.0,uploads\b67551bc-3737-11f0-85b7-581122bb7f2c\20210419T160000+1000_REC_192.wav,False,0,0,0,0,0,0,0,0,0,0,0,0,rain (light),-6.096343,1.0292622,0.077257946,0.1797809,0.29095522,0.25785905,0.13644356,0.10548989,0.1149399,0.07214129,0.22258532,0.25127977,0.046568953
10.74633,12.34931,2.9915786,5,0,0,00:00.0,00:00.0,uploads\b67551bc-3737-11f0-85b7-581122bb7f2c\20210419T160000+1000_REC_195.wav,False,0,0,0,0,0,0,0,0,0,0,0,0,rain (light),-6.099216,0.95721394,0.36623755,0.42056015,0.17326507,0.18082386,0.19795561,0.22535808,0.16343471,0.13216396,0.1647879,0.13626754,0.1325174
10.810847,12.386222,3.1754584,5,0,0,00:00.0,00:00.0,uploads\b67551bc-3737-11f0-85b7-581122bb7f2c\20210419T160000+1000_REC_231.wav,False,0,0,0,0,0,0,0,0,0,0,0,0,rain (light),-6.0748925,1.0946535,0.3659548,0.4704997,0.088762246,0.24956243,0.12828296,0.2262875,0.13406205,0.18352295,0.15723936,0.18474513,0.1737943
10.790069,12.375728,3.1390307,5,0,0,00:00.0,00:00.0,uploads\b67551bc-3737-11f0-85b7-581122bb7f2c\20210419T160000+1000_REC_232.wav,False,0,0,0,0,0,0,0,0,0,0,0,0,rain (light),-6.08228,1.0641601,0.40461516,0.4079932,0.08826669,0.21673457,0.13915977,0.20636034,0.16462089,0.18510401,0.17095792,0.1650603,0.16628309
9.970563,12.487088,2.01622,5,0,0,00:00.0,00:00.0,uploads\b67551bc-3737-11f0-85b7-581122bb7f2c\20210419T160000+1000_REC_233.wav,False,0,0,0,0,0,0,0,0,0,0,0,0,rain (light),-6.099231,0.93536836,0.45568156,0.34558803,0.17827122,0.21128784,0.21036562,0.22263426,0.19381498,0.16435772,0.17810571,0.16206354,0.17779554
10.807293,12.387579,3.162873,5,0,0,00:00.0,00:00.0,uploads\b67551bc-3737-11f0-85b7-581122bb7f2c\20210419T160000+1000_REC_234.wav,False,0,0,0,0,0,0,0,0,0,0,0,0,rain (light),-6.078705,1.0936493,0.37672675,0.4063042,0.10103988,0.22669744,0.12947302,0.24099648,0.17777146,0.17216772,0.13460238,0.15592125,0.15470079
10.769769,12.373409,3.0135055,5,0,0,00:00.0,00:00.0,uploads\b67551bc-3737-11f0-85b7-581122bb7f2c\20210419T160000+1000_REC_238.wav,False,0,0,0,0,0,0,0,0,0,0,0,0,rain (light),-6.0847135,1.0637089,0.41949296,0.36662248,0.10830932,0.18502302,0.1570252,0.21432042,0.17540048,0.13580865,0.13947745,0.13213214,0.1433771
10.804753,12.389706,3.1606212,5,0,0,00:00.0,00:00.0,uploads\b67551bc-3737-11f0-85b7-581122bb7f2c\20210419T160000+1000_REC_239.wav,False,0,0,0,0,0,0,0,0,0,0,0,0,rain (light),-6.0724926,1.1312455,0.39015365,0.41085336,0.10311021,0.21822423,0.15440851,0.23534925,0.1571101,0.1479797,0.12338121,0.13715501,0.15226339
10.780999,12.340093,3.0362103,5,0,0,00:00.0,00:00.0,uploads\b67551bc-3737-11f0-85b7-581122bb7f2c\20210419T160000+1000_REC_241.wav,False,0,0,0,0,0,0,0,0,0,0,0,0,rain (light),-6.08897,1.0466554,0.39092577,0.36386555,0.100934796,0.19120456,0.14275464,0.17972216,0.1638172,0.1618378,0.15888728,0.14467776,0.15597399
10.929463,11.549203,3.277373,5,0,0,00:00.0,00:00.0,uploads\b67551bc-3737-11f0-85b7-581122bb7f2c\20210419T200000+1000_REC_42.wav,False,0,0,0,0,0,0,0,0,0,0,0,0,rain (light),-6.137688,0.60861975,0.27130923,0.014058226,-0.05878083,0.020134155,0.107321456,0.15954515,0.17794128,0.19605957,0.25828382,0.28226396,0.21649477
10.927016,11.565035,3.269098,5,0,0,00:00.0,00:00.0,uploads\b67551bc-3737-11f0-85b7-581122bb7f2c\20210419T200000+1000_REC_44.wav,False,0,0,0,0,0,0,0,0,0,0,0,0,rain (light),-6.1297145,0.75342005,0.3254591,0.11552297,0.059539445,0.1255258,0.14822584,0.15352754,0.17570826,0.21117419,0.26063213,0.244302,0.18665576
10.925071,11.413245,3.3781643,5,0,0,00:00.0,00:00.0,uploads\b67551bc-3737-11f0-85b7-581122bb7f2c\20210419T200000+1000_REC_59.wav,False,0,0,0,0,0,0,0,0,0,0,0,0,rain (light),-6.100616,0.9381063,0.29943973,0.2756023,-0.018198146,0.06907328,-0.023207778,0.15825571,0.21385401,0.25238284,0.25880358,0.26954213,0.2874357
10.740294,11.794464,3.0975811,5,0,0,00:00.0,00:00.0,uploads\b67551bc-3737-11f0-85b7-581122bb7f2c\20210419T200000+1000_REC_66.wav,False,0,0,0,0,0,0,0,0,0,0,0,0,rain (light),-6.071886,1.123862,0.49201077,0.2294855,0.059179436,0.028175615,0.013724608,0.06816063,0.15647578,0.1843055,0.21625546,0.22361507,0.22839037
10.748823,11.841276,3.1093192,5,0,0,00:00.0,00:00.0,uploads\b67551bc-3737-11f0-85b7-581122bb7f2c\20210419T200000+1000_REC_68.wav,False,0,0,0,0,0,0,0,0,0,0,0,0,rain (light),-6.0229406,1.276745,0.47433722,0.07515089,-0.19248205,-0.13413271,-0.007831742,0.111768454,0.043308362,0.082966015,0.35758793,0.39678383,0.32059768
10.929469,11.449569,3.3604515,5,0,0,00:00.0,00:00.0,uploads\b67551bc-3737-11f0-85b7-581122bb7f2c\20210419T200000+1000_REC_69.wav,False,0,0,0,0,0,0,0,0,0,0,0,0,rain (light),-6.102858,0.9380388,0.3168065,0.27825364,-0.013442329,0.09806431,0.07406588,0.18009812,0.12654969,0.1858105,0.29981798,0.28468,0.24700364
10.941886,11.485518,3.3270974,5,0,0,00:00.0,00:00.0,uploads\b67551bc-3737-11f0-85b7-581122bb7f2c\20210419T200000+1000_REC_90.wav,False,0,0,0,0,0,0,0,0,0,0,0,0,rain (light),-6.122363,0.7575115,0.4213778,0.19297913,0.05609776,-0.014916937,0.019513993,0.0719079,0.07086413,0.10441641,0.20157066,0.2585717,0.23587923
10.923566,11.545558,3.2827163,5,0,0,00:00.0,00:00.0,uploads\b67551bc-3737-11f0-85b7-581122bb7f2c\20210419T200000+1000_REC_92.wav,False,0,0,0,0,0,0,0,0,0,0,0,0,rain (light),-6.1232724,0.77081215,0.42449054,0.17703956,0.041881602,0.016423946,0.09046894,0.15699598,0.15697756,0.1762276,0.23647724,0.24615267,0.20185685
10.748535,11.865421,3.0918815,5,0,0,00:00.0,00:00.0,uploads\b67551bc-3737-11f0-85b7-581122bb7f2c\20210419T200000+1000_REC_94.wav,False,0,0,0,0,0,0,0,0,0,0,0,0,rain (light),-6.064698,1.1372358,0.5400206,0.1797615,-0.021181213,-0.02240771,0.07593169,0.12035873,0.12512067,0.14003132,0.21337393,0.27490684,0.26311302
10.925214,11.482743,3.337902,5,0,0,00:00.0,00:00.0,uploads\b67551bc-3737-11f0-85b7-581122bb7f2c\20210419T200000+1000_REC_96.wav,False,0,0,0,0,0,0,0,0,0,0,0,0,rain (light),-6.1211524,0.70385325,0.32066554,0.12358577,0.078480795,0.005602577,-0.09145746,-0.08973389,0.008837336,0.14197157,0.25228116,0.3070383,0.26899475
10.929854,11.479253,3.3336449,5,0,0,00:00.0,00:00.0,uploads\b67551bc-3737-11f0-85b7-581122bb7f2c\20210419T200000+1000_REC_127.wav,False,0,0,0,0,0,0,0,0,0,0,0,0,rain (light),-6.1259537,0.7441249,0.23554392,0.20745754,-0.061279982,0.037470654,0.04872975,0.11258419,0.1218319,0.21753268,0.25999334,0.29317254,0.27704498
10.921997,11.481171,3.342592,5,0,0,00:00.0,00:00.0,uploads\b67551bc-3737-11f0-85b7-581122bb7f2c\20210419T220000+1000_REC_24.wav,False,0,0,0,0,0,0,0,0,0,0,0,0,rain (light),-6.058055,1.1517578,0.48841265,0.47426087,0.022303361,0.13270998,-0.029919924,0.06494489,0.014218859,0.054030925,0.083527245,0.18600935,0.22285745
14.513803,10.50091,3.9081304,6,0,0,00:00.0,00:00.0,uploads\b67551bc-3737-11f0-85b7-581122bb7f2c\20210419T020000+1000_REC_249.wav,False,0,0,0,0,0,0,0,0,0,0,0,0,birds,-6.01432,1.3317242,0.45785835,0.6405679,-0.06966602,0.19938475,0.0065418817,0.17088306,0.041415736,0.1583432,0.0361049,0.11456179,0.06312039
14.776297,11.127581,3.3917923,6,0,0,00:00.0,00:00.0,uploads\b67551bc-3737-11f0-85b7-581122bb7f2c\20210419T060000+1000_REC_0.wav,False,0,0,0,0,0,0,0,0,0,0,0,0,birds,-6.106424,0.9248955,-0.08721904,0.18635124,0.16677263,0.29699585,0.12211003,0.2505078,0.21823815,0.19398026,0.19026752,0.2819873,0.1472393
14.644829,11.428391,3.3578987,6,0,0,00:00.0,00:00.0,uploads\b67551bc-3737-11f0-85b7-581122bb7f2c\20210419T060000+1000_REC_1.wav,False,0,0,0,0,0,0,0,0,0,0,0,0,birds,-6.0887656,0.9735484,-0.10278344,0.33860403,0.13196424,0.26208982,0.07610653,0.45609024,0.23323625,0.19183122,0.11812679,0.2891694,0.17823267
14.480895,11.358725,3.9591527,6,0,0,00:00.0,00:00.0,uploads\b67551bc-3737-11f0-85b7-581122bb7f2c\20210419T060000+1000_REC_2.wav,False,0,0,0,0,0,0,0,0,0,0,0,0,birds,-6.0920634,0.69886196,-0.08537202,-0.31315252,-0.16196656,0.15126814,0.4751764,0.4866038,0.25553665,0.13764112,0.20697814,0.2563062,0.15842818
14.637104,10.911878,3.3462029,6,0,0,00:00.0,00:00.0,uploads\b67551bc-3737-11f0-85b7-581122bb7f2c\20210419T060000+1000_REC_3.wav,False,0,0,0,0,0,0,0,0,0,0,0,0,birds,-6.0986433,0.92453,0.038377494,0.06809878,-0.09606662,0.12214924,0.22621429,0.41767582,0.32107157,0.18714525,0.1459904,0.25760725,0.2665594
14.872153,10.844446,3.8053355,6,0,0,00:00.0,00:00.0,uploads\b67551bc-3737-11f0-85b7-581122bb7f2c\20210419T060000+1000_REC_4.wav,True,0,1,0,0,0,0,0,0,0,0,0,0,birds,-6.0832477,1.0494702,-0.028146775,0.25709656,-0.0012857363,0.33273804,0.12669283,0.3879843,0.19595565,0.29320753,0.15330666,0.19408934,0.15380327
15.21889,11.08923,3.44785,6,0,0,00:00.0,00:00.0,uploads\b67551bc-3737-11f0-85b7-581122bb7f2c\20210419T060000+1000_REC_5.wav,False,0,0,0,0,0,0,0,0,0,0,0,0,birds,-6.082214,1.0195347,0.06656891,0.4730188,0.04730826,0.3030745,0.16031986,0.4043714,0.13153963,0.24738783,0.13941422,0.22607182,0.1583225
15.255295,11.12144,3.4545138,6,0,0,00:00.0,00:00.0,uploads\b67551bc-3737-11f0-85b7-581122bb7f2c\20210419T060000+1000_REC_6.wav,False,0,0,0,0,0,0,0,0,0,0,0,0,birds,-6.098285,0.9665546,0.1128616,0.33774474,0.019653324,0.30005544,0.09954009,0.3063961,0.1650188,0.29183036,0.17866229,0.24767469,0.13165258
14.726879,11.473664,4.1237674,6,0,0,00:00.0,00:00.0,uploads\b67551bc-3737-11f0-85b7-581122bb7f2c\20210419T060000+1000_REC_7.wav,False,0,0,0,0,0,0,0,0,0,0,0,0,birds,-6.044169,1.2564257,-0.033376772,0.111580156,-0.11194464,0.37314177,0.16657108,0.41587996,0.20190318,0.2631724,0.11920067,0.22916406,0.14951012
14.724429,11.465918,4.1075454,6,0,0,00:00.0,00:00.0,uploads\b67551bc-3737-11f0-85b7-581122bb7f2c\20210419T060000+1000_REC_8.wav,True,0,1,0,0,0,0,0,0,0,0,0,0,birds,-6.0466523,1.2317653,0.08034521,0.19491035,-0.16266945,0.35378885,0.17451829,0.45128807,0.1812494,0.2558552,0.120095566,0.24092053,0.16061608
14.661494,11.6185055,3.3682604,6,0,0,00:00.0,00:00.0,uploads\b67551bc-3737-11f0-85b7-581122bb7f2c\20210419T060000+1000_REC_9.wav,False,0,0,0,0,0,0,0,0,0,0,0,0,birds,-6.091639,0.9359249,-0.112437524,0.10796261,-0.0016414772,0.3097016,0.3379012,0.44449925,0.03363416,0.056540154,0.22971489,0.28124854,0.17178403
15.24187,11.573872,3.8831809,6,0,0,00:00.0,00:00.0,uploads\b67551bc-3737-11f0-85b7-581122bb7f2c\20210419T060000+1000_REC_10.wav,False,0,0,0,0,0,0,0,0,0,0,0,0,birds,-6.04689,1.2506927,-0.043773267,0.08628639,-0.12773255,0.3493971,0.1686493,0.33192483,0.09370976,0.25980094,0.20834072,0.3040518,0.1484874
14.681808,11.474089,4.1360373,6,0,0,00:00.0,00:00.0,uploads\b67551bc-3737-11f0-85b7-581122bb7f2c\20210419T060000+1000_REC_11.wav,False,0,0,0,0,0,0,0,0,0,0,0,0,birds,-6.065303,1.1291419,-0.0008007806,0.09205865,-0.1561381,0.31795648,0.2743162,0.43597242,0.15692015,0.24108681,0.15849356,0.22182976,0.16912735
14.676864,11.500725,4.132417,6,0,0,00:00.0,00:00.0,uploads\b67551bc-3737-11f0-85b7-581122bb7f2c\20210419T060000+1000_REC_12.wav,False,0,0,0,0,0,0,0,0,0,0,0,0,birds,-6.067027,1.0988318,0.073460855,0.11461307,-0.15988332,0.33938098,0.29775277,0.47563407,0.2142117,0.21353255,0.119908325,0.24649481,0.15569516
14.68627,11.494593,4.14838,6,0,0,00:00.0,00:00.0,uploads\b67551bc-3737-11f0-85b7-581122bb7f2c\20210419T060000+1000_REC_13.wav,False,0,0,0,0,0,0,0,0,0,0,0,0,birds,-6.054493,1.1704105,-0.0021758345,0.12813449,-0.13654657,0.32108957,0.23557568,0.49291098,0.23776184,0.24952783,0.17963876,0.26714045,0.09813139
15.150528,11.214375,3.4289272,6,0,0,00:00.0,00:00.0,uploads\b67551bc-3737-11f0-85b7-581122bb7f2c\20210419T060000+1000_REC_14.wav,False,0,0,0,0,0,0,0,0,0,0,0,0,birds,-6.0965786,0.9305633,0.0071695126,0.39657813,-0.01868231,0.22979552,0.19390199,0.36547783,0.13162804,0.2907327,0.16851567,0.2836645,0.22739133
14.666607,10.667434,3.793373,6,0,0,00:00.0,00:00.0,uploads\b67551bc-3737-11f0-85b7-581122bb7f2c\20210419T060000+1000_REC_15.wav,False,0,0,0,0,0,0,0,0,0,0,0,0,birds,-6.0952053,0.92636645,-0.11039147,0.35602653,0.034771815,0.16863742,0.17614114,0.4604618,0.1522038,0.2930655,0.2079912,0.18069693,0.16997674
14.664956,11.310911,4.0385933,6,0,0,00:00.0,00:00.0,uploads\b67551bc-3737-11f0-85b7-581122bb7f2c\20210419T060000+1000_REC_16.wav,False,0,0,0,0,0,0,0,0,0,0,0,0,birds,-6.079986,1.0028139,0.038651902,0.014074234,-0.15504032,0.25597906,0.3367409,0.48861772,0.27827567,0.23241578,0.16440696,0.19855691,0.15357545
15.152308,11.255761,3.407641,6,0,0,00:00.0,00:00.0,uploads\b67551bc-3737-11f0-85b7-581122bb7f2c\20210419T060000+1000_REC_17.wav,False,0,0,0,0,0,0,0,0,0,0,0,0,birds,-6.0967917,0.93794453,0.097468086,0.36239785,0.004089816,0.3123645,0.17361316,0.41187286,0.14605422,0.22662906,0.20610403,0.27042955,0.13898373
14.807645,11.479319,3.698381,6,0,0,00:00.0,00:00.0,uploads\b67551bc-3737-11f0-85b7-581122bb7f2c\20210419T060000+1000_REC_18.wav,False,0,0,0,0,0,0,0,0,0,0,0,0,birds,-6.0748587,1.0549867,-0.03307368,0.11123371,-0.08328298,0.2958935,0.23250987,0.47761026,0.19119264,0.16893318,0.1388352,0.35776892,0.21605945
14.919036,10.671523,3.5115337,6,0,0,00:00.0,00:00.0,uploads\b67551bc-3737-11f0-85b7-581122bb7f2c\20210419T060000+1000_REC_19.wav,False,0,0,0,0,0,0,0,0,0,0,0,0,birds,-6.1056046,0.9443519,0.12226845,0.29750395,0.043139033,0.27841762,0.12044399,0.3316746,0.17227553,0.20555867,0.11338294,0.18800493,0.08373877
14.926057,10.893169,3.7583082,6,0,0,00:00.0,00:00.0,uploads\b67551bc-3737-11f0-85b7-581122bb7f2c\20210419T060000+1000_REC_20.wav,False,0,0,0,0,0,0,0,0,0,0,0,0,birds,-6.068563,1.151728,0.02106375,0.28209394,0.10037191,0.40604532,0.034792524,0.188069,0.15356918,0.35314494,0.16345313,0.15814693,0.025819026
15.014914,11.404744,3.5936117,6,0,0,00:00.0,00:00.0,uploads\b67551bc-3737-11f0-85b7-581122bb7f2c\20210419T060000+1000_REC_21.wav,False,0,0,0,0,0,0,0,0,0,0,0,0,birds,-6.082213,1.0518125,0.01109133,0.18752615,-0.053700827,0.34282798,0.20044665,0.37953013,0.14392379,0.23316982,0.16033323,0.30068478,0.20076539
14.628034,11.49885,4.1355505,6,0,0,00:00.0,00:00.0,uploads\b67551bc-3737-11f0-85b7-581122bb7f2c\20210419T060000+1000_REC_22.wav,False,0,0,0,0,0,0,0,0,0,0,0,0,birds,-6.07265,1.0515336,-0.003314059,-0.07823031,-0.16798647,0.36572248,0.301244,0.41608477,0.18991154,0.20135291,0.1402441,0.2211595,0.17913456
14.651237,11.378293,4.086848,6,0,0,00:00.0,00:00.0,uploads\b67551bc-3737-11f0-85b7-581122bb7f2c\20210419T060000+1000_REC_23.wav,False,0,0,0,0,0,0,0,0,0,0,0,0,birds,-6.0623317,1.0277798,-0.04536638,-0.28343332,-0.2049719,0.22000472,0.3734618,0.38092682,0.31114677,0.24217749,0.23565292,0.20495231,0.16640754
15.257143,11.285098,3.5033004,6,0,0,00:00.0,00:00.0,uploads\b67551bc-3737-11f0-85b7-581122bb7f2c\20210419T060000+1000_REC_24.wav,False,0,0,0,0,0,0,0,0,0,0,0,0,birds,-6.0886083,1.0083851,0.074289106,0.24847548,-0.027252937,0.39346686,0.17659073,0.34962603,0.15363652,0.2642527,0.18161489,0.2753992,0.15720184
14.825341,10.829061,3.892395,6,0,0,00:00.0,00:00.0,uploads\b67551bc-3737-11f0-85b7-581122bb7f2c\20210419T060000+1000_REC_25.wav,False,0,0,0,0,0,0,0,0,0,0,0,0,birds,-6.083903,1.012557,0.055970423,0.2959896,-0.05747227,0.3061983,0.18875767,0.47459564,0.20280668,0.29158962,0.13555199,0.19474454,0.12182958
14.616324,10.569353,3.8757007,6,0,0,00:00.0,00:00.0,uploads\b67551bc-3737-11f0-85b7-581122bb7f2c\20210419T060000+1000_REC_26.wav,False,0,0,0,0,0,0,0,0,0,0,0,0,birds,-6.0885997,0.61772346,-0.4301308,0.3586934,-0.17215349,0.2908691,0.35485116,0.5181792,0.34043643,0.24638467,0.090193026,0.15718064,0.18396613
14.7695875,10.717159,3.9485078,6,0,0,00:00.0,00:00.0,uploads\b67551bc-3737-11f0-85b7-581122bb7f2c\20210419T060000+1000_REC_27.wav,False,0,0,0,0,0,0,0,0,0,0,0,0,birds,-6.0631566,1.1012844,-0.11927332,0.17730221,-0.13863242,0.2662318,0.2335221,0.46701917,0.27364823,0.35847902,0.1402025,0.15477328,0.06626927
14.843195,10.832687,3.7489605,6,0,0,00:00.0,00:00.0,uploads\b67551bc-3737-11f0-85b7-581122bb7f2c\20210419T060000+1000_REC_28.wav,False,0,0,0,0,0,0,0,0,0,0,0,0,birds,-6.1013412,0.929648,0.017089488,0.18463512,-0.053745873,0.28075802,0.21178019,0.38011256,0.23167677,0.28640988,0.1594616,0.22079125,0.16483428
15.05231,11.390253,3.6385102,6,0,0,00:00.0,00:00.0,uploads\b67551bc-3737-11f0-85b7-581122bb7f2c\20210419T060000+1000_REC_29.wav,False,0,0,0,0,0,0,0,0,0,0,0,0,birds,-6.0749593,1.071677,0.047170177,0.23656775,-0.12717758,0.34777543,0.1916697,0.38700825,0.18371332,0.2842187,0.1277363,0.28863475,0.2045343
14.675501,11.365161,4.1032095,6,0,0,00:00.0,00:00.0,uploads\b67551bc-3737-11f0-85b7-581122bb7f2c\20210419T060000+1000_REC_30.wav,False,0,0,0,0,0,0,0,0,0,0,0,0,birds,-6.0666394,1.074418,-0.13845947,0.12147326,-0.10273846,0.37489069,0.30755538,0.47284934,0.1521732,0.26836315,0.18722843,0.20172408,0.09738828
14.775783,11.399628,4.062085,6,0,0,00:00.0,00:00.0,uploads\b67551bc-3737-11f0-85b7-581122bb7f2c\20210419T060000+1000_REC_31.wav,False,0,0,0,0,0,0,0,0,0,0,0,0,birds,-6.058495,1.1294307,0.06236974,0.2326139,-0.22244778,0.30806485,0.226722,0.4722886,0.26457962,0.27799344,0.051971316,0.22659907,0.14085227
14.52055,10.838628,3.9429843,6,0,0,00:00.0,00:00.0,uploads\b67551bc-3737-11f0-85b7-581122bb7f2c\20210419T060000+1000_REC_32.wav,False,0,0,0,0,0,0,0,0,0,0,0,0,birds,-6.0688853,0.90459317,-0.34756753,0.4211249,-0.10384164,0.11617752,0.1926042,0.6006991,0.24074818,0.19364488,0.23473176,0.22215858,0.06956612
15.293164,11.292114,3.4869366,6,0,0,00:00.0,00:00.0,uploads\b67551bc-3737-11f0-85b7-581122bb7f2c\20210419T060000+1000_REC_33.wav,False,0,0,0,0,0,0,0,0,0,0,0,0,birds,-6.080195,0.89943415,0.09765203,0.35090262,-0.13923857,0.5381882,-0.06057966,0.49070364,0.15017642,0.20003974,0.25690404,0.19633509,0.22621377
14.792875,11.353768,4.036236,6,0,0,00:00.0,00:00.0,uploads\b67551bc-3737-11f0-85b7-581122bb7f2c\20210419T060000+1000_REC_38.wav,False,0,0,0,0,0,0,0,0,0,0,0,0,birds,-6.071836,1.0993315,0.033574574,0.20735812,-0.11362302,0.3585075,0.20977837,0.4220616,0.17445606,0.26956326,0.11416897,0.22524378,0.1245266
15.239673,11.574895,3.9445531,6,0,0,00:00.0,00:00.0,uploads\b67551bc-3737-11f0-85b7-581122bb7f2c\20210419T060000+1000_REC_39.wav,False,0,0,0,0,0,0,0,0,0,0,0,0,birds,-6.057752,1.145594,-0.08748935,0.055012602,-0.08299753,0.44087735,0.19999836,0.34147766,0.08863058,0.31129774,0.27354053,0.30594206,0.14715828
15.297539,11.274059,3.4897854,6,0,0,00:00.0,00:00.0,uploads\b67551bc-3737-11f0-85b7-581122bb7f2c\20210419T060000+1000_REC_40.wav,False,0,0,0,0,0,0,0,0,0,0,0,0,birds,-6.0869637,1.0180535,0.097353294,0.33058596,-0.0020478836,0.3737542,0.12982771,0.35721278,0.14808007,0.24337326,0.17543685,0.27733114,0.13707419
15.258379,11.581509,3.9103472,6,0,0,00:00.0,00:00.0,uploads\b67551bc-3737-11f0-85b7-581122bb7f2c\20210419T060000+1000_REC_41.wav,False,0,0,0,0,0,0,0,0,0,0,0,0,birds,-6.023688,1.3466733,-0.013602586,0.061852887,-0.19511326,0.2466139,0.064256795,0.329123,0.16661394,0.3395183,0.2992135,0.33101848,0.10310197
14.6392975,10.568108,3.9102879,6,0,0,00:00.0,00:00.0,uploads\b67551bc-3737-11f0-85b7-581122bb7f2c\20210419T060000+1000_REC_43.wav,False,0,0,0,0,0,0,0,0,0,0,0,0,birds,-6.0727706,0.87495935,-0.33771235,0.27408898,-0.27653292,0.23858212,0.21822444,0.45014685,0.31481025,0.38554615,0.171543,0.12081497,0.16376124
14.85329,10.825611,3.7132094,6,0,0,00:00.0,00:00.0,uploads\b67551bc-3737-11f0-85b7-581122bb7f2c\20210419T060000+1000_REC_44.wav,False,0,0,0,0,0,0,0,0,0,0,0,0,birds,-6.1007442,0.9271859,-0.018527705,0.26013303,0.06288797,0.34577075,0.12297802,0.3674899,0.24941055,0.2929321,0.12852931,0.20443068,0.17781639
15.169307,11.087613,3.3492002,6,0,0,00:00.0,00:00.0,uploads\b67551bc-3737-11f0-85b7-581122bb7f2c\20210419T060000+1000_REC_45.wav,False,0,0,0,0,0,0,0,0,0,0,0,0,birds,-6.1103663,0.8419704,0.17495677,0.40905514,0.11549505,0.31635177,0.14141065,0.3465799,0.1945993,0.25754604,0.16731733,0.23072267,0.1615382
14.478334,11.232356,3.7174063,6,0,0,00:00.0,00:00.0,uploads\b67551bc-3737-11f0-85b7-581122bb7f2c\20210419T060000+1000_REC_46.wav,True,0,1,0,0,0,0,0,0,0,0,0,0,birds,-6.0773787,0.98947805,-0.12659907,-0.030260395,0.0022215333,0.39772946,0.33054298,0.48527968,0.2514143,0.15122971,0.12239129,0.2567032,0.21156974
14.646191,11.270292,3.3212144,6,0,0,00:00.0,00:00.0,uploads\b67551bc-3737-11f0-85b7-581122bb7f2c\20210419T060000+1000_REC_47.wav,False,0,0,0,0,0,0,0,0,0,0,0,0,birds,-6.1205654,0.8159739,0.12673657,0.2371897,0.13025783,0.23231052,0.14919955,0.31995082,0.26371676,0.16700484,0.15844162,0.2592396,0.26441705
14.838421,10.871656,3.2567947,6,0,0,00:00.0,00:00.0,uploads\b67551bc-3737-11f0-85b7-581122bb7f2c\20210419T060000+1000_REC_48.wav,False,0,0,0,0,0,0,0,0,0,0,0,0,birds,-6.114365,0.83437574,0.13231888,0.2525977,0.10144828,0.3434241,0.24036665,0.33461985,0.21042334,0.23735836,0.20273033,0.23813412,0.2096798
14.715352,10.968352,3.460545,6,0,0,00:00.0,00:00.0,uploads\b67551bc-3737-11f0-85b7-581122bb7f2c\20210419T060000+1000_REC_49.wav,False,0,0,0,0,0,0,0,0,0,0,0,0,birds,-6.092218,0.9784253,0.067349546,0.31446332,0.08226237,0.29722175,0.1634506,0.41082034,0.29608867,0.24178988,0.14826658,0.23489818,0.1915128
14.6909075,10.7629795,3.7337866,6,0,0,00:00.0,00:00.0,uploads\b67551bc-3737-11f0-85b7-581122bb7f2c\20210419T060000+1000_REC_51.wav,True,0,1,0,0,0,0,0,0,0,0,0,0,birds,-6.0852146,0.97670645,-0.09228859,0.30466545,0.016025156,0.16188648,0.22731754,0.5255309,0.14349006,0.26230946,0.28990555,0.18681817,0.116580926
14.820864,11.250727,3.4115279,6,0,0,00:00.0,00:00.0,uploads\b67551bc-3737-11f0-85b7-581122bb7f2c\20210419T060000+1000_REC_52.wav,False,0,0,0,0,0,0,0,0,0,0,0,0,birds,-6.093692,1.0327018,0.054695304,0.19689238,0.024713997,0.2565642,0.1701866,0.35410962,0.1607213,0.18535039,0.18589462,0.22975174,0.13786863
14.690985,11.542561,3.3007743,6,0,0,00:00.0,00:00.0,uploads\b67551bc-3737-11f0-85b7-581122bb7f2c\20210419T060000+1000_REC_53.wav,False,0,0,0,0,0,0,0,0,0,0,0,0,birds,-6.1044807,0.9180215,0.032342862,0.21155402,0.05959557,0.32919443,0.23877063,0.33213767,0.13562576,0.12448098,0.1984571,0.334515,0.18830884
14.644468,11.35156,3.4469516,6,0,0,00:00.0,00:00.0,uploads\b67551bc-3737-11f0-85b7-581122bb7f2c\20210419T060000+1000_REC_54.wav,False,0,0,0,0,0,0,0,0,0,0,0,0,birds,-6.1090164,0.815137,-0.061846975,0.31181148,0.05630642,0.23497364,0.2554398,0.4677126,0.22173253,0.14442536,0.09969885,0.2828767,0.23428054
14.794455,10.753971,3.1858141,6,0,0,00:00.0,00:00.0,uploads\b67551bc-3737-11f0-85b7-581122bb7f2c\20210419T060000+1000_REC_57.wav,False,0,0,0,0,0,0,0,0,0,0,0,0,birds,-6.1336064,0.64932394,0.24478634,0.2265051,0.2151966,0.19057661,0.2757079,0.3279434,0.27628458,0.230946,0.22910723,0.21214516,0.19465724
14.630927,11.3322,3.1337588,6,0,0,00:00.0,00:00.0,uploads\b67551bc-3737-11f0-85b7-581122bb7f2c\20210419T060000+1000_REC_58.wav,False,0,0,0,0,0,0,0,0,0,0,0,0,birds,-6.119115,0.7090613,0.011647946,0.29788774,0.28462824,0.16107674,0.22236404,0.46476287,0.32782656,0.1313237,0.23311557,0.2704291,0.18509676
14.636625,11.310532,3.1309702,6,0,0,00:00.0,00:00.0,uploads\b67551bc-3737-11f0-85b7-581122bb7f2c\20210419T060000+1000_REC_59.wav,False,0,0,0,0,0,0,0,0,0,0,0,0,birds,-6.1231546,0.65993196,-0.12790188,0.2711533,0.29363596,0.09772513,0.22462828,0.4373205,0.2844982,0.1473269,0.26645142,0.23526181,0.18199754
14.334043,10.911353,3.5506377,6,0,0,00:00.0,00:00.0,uploads\b67551bc-3737-11f0-85b7-581122bb7f2c\20210419T060000+1000_REC_60.wav,False,0,0,0,0,0,0,0,0,0,0,0,0,birds,-6.116071,0.78106374,-0.035392817,0.14674787,0.07791865,0.26656625,0.38462427,0.3822328,0.25042325,0.14805369,0.1802488,0.22911844,0.24465963
14.757786,11.00479,3.4116902,6,0,0,00:00.0,00:00.0,uploads\b67551bc-3737-11f0-85b7-581122bb7f2c\20210419T060000+1000_REC_61.wav,False,0,0,0,0,0,0,0,0,0,0,0,0,birds,-6.112481,0.8634188,-0.004538629,0.2613592,0.041031364,0.27039933,0.21549053,0.3687006,0.2077121,0.20918123,0.14444065,0.21632142,0.18433253
14.787828,10.882263,3.4641542,6,0,0,00:00.0,00:00.0,uploads\b67551bc-3737-11f0-85b7-581122bb7f2c\20210419T060000+1000_REC_62.wav,False,0,0,0,0,0,0,0,0,0,0,0,0,birds,-6.109743,0.88696027,0.05170272,0.14496422,0.048803065,0.32538304,0.2356206,0.35918856,0.2538427,0.23126642,0.12737039,0.1910891,0.19018656
15.048859,11.249919,3.471966,6,0,0,00:00.0,00:00.0,uploads\b67551bc-3737-11f0-85b7-581122bb7f2c\20210419T060000+1000_REC_63.wav,False,0,0,0,0,0,0,0,0,0,0,0,0,birds,-6.089244,0.98694235,0.11377918,0.12476046,-0.10545856,0.24739721,0.2563726,0.38673145,0.26621205,0.27772748,0.2239166,0.26851588,0.24344458
14.744858,10.844264,3.653303,6,0,0,00:00.0,00:00.0,uploads\b67551bc-3737-11f0-85b7-581122bb7f2c\20210419T060000+1000_REC_64.wav,True,0,1,0,0,0,0,0,0,0,0,0,0,birds,-6.088538,0.93963134,-0.16430567,0.25729132,0.050024204,0.21706015,0.14752465,0.5110796,0.26115012,0.26849893,0.18950838,0.26059845,0.2095822
14.806981,11.1419325,3.5789695,6,0,0,00:00.0,00:00.0,uploads\b67551bc-3737-11f0-85b7-581122bb7f2c\20210419T060000+1000_REC_65.wav,False,0,0,0,0,0,0,0,0,0,0,0,0,birds,-6.0868382,0.89385974,-0.29165742,0.23734674,-0.07130116,0.2312655,0.30933523,0.3680089,0.33164045,0.24585055,0.20587586,0.26802623,0.25469485
14.864716,10.945413,3.3943746,6,0,0,00:00.0,00:00.0,uploads\b67551bc-3737-11f0-85b7-581122bb7f2c\20210419T060000+1000_REC_66.wav,False,0,0,0,0,0,0,0,0,0,0,0,0,birds,-6.1070223,0.91115624,0.1340034,0.15271334,-0.034682486,0.2734548,0.22115691,0.36115617,0.23882753,0.23918034,0.15202634,0.19744751,0.20415723
14.679166,11.3717575,3.3187351,6,0,0,00:00.0,00:00.0,uploads\b67551bc-3737-11f0-85b7-581122bb7f2c\20210419T060000+1000_REC_67.wav,True,0,1,0,0,0,0,0,0,0,0,0,0,birds,-6.1145396,0.80222666,0.03537275,0.31798375,0.124906644,0.26300707,0.1542268,0.45838588,0.22310023,0.16571487,0.15476114,0.2723064,0.19596732
14.447527,10.932772,3.484361,6,0,0,00:00.0,00:00.0,uploads\b67551bc-3737-11f0-85b7-581122bb7f2c\20210419T060000+1000_REC_68.wav,False,0,0,0,0,0,0,0,0,0,0,0,0,birds,-6.0755897,1.016895,-0.15816712,0.027561989,-0.010494384,0.24199772,0.25179327,0.49222162,0.38902366,0.18452516,0.06825114,0.22210345,0.20831828
14.630268,11.327244,3.327634,6,0,0,00:00.0,00:00.0,uploads\b67551bc-3737-11f0-85b7-581122bb7f2c\20210419T060000+1000_REC_70.wav,False,0,0,0,0,0,0,0,0,0,0,0,0,birds,-6.1083884,0.8416873,-0.042714316,0.2106424,0.22133163,0.25837937,0.09862298,0.38751867,0.35510802,0.15622917,0.09479874,0.28098753,0.28595033
14.654326,11.523682,3.2414865,6,0,0,00:00.0,00:00.0,uploads\b67551bc-3737-11f0-85b7-581122bb7f2c\20210419T060000+1000_REC_71.wav,True,0,1,0,0,0,0,0,0,0,0,0,0,birds,-6.1061964,0.8574358,-0.022885513,0.24786606,0.15171379,0.25919142,0.18842392,0.43391132,0.1902279,0.07385378,0.1964499,0.3902673,0.18833001
14.817022,11.17861,3.348637,6,0,0,00:00.0,00:00.0,uploads\b67551bc-3737-11f0-85b7-581122bb7f2c\20210419T060000+1000_REC_72.wav,False,0,0,0,0,0,0,0,0,0,0,0,0,birds,-6.1086497,0.8949574,0.12181922,0.25697827,0.050707616,0.28498733,0.17631865,0.37131757,0.22217984,0.19988379,0.13533792,0.26156178,0.21519466
14.863693,10.782211,3.5384252,6,0,0,00:00.0,00:00.0,uploads\b67551bc-3737-11f0-85b7-581122bb7f2c\20210419T060000+1000_REC_73.wav,False,0,0,0,0,0,0,0,0,0,0,0,0,birds,-6.109607,0.9093989,0.09356485,0.2728526,0.11894535,0.32324952,0.1024602,0.30428493,0.21896729,0.23560502,0.087571695,0.18088844,0.1722383
14.965479,11.432563,3.6138482,6,0,0,00:00.0,00:00.0,uploads\b67551bc-3737-11f0-85b7-581122bb7f2c\20210419T060000+1000_REC_74.wav,False,0,0,0,0,0,0,0,0,0,0,0,0,birds,-6.0953794,0.9263199,0.10874683,0.23859672,-0.09675389,0.3668129,0.25033262,0.38891783,0.17777072,0.22415799,0.13148373,0.32105625,0.22532257
14.554639,10.674145,3.3732595,6,0,0,00:00.0,00:00.0,uploads\b67551bc-3737-11f0-85b7-581122bb7f2c\20210419T060000+1000_REC_76.wav,False,0,0,0,0,0,0,0,0,0,0,0,0,birds,-6.1104426,0.88776773,-0.032424808,0.22021493,0.08281324,0.1924238,0.24210918,0.3500106,0.30299106,0.22120069,0.15057005,0.11386227,0.14417332
14.657556,11.300036,3.3158226,6,0,0,00:00.0,00:00.0,uploads\b67551bc-3737-11f0-85b7-581122bb7f2c\20210419T060000+1000_REC_77.wav,False,0,0,0,0,0,0,0,0,0,0,0,0,birds,-6.1151485,0.8425481,0.07079632,0.23910618,0.13831536,0.22737628,0.16565564,0.37099236,0.29174253,0.16802762,0.14435875,0.2546474,0.2508633
14.654687,11.423876,3.2556229,6,0,0,00:00.0,00:00.0,uploads\b67551bc-3737-11f0-85b7-581122bb7f2c\20210419T060000+1000_REC_78.wav,False,0,0,0,0,0,0,0,0,0,0,0,0,birds,-6.1159234,0.8207208,0.067986906,0.18600437,0.14382708,0.2869718,0.25385484,0.36591056,0.25849727,0.11478877,0.18352145,0.303302,0.22551095
15.075767,11.557282,4.203754,6,0,0,00:00.0,00:00.0,uploads\b67551bc-3737-11f0-85b7-581122bb7f2c\20210419T060000+1000_REC_79.wav,False,0,0,0,0,0,0,0,0,0,0,0,0,birds,-6.051219,1.1344262,-0.2642345,-0.11159789,-0.047851853,0.32642242,0.25391063,0.20332785,0.29925996,0.31517386,0.27701244,0.30391663,0.26760653
14.624762,11.492205,3.2103813,6,0,0,00:00.0,00:00.0,uploads\b67551bc-3737-11f0-85b7-581122bb7f2c\20210419T060000+1000_REC_80.wav,False,0,0,0,0,0,0,0,0,0,0,0,0,birds,-6.1070333,0.7978427,-0.10141038,0.32553232,0.2247102,0.13536558,0.09707024,0.46992797,0.31753704,0.074170955,0.1487981,0.3395159,0.22066154
14.756951,10.800532,3.2708488,6,0,0,00:00.0,00:00.0,uploads\b67551bc-3737-11f0-85b7-581122bb7f2c\20210419T060000+1000_REC_81.wav,False,0,0,0,0,0,0,0,0,0,0,0,0,birds,-6.1192393,0.7802767,0.03784704,0.18941058,0.03838481,0.22321235,0.26765004,0.35292011,0.29636115,0.29905528,0.2040291,0.18517232,0.25184476
14.679126,10.781742,3.2935958,6,0,0,00:00.0,00:00.0,uploads\b67551bc-3737-11f0-85b7-581122bb7f2c\20210419T060000+1000_REC_82.wav,False,0,0,0,0,0,0,0,0,0,0,0,0,birds,-6.119982,0.76352024,-0.045480378,0.23505469,0.08479256,0.1926391,0.276119,0.36975512,0.30919966,0.25876388,0.20904545,0.21500234,0.18328321
14.75978,10.848037,3.2891006,6,0,0,00:00.0,00:00.0,uploads\b67551bc-3737-11f0-85b7-581122bb7f2c\20210419T060000+1000_REC_83.wav,False,0,0,0,0,0,0,0,0,0,0,0,0,birds,-6.1166806,0.82326114,0.07880884,0.24443598,-0.0003277426,0.20022357,0.21054602,0.38964337,0.22830848,0.23084489,0.20697524,0.23582394,0.20137326
14.856746,11.31795,3.3710258,6,0,0,00:00.0,00:00.0,uploads\b67551bc-3737-11f0-85b7-581122bb7f2c\20210419T060000+1000_REC_84.wav,False,0,0,0,0,0,0,0,0,0,0,0,0,birds,-6.111542,0.8624939,-0.0058703297,0.27247912,0.040652044,0.26419324,0.2179691,0.32946602,0.1984957,0.20625742,0.14895,0.29332635,0.23690197
14.471576,10.729353,3.399482,6,0,0,00:00.0,00:00.0,uploads\b67551bc-3737-11f0-85b7-581122bb7f2c\20210419T060000+1000_REC_85.wav,False,0,0,0,0,0,0,0,0,0,0,0,0,birds,-6.0994754,0.88740563,-0.069353215,0.14794926,0.0049695633,0.16337806,0.32824725,0.50037336,0.30565023,0.1857342,0.15017639,0.17689905,0.20674887
14.548987,11.316627,3.391996,6,0,0,00:00.0,00:00.0,uploads\b67551bc-3737-11f0-85b7-581122bb7f2c\20210419T060000+1000_REC_86.wav,True,0,1,0,0,0,0,0,0,0,0,0,0,birds,-6.120567,0.76891094,0.014774784,0.26660755,0.11746722,0.2097607,0.14723188,0.34047687,0.33993778,0.2352562,0.06657112,0.19723092,0.3075943
14.863879,11.183505,3.5668023,6,0,0,00:00.0,00:00.0,uploads\b67551bc-3737-11f0-85b7-581122bb7f2c\20210419T060000+1000_REC_87.wav,False,0,0,0,0,0,0,0,0,0,0,0,0,birds,-6.0996847,0.8914778,-0.08003436,0.15182357,-0.06564422,0.2683435,0.3038057,0.39450815,0.24276407,0.2344381,0.20780423,0.26754406,0.25074953
14.769439,10.808113,3.2674005,6,0,0,00:00.0,00:00.0,uploads\b67551bc-3737-11f0-85b7-581122bb7f2c\20210419T060000+1000_REC_88.wav,False,0,0,0,0,0,0,0,0,0,0,0,0,birds,-6.1175013,0.8302233,0.06929944,0.21489277,0.04272433,0.24336307,0.20984064,0.35565045,0.25109836,0.24598943,0.18996908,0.2117904,0.20786884
14.691137,10.924477,3.2564151,6,0,0,00:00.0,00:00.0,uploads\b67551bc-3737-11f0-85b7-581122bb7f2c\20210419T060000+1000_REC_89.wav,False,0,0,0,0,0,0,0,0,0,0,0,0,birds,-6.1257625,0.6981779,0.03375434,0.23088503,0.096053995,0.20541497,0.40068686,0.34233743,0.09146932,0.18853265,0.30748773,0.21819232,0.2273984
14.839235,10.784738,3.79386,6,0,0,00:00.0,00:00.0,uploads\b67551bc-3737-11f0-85b7-581122bb7f2c\20210419T060000+1000_REC_90.wav,False,0,0,0,0,0,0,0,0,0,0,0,0,birds,-6.095385,0.96109724,0.054811105,0.11299688,-0.11092495,0.24290533,0.2766813,0.34415552,0.23692062,0.34702557,0.20498961,0.16420226,0.15324922
14.766865,10.793137,3.2188919,6,0,0,00:00.0,00:00.0,uploads\b67551bc-3737-11f0-85b7-581122bb7f2c\20210419T060000+1000_REC_91.wav,False,0,0,0,0,0,0,0,0,0,0,0,0,birds,-6.117872,0.8291161,0.12904528,0.20281991,-0.0058483095,0.24203917,0.2665008,0.29879427,0.1817089,0.25900152,0.216865,0.21437562,0.24199988
14.853756,11.095031,3.21012,6,0,0,00:00.0,00:00.0,uploads\b67551bc-3737-11f0-85b7-581122bb7f2c\20210419T060000+1000_REC_92.wav,False,0,0,0,0,0,0,0,0,0,0,0,0,birds,-6.1132474,0.84339744,-0.021645961,0.27523383,0.09008062,0.21496326,0.20841987,0.35772362,0.22526275,0.22221465,0.2613627,0.26360175,0.1794127
14.791147,10.735188,3.1829581,6,0,0,00:00.0,00:00.0,uploads\b67551bc-3737-11f0-85b7-581122bb7f2c\20210419T060000+1000_REC_93.wav,False,0,0,0,0,0,0,0,0,0,0,0,0,birds,-6.1313906,0.7127946,0.12942302,0.23094933,0.1423612,0.24076162,0.24135438,0.27004912,0.2503193,0.24997038,0.23008822,0.20428498,0.22875047
14.780011,10.78514,3.337233,6,0,0,00:00.0,00:00.0,uploads\b67551bc-3737-11f0-85b7-581122bb7f2c\20210419T060000+1000_REC_94.wav,False,0,0,0,0,0,0,0,0,0,0,0,0,birds,-6.107366,0.8680936,0.0497054,0.14670476,-0.013016322,0.10783153,0.2587048,0.441002,0.29168564,0.25758818,0.23097418,0.18091975,0.22602043
14.7915945,10.875826,3.4707208,6,0,0,00:00.0,00:00.0,uploads\b67551bc-3737-11f0-85b7-581122bb7f2c\20210419T060000+1000_REC_95.wav,False,0,0,0,0,0,0,0,0,0,0,0,0,birds,-6.1059427,0.8728188,0.033792295,0.181521,0.06451405,0.3869384,0.31152534,0.40218535,0.19553733,0.22836415,0.14295964,0.18304555,0.20208053
14.850819,10.825749,3.8090844,6,0,0,00:00.0,00:00.0,uploads\b67551bc-3737-11f0-85b7-581122bb7f2c\20210419T060000+1000_REC_96.wav,False,0,0,0,0,0,0,0,0,0,0,0,0,birds,-6.092382,0.9926391,0.026531678,0.15864249,-0.061843842,0.3417436,0.2415314,0.39437756,0.18108805,0.2452008,0.13390924,0.18419969,0.1229096
14.582156,10.614827,3.4028802,6,0,0,00:00.0,00:00.0,uploads\b67551bc-3737-11f0-85b7-581122bb7f2c\20210419T060000+1000_REC_97.wav,False,0,0,0,0,0,0,0,0,0,0,0,0,birds,-6.1151404,0.69637734,-0.21806379,0.32290667,0.032714035,0.20090593,0.2693564,0.3463871,0.34489152,0.30131653,0.20766462,0.038333107,0.21378434
14.740612,10.749674,3.928901,6,0,0,00:00.0,00:00.0,uploads\b67551bc-3737-11f0-85b7-581122bb7f2c\20210419T060000+1000_REC_98.wav,False,0,0,0,0,0,0,0,0,0,0,0,0,birds,-6.081139,1.0215489,-0.13070923,0.13000202,-0.09131406,0.27908394,0.23225239,0.4614523,0.21270388,0.26150003,0.12152864,0.1689749,0.14457744
15.059581,11.575146,4.2637706,6,0,0,00:00.0,00:00.0,uploads\b67551bc-3737-11f0-85b7-581122bb7f2c\20210419T060000+1000_REC_99.wav,False,0,0,0,0,0,0,0,0,0,0,0,0,birds,-6.032104,1.1690851,-0.11627712,-0.32776773,-0.19497031,0.31207514,0.40923017,0.30517194,0.21715003,0.28277773,0.3039179,0.2639715,0.22511277
14.682022,11.601726,3.4048073,6,0,0,00:00.0,00:00.0,uploads\b67551bc-3737-11f0-85b7-581122bb7f2c\20210419T060000+1000_REC_100.wav,False,0,0,0,0,0,0,0,0,0,0,0,0,birds,-6.0856595,0.8936348,-0.25677103,0.35861778,0.058796052,0.19182236,0.2000726,0.56270957,0.17300087,0.11073659,0.16166316,0.31377107,0.122053064
14.456966,11.283118,3.9956756,6,0,0,00:00.0,00:00.0,uploads\b67551bc-3737-11f0-85b7-581122bb7f2c\20210419T060000+1000_REC_101.wav,False,0,0,0,0,0,0,0,0,0,0,0,0,birds,-6.0482454,0.90196353,-0.15836394,-0.41077444,-0.14442238,0.33329448,0.6138007,0.44985133,0.18976288,0.0837277,0.18173474,0.33203658,0.24606383
14.635919,10.599876,3.8230002,6,0,0,00:00.0,00:00.0,uploads\b67551bc-3737-11f0-85b7-581122bb7f2c\20210419T060000+1000_REC_102.wav,True,0,1,0,0,0,0,0,0,0,0,0,0,birds,-6.0858307,0.93995214,-0.23664139,0.30174398,0.017217161,0.22011952,0.21354046,0.4700945,0.28160295,0.29525125,0.14902379,0.18586132,0.16769594
14.665601,11.632314,3.4945836,6,0,0,00:00.0,00:00.0,uploads\b67551bc-3737-11f0-85b7-581122bb7f2c\20210419T060000+1000_REC_103.wav,False,0,0,0,0,0,0,0,0,0,0,0,0,birds,-6.092098,0.93514633,-0.14240138,0.23593375,0.030717874,0.26007,0.25270304,0.5102195,0.1549305,0.13989392,0.18199429,0.25945285,0.07611185
14.551513,11.429828,4.0566444,6,0,0,00:00.0,00:00.0,uploads\b67551bc-3737-11f0-85b7-581122bb7f2c\20210419T060000+1000_REC_104.wav,False,0,0,0,0,0,0,0,0,0,0,0,0,birds,-6.043627,1.1428943,-0.09250744,-0.115937516,-0.1948746,0.38372484,0.38494453,0.4765242,0.18642676,0.13960092,0.1128587,0.2986706,0.2648572
14.871069,11.440475,3.6362865,6,0,0,00:00.0,00:00.0,uploads\b67551bc-3737-11f0-85b7-581122bb7f2c\20210419T060000+1000_REC_105.wav,False,0,0,0,0,0,0,0,0,0,0,0,0,birds,-6.0971575,0.9164553,-0.039835438,0.24200177,-0.071993545,0.3206266,0.19536772,0.43000397,0.16831088,0.19439156,0.12048956,0.29810908,0.24100311
14.635813,10.978928,3.3685882,6,0,0,00:00.0,00:00.0,uploads\b67551bc-3737-11f0-85b7-581122bb7f2c\20210419T060000+1000_REC_106.wav,True,0,1,0,0,0,0,0,0,0,0,0,0,birds,-6.124674,0.77414536,0.040331617,0.2332021,0.10711613,0.23588362,0.21892859,0.37449402,0.19795534,0.15894543,0.17465696,0.21655053,0.22174248
14.361723,11.028045,3.5874403,6,0,0,00:00.0,00:00.0,uploads\b67551bc-3737-11f0-85b7-581122bb7f2c\20210419T060000+1000_REC_107.wav,False,0,0,0,0,0,0,0,0,0,0,0,0,birds,-6.128187,0.6585852,-0.0018323835,0.010826399,0.18766348,0.32687846,0.3849509,0.2877042,0.120675154,0.11623589,0.24832089,0.2851503,0.24022427
14.665201,10.7190485,3.6030798,6,0,0,00:00.0,00:00.0,uploads\b67551bc-3737-11f0-85b7-581122bb7f2c\20210419T060000+1000_REC_108.wav,False,0,0,0,0,0,0,0,0,0,0,0,0,birds,-6.108522,0.8461371,0.06496135,0.23425902,-0.026489828,0.09898679,0.3295734,0.4804236,0.1265195,0.17640907,0.273431,0.11255467,0.12772249
15.0151415,11.370503,3.3469107,6,0,0,00:00.0,00:00.0,uploads\b67551bc-3737-11f0-85b7-581122bb7f2c\20210419T060000+1000_REC_109.wav,False,0,0,0,0,0,0,0,0,0,0,0,0,birds,-6.115207,0.8371143,0.09234726,0.27298412,0.033017244,0.2575034,0.16594222,0.33540726,0.14527716,0.22393863,0.25628585,0.30509332,0.19389862
14.8068,11.414626,3.3725905,6,0,0,00:00.0,00:00.0,uploads\b67551bc-3737-11f0-85b7-581122bb7f2c\20210419T060000+1000_REC_110.wav,False,0,0,0,0,0,0,0,0,0,0,0,0,birds,-6.102878,0.9325042,0.06312178,0.1751248,-0.003012488,0.26893646,0.20642388,0.40510967,0.20078021,0.18691051,0.18340202,0.27954265,0.18196358
14.718153,11.529702,3.337825,6,0,0,00:00.0,00:00.0,uploads\b67551bc-3737-11f0-85b7-581122bb7f2c\20210419T060000+1000_REC_111.wav,False,0,0,0,0,0,0,0,0,0,0,0,0,birds,-6.101647,0.92733014,-0.0058350274,0.32407427,0.07324281,0.23223996,0.08044856,0.39076683,0.15014207,0.16024356,0.18105985,0.33166423,0.16947931
14.856235,11.411442,3.4360716,6,0,0,00:00.0,00:00.0,uploads\b67551bc-3737-11f0-85b7-581122bb7f2c\20210419T060000+1000_REC_112.wav,False,0,0,0,0,0,0,0,0,0,0,0,0,birds,-6.111527,0.8508398,0.007659248,0.14026111,0.036096077,0.35878256,0.24213786,0.37130535,0.15033792,0.16308902,0.16873118,0.27548087,0.22452082
14.943464,11.400266,3.4891672,6,0,0,00:00.0,00:00.0,uploads\b67551bc-3737-11f0-85b7-581122bb7f2c\20210419T060000+1000_REC_113.wav,True,0,1,0,0,0,0,0,0,0,0,0,0,birds,-6.1040063,0.8968444,-0.013589905,0.2259016,0.021958511,0.3846253,0.2004518,0.3791056,0.13462977,0.18790384,0.14174967,0.2896458,0.17600578
14.501051,11.299341,3.6419647,6,0,0,00:00.0,00:00.0,uploads\b67551bc-3737-11f0-85b7-581122bb7f2c\20210419T060000+1000_REC_114.wav,False,0,0,0,0,0,0,0,0,0,0,0,0,birds,-6.09961,0.9114481,-0.04044422,0.14054917,0.023266902,0.2796696,0.22472917,0.47803456,0.25086468,0.12725802,0.11207244,0.28206083,0.20768265
14.899322,11.355465,3.6974847,6,0,0,00:00.0,00:00.0,uploads\b67551bc-3737-11f0-85b7-581122bb7f2c\20210419T060000+1000_REC_115.wav,False,0,0,0,0,0,0,0,0,0,0,0,0,birds,-6.084525,0.99473006,-0.11689693,0.10853493,-0.074804224,0.32129818,0.2393966,0.4396631,0.16660884,0.2259774,0.15856186,0.2866371,0.19976796
14.72797,11.630447,3.4662836,6,0,0,00:00.0,00:00.0,uploads\b67551bc-3737-11f0-85b7-581122bb7f2c\20210419T060000+1000_REC_116.wav,False,0,0,0,0,0,0,0,0,0,0,0,0,birds,-6.100329,0.91781694,-0.060395367,0.2079797,0.009713403,0.2711919,0.19736241,0.46331823,0.12964769,0.16883871,0.18864577,0.279164,0.1445624
14.817934,11.062567,3.6319513,6,0,0,00:00.0,00:00.0,uploads\b67551bc-3737-11f0-85b7-581122bb7f2c\20210419T060000+1000_REC_117.wav,True,0,1,0,0,0,0,0,0,0,0,0,0,birds,-6.0849123,1.0206923,-0.06212526,0.28072992,-0.0617028,0.22780891,0.14876859,0.4533995,0.18012172,0.22735086,0.15593345,0.24226001,0.16690053
14.924675,11.191816,3.3631415,6,0,0,00:00.0,00:00.0,uploads\b67551bc-3737-11f0-85b7-581122bb7f2c\20210419T060000+1000_REC_118.wav,True,0,1,0,0,0,0,0,0,0,0,0,0,birds,-6.1145897,0.85591817,0.061931938,0.22212823,0.027262485,0.30109385,0.16041996,0.34366396,0.20256296,0.2182333,0.17605083,0.26299298,0.1728808
14.883124,11.066846,3.3503518,6,0,0,00:00.0,00:00.0,uploads\b67551bc-3737-11f0-85b7-581122bb7f2c\20210419T060000+1000_REC_119.wav,False,0,0,0,0,0,0,0,0,0,0,0,0,birds,-6.102662,0.96458995,0.044111665,0.17800097,0.014144992,0.29104266,0.17874342,0.32989988,0.17706232,0.19301736,0.14419866,0.2255479,0.21586524
14.937974,11.444288,3.5212572,6,0,0,00:00.0,00:00.0,uploads\b67551bc-3737-11f0-85b7-581122bb7f2c\20210419T060000+1000_REC_120.wav,False,0,0,0,0,0,0,0,0,0,0,0,0,birds,-6.0907645,0.9711512,-0.052579664,0.19487351,-0.02736433,0.3213547,0.23483159,0.41601002,0.14540204,0.23319128,0.20849079,0.31905407,0.17426653
14.763547,10.7582855,3.3334062,6,0,0,00:00.0,00:00.0,uploads\b67551bc-3737-11f0-85b7-581122bb7f2c\20210419T060000+1000_REC_121.wav,False,0,0,0,0,0,0,0,0,0,0,0,0,birds,-6.114554,0.8354804,0.09619797,0.14642817,0.00078511145,0.25631618,0.2658855,0.395263,0.25710824,0.23630515,0.2091525,0.196864,0.16901086
14.356171,11.006799,3.6319077,6,0,0,00:00.0,00:00.0,uploads\b67551bc-3737-11f0-85b7-581122bb7f2c\20210419T060000+1000_REC_122.wav,False,0,0,0,0,0,0,0,0,0,0,0,0,birds,-6.1250916,0.5667426,0.08037483,-0.15318838,-0.029736359,0.2686064,0.45340386,0.3823376,0.22853616,0.17534065,0.2026731,0.24694301,0.25462568
14.485521,10.655699,3.3156967,6,0,0,00:00.0,00:00.0,uploads\b67551bc-3737-11f0-85b7-581122bb7f2c\20210419T060000+1000_REC_123.wav,False,0,0,0,0,0,0,0,0,0,0,0,0,birds,-6.107803,0.7559528,-0.14360276,0.15106729,0.074468486,0.22095032,0.3840206,0.44286504,0.39769083,0.22690295,0.2265351,0.19930923,0.20803297
14.669736,10.832726,3.2509959,6,0,0,00:00.0,00:00.0,uploads\b67551bc-3737-11f0-85b7-581122bb7f2c\20210419T060000+1000_REC_124.wav,False,0,0,0,0,0,0,0,0,0,0,0,0,birds,-6.125448,0.70927376,0.039128784,0.08041313,0.12879872,0.14080703,0.26297098,0.39937738,0.3613405,0.22765099,0.2286476,0.2442561,0.18673971
14.80093,10.746336,3.1889668,6,0,0,00:00.0,00:00.0,uploads\b67551bc-3737-11f0-85b7-581122bb7f2c\20210419T060000+1000_REC_125.wav,True,0,1,0,0,0,0,0,0,0,0,0,0,birds,-6.139739,0.53586,0.18194866,0.27242103,0.054432236,0.27453756,0.3576207,0.23598911,0.2690584,0.25100026,0.22469729,0.22578774,0.2500282
14.628906,11.3708725,3.150255,6,0,0,00:00.0,00:00.0,uploads\b67551bc-3737-11f0-85b7-581122bb7f2c\20210419T060000+1000_REC_126.wav,False,0,0,0,0,0,0,0,0,0,0,0,0,birds,-6.118215,0.75744504,0.0007909775,0.2761474,0.23209974,0.20279323,0.19519696,0.4405577,0.2636043,0.10212959,0.25110295,0.30115163,0.1537322
14.364027,11.015737,3.6185224,6,0,0,00:00.0,00:00.0,uploads\b67551bc-3737-11f0-85b7-581122bb7f2c\20210419T060000+1000_REC_127.wav,False,0,0,0,0,0,0,0,0,0,0,0,0,birds,-6.1065583,0.85234576,0.10035917,0.004120684,0.029862504,0.3222139,0.4005259,0.3703473,0.21194774,0.13493168,0.19343194,0.25314713,0.2555632
14.662028,11.512893,3.2386477,6,0,0,00:00.0,00:00.0,uploads\b67551bc-3737-11f0-85b7-581122bb7f2c\20210419T060000+1000_REC_128.wav,False,0,0,0,0,0,0,0,0,0,0,0,0,birds,-6.108381,0.85328704,-0.029306848,0.18123123,0.052853093,0.26931143,0.2134313,0.43001226,0.21207725,0.10344976,0.24176604,0.34230146,0.1046307
14.798065,10.754781,3.246628,6,0,0,00:00.0,00:00.0,uploads\b67551bc-3737-11f0-85b7-581122bb7f2c\20210419T060000+1000_REC_129.wav,False,0,0,0,0,0,0,0,0,0,0,0,0,birds,-6.126907,0.760971,0.15790302,0.1806575,0.0777738,0.27456933,0.24556758,0.3192618,0.24178572,0.21057336,0.18951593,0.18822572,0.20907274
14.5132475,10.645734,3.3410952,6,0,0,00:00.0,00:00.0,uploads\b67551bc-3737-11f0-85b7-581122bb7f2c\20210419T060000+1000_REC_130.wav,False,0,0,0,0,0,0,0,0,0,0,0,0,birds,-6.115203,0.7851729,-0.04608516,0.10939981,0.020801349,0.20885742,0.35154307,0.39183998,0.3309627,0.22749501,0.1928224,0.14572005,0.1973923
14.591288,10.54951,3.8622942,6,0,0,00:00.0,00:00.0,uploads\b67551bc-3737-11f0-85b7-581122bb7f2c\20210419T060000+1000_REC_131.wav,False,0,0,0,0,0,0,0,0,0,0,0,0,birds,-6.0869274,0.90800613,-0.2502874,0.28249046,-0.046952087,0.22364953,0.2487058,0.469954,0.32157663,0.27807108,0.18421827,0.15243426,0.1695535
14.659396,10.989852,3.379516,6,0,0,00:00.0,00:00.0,uploads\b67551bc-3737-11f0-85b7-581122bb7f2c\20210419T060000+1000_REC_132.wav,False,0,0,0,0,0,0,0,0,0,0,0,0,birds,-6.1121974,0.89124674,0.11552419,0.12512825,-0.008510936,0.1540819,0.23355116,0.3442835,0.17644757,0.16534428,0.18666665,0.2393133,0.26545632
14.413633,11.157307,3.7094617,6,0,0,00:00.0,00:00.0,uploads\b67551bc-3737-11f0-85b7-581122bb7f2c\20210419T060000+1000_REC_133.wav,False,0,0,0,0,0,0,0,0,0,0,0,0,birds,-6.100031,0.88918537,-0.00762863,0.02114243,-0.0038919442,0.33847466,0.3601121,0.42649573,0.21908443,0.10058362,0.12942906,0.23920286,0.24576806
14.736759,11.096103,3.423373,6,0,0,00:00.0,00:00.0,uploads\b67551bc-3737-11f0-85b7-581122bb7f2c\20210419T060000+1000_REC_134.wav,False,0,0,0,0,0,0,0,0,0,0,0,0,birds,-6.101537,0.918155,-0.10389603,0.22058693,0.09110822,0.3371578,0.14411823,0.39668557,0.20857376,0.21306728,0.17018816,0.23165534,0.1214374
15.106891,11.221965,3.3670464,6,0,0,00:00.0,00:00.0,uploads\b67551bc-3737-11f0-85b7-581122bb7f2c\20210419T060000+1000_REC_135.wav,False,0,0,0,0,0,0,0,0,0,0,0,0,birds,-6.1083007,0.88673514,0.14891446,0.2820058,-0.034207627,0.3298123,0.19568951,0.27608472,0.08626638,0.23273207,0.19100177,0.283351,0.2239639
14.675415,10.756938,3.7581604,6,0,0,00:00.0,00:00.0,uploads\b67551bc-3737-11f0-85b7-581122bb7f2c\20210419T060000+1000_REC_136.wav,False,0,0,0,0,0,0,0,0,0,0,0,0,birds,-6.060086,1.0154802,-0.20226042,0.21950069,-0.1844032,0.03514729,0.41750365,0.57113695,0.0008519941,0.19569238,0.30172074,0.18244874,0.15896851
14.747306,10.747326,3.9148812,6,0,0,00:00.0,00:00.0,uploads\b67551bc-3737-11f0-85b7-581122bb7f2c\20210419T060000+1000_REC_137.wav,False,0,0,0,0,0,0,0,0,0,0,0,0,birds,-6.0806394,1.0358164,-0.101108864,0.2140748,-0.052181166,0.29138055,0.22004174,0.41925356,0.22582056,0.3160969,0.08904039,0.13877527,0.20646687
14.312731,10.970564,3.6939082,6,0,0,00:00.0,00:00.0,uploads\b67551bc-3737-11f0-85b7-581122bb7f2c\20210419T060000+1000_REC_138.wav,False,0,0,0,0,0,0,0,0,0,0,0,0,birds,-6.11281,0.7493223,-0.061541803,-0.16241695,0.02565563,0.27161375,0.43386582,0.33825564,0.18904707,0.1629663,0.18957928,0.18259439,0.13846298
14.531627,11.222835,4.2361884,6,0,0,00:00.0,00:00.0,uploads\b67551bc-3737-11f0-85b7-581122bb7f2c\20210419T060000+1000_REC_139.wav,False,0,0,0,0,0,0,0,0,0,0,0,0,birds,-6.0120597,0.83267194,-0.29091054,-0.61478573,-0.30390564,0.3787983,0.6834521,0.47015902,0.25888488,0.18701227,0.11023108,0.14178689,0.1428229
14.742792,11.0963,3.5288198,6,0,0,00:00.0,00:00.0,uploads\b67551bc-3737-11f0-85b7-581122bb7f2c\20210419T060000+1000_REC_140.wav,False,0,0,0,0,0,0,0,0,0,0,0,0,birds,-6.102384,0.9058741,0.04513457,0.11442447,-0.08759344,0.28209484,0.31176442,0.39472744,0.16563044,0.20429173,0.17744243,0.23703788,0.23142873
14.738906,11.659442,3.471217,6,0,0,00:00.0,00:00.0,uploads\b67551bc-3737-11f0-85b7-581122bb7f2c\20210419T060000+1000_REC_141.wav,False,0,0,0,0,0,0,0,0,0,0,0,0,birds,-6.097562,0.90871483,-0.07386792,0.24159516,-0.0042693675,0.17236003,0.24446727,0.48966894,0.11663587,0.19399762,0.23142165,0.31043157,0.18598168
14.913047,10.896894,3.7530425,6,0,0,00:00.0,00:00.0,uploads\b67551bc-3737-11f0-85b7-581122bb7f2c\20210419T060000+1000_REC_143.wav,False,0,0,0,0,0,0,0,0,0,0,0,0,birds,-6.0984445,0.9582902,0.005266417,0.20333906,0.059697866,0.3985368,0.14480925,0.2969023,0.065800585,0.3224222,0.15147917,0.21138962,0.17615956
15.22571,11.599228,4.2305174,6,0,0,00:00.0,00:00.0,uploads\b67551bc-3737-11f0-85b7-581122bb7f2c\20210419T060000+1000_REC_144.wav,False,0,0,0,0,0,0,0,0,0,0,0,0,birds,-5.9902444,1.3606465,-0.30110797,-0.18720375,-0.072356775,0.53346413,0.17272693,0.1750043,-0.04449017,0.37728855,0.35968575,0.33862144,0.17533033
15.209472,11.591363,4.129367,6,0,0,00:00.0,00:00.0,uploads\b67551bc-3737-11f0-85b7-581122bb7f2c\20210419T060000+1000_REC_145.wav,False,0,0,0,0,0,0,0,0,0,0,0,0,birds,-6.0562134,1.1350517,-0.092652865,-0.11840724,-0.03321289,0.4437073,0.26552212,0.18240744,0.0024766233,0.24712445,0.3635355,0.31130868,0.1841768
14.689633,11.523715,4.166282,6,0,0,00:00.0,00:00.0,uploads\b67551bc-3737-11f0-85b7-581122bb7f2c\20210419T060000+1000_REC_146.wav,False,0,0,0,0,0,0,0,0,0,0,0,0,birds,-6.0171385,1.3373059,0.09140545,-0.11436403,-0.2931945,0.32888246,0.25189131,0.4311739,0.15895592,0.276396,0.14757396,0.18245997,0.10949357
14.359311,11.060742,3.874231,6,0,0,00:00.0,00:00.0,uploads\b67551bc-3737-11f0-85b7-581122bb7f2c\20210419T060000+1000_REC_147.wav,False,0,0,0,0,0,0,0,0,0,0,0,0,birds,-6.0625157,0.9234844,-0.13735685,-0.384769,-0.029475883,0.51051515,0.51413846,0.17775837,0.09096332,0.19905297,0.12084686,0.13925116,0.2540661
14.757332,11.487703,3.8177817,6,0,0,00:00.0,00:00.0,uploads\b67551bc-3737-11f0-85b7-581122bb7f2c\20210419T060000+1000_REC_148.wav,False,0,0,0,0,0,0,0,0,0,0,0,0,birds,-6.087528,0.9739691,-0.0013377522,0.0792131,-0.13780366,0.33099398,0.2820602,0.43351793,0.18605016,0.1733849,0.10165397,0.3108741,0.1731143
14.569777,10.606405,3.2877884,6,0,0,00:00.0,00:00.0,uploads\b67551bc-3737-11f0-85b7-581122bb7f2c\20210419T060000+1000_REC_149.wav,False,0,0,0,0,0,0,0,0,0,0,0,0,birds,-6.1562343,0.04955605,0.061392557,0.19556408,-0.015165601,0.18132803,0.21214008,0.34309745,0.23465714,0.20638154,0.1796993,0.18556477,0.14006361
14.52028,10.601744,3.3118396,6,0,0,00:00.0,00:00.0,uploads\b67551bc-3737-11f0-85b7-581122bb7f2c\20210419T060000+1000_REC_150.wav,True,0,1,0,0,0,0,0,0,0,0,0,0,birds,-6.1416163,0.39862674,-0.10228039,0.22031304,-0.04201467,0.14612906,0.1696821,0.4529798,0.3044347,0.20478252,0.2255898,0.12559538,0.13401641
14.647684,11.648442,4.293046,6,0,0,00:00.0,00:00.0,uploads\b67551bc-3737-11f0-85b7-581122bb7f2c\20210419T060000+1000_REC_151.wav,False,0,0,0,0,0,0,0,0,0,0,0,0,birds,-5.977061,1.4016829,-0.19453582,-0.1777987,-0.33423465,0.24495377,0.32708934,0.6236632,0.13815662,0.16848378,0.1908372,0.28369457,0.062945865
14.701195,10.629454,3.2837596,6,0,0,00:00.0,00:00.0,uploads\b67551bc-3737-11f0-85b7-581122bb7f2c\20210419T060000+1000_REC_152.wav,False,0,0,0,0,0,0,0,0,0,0,0,0,birds,-6.1554456,0.3135769,-0.04536412,0.110940844,0.25479296,0.23811464,0.21008116,0.1394271,0.1491527,0.27154365,0.19687131,0.04512465,0.16826941
15.168827,11.135247,3.3727927,6,0,0,00:00.0,00:00.0,uploads\b67551bc-3737-11f0-85b7-581122bb7f2c\20210419T060000+1000_REC_153.wav,False,0,0,0,0,0,0,0,0,0,0,0,0,birds,-6.1203637,0.6988383,0.18737073,0.34676576,0.07524418,0.33923537,0.036008958,0.4690573,0.109191455,0.26320332,0.17856014,0.2710932,0.16068378
14.811757,10.86834,3.3370216,6,0,0,00:00.0,00:00.0,uploads\b67551bc-3737-11f0-85b7-581122bb7f2c\20210419T060000+1000_REC_154.wav,False,0,0,0,0,0,0,0,0,0,0,0,0,birds,-6.1146097,0.84352195,0.11174381,0.11930321,-0.016721692,0.2660496,0.26321012,0.37832636,0.22686467,0.2261844,0.16406447,0.19372891,0.22118248
14.735069,11.650163,3.4664447,6,0,0,00:00.0,00:00.0,uploads\b67551bc-3737-11f0-85b7-581122bb7f2c\20210419T060000+1000_REC_155.wav,False,0,0,0,0,0,0,0,0,0,0,0,0,birds,-6.080754,1.0524751,-0.0071385885,0.18071523,-0.087602995,0.23724982,0.2002786,0.45375744,0.08584889,0.15993744,0.19795236,0.31256363,0.16514012
15.131451,11.109745,3.3757744,6,0,0,00:00.0,00:00.0,uploads\b67551bc-3737-11f0-85b7-581122bb7f2c\20210419T060000+1000_REC_156.wav,False,0,0,0,0,0,0,0,0,0,0,0,0,birds,-6.107723,0.9091644,0.16349746,0.21681555,0.0080532925,0.27964246,0.14109622,0.37239584,0.16545933,0.24799094,0.15481502,0.23816335,0.20062226
15.103046,11.254302,3.4836154,6,0,0,00:00.0,00:00.0,uploads\b67551bc-3737-11f0-85b7-581122bb7f2c\20210419T060000+1000_REC_157.wav,True,0,1,0,0,0,0,0,0,0,0,0,0,birds,-6.089971,0.98704267,0.23261122,0.07969315,-0.080492906,0.4009511,0.10053649,0.4008218,0.024413455,0.17169744,0.12985468,0.2490285,0.18620099
14.855711,11.40261,3.8608632,6,0,0,00:00.0,00:00.0,uploads\b67551bc-3737-11f0-85b7-581122bb7f2c\20210419T060000+1000_REC_158.wav,False,0,0,0,0,0,0,0,0,0,0,0,0,birds,-6.065058,1.0154411,-0.0067766244,-0.14644878,-0.20471516,0.2569943,0.09093368,0.5915563,0.27224955,0.23497011,0.1699618,0.24625671,0.23725004
14.484531,11.378218,4.0822797,6,0,0,00:00.0,00:00.0,uploads\b67551bc-3737-11f0-85b7-581122bb7f2c\20210419T060000+1000_REC_159.wav,False,0,0,0,0,0,0,0,0,0,0,0,0,birds,-6.0500917,1.0023344,-0.052876864,-0.34495622,-0.26267022,0.17032723,0.42579138,0.53110456,0.25464734,0.15591444,0.16532399,0.18844531,0.2671337
15.081613,11.055353,3.342792,6,0,0,00:00.0,00:00.0,uploads\b67551bc-3737-11f0-85b7-581122bb7f2c\20210419T060000+1000_REC_160.wav,False,0,0,0,0,0,0,0,0,0,0,0,0,birds,-6.1098137,0.9072604,0.21792407,0.13070129,-0.04076046,0.267649,0.16570681,0.35196713,0.11993429,0.16581248,0.14491656,0.17387944,0.22564928
15.2586565,11.572838,3.9235337,6,0,0,00:00.0,00:00.0,uploads\b67551bc-3737-11f0-85b7-581122bb7f2c\20210419T060000+1000_REC_161.wav,False,0,0,0,0,0,0,0,0,0,0,0,0,birds,-6.0715737,1.0148255,-0.069016255,0.087218866,-0.18165405,0.338608,0.1178883,0.49961913,0.19950764,0.35615173,0.26333523,0.25830692,0.1743887
15.50282,11.338742,5.4913454,6,0,0,00:00.0,00:00.0,uploads\b67551bc-3737-11f0-85b7-581122bb7f2c\20210419T060000+1000_REC_162.wav,False,0,0,0,0,0,0,0,0,0,0,0,0,birds,-5.9880004,1.0321027,-0.7453983,-0.3560851,0.35456976,0.49690956,0.014131209,0.23990211,0.44885245,0.36632982,0.2838119,0.0021310905,0.13184471
14.627364,11.622276,4.2439566,6,0,0,00:00.0,00:00.0,uploads\b67551bc-3737-11f0-85b7-581122bb7f2c\20210419T060000+1000_REC_163.wav,False,0,0,0,0,0,0,0,0,0,0,0,0,birds,-6.0485983,1.1397542,-0.08655261,-0.018021477,-0.119636044,0.4537694,0.35713753,0.49133587,0.13462044,0.20634432,0.18122596,0.29834676,0.112074725
15.180833,11.255825,3.519314,6,0,0,00:00.0,00:00.0,uploads\b67551bc-3737-11f0-85b7-581122bb7f2c\20210419T060000+1000_REC_164.wav,True,0,1,0,0,0,0,0,0,0,0,0,0,birds,-6.088196,0.9710333,0.1374514,0.2104204,-0.039679598,0.46541408,0.12614562,0.43639627,0.07627943,0.2651939,0.10093447,0.25061104,0.14131123
14.713403,10.868213,3.921773,6,0,0,00:00.0,00:00.0,uploads\b67551bc-3737-11f0-85b7-581122bb7f2c\20210419T060000+1000_REC_165.wav,True,0,1,0,0,0,0,0,0,0,0,0,0,birds,-6.072556,1.0449759,-0.031966798,0.07859542,-0.15894596,0.17716786,0.27954534,0.5408483,0.24914697,0.25075543,0.21685115,0.1777249,0.06554092
14.663366,11.566356,3.322409,6,0,0,00:00.0,00:00.0,uploads\b67551bc-3737-11f0-85b7-581122bb7f2c\20210419T060000+1000_REC_166.wav,False,0,0,0,0,0,0,0,0,0,0,0,0,birds,-6.0626516,0.97968173,-0.39701435,0.29201865,0.2569187,0.24647826,-0.020582516,0.53408986,0.22868095,0.11739403,0.18569963,0.36070412,0.128995
14.613172,11.48338,4.116041,6,0,0,00:00.0,00:00.0,uploads\b67551bc-3737-11f0-85b7-581122bb7f2c\20210419T060000+1000_REC_167.wav,False,0,0,0,0,0,0,0,0,0,0,0,0,birds,-6.032,1.2442089,-0.00915578,-0.017578505,-0.17209195,0.43824357,0.28067797,0.53155315,0.13957226,0.1563312,0.022881933,0.23200363,0.2111265
14.521694,11.393832,4.064888,6,0,0,00:00.0,00:00.0,uploads\b67551bc-3737-11f0-85b7-581122bb7f2c\20210419T060000+1000_REC_168.wav,False,0,0,0,0,0,0,0,0,0,0,0,0,birds,-6.080501,0.93821853,0.0023932618,-0.15881734,-0.22426444,0.16658722,0.38812682,0.44396278,0.253057,0.16478962,0.19594009,0.1965399,0.26515156
15.212076,11.599773,4.370779,6,0,0,00:00.0,00:00.0,uploads\b67551bc-3737-11f0-85b7-581122bb7f2c\20210419T060000+1000_REC_169.wav,False,0,0,0,0,0,0,0,0,0,0,0,0,birds,-5.9764924,1.3959988,-0.35755765,-0.23307438,-0.16597027,0.49846658,0.3351248,0.276764,0.046345457,0.29315275,0.31961292,0.29956377,0.027955754
14.736612,11.652756,3.500044,6,0,0,00:00.0,00:00.0,uploads\b67551bc-3737-11f0-85b7-581122bb7f2c\20210419T060000+1000_REC_170.wav,False,0,0,0,0,0,0,0,0,0,0,0,0,birds,-6.0405493,1.2639192,-0.08931587,0.14424035,-0.07083513,0.31741834,0.17380594,0.44054857,0.054805268,0.08222316,0.19840907,0.35674503,0.19767852
15.262903,11.190817,3.4624438,6,0,0,00:00.0,00:00.0,uploads\b67551bc-3737-11f0-85b7-581122bb7f2c\20210419T060000+1000_REC_171.wav,False,0,0,0,0,0,0,0,0,0,0,0,0,birds,-6.0924635,0.9913878,0.16456722,0.29843235,-0.042087905,0.32550284,0.15983313,0.3543293,0.15738837,0.2704317,0.15412079,0.25444326,0.16794929
14.681529,11.676468,3.5096407,6,0,0,00:00.0,00:00.0,uploads\b67551bc-3737-11f0-85b7-581122bb7f2c\20210419T060000+1000_REC_172.wav,False,0,0,0,0,0,0,0,0,0,0,0,0,birds,-6.079673,0.9797218,-0.006213731,0.25469023,-0.07893464,0.29517478,0.18976596,0.6057003,0.11830239,0.15661545,0.23719588,0.2770202,0.09954363
14.430068,11.017296,3.9339225,6,0,0,00:00.0,00:00.0,uploads\b67551bc-3737-11f0-85b7-581122bb7f2c\20210419T060000+1000_REC_173.wav,False,0,0,0,0,0,0,0,0,0,0,0,0,birds,-6.04045,1.1299723,-0.19010974,-0.18404318,-0.10561258,0.48326296,0.42352465,0.44643962,0.20801267,0.22792986,0.13011566,0.118448384,0.12165451
14.679277,11.6571865,3.455433,6,0,0,00:00.0,00:00.0,uploads\b67551bc-3737-11f0-85b7-581122bb7f2c\20210419T060000+1000_REC_174.wav,True,0,1,0,0,0,0,0,0,0,0,0,0,birds,-6.059082,1.0674976,-0.1741939,0.09359437,-0.01794436,0.30882737,0.28644386,0.5618525,0.12081086,0.10256246,0.27827933,0.4206579,0.104961604
14.491486,11.452996,3.8213916,6,0,0,00:00.0,00:00.0,uploads\b67551bc-3737-11f0-85b7-581122bb7f2c\20210419T060000+1000_REC_175.wav,False,0,0,0,0,0,0,0,0,0,0,0,0,birds,-6.082268,0.9727221,-0.066784605,0.045598745,-0.08601262,0.17063442,0.3452159,0.5464603,0.25385666,0.100979134,0.19120046,0.26562154,0.18003686
14.626121,11.026746,3.467909,6,0,0,00:00.0,00:00.0,uploads\b67551bc-3737-11f0-85b7-581122bb7f2c\20210419T060000+1000_REC_176.wav,False,0,0,0,0,0,0,0,0,0,0,0,0,birds,-6.087952,0.9701031,-0.114778854,0.14608327,0.063130744,0.3363433,0.24134557,0.476101,0.27833158,0.21563056,0.13601685,0.24284323,0.16294071
14.335466,10.992085,3.7307231,6,0,0,00:00.0,00:00.0,uploads\b67551bc-3737-11f0-85b7-581122bb7f2c\20210419T060000+1000_REC_177.wav,False,0,0,0,0,0,0,0,0,0,0,0,0,birds,-6.0954943,0.8625753,-0.023003483,-0.18302262,0.027145702,0.3382238,0.48112896,0.32829854,0.15241916,0.20784628,0.23841442,0.19266339,0.19967861
15.290737,11.453187,3.659674,6,0,0,00:00.0,00:00.0,uploads\b67551bc-3737-11f0-85b7-581122bb7f2c\20210419T060000+1000_REC_178.wav,False,0,0,0,0,0,0,0,0,0,0,0,0,birds,-6.063021,1.1485975,0.13467114,0.12269517,-0.016298298,0.39539868,0.28019214,0.40009806,0.16038698,0.25853655,0.23071383,0.28691354,0.13832046
14.671091,11.6211405,4.2777095,6,0,0,00:00.0,00:00.0,uploads\b67551bc-3737-11f0-85b7-581122bb7f2c\20210419T060000+1000_REC_179.wav,False,0,0,0,0,0,0,0,0,0,0,0,0,birds,-6.0171022,1.1923816,-0.3249092,-0.0957041,-0.14296952,0.4171951,0.42576703,0.57525164,0.19850743,0.17882471,0.22707336,0.26747042,0.085450724
14.605867,11.608962,4.185549,6,0,0,00:00.0,00:00.0,uploads\b67551bc-3737-11f0-85b7-581122bb7f2c\20210419T060000+1000_REC_180.wav,False,0,0,0,0,0,0,0,0,0,0,0,0,birds,-6.0411205,1.2102495,-0.07642578,0.12161384,-0.18926074,0.31556338,0.29863116,0.5443859,0.18755552,0.17503692,0.15557905,0.25061917,0.15210386
14.803235,11.442833,3.310275,6,0,0,00:00.0,00:00.0,uploads\b67551bc-3737-11f0-85b7-581122bb7f2c\20210419T060000+1000_REC_181.wav,False,0,0,0,0,0,0,0,0,0,0,0,0,birds,-6.1031785,0.89015317,0.19864891,0.35858515,0.1381598,0.2616805,0.14574204,0.4323832,0.21536835,0.1632077,0.20662287,0.29601556,0.14644763
15.017895,11.368247,3.5472405,6,0,0,00:00.0,00:00.0,uploads\b67551bc-3737-11f0-85b7-581122bb7f2c\20210419T060000+1000_REC_182.wav,False,0,0,0,0,0,0,0,0,0,0,0,0,birds,-6.087122,1.0004878,0.13523695,0.19803248,0.004283725,0.376905,0.27703902,0.43327978,0.12752873,0.21089342,0.17264104,0.26923746,0.21071093
14.877146,11.340258,3.755582,6,0,0,00:00.0,00:00.0,uploads\b67551bc-3737-11f0-85b7-581122bb7f2c\20210419T060000+1000_REC_183.wav,True,0,1,0,0,0,0,0,0,0,0,0,0,birds,-6.0675416,1.0715806,-0.05605558,0.08817866,-0.04531423,0.33243582,0.3367364,0.5136835,0.22061013,0.23320608,0.16848248,0.2589106,0.2328887
14.980196,11.262632,3.658554,6,0,0,00:00.0,00:00.0,uploads\b67551bc-3737-11f0-85b7-581122bb7f2c\20210419T060000+1000_REC_184.wav,False,0,0,0,0,0,0,0,0,0,0,0,0,birds,-6.078865,1.0400728,0.1424344,0.122978315,-0.08337074,0.329024,0.28031337,0.4349634,0.2481563,0.25126076,0.14851135,0.24334615,0.26367915
14.9618025,10.872989,3.3545597,6,0,0,00:00.0,00:00.0,uploads\b67551bc-3737-11f0-85b7-581122bb7f2c\20210419T060000+1000_REC_185.wav,False,0,0,0,0,0,0,0,0,0,0,0,0,birds,-6.084125,0.99546325,0.24099684,0.01972687,-0.11450447,0.1292245,0.23953408,0.4803809,0.31031415,0.2720559,0.20607816,0.19972135,0.19183514
15.307919,11.359523,3.5515492,6,0,0,00:00.0,00:00.0,uploads\b67551bc-3737-11f0-85b7-581122bb7f2c\20210419T060000+1000_REC_186.wav,False,0,0,0,0,0,0,0,0,0,0,0,0,birds,-6.0832386,1.0117488,0.16134332,0.27034014,-0.026407653,0.36693418,0.21250251,0.38587934,0.22072957,0.30743766,0.20789357,0.29529372,0.16377053
15.315835,11.257739,3.4904246,6,0,0,00:00.0,00:00.0,uploads\b67551bc-3737-11f0-85b7-581122bb7f2c\20210419T060000+1000_REC_187.wav,False,0,0,0,0,0,0,0,0,0,0,0,0,birds,-6.084322,1.0028112,0.21331367,0.34441322,-0.011969506,0.34454373,0.14783108,0.4063875,0.20316954,0.29062328,0.17033704,0.26865935,0.18462926
14.676572,11.361698,4.083207,6,0,0,00:00.0,00:00.0,uploads\b67551bc-3737-11f0-85b7-581122bb7f2c\20210419T060000+1000_REC_189.wav,False,0,0,0,0,0,0,0,0,0,0,0,0,birds,-6.0537415,1.1329306,-0.079754874,-0.0077832276,-0.06294845,0.31759518,0.36910513,0.53144115,0.28812712,0.25165433,0.17793038,0.20159148,0.14109802
14.52782,11.238337,4.238931,6,0,0,00:00.0,00:00.0,uploads\b67551bc-3737-11f0-85b7-581122bb7f2c\20210419T060000+1000_REC_190.wav,False,0,0,0,0,0,0,0,0,0,0,0,0,birds,-5.9958506,0.91340137,-0.1766651,-0.59535635,-0.30075958,0.42437872,0.79073083,0.50273484,0.23281077,0.12531859,0.083653465,0.24008064,0.29171738
15.174486,11.033007,3.3351433,6,0,0,00:00.0,00:00.0,uploads\b67551bc-3737-11f0-85b7-581122bb7f2c\20210419T060000+1000_REC_191.wav,False,0,0,0,0,0,0,0,0,0,0,0,0,birds,-6.0853724,1.0472316,0.1367962,0.3742133,0.18294483,0.23001324,0.12248753,0.32854795,0.19390458,0.26884958,0.2568302,0.19869599,0.19371337
14.649522,11.244476,3.1789238,6,0,0,00:00.0,00:00.0,uploads\b67551bc-3737-11f0-85b7-581122bb7f2c\20210419T060000+1000_REC_192.wav,False,0,0,0,0,0,0,0,0,0,0,0,0,birds,-6.085046,0.9303624,0.03310917,0.51559645,0.19018418,0.15166952,0.14101012,0.5375487,0.19597171,0.14157818,0.3045543,0.20241879,0.07136724
14.537852,11.721935,4.0147753,6,0,0,00:00.0,00:00.0,uploads\b67551bc-3737-11f0-85b7-581122bb7f2c\20210419T060000+1000_REC_193.wav,False,0,0,0,0,0,0,0,0,0,0,0,0,birds,-6.025597,1.2973237,-0.036917187,0.22073977,-0.030073233,0.29561266,0.28639033,0.59976774,0.15277155,0.16235316,0.21020526,0.29807875,0.13168798
15.220591,11.563817,3.8272333,6,0,0,00:00.0,00:00.0,uploads\b67551bc-3737-11f0-85b7-581122bb7f2c\20210419T060000+1000_REC_194.wav,False,0,0,0,0,0,0,0,0,0,0,0,0,birds,-6.051654,1.2287072,0.11639387,0.17339857,-0.056195974,0.3646995,0.19211541,0.34849954,0.10299636,0.2520737,0.2155928,0.327226,0.22011901
15.014598,11.398773,3.378972,6,0,0,00:00.0,00:00.0,uploads\b67551bc-3737-11f0-85b7-581122bb7f2c\20210419T060000+1000_REC_195.wav,True,0,1,0,0,0,0,0,0,0,0,0,0,birds,-6.062333,1.1516668,0.29966256,0.15056084,0.0026849788,0.24874525,0.20557226,0.34853825,0.2329159,0.26771563,0.2787006,0.31148446,0.289733
14.929731,11.437834,3.3265855,6,0,0,00:00.0,00:00.0,uploads\b67551bc-3737-11f0-85b7-581122bb7f2c\20210419T060000+1000_REC_196.wav,False,0,0,0,0,0,0,0,0,0,0,0,0,birds,-6.0736003,1.072082,0.15697458,0.20154685,0.106659755,0.2871483,0.29972973,0.4306718,0.2672353,0.18721563,0.25365064,0.3241412,0.23969461
15.269589,11.339653,3.501498,6,0,0,00:00.0,00:00.0,uploads\b67551bc-3737-11f0-85b7-581122bb7f2c\20210419T060000+1000_REC_198.wav,False,0,0,0,0,0,0,0,0,0,0,0,0,birds,-6.0745697,1.0029672,0.19411604,0.25301588,0.020981563,0.43205044,0.26483777,0.49080327,0.24124059,0.26636532,0.22082101,0.27502328,0.24291608
15.485889,11.34585,5.460274,6,0,0,00:00.0,00:00.0,uploads\b67551bc-3737-11f0-85b7-581122bb7f2c\20210419T060000+1000_REC_200.wav,False,0,0,0,0,0,0,0,0,0,0,0,0,birds,-5.955409,1.1286379,-0.7135538,-0.021372404,0.45492283,0.40514255,-0.11135739,0.2798095,0.77207464,0.50396186,0.35455987,0.016269177,0.16176893
15.07412,11.602784,4.3192935,6,0,0,00:00.0,00:00.0,uploads\b67551bc-3737-11f0-85b7-581122bb7f2c\20210419T060000+1000_REC_201.wav,False,0,0,0,0,0,0,0,0,0,0,0,0,birds,-5.930373,1.5824698,-0.19388834,-0.29396078,-0.10592793,0.2525816,0.60626346,0.3407565,0.19122565,0.3764923,0.35097963,0.2605373,0.26688507
14.819591,10.641409,3.482345,6,0,0,00:00.0,00:00.0,uploads\b67551bc-3737-11f0-85b7-581122bb7f2c\20210419T060000+1000_REC_209.wav,False,0,0,0,0,0,0,0,0,0,0,0,0,birds,-6.119227,0.7931118,0.09340986,0.27926812,-0.027786152,0.40199953,0.1924712,0.27706897,0.18007314,0.17437604,0.22664668,0.10547518,0.08240579
14.994298,10.740396,3.4603093,6,0,0,00:00.0,00:00.0,uploads\b67551bc-3737-11f0-85b7-581122bb7f2c\20210419T060000+1000_REC_210.wav,False,0,0,0,0,0,0,0,0,0,0,0,0,birds,-6.1028767,0.8578749,0.17456427,0.3874731,-0.10769664,0.44191128,0.132879,0.28928137,0.19371389,0.23513767,0.19779283,0.18167232,0.04918963
14.821026,10.619786,3.2480645,6,0,0,00:00.0,00:00.0,uploads\b67551bc-3737-11f0-85b7-581122bb7f2c\20210419T060000+1000_REC_211.wav,False,0,0,0,0,0,0,0,0,0,0,0,0,birds,-6.149889,0.5236421,0.33425057,0.22759709,0.17613558,0.19267458,0.1794543,0.1638701,0.15363355,0.16725168,0.17394833,0.1626925,0.14156486
14.449332,10.591939,3.3764381,6,0,0,00:00.0,00:00.0,uploads\b67551bc-3737-11f0-85b7-581122bb7f2c\20210419T060000+1000_REC_212.wav,False,0,0,0,0,0,0,0,0,0,0,0,0,birds,-6.092443,0.4480414,0.19793274,0.1420887,-0.34868556,0.049773935,-0.28610334,0.6850792,0.21788007,0.04784285,0.15808085,0.02038246,0.00064147223
15.048637,10.543062,3.4638994,6,0,0,00:00.0,00:00.0,uploads\b67551bc-3737-11f0-85b7-581122bb7f2c\20210419T060000+1000_REC_213.wav,False,0,0,0,0,0,0,0,0,0,0,0,0,birds,-6.060116,1.191257,0.31556588,0.11958494,-0.21815509,0.13564368,0.09794154,0.018007344,-0.035502985,0.13615815,0.10583954,0.07453248,0.1311434
14.999378,10.536629,3.4151306,6,0,0,00:00.0,00:00.0,uploads\b67551bc-3737-11f0-85b7-581122bb7f2c\20210419T060000+1000_REC_214.wav,False,0,0,0,0,0,0,0,0,0,0,0,0,birds,-6.121828,0.80619144,0.24441695,0.33693787,-0.04227848,0.15150452,0.034731235,0.10029044,0.114720955,0.23196833,0.090005666,0.15356293,0.110840335
14.952057,10.591437,3.3510725,6,0,0,00:00.0,00:00.0,uploads\b67551bc-3737-11f0-85b7-581122bb7f2c\20210419T060000+1000_REC_215.wav,True,0,0,0,1,0,0,0,0,0,0,0,0,birds,-6.1415477,0.5268313,0.40864044,0.21500698,-0.049181014,0.054682203,0.07252718,0.09336504,0.059870835,0.17362687,0.06877227,0.16825293,0.09972006
14.888913,10.596673,3.3162062,6,0,0,00:00.0,00:00.0,uploads\b67551bc-3737-11f0-85b7-581122bb7f2c\20210419T060000+1000_REC_216.wav,False,0,0,0,0,0,0,0,0,0,0,0,0,birds,-6.1577044,0.40410948,0.25318444,0.1453925,0.11263572,0.121932045,0.10820551,0.09499691,0.09694891,0.12069168,0.15160444,0.16349697,0.17245804
15.047706,10.553065,3.4641705,6,0,0,00:00.0,00:00.0,uploads\b67551bc-3737-11f0-85b7-581122bb7f2c\20210419T060000+1000_REC_217.wav,False,0,0,0,0,0,0,0,0,0,0,0,0,birds,-6.1021605,0.8709786,0.22775437,0.3116145,-0.21258393,0.35598952,0.15285942,0.24834408,0.09863961,0.24598572,0.050938014,0.1831122,-0.008849116
15.054519,10.543969,3.4638922,6,0,0,00:00.0,00:00.0,uploads\b67551bc-3737-11f0-85b7-581122bb7f2c\20210419T060000+1000_REC_218.wav,False,0,0,0,0,0,0,0,0,0,0,0,0,birds,-6.1021924,0.84277225,0.2760161,0.26129693,-0.23386462,0.40706438,0.035197083,0.17359592,0.004344708,0.22806981,0.10506814,0.16462423,0.00075881707
15.065715,10.5341,3.4795105,6,0,0,00:00.0,00:00.0,uploads\b67551bc-3737-11f0-85b7-581122bb7f2c\20210419T060000+1000_REC_219.wav,False,0,0,0,0,0,0,0,0,0,0,0,0,birds,-6.083699,0.9849617,0.14480376,0.36325225,-0.25315192,0.3484001,0.10861853,0.10083453,-0.017218813,0.243953,0.058666997,0.11560034,0.00076847966
14.488187,10.618002,3.5645092,6,0,0,00:00.0,00:00.0,uploads\b67551bc-3737-11f0-85b7-581122bb7f2c\20210419T060000+1000_REC_221.wav,False,0,0,0,0,0,0,0,0,0,0,0,0,birds,-6.081257,1.0228386,-0.12982672,0.050759155,-0.023112368,0.465551,0.14791782,0.31902072,0.28309312,0.19049269,0.18250288,0.08000437,0.18897113
14.653067,10.793231,3.9574075,6,0,0,00:00.0,00:00.0,uploads\b67551bc-3737-11f0-85b7-581122bb7f2c\20210419T060000+1000_REC_225.wav,False,0,0,0,0,0,0,0,0,0,0,0,0,birds,-6.0534015,1.1229918,-0.31303936,0.098373994,0.0154224,0.39347193,0.24480122,0.4862562,0.21170658,0.21205726,0.08481545,0.12353491,0.16869375
14.53502,11.509317,3.8171222,6,0,0,00:00.0,00:00.0,uploads\b67551bc-3737-11f0-85b7-581122bb7f2c\20210419T060000+1000_REC_226.wav,False,0,0,0,0,0,0,0,0,0,0,0,0,birds,-6.0633087,1.1751201,0.0760066,0.028145315,-0.08880614,0.24459359,0.24458292,0.43578202,0.23629932,0.05526303,0.1618409,0.21642688,0.0883698
14.61634,11.606386,4.2150383,6,0,0,00:00.0,00:00.0,uploads\b67551bc-3737-11f0-85b7-581122bb7f2c\20210419T060000+1000_REC_227.wav,False,0,0,0,0,0,0,0,0,0,0,0,0,birds,-6.0196047,1.3548094,0.031899426,0.018195422,-0.17323315,0.44284728,0.31058577,0.38387454,0.123156324,0.20769519,0.17971498,0.22837839,0.12471864
14.684314,11.517586,4.160221,6,0,0,00:00.0,00:00.0,uploads\b67551bc-3737-11f0-85b7-581122bb7f2c\20210419T060000+1000_REC_228.wav,False,0,0,0,0,0,0,0,0,0,0,0,0,birds,-6.012369,1.3533765,0.036366135,-0.06345025,-0.29065454,0.36627564,0.21031833,0.4462662,0.19213241,0.3028145,0.12898341,0.18099536,0.19671725
14.674167,11.212756,3.14076,6,0,0,00:00.0,00:00.0,uploads\b67551bc-3737-11f0-85b7-581122bb7f2c\20210419T060000+1000_REC_230.wav,False,0,0,0,0,0,0,0,0,0,0,0,0,birds,-6.1358943,0.6578794,0.19451894,0.11303425,0.13935782,0.08953062,0.1596491,0.32964408,0.2789862,0.18023454,0.2783674,0.25948173,0.03848517
14.376296,11.649357,4.2995186,6,0,0,00:00.0,00:00.0,uploads\b67551bc-3737-11f0-85b7-581122bb7f2c\20210419T060000+1000_REC_231.wav,False,0,0,0,0,0,0,0,0,0,0,0,0,birds,-6.023832,1.4162828,0.19641568,-0.021200642,-0.15986978,0.13489826,0.10316215,0.21393533,0.15748031,0.15434548,0.1629198,0.18230622,0.22913338
15.236646,11.577851,3.882437,6,0,0,00:00.0,00:00.0,uploads\b67551bc-3737-11f0-85b7-581122bb7f2c\20210419T060000+1000_REC_232.wav,False,0,0,0,0,0,0,0,0,0,0,0,0,birds,-6.050255,1.2510087,0.12418009,0.10813867,-0.09500032,0.35048723,0.055572886,0.2816593,0.028268317,0.23197728,0.23252721,0.33081943,0.15800753
14.341793,11.002341,3.6181533,6,0,0,00:00.0,00:00.0,uploads\b67551bc-3737-11f0-85b7-581122bb7f2c\20210419T060000+1000_REC_233.wav,False,0,0,0,0,0,0,0,0,0,0,0,0,birds,-6.1213174,0.7343695,0.044173628,-0.19059785,-0.017619822,0.20911068,0.29236484,0.23626006,0.16689433,0.162319,0.22750546,0.26124424,0.17138977
14.632077,11.415284,3.1618779,6,0,0,00:00.0,00:00.0,uploads\b67551bc-3737-11f0-85b7-581122bb7f2c\20210419T060000+1000_REC_234.wav,False,0,0,0,0,0,0,0,0,0,0,0,0,birds,-6.106179,0.8376468,-0.15205054,0.110511884,0.20462185,0.11665623,0.21891578,0.4701969,0.24323331,0.034932736,0.20366752,0.2968656,0.18850735
14.624785,11.47531,3.2094164,6,0,0,00:00.0,00:00.0,uploads\b67551bc-3737-11f0-85b7-581122bb7f2c\20210419T060000+1000_REC_235.wav,False,0,0,0,0,0,0,0,0,0,0,0,0,birds,-6.1180573,0.754901,-0.052543648,-0.022282274,0.086679064,0.13150905,0.3251077,0.34581256,0.17258315,0.15912527,0.3320677,0.33856666,0.1262225
14.414181,10.975283,3.7856872,6,0,0,00:00.0,00:00.0,uploads\b67551bc-3737-11f0-85b7-581122bb7f2c\20210419T060000+1000_REC_236.wav,False,0,0,0,0,0,0,0,0,0,0,0,0,birds,-6.0846033,0.92008644,-0.17613457,-0.2037828,0.12831268,0.4616775,0.278249,0.2685617,0.24259675,0.2982954,0.21022846,0.20285438,0.1915545
14.773331,10.734667,3.948678,6,0,0,00:00.0,00:00.0,uploads\b67551bc-3737-11f0-85b7-581122bb7f2c\20210419T060000+1000_REC_237.wav,False,0,0,0,0,0,0,0,0,0,0,0,0,birds,-6.054132,1.2420177,0.07703898,0.018397812,-0.013540593,0.25509477,0.09569716,0.3141758,0.32317156,0.3447144,0.15485477,0.09526054,0.16246703
14.697437,10.754625,3.4391358,6,0,0,00:00.0,00:00.0,uploads\b67551bc-3737-11f0-85b7-581122bb7f2c\20210419T060000+1000_REC_238.wav,True,0,1,0,0,0,0,0,0,0,0,0,0,birds,-6.090506,0.9427882,-0.16802716,0.28215834,0.07131005,0.046044413,0.18418048,0.43518788,0.340646,0.25614482,0.18823232,0.2222372,0.2257051
15.051035,11.346763,3.4001074,6,0,0,00:00.0,00:00.0,uploads\b67551bc-3737-11f0-85b7-581122bb7f2c\20210419T060000+1000_REC_239.wav,False,0,0,0,0,0,0,0,0,0,0,0,0,birds,-6.0845494,1.0669105,0.109959394,0.17964588,-0.06535263,0.2397255,0.20375803,0.32510054,0.1335403,0.23891097,0.24126752,0.29201612,0.2017013
14.399795,11.6692705,4.2922153,6,0,0,00:00.0,00:00.0,uploads\b67551bc-3737-11f0-85b7-581122bb7f2c\20210419T060000+1000_REC_240.wav,False,0,0,0,0,0,0,0,0,0,0,0,0,birds,-6.0454297,1.2990212,-0.08514016,-0.0049295654,0.005797522,0.1336246,0.2779307,0.30433714,0.09690453,0.117921315,0.2262676,0.1967437,0.22256486
14.671487,11.293295,3.153773,6,0,0,00:00.0,00:00.0,uploads\b67551bc-3737-11f0-85b7-581122bb7f2c\20210419T060000+1000_REC_241.wav,False,0,0,0,0,0,0,0,0,0,0,0,0,birds,-6.1087217,0.84590226,0.17783402,0.2909953,0.16182855,0.04092289,0.14140674,0.449828,0.29462394,0.09458203,0.26142406,0.28980553,0.034338202
14.776755,10.751277,3.9607282,6,0,0,00:00.0,00:00.0,uploads\b67551bc-3737-11f0-85b7-581122bb7f2c\20210419T060000+1000_REC_242.wav,False,0,0,0,0,0,0,0,0,0,0,0,0,birds,-6.0581546,1.1957237,0.0026600112,0.18881503,-0.0069985758,0.21138231,0.20620012,0.4561347,0.2745984,0.3002132,0.20440678,0.16864643,0.109460555
14.639567,10.79598,3.342769,6,0,0,00:00.0,00:00.0,uploads\b67551bc-3737-11f0-85b7-581122bb7f2c\20210419T060000+1000_REC_244.wav,False,0,0,0,0,0,0,0,0,0,0,0,0,birds,-6.111543,0.8384116,-0.055231176,0.24137893,0.03898877,0.17727612,0.17191146,0.3533511,0.35838956,0.22591527,0.18044682,0.24164014,0.23256075
15.312194,11.350268,3.544575,6,0,0,00:00.0,00:00.0,uploads\b67551bc-3737-11f0-85b7-581122bb7f2c\20210419T060000+1000_REC_245.wav,False,0,0,0,0,0,0,0,0,0,0,0,0,birds,-6.056795,1.1833824,0.05138297,0.28834102,0.15910888,0.43032545,0.11112258,0.3338146,0.17684628,0.27592322,0.21409887,0.32431006,0.14810185
14.913103,11.414578,3.3196528,6,0,0,00:00.0,00:00.0,uploads\b67551bc-3737-11f0-85b7-581122bb7f2c\20210419T060000+1000_REC_246.wav,False,0,0,0,0,0,0,0,0,0,0,0,0,birds,-6.0654345,1.1101806,0.25763825,0.37729475,0.13749503,0.12948531,0.0661509,0.3990338,0.256764,0.19020195,0.3212182,0.37595996,0.12914583
14.367428,11.6318245,4.2888236,6,0,0,00:00.0,00:00.0,uploads\b67551bc-3737-11f0-85b7-581122bb7f2c\20210419T060000+1000_REC_248.wav,False,0,0,0,0,0,0,0,0,0,0,0,0,birds,-6.0096965,1.3316482,0.080093645,-0.22034755,-0.26220942,0.07673429,0.36522505,0.4867375,0.23901185,0.14571676,0.2174952,0.26757398,0.23552315
15.20067,11.046544,3.353872,6,0,0,00:00.0,00:00.0,uploads\b67551bc-3737-11f0-85b7-581122bb7f2c\20210419T060000+1000_REC_249.wav,False,0,0,0,0,0,0,0,0,0,0,0,0,birds,-6.0624228,1.179532,0.2950539,0.35352516,0.016018527,0.18501069,0.11216344,0.37164718,0.21532013,0.23950309,0.19152303,0.21245508,0.16727298
14.51567,11.644711,4.223525,6,0,0,00:00.0,00:00.0,uploads\b67551bc-3737-11f0-85b7-581122bb7f2c\20210419T060000+1000_REC_250.wav,False,0,0,0,0,0,0,0,0,0,0,0,0,birds,-6.0362515,1.2939463,0.068390876,0.014804402,-0.13197096,0.34124532,0.33378494,0.41013205,0.12183231,0.16809477,0.17375422,0.23605047,0.1943313
14.487922,11.703749,4.2360373,6,0,0,00:00.0,00:00.0,uploads\b67551bc-3737-11f0-85b7-581122bb7f2c\20210419T060000+1000_REC_251.wav,False,0,0,0,0,0,0,0,0,0,0,0,0,birds,-6.0190825,1.3801348,0.08280679,-0.22824818,-0.048450876,0.30358154,0.37659234,0.11995092,0.055379488,0.17869261,0.23332052,0.20948605,0.19630252
14.364012,11.628154,4.291608,6,0,0,00:00.0,00:00.0,uploads\b67551bc-3737-11f0-85b7-581122bb7f2c\20210419T060000+1000_REC_252.wav,False,0,0,0,0,0,0,0,0,0,0,0,0,birds,-6.018325,1.3424058,0.025634658,0.078443035,-0.22240908,0.063175015,0.32967195,0.5544247,0.1700666,0.16287766,0.19345799,0.17312568,0.22006619
14.372812,11.635571,4.31302,6,0,0,00:00.0,00:00.0,uploads\b67551bc-3737-11f0-85b7-581122bb7f2c\20210419T060000+1000_REC_253.wav,False,0,0,0,0,0,0,0,0,0,0,0,0,birds,-5.9955363,1.4327469,-0.057966106,0.27327386,-0.29231432,0.08441348,0.30768657,0.48026285,-0.004286406,0.22253893,0.16936411,0.18818372,0.23154661
14.395364,11.63032,4.284206,6,0,0,00:00.0,00:00.0,uploads\b67551bc-3737-11f0-85b7-581122bb7f2c\20210419T060000+1000_REC_254.wav,False,0,0,0,0,0,0,0,0,0,0,0,0,birds,-5.9906564,1.4495219,0.16277853,-0.14704268,-0.3770674,0.109576896,0.31765598,0.32026398,0.23571137,0.2053867,0.1412275,0.25281888,0.24238943
15.172857,10.957693,3.3747547,6,0,0,00:00.0,00:00.0,uploads\b67551bc-3737-11f0-85b7-581122bb7f2c\20210419T060000+1000_REC_255.wav,False,0,0,0,0,0,0,0,0,0,0,0,0,birds,-6.0518126,1.2544892,0.17237574,0.31205174,-0.073076,0.06746302,0.008616925,0.2773756,0.22227202,0.28139567,0.22580566,0.21710141,0.20119673
14.355559,11.047459,3.859693,6,0,0,00:00.0,00:00.0,uploads\b67551bc-3737-11f0-85b7-581122bb7f2c\20210419T060000+1000_REC_256.wav,False,0,0,0,0,0,0,0,0,0,0,0,0,birds,-6.072529,1.0040511,-0.18175389,-0.14727233,-0.04455844,0.31083414,0.47719756,0.3575025,0.21921036,0.15895939,0.16387549,0.12983106,0.1915438
15.062213,10.782898,3.43032,6,0,0,00:00.0,00:00.0,uploads\b67551bc-3737-11f0-85b7-581122bb7f2c\20210419T060000+1000_REC_257.wav,False,0,0,0,0,0,0,0,0,0,0,0,0,birds,-6.0026503,1.1521968,0.12117609,0.12093876,-0.5462485,-0.20954163,0.4857523,0.048727456,0.17430165,0.5124356,0.11629116,0.30238163,0.4755203
15.099316,10.84838,3.3704991,6,0,0,00:00.0,00:00.0,uploads\b67551bc-3737-11f0-85b7-581122bb7f2c\20210419T060000+1000_REC_258.wav,False,0,0,0,0,0,0,0,0,0,0,0,0,birds,-6.0813513,0.91026205,0.29267806,0.016405392,-0.307104,-0.1790815,0.24841854,0.20457874,0.19721493,0.3886927,0.24310525,0.19482961,0.31433976
14.787195,11.443816,3.3265648,6,0,0,00:00.0,00:00.0,uploads\b67551bc-3737-11f0-85b7-581122bb7f2c\20210419T060000+1000_REC_259.wav,False,0,0,0,0,0,0,0,0,0,0,0,0,birds,-6.1003428,0.9177909,0.06679485,0.2273176,0.065913364,0.22731285,0.17628175,0.4739578,0.26602808,0.18602768,0.18057136,0.30959928,0.194952
14.334015,11.008505,3.625668,6,0,0,00:00.0,00:00.0,uploads\b67551bc-3737-11f0-85b7-581122bb7f2c\20210419T060000+1000_REC_260.wav,False,0,0,0,0,0,0,0,0,0,0,0,0,birds,-6.1078577,0.7882057,0.107076414,-0.19333242,0.006877796,0.33990434,0.42124474,0.24588971,0.12242157,0.18220572,0.2752335,0.27850708,0.20994602
15.230592,11.082561,3.3892198,6,0,0,00:00.0,00:00.0,uploads\b67551bc-3737-11f0-85b7-581122bb7f2c\20210419T060000+1000_REC_261.wav,False,0,0,0,0,0,0,0,0,0,0,0,0,birds,-6.0782156,1.0791123,0.19522732,0.34190053,0.008726032,0.31301686,0.19677052,0.36951882,0.11322611,0.2800068,0.21931629,0.20099506,0.12233116
15.18571,11.026626,3.3164048,6,0,0,00:00.0,00:00.0,uploads\b67551bc-3737-11f0-85b7-581122bb7f2c\20210419T060000+1000_REC_262.wav,False,0,0,0,0,0,0,0,0,0,0,0,0,birds,-6.0770864,1.0789741,0.3882189,0.43899265,0.093966216,0.2946612,0.071650274,0.19726309,0.076929934,0.17231062,0.13663745,0.21476628,0.18998827
15.088801,11.627557,3.8575382,6,0,0,00:00.0,00:00.0,uploads\b67551bc-3737-11f0-85b7-581122bb7f2c\20210419T060000+1000_REC_263.wav,True,0,1,0,0,0,0,0,0,0,0,0,0,birds,-6.010531,1.3875346,0.18697873,0.05260285,-0.15148625,0.45431486,0.28234747,0.35379854,-0.006513565,0.16349474,0.16481791,0.34693822,0.22864412
15.080517,11.612228,4.3145547,6,0,0,00:00.0,00:00.0,uploads\b67551bc-3737-11f0-85b7-581122bb7f2c\20210419T060000+1000_REC_264.wav,False,0,0,0,0,0,0,0,0,0,0,0,0,birds,-5.974845,1.3350989,-0.19922934,-0.42600903,-0.13827758,0.45184472,0.6210072,0.32760736,0.14215055,0.23319569,0.3161638,0.23258021,0.14920397
14.371177,11.023612,3.84077,6,0,0,00:00.0,00:00.0,uploads\b67551bc-3737-11f0-85b7-581122bb7f2c\20210419T060000+1000_REC_265.wav,False,0,0,0,0,0,0,0,0,0,0,0,0,birds,-6.0597396,1.0828907,-0.1351904,-0.17457618,0.028134799,0.4765618,0.42459407,0.31904215,0.16235696,0.22564055,0.21698421,0.15010159,0.16494957
14.376701,11.145779,3.904984,6,0,0,00:00.0,00:00.0,uploads\b67551bc-3737-11f0-85b7-581122bb7f2c\20210419T060000+1000_REC_266.wav,False,0,0,0,0,0,0,0,0,0,0,0,0,birds,-6.0757155,0.9200464,0.025122985,-0.3077194,-0.08742478,0.3338431,0.5172184,0.37094593,0.18370892,0.12417912,0.14209844,0.20470652,0.25390235
15.344473,11.247753,5.396235,6,0,0,00:00.0,00:00.0,uploads\b67551bc-3737-11f0-85b7-581122bb7f2c\20210419T080000+1000_REC_14.wav,False,0,0,0,0,0,0,0,0,0,0,0,0,birds,-6.029703,1.1998868,-0.1355227,-0.20811802,0.08333197,0.42865676,0.26053733,-0.068649255,0.008132887,0.3731379,0.45300314,0.3454665,0.22628057
15.3456335,11.261638,5.3893814,6,0,0,00:00.0,00:00.0,uploads\b67551bc-3737-11f0-85b7-581122bb7f2c\20210419T080000+1000_REC_15.wav,False,0,0,0,0,0,0,0,0,0,0,0,0,birds,-6.012953,1.1961094,-0.41155618,-0.22756204,0.028286323,0.41587332,0.3730089,0.07175574,0.09942547,0.34094664,0.49006322,0.31429002,0.13628866
14.881516,11.382073,3.8084033,6,0,0,00:00.0,00:00.0,uploads\b67551bc-3737-11f0-85b7-581122bb7f2c\20210419T080000+1000_REC_58.wav,False,0,0,0,0,0,0,0,0,0,0,0,0,birds,-6.1023726,0.7578341,0.42546254,0.090263374,-0.12997128,0.46694085,0.0015071022,0.3557299,-0.03114556,0.31943542,0.18016596,0.26428944,0.16833752
14.680006,11.306722,4.5683722,6,0,0,00:00.0,00:00.0,uploads\b67551bc-3737-11f0-85b7-581122bb7f2c\20210419T080000+1000_REC_65.wav,False,0,0,0,0,0,0,0,0,0,0,0,0,birds,-6.048123,0.7777521,-0.012145917,-0.5857675,-0.14130244,0.5474625,0.51897323,0.4327859,0.0020863041,0.24343203,0.15754047,0.23788247,0.13096584
14.749324,11.345637,4.7126527,6,0,0,00:00.0,00:00.0,uploads\b67551bc-3737-11f0-85b7-581122bb7f2c\20210419T080000+1000_REC_100.wav,False,0,0,0,0,0,0,0,0,0,0,0,0,birds,-6.069272,0.9399472,0.04063832,-0.22917348,-0.16001254,0.60340226,0.37548217,0.26712674,0.052403755,0.22347027,0.2836716,0.21930823,0.1556749
14.726035,11.537035,3.9535003,6,0,0,00:00.0,00:00.0,uploads\b67551bc-3737-11f0-85b7-581122bb7f2c\20210419T080000+1000_REC_118.wav,False,0,0,0,0,0,0,0,0,0,0,0,0,birds,-6.093752,0.26765984,0.83920217,-0.03173154,-0.0836661,0.34511465,0.18085948,0.52351344,-0.06538417,0.27523363,0.012082794,0.3368342,0.029971119
14.577086,11.659454,4.2519283,6,0,0,00:00.0,00:00.0,uploads\b67551bc-3737-11f0-85b7-581122bb7f2c\20210419T080000+1000_REC_153.wav,False,0,0,0,0,0,0,0,0,0,0,0,0,birds,-6.052622,0.71083534,0.31434664,-0.36565208,-0.15591398,0.80469054,0.29854956,0.35098094,-0.16136089,0.2682009,0.028072953,0.42123976,0.078178756
15.376482,11.260111,5.412285,6,0,0,00:00.0,00:00.0,uploads\b67551bc-3737-11f0-85b7-581122bb7f2c\20210419T080000+1000_REC_217.wav,True,0,1,0,0,0,0,0,0,0,0,0,0,birds,-6.058094,0.7716587,-0.2428965,-0.33206856,0.24344195,0.57229674,0.30537882,-0.03981198,0.08448287,0.4516965,0.5567568,0.34226185,0.1218816
15.434506,11.296861,5.440188,6,0,0,00:00.0,00:00.0,uploads\b67551bc-3737-11f0-85b7-581122bb7f2c\20210419T080000+1000_REC_218.wav,False,0,0,0,0,0,0,0,0,0,0,0,0,birds,-6.004389,1.1140317,-0.3100522,-0.35516486,0.32632238,0.57852685,0.19892861,0.013899254,0.26594326,0.55999625,0.49658123,0.26142186,0.13603209
15.460297,11.318477,5.4456377,6,0,0,00:00.0,00:00.0,uploads\b67551bc-3737-11f0-85b7-581122bb7f2c\20210419T080000+1000_REC_220.wav,False,0,0,0,0,0,0,0,0,0,0,0,0,birds,-6.0430956,1.1111392,-0.12405312,-0.02078951,0.11951688,0.59749234,0.1790829,0.13573825,0.15836304,0.54451126,0.37598822,0.27705315,0.084911026
15.468039,11.322267,5.4646115,6,0,0,00:00.0,00:00.0,uploads\b67551bc-3737-11f0-85b7-581122bb7f2c\20210419T080000+1000_REC_226.wav,False,0,0,0,0,0,0,0,0,0,0,0,0,birds,-6.0255656,0.87704164,-0.11468482,-0.3734138,0.24017254,0.68782765,-0.0009644521,0.01218972,0.13298836,0.72236454,0.5539257,0.1737373,0.17639795
15.459851,11.314876,5.446458,6,0,0,00:00.0,00:00.0,uploads\b67551bc-3737-11f0-85b7-581122bb7f2c\20210419T080000+1000_REC_227.wav,False,0,0,0,0,0,0,0,0,0,0,0,0,birds,-6.0168777,1.1286844,-0.2102528,-0.08661763,0.2890826,0.6385582,0.21054257,-0.030181762,0.21636347,0.5961883,0.5004027,0.19119442,0.07689048
15.485777,11.325777,5.4832935,6,0,0,00:00.0,00:00.0,uploads\b67551bc-3737-11f0-85b7-581122bb7f2c\20210419T080000+1000_REC_228.wav,False,0,0,0,0,0,0,0,0,0,0,0,0,birds,-6.0785494,0.7157407,-0.10611795,-0.2988803,0.30850372,0.56153697,0.03176777,0.11454224,0.16038333,0.6314935,0.33401588,0.19414428,0.0982734
15.422868,11.285586,5.4381266,6,0,0,00:00.0,00:00.0,uploads\b67551bc-3737-11f0-85b7-581122bb7f2c\20210419T080000+1000_REC_231.wav,False,0,0,0,0,0,0,0,0,0,0,0,0,birds,-5.978162,1.0293576,-0.3861772,-0.5319637,0.21595967,0.55030715,0.15332337,-0.16527249,0.16626276,0.63700914,0.64023346,0.33881092,0.138714
15.415168,11.2789545,5.4354086,6,0,0,00:00.0,00:00.0,uploads\b67551bc-3737-11f0-85b7-581122bb7f2c\20210419T080000+1000_REC_232.wav,False,0,0,0,0,0,0,0,0,0,0,0,0,birds,-6.03891,0.8263529,-0.24709056,-0.40776888,0.20184205,0.5191085,0.15185958,-0.14315636,0.11127284,0.55822986,0.60852265,0.33319598,0.16795778
15.464387,11.317945,5.4515834,6,0,0,00:00.0,00:00.0,uploads\b67551bc-3737-11f0-85b7-581122bb7f2c\20210419T080000+1000_REC_236.wav,False,0,0,0,0,0,0,0,0,0,0,0,0,birds,-6.024222,1.1223985,-0.22201782,-0.17348115,0.21538773,0.66753614,0.16409983,0.09467778,0.1895105,0.59218675,0.34990254,0.14022388,0.03954169
15.463296,11.311975,5.452207,6,0,0,00:00.0,00:00.0,uploads\b67551bc-3737-11f0-85b7-581122bb7f2c\20210419T080000+1000_REC_243.wav,False,0,0,0,0,0,0,0,0,0,0,0,0,birds,-6.055048,1.0400002,-0.15496247,-0.032466076,0.2620723,0.53352755,0.13078664,0.026721293,0.17769438,0.53380156,0.44355392,0.1304615,0.059742555
15.405987,11.273468,5.432558,6,0,0,00:00.0,00:00.0,uploads\b67551bc-3737-11f0-85b7-581122bb7f2c\20210419T080000+1000_REC_245.wav,False,0,0,0,0,0,0,0,0,0,0,0,0,birds,-5.992838,1.0303296,-0.35298738,-0.60908294,0.11223597,0.5729165,0.30569208,-0.025924198,0.15219605,0.5201722,0.5125984,0.294859,0.16729745
15.362326,11.223966,5.417648,6,0,0,00:00.0,00:00.0,uploads\b67551bc-3737-11f0-85b7-581122bb7f2c\20210419T080000+1000_REC_247.wav,False,0,0,0,0,0,0,0,0,0,0,0,0,birds,-6.0773954,0.8545058,-0.019833282,-0.23574252,0.19294748,0.487729,0.29042482,0.0036933345,0.07205395,0.38999888,0.49618378,0.36452204,0.20299624
15.217363,11.28195,5.261931,6,0,0,00:00.0,00:00.0,uploads\b67551bc-3737-11f0-85b7-581122bb7f2c\20210419T080000+1000_REC_249.wav,False,0,0,0,0,0,0,0,0,0,0,0,0,birds,-6.0266833,1.1730107,-0.03359672,-0.2355692,-0.023126865,0.51208967,0.5568807,0.20360962,0.14886126,0.30471534,0.33395973,0.33058664,0.22208832
15.400386,11.294188,5.4080787,6,0,0,00:00.0,00:00.0,uploads\b67551bc-3737-11f0-85b7-581122bb7f2c\20210419T080000+1000_REC_253.wav,False,0,0,0,0,0,0,0,0,0,0,0,0,birds,-5.956565,1.4911822,-0.13335016,-0.35488215,0.3301246,0.66942614,0.37214264,0.058498222,0.07830949,0.26726183,0.24893512,0.181053,0.1152834
15.40978,11.29068,5.399676,6,0,0,00:00.0,00:00.0,uploads\b67551bc-3737-11f0-85b7-581122bb7f2c\20210419T080000+1000_REC_259.wav,False,0,0,0,0,0,0,0,0,0,0,0,0,birds,-6.034554,1.0572435,0.029327424,-0.17880371,0.36181983,0.6523243,0.2890851,-0.11088351,0.030565329,0.42522,0.5043773,0.24575402,0.009092911
15.420256,11.301538,5.4138927,6,0,0,00:00.0,00:00.0,uploads\b67551bc-3737-11f0-85b7-581122bb7f2c\20210419T080000+1000_REC_266.wav,False,0,0,0,0,0,0,0,0,0,0,0,0,birds,-6.0025086,1.361422,0.14325397,-0.027637722,0.31385538,0.5864034,0.31047973,-0.013796265,0.09212248,0.3881711,0.40407208,0.22137368,0.08628682
15.366894,11.523552,4.850487,6,0,0,00:00.0,00:00.0,uploads\b67551bc-3737-11f0-85b7-581122bb7f2c\20210419T100000+1000_REC_132.wav,False,0,0,0,0,0,0,0,0,0,0,0,0,birds,-6.0204816,1.4167342,0.062022984,0.11762309,0.047326047,0.44815558,0.18323025,0.14278592,0.052705705,0.28155875,0.23958834,0.16109367,0.11290993
15.382869,11.505383,4.9191527,6,0,0,00:00.0,00:00.0,uploads\b67551bc-3737-11f0-85b7-581122bb7f2c\20210419T120000+1000_REC_29.wav,False,0,0,0,0,0,0,0,0,0,0,0,0,birds,-5.9672713,1.5158027,-0.15462747,0.11498888,0.15013571,0.62446743,0.2288208,-0.05247823,0.013729689,0.41843456,0.3791427,0.09500189,0.044187266
15.3676605,11.525403,4.848019,6,0,0,00:00.0,00:00.0,uploads\b67551bc-3737-11f0-85b7-581122bb7f2c\20210419T120000+1000_REC_34.wav,True,0,1,0,0,0,0,0,0,1,0,0,0,birds,-5.9595437,1.5320479,-0.13154827,0.31252533,0.039328843,0.62461865,0.18615298,0.03477623,-0.07619022,0.42437428,0.38725764,0.1728139,0.025150755
15.473336,11.312308,5.4617662,6,0,0,00:00.0,00:00.0,uploads\b67551bc-3737-11f0-85b7-581122bb7f2c\20210419T120000+1000_REC_38.wav,False,0,0,0,0,0,0,0,0,0,0,0,0,birds,-6.020039,1.253627,0.042453658,0.098803125,0.48028228,0.58536756,0.23372748,-0.021219345,0.18205005,0.41266006,0.3683037,0.153906,0.06016332
15.411598,11.275956,5.4344645,6,0,0,00:00.0,00:00.0,uploads\b67551bc-3737-11f0-85b7-581122bb7f2c\20210419T120000+1000_REC_140.wav,False,0,0,0,0,0,0,0,0,0,0,0,0,birds,-6.0018883,1.2360163,-0.1822731,-0.4148843,0.18602772,0.5242346,0.18113823,-0.12934884,0.07502771,0.41489485,0.4680699,0.24285536,0.093247585
15.354759,11.537502,4.7896366,6,0,0,00:00.0,00:00.0,uploads\b67551bc-3737-11f0-85b7-581122bb7f2c\20210419T140000+1000_REC_77.wav,False,0,0,0,0,0,0,0,0,0,0,0,0,birds,-5.8992724,1.8460987,0.08343485,0.3823145,-0.033336703,0.4884813,0.08234411,0.116937846,-0.07695296,0.30030555,0.13524373,0.24134628,0.052119307
15.497398,11.333198,5.5079546,6,0,0,00:00.0,00:00.0,uploads\b67551bc-3737-11f0-85b7-581122bb7f2c\20210419T140000+1000_REC_170.wav,False,0,0,0,0,0,0,0,0,0,0,0,0,birds,-6.031057,1.3507836,0.21514736,0.23864551,0.08544901,0.40206826,0.07469189,0.12064636,0.16175455,0.41835073,0.160134,0.12563258,0.072247855
15.498707,11.333568,5.490722,6,0,0,00:00.0,00:00.0,uploads\b67551bc-3737-11f0-85b7-581122bb7f2c\20210419T160000+1000_REC_227.wav,False,0,0,0,0,0,0,0,0,0,0,0,0,birds,-5.946055,1.4643838,-0.30897897,0.6806568,0.29266757,0.2981145,-0.048596583,0.07237543,0.12794778,0.616177,0.045253523,-0.20988205,0.1511934
13.875956,10.436277,3.8777697,6,0,0,00:00.0,00:00.0,uploads\b67551bc-3737-11f0-85b7-581122bb7f2c\20210419T200000+1000_REC_46.wav,False,0,0,0,0,0,0,0,0,0,0,0,0,birds,-6.115186,0.85476846,0.3506666,0.35785878,0.14303608,0.19988993,0.0451031,0.12963572,0.13885629,0.13005614,0.17449218,0.21058422,0.21701074
14.275276,10.692603,3.4166243,6,0,0,00:00.0,00:00.0,uploads\b67551bc-3737-11f0-85b7-581122bb7f2c\20210419T200000+1000_REC_70.wav,False,0,0,0,0,0,0,0,0,0,0,0,0,birds,-6.121375,0.76906306,0.48104778,0.3083231,0.20793603,0.13156293,0.08868582,0.079625905,0.09004003,0.11438686,0.14193925,0.15984832,0.18236567
14.327503,11.686829,4.325578,6,0,0,00:00.0,00:00.0,uploads\b67551bc-3737-11f0-85b7-581122bb7f2c\20210419T200000+1000_REC_85.wav,False,0,0,0,0,0,0,0,0,0,0,0,0,birds,-6.0281034,1.3011966,0.58692116,0.10962151,-0.050412882,-0.07892662,-0.062152583,-0.008756287,0.046685144,0.11407472,0.20358166,0.22371644,0.17285782
14.100432,10.415655,3.2990208,6,0,0,00:00.0,00:00.0,uploads\b67551bc-3737-11f0-85b7-581122bb7f2c\20210419T200000+1000_REC_89.wav,False,0,0,0,0,0,0,0,0,0,0,0,0,birds,-6.1603394,0.24407594,0.18953791,0.124382675,0.075263664,0.061378617,0.08684257,0.13981532,0.19821218,0.23907644,0.2475541,0.22206275,0.17407098
14.28871,11.695417,4.341183,6,0,0,00:00.0,00:00.0,uploads\b67551bc-3737-11f0-85b7-581122bb7f2c\20210419T200000+1000_REC_95.wav,True,0,0,0,1,0,0,0,0,0,0,0,0,birds,-6.060632,1.2088714,0.4097357,0.102729894,-0.020542433,-0.00051118666,0.010815729,0.009461403,0.07831702,0.102323785,0.17111062,0.25250694,0.16335951
14.218787,10.528427,3.302095,6,0,0,00:00.0,00:00.0,uploads\b67551bc-3737-11f0-85b7-581122bb7f2c\20210419T200000+1000_REC_97.wav,False,0,0,0,0,0,0,0,0,0,0,0,0,birds,-6.129178,0.638605,0.39470175,0.25363025,0.13911141,0.009383246,-0.03915075,-0.008668713,0.015378698,0.021873508,0.047065374,0.09125948,0.14309755
14.164109,10.4727125,3.2951577,6,0,0,00:00.0,00:00.0,uploads\b67551bc-3737-11f0-85b7-581122bb7f2c\20210419T200000+1000_REC_98.wav,False,0,0,0,0,0,0,0,0,0,0,0,0,birds,-6.151713,0.45369467,0.29932562,0.19512773,0.07513035,0.09374997,0.04228355,0.02656346,0.09002139,0.113940306,0.13891532,0.16033877,0.12150745
14.142044,10.476724,3.282762,6,0,0,00:00.0,00:00.0,uploads\b67551bc-3737-11f0-85b7-581122bb7f2c\20210419T200000+1000_REC_99.wav,True,0,0,0,1,0,0,0,0,0,0,0,0,birds,-6.136332,0.6450471,0.37626126,0.16310704,0.040660646,0.023259824,0.047409017,0.06663741,0.088679664,0.08435897,0.10483999,0.18282261,0.21994367
14.586141,10.713614,3.3886817,6,0,0,00:00.0,00:00.0,uploads\b67551bc-3737-11f0-85b7-581122bb7f2c\20210419T200000+1000_REC_100.wav,False,0,0,0,0,0,0,0,0,0,0,0,0,birds,-6.094295,0.9155658,0.5275171,0.345001,0.26758164,0.13525005,-0.07930444,-0.041092686,0.13294457,0.18599981,0.14658318,0.12474741,0.12973088
14.195362,10.473099,3.30951,6,0,0,00:00.0,00:00.0,uploads\b67551bc-3737-11f0-85b7-581122bb7f2c\20210419T200000+1000_REC_104.wav,True,0,0,0,1,0,0,0,0,0,0,0,0,birds,-6.1210656,0.7527384,0.14088987,0.055071704,0.15257455,0.062907375,-0.15113327,-0.04178541,0.18976805,0.31537774,0.14528637,0.078224786,0.09735348
14.154659,10.457531,3.291139,6,0,0,00:00.0,00:00.0,uploads\b67551bc-3737-11f0-85b7-581122bb7f2c\20210419T200000+1000_REC_106.wav,True,0,0,0,1,0,0,0,0,0,0,0,0,birds,-6.1585765,0.3613964,0.22310415,0.1491389,0.098935835,0.16645558,0.037155364,0.09383009,0.109493196,0.17848238,0.121044256,0.14023098,0.15769136
14.249871,10.568802,3.3332906,6,0,0,00:00.0,00:00.0,uploads\b67551bc-3737-11f0-85b7-581122bb7f2c\20210419T200000+1000_REC_107.wav,False,0,0,0,0,0,0,0,0,0,0,0,0,birds,-6.1203413,0.79149556,0.45603147,0.2046246,0.124204025,0.118643045,0.043573294,0.03279491,0.027994731,0.075612344,0.108403414,0.12167575,0.10068518
14.243064,10.577999,3.3455064,6,0,0,00:00.0,00:00.0,uploads\b67551bc-3737-11f0-85b7-581122bb7f2c\20210419T200000+1000_REC_108.wav,False,0,0,0,0,0,0,0,0,0,0,0,0,birds,-6.118251,0.8026722,0.45629892,0.28282395,0.16739592,0.16937263,0.065702155,0.01744318,0.053539723,0.08477901,0.069528826,0.11381322,0.1375921
14.174053,10.489348,3.2969382,6,0,0,00:00.0,00:00.0,uploads\b67551bc-3737-11f0-85b7-581122bb7f2c\20210419T200000+1000_REC_109.wav,False,0,0,0,0,0,0,0,0,0,0,0,0,birds,-6.147531,0.53813505,0.33005562,0.1939357,0.1122286,0.113616034,0.054154072,0.0441911,0.08936193,0.10731835,0.11985048,0.1287079,0.13509534
14.282468,10.663034,3.3616724,6,0,0,00:00.0,00:00.0,uploads\b67551bc-3737-11f0-85b7-581122bb7f2c\20210419T200000+1000_REC_110.wav,False,0,0,0,0,0,0,0,0,0,0,0,0,birds,-6.118811,0.8143026,0.40622762,0.20801039,0.14359514,0.10873872,0.045400027,-0.030514859,0.0065611005,0.12944637,0.18166654,0.15743223,0.11388041
14.396488,10.599759,3.3557618,6,0,0,00:00.0,00:00.0,uploads\b67551bc-3737-11f0-85b7-581122bb7f2c\20210419T200000+1000_REC_111.wav,False,0,0,0,0,0,0,0,0,0,0,0,0,birds,-6.105505,0.8798006,0.41658604,0.24420367,0.034588724,0.22536427,-0.09029921,-0.022097573,0.0264166,0.138509,0.12148233,0.11951136,0.059484776
14.240785,10.558528,3.3695989,6,0,0,00:00.0,00:00.0,uploads\b67551bc-3737-11f0-85b7-581122bb7f2c\20210419T200000+1000_REC_112.wav,False,0,0,0,0,0,0,0,0,0,0,0,0,birds,-6.1242557,0.6684996,0.44960535,0.10705507,-0.18229087,0.27754083,0.014744826,0.13521366,0.13780439,0.1204373,0.113540374,0.15608266,0.101032995
14.200202,10.484882,3.3130295,6,0,0,00:00.0,00:00.0,uploads\b67551bc-3737-11f0-85b7-581122bb7f2c\20210419T200000+1000_REC_113.wav,False,0,0,0,0,0,0,0,0,0,0,0,0,birds,-6.133327,0.6944839,0.29979596,0.16142443,0.09678726,0.10925736,-0.03620525,0.04992964,0.14501029,0.23767607,0.18410882,0.090040155,0.03303818
14.272499,10.646394,3.3873284,6,0,0,00:00.0,00:00.0,uploads\b67551bc-3737-11f0-85b7-581122bb7f2c\20210419T200000+1000_REC_114.wav,False,0,0,0,0,0,0,0,0,0,0,0,0,birds,-6.1152396,0.7941776,0.4991325,0.28922954,-0.023222195,0.19098347,0.16804585,0.06270048,0.0934955,0.17534387,0.032656252,0.18939781,0.12650847
14.257761,10.629631,3.3761466,6,0,0,00:00.0,00:00.0,uploads\b67551bc-3737-11f0-85b7-581122bb7f2c\20210419T200000+1000_REC_116.wav,False,0,0,0,0,0,0,0,0,0,0,0,0,birds,-6.140058,0.62617,0.39958245,0.23508877,0.103035696,0.17419656,0.1847224,0.1287781,0.108141206,0.07958011,0.09270872,0.14375342,0.12303465
14.363352,10.554776,3.5244255,6,0,0,00:00.0,00:00.0,uploads\b67551bc-3737-11f0-85b7-581122bb7f2c\20210419T200000+1000_REC_117.wav,False,0,0,0,0,0,0,0,0,0,0,0,0,birds,-6.105412,0.9466084,0.22944947,0.2968872,0.022483585,0.2755932,-0.014719629,0.052859675,0.1614238,0.2323957,0.15202855,0.11086419,0.12863877
14.097012,10.399877,3.2925994,6,0,0,00:00.0,00:00.0,uploads\b67551bc-3737-11f0-85b7-581122bb7f2c\20210419T200000+1000_REC_120.wav,False,0,0,0,0,0,0,0,0,0,0,0,0,birds,-6.1582456,0.37844795,0.24267152,0.22205046,0.14979845,0.13961007,0.11109768,0.09816944,0.127397,0.21166691,0.2360182,0.16977495,0.17290759
14.192547,10.4945135,3.3156126,6,0,0,00:00.0,00:00.0,uploads\b67551bc-3737-11f0-85b7-581122bb7f2c\20210419T200000+1000_REC_122.wav,False,0,0,0,0,0,0,0,0,0,0,0,0,birds,-6.133968,0.71051484,0.33483833,0.114381805,0.0422652,0.10990989,0.025546199,0.05812231,0.12801789,0.1697128,0.14997151,0.13490711,0.13938911
14.119128,10.422813,3.2947822,6,0,0,00:00.0,00:00.0,uploads\b67551bc-3737-11f0-85b7-581122bb7f2c\20210419T200000+1000_REC_123.wav,False,0,0,0,0,0,0,0,0,0,0,0,0,birds,-6.161106,0.33670747,0.21644689,0.16407485,0.13880923,0.17172092,0.11660581,0.123470016,0.14096837,0.1587183,0.14890884,0.14669164,0.14767608
14.255163,10.618737,3.377408,6,0,0,00:00.0,00:00.0,uploads\b67551bc-3737-11f0-85b7-581122bb7f2c\20210419T200000+1000_REC_124.wav,False,0,0,0,0,0,0,0,0,0,0,0,0,birds,-6.1319323,0.6854993,0.45502204,0.26434147,0.12865236,0.2248644,0.12401723,0.14533766,0.12309956,0.1326493,0.09644585,0.095380016,0.09180496
14.117902,10.433806,3.3357923,6,0,0,00:00.0,00:00.0,uploads\b67551bc-3737-11f0-85b7-581122bb7f2c\20210419T200000+1000_REC_125.wav,False,0,0,0,0,0,0,0,0,0,0,0,0,birds,-6.1387634,0.67292905,0.27741373,0.22620608,0.13205291,0.22122657,0.06552513,0.15384005,0.16950698,0.22771579,0.18933812,0.20928389,0.16855194
14.228582,10.626409,3.3789034,6,0,0,00:00.0,00:00.0,uploads\b67551bc-3737-11f0-85b7-581122bb7f2c\20210419T200000+1000_REC_126.wav,False,0,0,0,0,0,0,0,0,0,0,0,0,birds,-6.131383,0.6821924,0.46675736,0.26251706,0.11002422,0.18878315,0.069464915,0.06709223,0.092349164,0.13785625,0.16230966,0.17804502,0.13578324
14.240345,10.541301,3.367584,6,0,0,00:00.0,00:00.0,uploads\b67551bc-3737-11f0-85b7-581122bb7f2c\20210419T200000+1000_REC_129.wav,False,0,0,0,0,0,0,0,0,0,0,0,0,birds,-6.1341305,0.7008476,0.35509393,0.2310412,0.114710644,0.25013325,0.044123374,0.12774298,0.12874469,0.2131499,0.16859983,0.16382124,0.1407115
7.8825,8.852001,10.708014,7,0,0,00:00.0,00:00.0,uploads\b67551bc-3737-11f0-85b7-581122bb7f2c\20210419T040000+1000_REC_18.wav,False,0,0,0,0,0,0,0,0,0,0,0,0,rain (light),-6.0169783,1.3701103,0.43313274,0.49125087,-0.07689509,0.16430564,-0.032731164,0.22605246,0.1007814,0.21382135,0.10565275,0.21238442,0.10235629
7.871637,8.625419,10.706447,7,0,0,00:00.0,00:00.0,uploads\b67551bc-3737-11f0-85b7-581122bb7f2c\20210419T040000+1000_REC_19.wav,False,0,0,0,0,0,0,0,0,0,0,0,0,rain (light),-6.067079,1.1122758,0.38981447,0.522838,0.033945594,0.23510292,0.019471232,0.22065818,0.10781182,0.19952463,0.1094259,0.2179639,0.12861463
7.745933,8.576944,10.557055,7,0,0,00:00.0,00:00.0,uploads\b67551bc-3737-11f0-85b7-581122bb7f2c\20210419T040000+1000_REC_32.wav,False,0,0,0,0,0,0,0,0,0,0,0,0,rain (light),-6.0756693,1.0597508,0.37991467,0.51616997,0.023326393,0.20096157,0.013321471,0.1979397,0.10179945,0.24178195,0.15016364,0.23229694,0.15918636
7.7809663,8.678393,10.575199,7,0,0,00:00.0,00:00.0,uploads\b67551bc-3737-11f0-85b7-581122bb7f2c\20210419T040000+1000_REC_41.wav,False,0,0,0,0,0,0,0,0,0,0,0,0,rain (light),-6.031425,1.2867273,0.37835366,0.44811234,-0.16117494,0.13388512,-0.039169617,0.25856292,0.16331197,0.31523502,0.16674681,0.23774455,0.11632405
8.117842,8.825012,11.242644,7,0,0,00:00.0,00:00.0,uploads\b67551bc-3737-11f0-85b7-581122bb7f2c\20210419T040000+1000_REC_43.wav,False,0,0,0,0,0,0,0,0,0,0,0,0,rain (light),-6.07266,1.091953,0.36096755,0.49337202,-0.024307448,0.19117276,0.04109092,0.24239075,0.14400128,0.24655294,0.15745637,0.16057898,0.08543812
8.036365,8.946449,11.107768,7,0,0,00:00.0,00:00.0,uploads\b67551bc-3737-11f0-85b7-581122bb7f2c\20210419T040000+1000_REC_44.wav,False,0,0,0,0,0,0,0,0,0,0,0,0,rain (light),-6.05241,1.183018,0.42797878,0.4884141,-0.07160998,0.13375494,-0.0072752633,0.2522228,0.15545808,0.25996616,0.15957636,0.1842949,0.10540778
7.6934276,7.7929916,10.026969,7,0,0,00:00.0,00:00.0,uploads\b67551bc-3737-11f0-85b7-581122bb7f2c\20210419T040000+1000_REC_49.wav,False,0,0,0,0,0,0,0,0,0,0,0,0,rain (light),-6.091912,0.99716103,0.40668157,0.40449336,0.03949943,0.1533707,0.08302482,0.20804447,0.18228422,0.21864176,0.1874413,0.17604172,0.15029344
8.07798,8.990773,11.230524,7,0,0,00:00.0,00:00.0,uploads\b67551bc-3737-11f0-85b7-581122bb7f2c\20210419T040000+1000_REC_54.wav,False,0,0,0,0,0,0,0,0,0,0,0,0,rain (light),-6.0379343,1.2690419,0.40361235,0.39083374,-0.14610775,0.11767975,-0.0006452913,0.31292015,0.20952742,0.29305908,0.124480195,0.1647278,0.09014056
7.637212,8.556209,10.382168,7,0,0,00:00.0,00:00.0,uploads\b67551bc-3737-11f0-85b7-581122bb7f2c\20210419T040000+1000_REC_64.wav,False,0,0,0,0,0,0,0,0,0,0,0,0,rain (light),-6.081151,1.0440457,0.39532813,0.43210432,0.008593479,0.15959412,0.006034505,0.19270536,0.17158589,0.28104785,0.20998512,0.208177,0.13757098
7.5104165,7.1914988,9.864484,7,0,0,00:00.0,00:00.0,uploads\b67551bc-3737-11f0-85b7-581122bb7f2c\20210419T040000+1000_REC_123.wav,True,0,0,0,0,0,0,0,0,1,0,0,0,rain (light),-6.122713,0.7875358,0.36620817,0.33959007,0.11723519,0.19244893,0.15372188,0.2136145,0.20514223,0.19202207,0.18395641,0.15643518,0.16925718
8.135993,8.496213,11.574802,7,0,0,00:00.0,00:00.0,uploads\b67551bc-3737-11f0-85b7-581122bb7f2c\20210419T040000+1000_REC_141.wav,False,0,0,0,0,0,0,0,0,0,0,0,0,rain (light),-6.0621514,1.1476706,0.35848764,0.4905818,0.01728134,0.26464003,0.052729893,0.26401713,0.14169297,0.2693401,0.13658276,0.17042197,0.07289099
8.213469,8.961788,11.902047,7,0,0,00:00.0,00:00.0,uploads\b67551bc-3737-11f0-85b7-581122bb7f2c\20210419T040000+1000_REC_146.wav,False,0,0,0,0,0,0,0,0,0,0,0,0,rain (light),-6.042395,1.2203707,0.3922176,0.55474603,0.040353484,0.28762522,0.06664788,0.30027786,0.14781034,0.25581744,0.08394365,0.1717626,0.07608076
7.783714,8.551065,10.652127,7,0,0,00:00.0,00:00.0,uploads\b67551bc-3737-11f0-85b7-581122bb7f2c\20210419T040000+1000_REC_151.wav,False,0,0,0,0,0,0,0,0,0,0,0,0,rain (light),-6.0722384,1.0745174,0.38767976,0.5333235,0.03586518,0.23064668,0.02232363,0.21127862,0.10946945,0.23039658,0.14504367,0.20891745,0.14290123
7.6554384,7.5321565,10.309349,7,0,0,00:00.0,00:00.0,uploads\b67551bc-3737-11f0-85b7-581122bb7f2c\20210419T040000+1000_REC_153.wav,False,0,0,0,0,0,0,0,0,0,0,0,0,rain (light),-6.0979786,0.94593537,0.3571137,0.44080502,0.05352814,0.23453322,0.08366426,0.22754495,0.16635422,0.24267133,0.15831502,0.19074704,0.13673864
7.510285,7.195925,9.862812,7,0,0,00:00.0,00:00.0,uploads\b67551bc-3737-11f0-85b7-581122bb7f2c\20210419T040000+1000_REC_160.wav,False,0,0,0,0,0,0,0,0,0,0,0,0,rain (light),-6.1204805,0.77280277,0.35571986,0.38277328,0.1556639,0.22249193,0.17232496,0.23681314,0.23643878,0.22995208,0.19901885,0.15597095,0.17114332
7.691763,7.772963,10.082727,7,0,0,00:00.0,00:00.0,uploads\b67551bc-3737-11f0-85b7-581122bb7f2c\20210419T040000+1000_REC_168.wav,False,0,0,0,0,0,0,0,0,0,0,0,0,rain (light),-6.0838976,1.0522149,0.36942005,0.30301645,-0.06377532,0.13345954,0.083459444,0.27258894,0.2394559,0.27270624,0.20781735,0.17248408,0.12981474
8.275715,8.77898,11.338141,7,0,0,00:00.0,00:00.0,uploads\b67551bc-3737-11f0-85b7-581122bb7f2c\20210419T040000+1000_REC_185.wav,False,0,0,0,0,0,0,0,0,0,0,0,0,rain (light),-6.0666723,1.0978914,0.41620234,0.5339196,0.053282447,0.24933949,0.06389701,0.25540122,0.13485438,0.22621922,0.13081072,0.19825035,0.11637523
7.697557,7.810659,10.0238285,7,0,0,00:00.0,00:00.0,uploads\b67551bc-3737-11f0-85b7-581122bb7f2c\20210419T040000+1000_REC_187.wav,False,0,0,0,0,0,0,0,0,0,0,0,0,rain (light),-6.080751,1.0653065,0.43329078,0.3927401,0.024169989,0.15282246,0.067772456,0.18807398,0.1879313,0.22877038,0.18702579,0.17447911,0.1543857
8.205313,9.084083,11.851843,7,0,0,00:00.0,00:00.0,uploads\b67551bc-3737-11f0-85b7-581122bb7f2c\20210419T040000+1000_REC_264.wav,False,0,0,0,0,0,0,0,0,0,0,0,0,rain (light),-6.0386696,1.2715726,0.42241478,0.48310372,-0.011296455,0.22868438,0.05106658,0.2681508,0.1477603,0.2369595,0.10073169,0.1459297,0.076868705
8.215977,9.095817,11.859781,7,0,0,00:00.0,00:00.0,uploads\b67551bc-3737-11f0-85b7-581122bb7f2c\20210419T040000+1000_REC_265.wav,False,0,0,0,0,0,0,0,0,0,0,0,0,rain (light),-6.0418134,1.2331364,0.3992631,0.5480684,0.0073863915,0.29007852,0.07635919,0.2822797,0.0948381,0.204959,0.066677265,0.14455085,0.0685782
8.180436,9.179433,11.739658,7,0,0,00:00.0,00:00.0,uploads\b67551bc-3737-11f0-85b7-581122bb7f2c\20210419T040000+1000_REC_266.wav,False,0,0,0,0,0,0,0,0,0,0,0,0,rain (light),-6.0206294,1.3581492,0.4114902,0.45533082,-0.11708561,0.17886023,0.047486957,0.30292457,0.15270264,0.22968006,0.06910566,0.12122322,0.052330397
8.699914,9.246513,11.189864,7,0,0,00:00.0,00:00.0,uploads\b67551bc-3737-11f0-85b7-581122bb7f2c\20210419T080000+1000_REC_16.wav,False,0,0,0,0,0,0,0,0,0,0,0,0,rain (light),-6.028714,1.1947659,-0.19203289,0.34841672,-0.23265223,0.23262988,0.17519513,0.5641797,0.2511756,0.3866347,0.033980798,0.24087256,0.104152694
7.955566,8.2139225,11.471199,7,0,0,00:00.0,00:00.0,uploads\b67551bc-3737-11f0-85b7-581122bb7f2c\20210419T080000+1000_REC_18.wav,False,0,0,0,0,0,0,0,0,0,0,0,0,rain (light),-6.060103,0.9500619,0.10670007,0.32167876,-0.16597061,0.6440021,-0.11804609,0.34956807,-0.049259886,0.4413483,0.23623735,0.27682757,0.14184579
8.575185,9.1426325,11.23796,7,0,0,00:00.0,00:00.0,uploads\b67551bc-3737-11f0-85b7-581122bb7f2c\20210419T080000+1000_REC_29.wav,False,0,0,0,0,0,0,0,0,0,0,0,0,rain (light),-6.0348964,0.88691765,-0.012552844,0.7273888,-0.33737686,0.5138673,0.11130717,0.6522501,0.027612004,0.29185402,0.22685233,0.12427084,0.119931355
8.860455,9.4277935,11.129809,7,0,0,00:00.0,00:00.0,uploads\b67551bc-3737-11f0-85b7-581122bb7f2c\20210419T080000+1000_REC_32.wav,False,0,0,0,0,0,0,0,0,0,0,0,0,rain (light),-6.0633726,0.8795149,-0.20759657,0.35674924,0.36814836,0.3759043,-0.3254357,0.4097509,0.4384623,0.2210599,-0.04389779,0.10994832,0.31640172
8.63178,9.186754,11.235994,7,0,0,00:00.0,00:00.0,uploads\b67551bc-3737-11f0-85b7-581122bb7f2c\20210419T080000+1000_REC_33.wav,False,0,0,0,0,0,0,0,0,0,0,0,0,rain (light),-6.0219994,1.1728507,-0.20646214,0.44262925,-0.14461368,0.4796534,0.05364777,0.60695875,0.17781462,0.3699542,0.16042916,0.14175072,0.121455565
8.646529,9.199679,11.2262745,7,0,0,00:00.0,00:00.0,uploads\b67551bc-3737-11f0-85b7-581122bb7f2c\20210419T080000+1000_REC_34.wav,False,0,0,0,0,0,0,0,0,0,0,0,0,rain (light),-6.020867,1.0181478,-0.20948336,0.60055554,-0.2773655,0.29935363,0.121114,0.81507856,0.1669264,0.2764749,0.11461422,0.13680951,0.14997211
8.199382,8.180313,11.226907,7,0,0,00:00.0,00:00.0,uploads\b67551bc-3737-11f0-85b7-581122bb7f2c\20210419T080000+1000_REC_36.wav,False,0,0,0,0,0,0,0,0,0,0,0,0,rain (light),-6.0190597,1.0101426,0.1243459,-0.13488813,-0.49135342,0.5887006,0.19420297,0.6793673,0.1943884,0.3873256,0.09631978,0.24398027,0.2129205
8.6943445,9.247393,11.214311,7,0,0,00:00.0,00:00.0,uploads\b67551bc-3737-11f0-85b7-581122bb7f2c\20210419T080000+1000_REC_42.wav,False,0,0,0,0,0,0,0,0,0,0,0,0,rain (light),-6.016042,0.7351337,-0.41528046,0.806434,-0.19377054,0.27824685,-0.057124723,0.85993624,0.06897308,0.32599023,0.028921282,0.22510147,0.20087445
8.212529,8.641285,11.510715,7,0,0,00:00.0,00:00.0,uploads\b67551bc-3737-11f0-85b7-581122bb7f2c\20210419T080000+1000_REC_49.wav,False,0,0,0,0,0,0,0,0,0,0,0,0,rain (light),-6.023674,1.2256424,0.30666018,0.30435258,-0.20233583,0.47960773,0.048693273,0.39065146,0.06227403,0.5348207,0.08845813,0.25465596,0.106403455
7.671701,8.572915,10.413947,7,0,0,00:00.0,00:00.0,uploads\b67551bc-3737-11f0-85b7-581122bb7f2c\20210419T080000+1000_REC_185.wav,False,0,0,0,0,0,0,0,0,0,0,0,0,rain (light),-6.0505834,1.0556803,0.050048485,0.22632688,0.03082773,-0.13084245,-0.25213343,0.18719546,0.095545925,0.49181673,0.45679536,0.35671705,0.38676316
7.901781,7.9414396,11.344872,7,0,0,00:00.0,00:00.0,uploads\b67551bc-3737-11f0-85b7-581122bb7f2c\20210419T080000+1000_REC_224.wav,False,0,0,0,0,0,0,0,0,0,0,0,0,rain (light),-6.033374,0.9353242,0.042122718,-0.03634619,-0.007256492,0.7982081,-0.04354097,0.30274728,-0.15668397,0.65940315,0.35032123,0.3037853,0.18534082
7.8725696,8.652775,10.684376,7,0,0,00:00.0,00:00.0,uploads\b67551bc-3737-11f0-85b7-581122bb7f2c\20210419T120000+1000_REC_56.wav,False,0,0,0,0,0,0,0,0,0,0,0,0,rain (light),-6.008091,1.465376,0.052237805,0.3793534,0.16570449,0.29378775,-0.04214681,0.24436818,0.15226103,0.2172612,0.09961271,0.2600434,0.2042124
8.238229,8.494744,11.366469,7,0,0,00:00.0,00:00.0,uploads\b67551bc-3737-11f0-85b7-581122bb7f2c\20210419T120000+1000_REC_65.wav,True,0,0,0,0,1,0,0,0,0,0,0,0,rain (light),-6.0089536,1.4390274,0.21362329,0.46912596,-0.044465423,0.28535953,0.06748452,0.2577107,0.15159021,0.30461812,0.1257116,0.1152205,0.13593258
8.749291,9.309609,11.1851225,7,0,0,00:00.0,00:00.0,uploads\b67551bc-3737-11f0-85b7-581122bb7f2c\20210419T120000+1000_REC_67.wav,False,0,0,0,0,0,0,0,0,0,0,0,0,rain (light),-6.000756,1.4337652,-0.19761996,0.47483817,0.013965692,0.13747068,0.09732944,0.4022933,0.23753911,0.2612994,0.041581802,0.119558714,0.2116051
8.199179,8.566899,11.5207205,7,0,0,00:00.0,00:00.0,uploads\b67551bc-3737-11f0-85b7-581122bb7f2c\20210419T120000+1000_REC_175.wav,False,0,0,0,0,0,0,0,0,0,0,0,0,rain (light),-5.989322,1.5268754,0.15592375,0.35748968,-0.057090927,0.37399447,0.04205194,0.16363564,0.04479333,0.39636734,0.17277826,0.1282177,0.08382556
8.828639,9.384716,11.160045,7,0,0,00:00.0,00:00.0,uploads\b67551bc-3737-11f0-85b7-581122bb7f2c\20210419T140000+1000_REC_209.wav,False,0,0,0,0,0,0,0,0,0,0,0,0,rain (light),-5.978937,1.4229457,-0.11412784,0.8351971,0.10461017,0.20271157,0.014854099,0.32036963,0.17382814,0.2092294,0.014014822,0.1834131,0.13087437
7.7721353,8.65972,10.493035,7,0,0,00:00.0,00:00.0,uploads\b67551bc-3737-11f0-85b7-581122bb7f2c\20210419T200000+1000_REC_9.wav,False,0,0,0,0,0,0,0,0,0,0,0,0,rain (light),-6.0205255,1.2736874,0.565088,0.47681376,-0.006906235,0.08202313,-0.17249267,-0.014092226,-0.006021099,0.18251365,0.21298376,0.29803696,0.24264081
7.757974,8.645662,10.499858,7,0,0,00:00.0,00:00.0,uploads\b67551bc-3737-11f0-85b7-581122bb7f2c\20210419T200000+1000_REC_10.wav,False,0,0,0,0,0,0,0,0,0,0,0,0,rain (light),-5.9296317,1.605642,0.7039623,0.45935377,-0.13258569,-0.0479489,-0.15588775,0.07567816,0.11304051,0.27743587,0.2928879,0.3033918,0.21873775
7.7594075,8.657292,10.476714,7,0,0,00:00.0,00:00.0,uploads\b67551bc-3737-11f0-85b7-581122bb7f2c\20210419T200000+1000_REC_17.wav,False,0,0,0,0,0,0,0,0,0,0,0,0,rain (light),-6.0420976,1.2348757,0.281901,0.36175194,-0.030864758,0.058305766,-0.16710052,0.012106578,0.026665254,0.2931936,0.31807604,0.32310876,0.26798886
7.6531963,7.6740227,9.970575,7,0,0,00:00.0,00:00.0,uploads\b67551bc-3737-11f0-85b7-581122bb7f2c\20210419T200000+1000_REC_88.wav,False,0,0,0,0,0,0,0,0,0,0,0,0,rain (light),-6.102273,0.93790406,0.31704143,0.27880278,-0.050772782,0.084332645,0.07506705,0.25006917,0.23318236,0.2782676,0.23912852,0.20085302,0.17424662
7.5448236,7.3171697,9.885102,7,0,0,00:00.0,00:00.0,uploads\b67551bc-3737-11f0-85b7-581122bb7f2c\20210419T200000+1000_REC_93.wav,False,0,0,0,0,0,0,0,0,0,0,0,0,rain (light),-6.1290855,0.70276,0.25964203,0.29407066,0.04739479,0.17315163,0.08604562,0.24810728,0.26963848,0.3094574,0.27576607,0.23190492,0.13060126
7.6742325,7.416156,10.698269,7,0,0,00:00.0,00:00.0,uploads\b67551bc-3737-11f0-85b7-581122bb7f2c\20210419T200000+1000_REC_102.wav,True,0,0,0,0,0,0,1,0,0,0,0,0,rain (light),-6.0523,0.94387597,-0.14779241,0.019070564,-0.32795718,0.29963863,-0.014368265,0.3167053,0.24363212,0.62993515,0.36512923,0.36993033,0.007992078
8.228282,9.201665,11.763686,7,0,0,00:00.0,00:00.0,uploads\b67551bc-3737-11f0-85b7-581122bb7f2c\20210419T200000+1000_REC_118.wav,False,0,0,0,0,0,0,0,0,0,0,0,0,rain (light),-6.028032,1.2828392,0.21890059,0.40069193,-0.2591923,0.25620496,-0.16805136,0.23936175,0.05723115,0.31057742,0.014357796,0.10008733,0.055509094
7.6517763,8.56214,10.403749,7,0,0,00:00.0,00:00.0,uploads\b67551bc-3737-11f0-85b7-581122bb7f2c\20210419T200000+1000_REC_186.wav,False,0,0,0,0,0,0,0,0,0,0,0,0,rain (light),-6.0391717,1.2374767,0.30802906,0.2694891,-0.20372376,0.083223365,-0.09046625,0.1790952,0.14150135,0.34660438,0.30576274,0.36471283,0.24866292
7.658117,7.587348,10.844341,7,0,0,00:00.0,00:00.0,uploads\b67551bc-3737-11f0-85b7-581122bb7f2c\20210419T220000+1000_REC_0.wav,True,0,0,0,0,0,0,0,0,0,1,0,0,rain (light),-6.023581,1.3218169,0.33164206,0.55606437,-0.003961269,0.31679708,0.01865264,0.24943174,0.06031432,0.23450962,0.14873376,0.25745106,0.14258382
7.6675324,7.3774986,10.716866,7,0,0,00:00.0,00:00.0,uploads\b67551bc-3737-11f0-85b7-581122bb7f2c\20210419T220000+1000_REC_1.wav,True,0,0,0,0,0,0,0,0,0,1,0,0,rain (light),-6.0323086,1.2743855,0.35064548,0.55883706,-0.02559229,0.3137887,0.047401592,0.25098255,0.12703237,0.29055366,0.116845846,0.18204066,0.08207938
7.613165,7.23384,10.448599,7,0,0,00:00.0,00:00.0,uploads\b67551bc-3737-11f0-85b7-581122bb7f2c\20210419T220000+1000_REC_2.wav,False,0,0,0,0,0,0,0,0,0,0,0,0,rain (light),-6.0710416,1.089301,0.29606715,0.53384143,0.035162017,0.29941455,0.062069956,0.2667391,0.10662832,0.23651598,0.0948507,0.19949254,0.11461755
7.6225533,7.2594705,10.44151,7,0,0,00:00.0,00:00.0,uploads\b67551bc-3737-11f0-85b7-581122bb7f2c\20210419T220000+1000_REC_3.wav,False,0,0,0,0,0,0,0,0,0,0,0,0,rain (light),-6.073954,1.068111,0.32760227,0.53251475,0.061107073,0.32752976,0.089278504,0.25527108,0.09893284,0.2045509,0.06850512,0.17506811,0.11023161
7.584606,7.184145,10.303886,7,0,0,00:00.0,00:00.0,uploads\b67551bc-3737-11f0-85b7-581122bb7f2c\20210419T220000+1000_REC_4.wav,False,0,0,0,0,0,0,0,0,0,0,0,0,rain (light),-6.0824866,1.0168577,0.30572692,0.51351637,0.083012536,0.31777304,0.08669342,0.25844952,0.12796421,0.24889706,0.13754609,0.21166246,0.1543413
7.6204634,8.556475,10.370081,7,0,0,00:00.0,00:00.0,uploads\b67551bc-3737-11f0-85b7-581122bb7f2c\20210419T220000+1000_REC_5.wav,False,0,0,0,0,0,0,0,0,0,0,0,0,rain (light),-6.036176,1.2525947,0.45046473,0.5136355,-0.038693532,0.12974158,-0.08195228,0.1544367,0.07064335,0.2206613,0.1827065,0.26634774,0.18997385
7.6166015,7.2313876,10.465283,7,0,0,00:00.0,00:00.0,uploads\b67551bc-3737-11f0-85b7-581122bb7f2c\20210419T220000+1000_REC_6.wav,False,0,0,0,0,0,0,0,0,0,0,0,0,rain (light),-6.064765,1.0930167,0.30617154,0.574584,0.0996907,0.36172527,0.075461276,0.2950232,0.12052959,0.20237398,0.102143876,0.2103368,0.13313332
7.6170664,7.236292,10.462475,7,0,0,00:00.0,00:00.0,uploads\b67551bc-3737-11f0-85b7-581122bb7f2c\20210419T220000+1000_REC_7.wav,False,0,0,0,0,0,0,0,0,0,0,0,0,rain (light),-6.0605674,1.1405125,0.29553115,0.543029,0.06169028,0.35301927,0.08845074,0.27381244,0.08583506,0.2260422,0.08519294,0.18913001,0.106844276
7.6977677,7.5729785,10.730011,7,0,0,00:00.0,00:00.0,uploads\b67551bc-3737-11f0-85b7-581122bb7f2c\20210419T220000+1000_REC_8.wav,False,0,0,0,0,0,0,0,0,0,0,0,0,rain (light),-6.051094,1.1949626,0.36094037,0.5463738,0.043657236,0.24928041,-0.0077346032,0.23667467,0.089458585,0.22574438,0.1158679,0.22195412,0.12799698
7.5577564,7.1835794,10.150774,7,0,0,00:00.0,00:00.0,uploads\b67551bc-3737-11f0-85b7-581122bb7f2c\20210419T220000+1000_REC_9.wav,False,0,0,0,0,0,0,0,0,0,0,0,0,rain (light),-6.0910225,1.0009841,0.30942294,0.46357447,0.077393755,0.26683524,0.11310327,0.2414115,0.10794953,0.2020258,0.13245595,0.19579837,0.14487073
7.6421304,7.3214345,10.497256,7,0,0,00:00.0,00:00.0,uploads\b67551bc-3737-11f0-85b7-581122bb7f2c\20210419T220000+1000_REC_10.wav,False,0,0,0,0,0,0,0,0,0,0,0,0,rain (light),-6.052047,1.1808014,0.32410395,0.581117,0.07257092,0.31093082,0.065469004,0.2805973,0.09234819,0.18467903,0.08990889,0.17746703,0.10032088
8.006244,8.168353,11.561443,7,0,0,00:00.0,00:00.0,uploads\b67551bc-3737-11f0-85b7-581122bb7f2c\20210419T220000+1000_REC_11.wav,False,0,0,0,0,0,0,0,0,0,0,0,0,rain (light),-6.0021453,1.3995818,0.32793266,0.66005343,-0.0053828266,0.28805915,0.02305243,0.26996443,0.029164292,0.17684297,0.068489105,0.17359364,0.09257706
8.015952,8.068148,11.574143,7,0,0,00:00.0,00:00.0,uploads\b67551bc-3737-11f0-85b7-581122bb7f2c\20210419T220000+1000_REC_12.wav,False,0,0,0,0,0,0,0,0,0,0,0,0,rain (light),-5.991187,1.4309123,0.33769074,0.668895,0.023300853,0.35214132,-0.012440247,0.24973561,0.031103514,0.23178987,0.033334292,0.15446784,0.082195595
7.9909134,8.2614565,11.488021,7,0,0,00:00.0,00:00.0,uploads\b67551bc-3737-11f0-85b7-581122bb7f2c\20210419T220000+1000_REC_13.wav,False,0,0,0,0,0,0,0,0,0,0,0,0,rain (light),-5.988661,1.4318181,0.36227754,0.68910825,-0.02954663,0.3118955,-0.038514078,0.23584966,0.08514723,0.23758346,0.07700438,0.179003,0.063040175
7.638746,8.531773,10.310085,7,0,0,00:00.0,00:00.0,uploads\b67551bc-3737-11f0-85b7-581122bb7f2c\20210419T220000+1000_REC_14.wav,False,0,0,0,0,0,0,0,0,0,0,0,0,rain (light),-6.0645785,1.0902773,0.37271473,0.6084149,0.009735328,0.17565522,-0.043476976,0.15323757,-0.008099457,0.14777976,0.09769668,0.20043711,0.15483241
7.812161,7.592694,11.144624,7,0,0,00:00.0,00:00.0,uploads\b67551bc-3737-11f0-85b7-581122bb7f2c\20210419T220000+1000_REC_15.wav,False,0,0,0,0,0,0,0,0,0,0,0,0,rain (light),-6.025916,1.2555563,0.3161368,0.68117553,0.026837459,0.3453658,0.043332208,0.2961616,0.09471842,0.2289854,0.11063504,0.225959,0.09350315
8.199285,9.148449,11.809652,7,0,0,00:00.0,00:00.0,uploads\b67551bc-3737-11f0-85b7-581122bb7f2c\20210419T220000+1000_REC_16.wav,False,0,0,0,0,0,0,0,0,0,0,0,0,rain (light),-5.9243236,1.647556,0.4228725,0.78715223,-0.067548245,0.25717038,-0.035708062,0.23297574,-0.02744416,0.15419166,-0.012278237,0.09982534,0.03498089
8.219943,8.955681,11.890353,7,0,0,00:00.0,00:00.0,uploads\b67551bc-3737-11f0-85b7-581122bb7f2c\20210419T220000+1000_REC_17.wav,False,0,0,0,0,0,0,0,0,0,0,0,0,rain (light),-5.969627,1.4551883,0.32657632,0.7958207,-0.10690653,0.30553487,-0.018319525,0.32835066,0.074376434,0.19210526,-0.014178828,0.14448382,0.075281404
8.181692,9.182824,11.719851,7,0,0,00:00.0,00:00.0,uploads\b67551bc-3737-11f0-85b7-581122bb7f2c\20210419T220000+1000_REC_18.wav,False,0,0,0,0,0,0,0,0,0,0,0,0,rain (light),-5.8990045,1.7424735,0.350367,0.75135976,-0.17660032,0.24937266,-0.08111243,0.32073703,0.06739816,0.15295848,-0.07274033,0.11232489,0.058368098
7.7092395,7.9419117,10.136591,7,0,0,00:00.0,00:00.0,uploads\b67551bc-3737-11f0-85b7-581122bb7f2c\20210419T220000+1000_REC_19.wav,False,0,0,0,0,0,0,0,0,0,0,0,0,rain (light),-6.0253687,1.3287802,0.40560928,0.5215187,-0.11329386,0.15756041,-0.013870495,0.20061542,0.06536321,0.11294247,0.028946353,0.13440771,0.1286892
8.166455,9.197409,11.631341,7,0,0,00:00.0,00:00.0,uploads\b67551bc-3737-11f0-85b7-581122bb7f2c\20210419T220000+1000_REC_20.wav,False,0,0,0,0,0,0,0,0,0,0,0,0,rain (light),-5.9095883,1.6927325,0.35539934,0.74740463,-0.24556491,0.17943078,-0.095784165,0.34546593,0.08263985,0.17615257,-0.026243042,0.15416437,0.045126796
8.183195,8.80712,11.860005,7,0,0,00:00.0,00:00.0,uploads\b67551bc-3737-11f0-85b7-581122bb7f2c\20210419T220000+1000_REC_21.wav,False,0,0,0,0,0,0,0,0,0,0,0,0,rain (light),-5.9756684,1.4820406,0.3360239,0.6725748,-0.09146057,0.2769635,0.02489424,0.36900643,0.1504973,0.22815537,0.028148139,0.12045246,-0.00011307649
8.095967,8.34903,11.682273,7,0,0,00:00.0,00:00.0,uploads\b67551bc-3737-11f0-85b7-581122bb7f2c\20210419T220000+1000_REC_22.wav,False,0,0,0,0,0,0,0,0,0,0,0,0,rain (light),-5.975989,1.4808245,0.36815238,0.71098065,-0.013800803,0.31158596,0.021229962,0.28417176,0.07258914,0.1933791,0.034733072,0.15743022,0.057054285
7.8122864,7.6056967,11.102736,7,0,0,00:00.0,00:00.0,uploads\b67551bc-3737-11f0-85b7-581122bb7f2c\20210419T220000+1000_REC_23.wav,False,0,0,0,0,0,0,0,0,0,0,0,0,rain (light),-6.0144453,1.3404377,0.35403326,0.6297272,0.011470475,0.32032713,-0.0027679012,0.25509116,0.08162705,0.20932917,0.080205165,0.22052404,0.10324397
7.7058415,7.743388,10.796903,7,0,0,00:00.0,00:00.0,uploads\b67551bc-3737-11f0-85b7-581122bb7f2c\20210419T220000+1000_REC_25.wav,False,0,0,0,0,0,0,0,0,0,0,0,0,rain (light),-6.0070467,1.3929515,0.37948552,0.5903536,-0.013512903,0.24074961,-0.04195344,0.24074464,0.076687835,0.22614032,0.102851614,0.21828507,0.10455027
7.9745703,7.9284635,11.500207,7,0,0,00:00.0,00:00.0,uploads\b67551bc-3737-11f0-85b7-581122bb7f2c\20210419T220000+1000_REC_26.wav,False,0,0,0,0,0,0,0,0,0,0,0,0,rain (light),-6.0124483,1.3293169,0.37695405,0.6689875,0.04454665,0.35541502,0.03809421,0.25859952,0.055569213,0.195507,0.06474795,0.165772,0.08984231
7.712154,7.5134363,10.670186,7,0,0,00:00.0,00:00.0,uploads\b67551bc-3737-11f0-85b7-581122bb7f2c\20210419T220000+1000_REC_27.wav,False,0,0,0,0,0,0,0,0,0,0,0,0,rain (light),-6.0440893,1.1958104,0.35477662,0.6234576,0.028314648,0.3125235,0.033113908,0.23570749,0.03243993,0.17831258,0.07734462,0.22418271,0.12231927
7.972369,8.111003,11.545868,7,0,0,00:00.0,00:00.0,uploads\b67551bc-3737-11f0-85b7-581122bb7f2c\20210419T220000+1000_REC_28.wav,False,0,0,0,0,0,0,0,0,0,0,0,0,rain (light),-5.9960675,1.408209,0.37131017,0.6685789,0.040290564,0.34344774,0.081259124,0.29275796,0.04398716,0.1577867,0.03581684,0.16862457,0.09997822
7.7161427,8.0629835,10.748951,7,0,0,00:00.0,00:00.0,uploads\b67551bc-3737-11f0-85b7-581122bb7f2c\20210419T220000+1000_REC_29.wav,False,0,0,0,0,0,0,0,0,0,0,0,0,rain (light),-6.0227175,1.3059424,0.3659793,0.6485389,0.01728846,0.2159958,-0.0049870797,0.2286638,0.015523192,0.17024718,0.11482228,0.21881819,0.1448917
7.8642964,7.710122,11.251506,7,0,0,00:00.0,00:00.0,uploads\b67551bc-3737-11f0-85b7-581122bb7f2c\20210419T220000+1000_REC_30.wav,False,0,0,0,0,0,0,0,0,0,0,0,0,rain (light),-5.999895,1.3922446,0.35439017,0.67338157,0.002224262,0.2960592,0.030857446,0.2933383,0.08413366,0.21665955,0.098483406,0.19422862,0.06336147
8.04637,8.174565,11.621807,7,0,0,00:00.0,00:00.0,uploads\b67551bc-3737-11f0-85b7-581122bb7f2c\20210419T220000+1000_REC_31.wav,False,0,0,0,0,0,0,0,0,0,0,0,0,rain (light),-5.992747,1.3909562,0.38229328,0.73212934,-0.007853669,0.32579243,0.02202412,0.27987152,0.042145208,0.185579,0.056413706,0.17569722,0.08889224
8.088582,9.310113,11.381742,7,0,0,00:00.0,00:00.0,uploads\b67551bc-3737-11f0-85b7-581122bb7f2c\20210419T220000+1000_REC_32.wav,False,0,0,0,0,0,0,0,0,0,0,0,0,rain (light),-5.9466405,1.388283,0.44735292,0.97665805,-0.23891014,0.30404246,-0.078629784,0.3177975,-0.008440024,0.21796747,0.054697376,0.20296207,0.10545103
7.767118,8.550648,10.629492,7,0,0,00:00.0,00:00.0,uploads\b67551bc-3737-11f0-85b7-581122bb7f2c\20210419T220000+1000_REC_33.wav,True,0,0,0,0,0,0,1,0,0,0,0,0,rain (light),-6.0073323,1.2737687,0.41543597,0.7961879,-0.09845565,0.23255277,-0.042471476,0.21702951,-0.007680332,0.21060595,0.12852095,0.2071234,0.13560052
7.72243,8.612952,10.469663,7,0,0,00:00.0,00:00.0,uploads\b67551bc-3737-11f0-85b7-581122bb7f2c\20210419T220000+1000_REC_34.wav,False,0,0,0,0,0,0,0,0,0,0,0,0,rain (light),-5.998602,1.3488348,0.5155634,0.70624566,-0.047894944,0.14974648,-0.053460646,0.21881652,0.029913493,0.18500006,0.092014946,0.22840783,0.17350699
8.1791935,8.152622,11.269952,7,0,0,00:00.0,00:00.0,uploads\b67551bc-3737-11f0-85b7-581122bb7f2c\20210419T220000+1000_REC_35.wav,False,0,0,0,0,0,0,0,0,0,0,0,0,rain (light),-5.9636693,1.5624486,0.20877244,0.5693994,-0.15074053,0.3774855,0.118236125,0.37597606,-0.011272982,0.10298362,-0.017124321,0.17100704,0.15323979
7.933199,8.030158,11.460158,7,0,0,00:00.0,00:00.0,uploads\b67551bc-3737-11f0-85b7-581122bb7f2c\20210419T220000+1000_REC_36.wav,False,0,0,0,0,0,0,0,0,0,0,0,0,rain (light),-5.9500275,1.6253061,0.29785186,0.59843177,-0.1015393,0.35249457,0.03846735,0.2825717,0.007602409,0.204862,0.08600795,0.1862989,0.100410506
7.9708133,8.181386,11.5379925,7,0,0,00:00.0,00:00.0,uploads\b67551bc-3737-11f0-85b7-581122bb7f2c\20210419T220000+1000_REC_37.wav,False,0,0,0,0,0,0,0,0,0,0,0,0,rain (light),-5.9783325,1.4657983,0.41875544,0.7010995,-0.0029723654,0.31419325,0.024287999,0.27164567,0.024274485,0.1625473,0.04191423,0.1796926,0.105502345
8.23648,8.370223,11.345189,7,0,0,00:00.0,00:00.0,uploads\b67551bc-3737-11f0-85b7-581122bb7f2c\20210419T220000+1000_REC_38.wav,False,0,0,0,0,0,0,0,0,0,0,0,0,rain (light),-5.994223,1.4140315,0.40480706,0.6686936,-0.03094129,0.26637247,0.01913135,0.28205204,0.07211358,0.2135337,0.042545773,0.15975675,0.11205123
7.6249228,8.527993,10.340984,7,0,0,00:00.0,00:00.0,uploads\b67551bc-3737-11f0-85b7-581122bb7f2c\20210419T220000+1000_REC_39.wav,False,0,0,0,0,0,0,0,0,0,0,0,0,rain (light),-6.041026,1.244686,0.39832246,0.55480564,-0.04013505,0.16782276,-0.027958935,0.149019,0.045582455,0.17399745,0.10175031,0.20830627,0.17117415
7.719128,8.576231,10.4951,7,0,0,00:00.0,00:00.0,uploads\b67551bc-3737-11f0-85b7-581122bb7f2c\20210419T220000+1000_REC_40.wav,False,0,0,0,0,0,0,0,0,0,0,0,0,rain (light),-6.0035644,1.3959515,0.41693875,0.60966223,-0.030874018,0.22096306,-0.082425036,0.1652075,0.005064647,0.16725641,0.07541237,0.20802946,0.13225077
7.899899,7.78623,11.318671,7,0,0,00:00.0,00:00.0,uploads\b67551bc-3737-11f0-85b7-581122bb7f2c\20210419T220000+1000_REC_41.wav,False,0,0,0,0,0,0,0,0,0,0,0,0,rain (light),-5.9876156,1.4361205,0.32251188,0.7022158,-0.009395068,0.31693837,0.03231777,0.29875657,0.06584756,0.2107564,0.095411375,0.20579073,0.089137524
7.7109323,7.719424,10.745914,7,0,0,00:00.0,00:00.0,uploads\b67551bc-3737-11f0-85b7-581122bb7f2c\20210419T220000+1000_REC_42.wav,False,0,0,0,0,0,0,0,0,0,0,0,0,rain (light),-6.0318584,1.2785358,0.36442596,0.6043492,0.033643924,0.25011197,-0.021101622,0.20042546,0.07736745,0.23248583,0.10112851,0.18463756,0.10738887
7.674013,8.571531,10.417029,7,0,0,00:00.0,00:00.0,uploads\b67551bc-3737-11f0-85b7-581122bb7f2c\20210419T220000+1000_REC_43.wav,False,0,0,0,0,0,0,0,0,0,0,0,0,rain (light),-6.0104294,1.3696564,0.43654668,0.59013826,-0.0368505,0.18229145,-0.07472192,0.15569553,0.045392334,0.17480317,0.06382779,0.20158722,0.18358524
7.6607924,7.5055647,10.361638,7,0,0,00:00.0,00:00.0,uploads\b67551bc-3737-11f0-85b7-581122bb7f2c\20210419T220000+1000_REC_44.wav,False,0,0,0,0,0,0,0,0,0,0,0,0,rain (light),-6.043465,1.2396816,0.36749145,0.5523676,0.012321578,0.2718883,0.047901656,0.24029864,0.0949828,0.18085022,0.07148642,0.17232284,0.11502521
7.631132,7.454221,10.265449,7,0,0,00:00.0,00:00.0,uploads\b67551bc-3737-11f0-85b7-581122bb7f2c\20210419T220000+1000_REC_45.wav,False,0,0,0,0,0,0,0,0,0,0,0,0,rain (light),-6.0696125,1.1298121,0.33334267,0.48205584,0.043108378,0.26590315,0.094425544,0.23805809,0.1393715,0.19293307,0.06947053,0.13794506,0.12582718
7.6453123,7.510236,10.329711,7,0,0,00:00.0,00:00.0,uploads\b67551bc-3737-11f0-85b7-581122bb7f2c\20210419T220000+1000_REC_46.wav,False,0,0,0,0,0,0,0,0,0,0,0,0,rain (light),-6.0458775,1.2327663,0.38524678,0.5438607,0.026461778,0.25856388,0.0608839,0.21364452,0.07603668,0.17320776,0.08157756,0.16849962,0.1048281
7.661112,7.5143404,10.3675785,7,0,0,00:00.0,00:00.0,uploads\b67551bc-3737-11f0-85b7-581122bb7f2c\20210419T220000+1000_REC_47.wav,False,0,0,0,0,0,0,0,0,0,0,0,0,rain (light),-6.030685,1.3179747,0.3586789,0.5136001,-0.014208193,0.2504814,0.04178677,0.27175915,0.1331874,0.20501968,0.06504273,0.1302766,0.087777026
7.5129585,7.2011614,9.874773,7,0,0,00:00.0,00:00.0,uploads\b67551bc-3737-11f0-85b7-581122bb7f2c\20210419T220000+1000_REC_48.wav,True,0,0,0,0,0,0,0,0,1,0,0,0,rain (light),-6.09556,0.97930604,0.36750194,0.4481102,0.1336585,0.22129327,0.1287439,0.18938285,0.13838646,0.1513046,0.14946388,0.14439347,0.15088233
7.5230584,7.2166443,9.921421,7,0,0,00:00.0,00:00.0,uploads\b67551bc-3737-11f0-85b7-581122bb7f2c\20210419T220000+1000_REC_49.wav,True,0,0,0,0,0,0,0,0,1,0,0,0,rain (light),-6.091641,1.0139121,0.31667897,0.458268,0.085107915,0.22308761,0.09421554,0.2012562,0.12614398,0.17513344,0.1306997,0.15512073,0.14167054
7.663247,7.621072,10.202195,7,0,0,00:00.0,00:00.0,uploads\b67551bc-3737-11f0-85b7-581122bb7f2c\20210419T220000+1000_REC_50.wav,False,0,0,0,0,0,0,0,0,0,0,0,0,rain (light),-6.05863,1.1580585,0.35215434,0.5755898,0.05140253,0.22229348,0.017482571,0.19639964,0.036511324,0.15643609,0.0789612,0.17419419,0.14473993
7.7770834,8.381255,10.811027,7,0,0,00:00.0,00:00.0,uploads\b67551bc-3737-11f0-85b7-581122bb7f2c\20210419T220000+1000_REC_51.wav,False,0,0,0,0,0,0,0,0,0,0,0,0,rain (light),-6.0017824,1.4196049,0.37110677,0.61189467,-0.011263886,0.24171902,0.013386858,0.20537208,-0.010117429,0.14015117,0.06419005,0.2132582,0.14844158
7.856598,8.348159,11.031074,7,0,0,00:00.0,00:00.0,uploads\b67551bc-3737-11f0-85b7-581122bb7f2c\20210419T220000+1000_REC_52.wav,False,0,0,0,0,0,0,0,0,0,0,0,0,rain (light),-5.986699,1.4592748,0.4071817,0.6474604,-0.062726945,0.2629624,0.03502028,0.23471326,-0.0041173636,0.13700879,0.038375534,0.19260314,0.109080486
7.997724,8.102456,11.592582,7,0,0,00:00.0,00:00.0,uploads\b67551bc-3737-11f0-85b7-581122bb7f2c\20210419T220000+1000_REC_53.wav,False,0,0,0,0,0,0,0,0,0,0,0,0,rain (light),-5.986821,1.4530163,0.38504204,0.65904987,0.0024430344,0.32362542,0.034087405,0.25876787,0.047543563,0.19397606,0.05633469,0.19664806,0.07386806
7.7394233,8.044229,10.631927,7,0,0,00:00.0,00:00.0,uploads\b67551bc-3737-11f0-85b7-581122bb7f2c\20210419T220000+1000_REC_54.wav,False,0,0,0,0,0,0,0,0,0,0,0,0,rain (light),-6.007161,1.3765172,0.44137207,0.62321323,-0.015161979,0.23263197,-0.02729785,0.19546847,0.04202259,0.18083875,0.04548396,0.15870932,0.10498832
7.69251,7.6967897,10.83004,7,0,0,00:00.0,00:00.0,uploads\b67551bc-3737-11f0-85b7-581122bb7f2c\20210419T220000+1000_REC_55.wav,False,0,0,0,0,0,0,0,0,0,0,0,0,rain (light),-6.003228,1.3844103,0.36542034,0.6514232,0.021407453,0.2776359,-0.040509168,0.24237385,0.083184235,0.24548694,0.10597162,0.21304671,0.13459216
7.706789,7.5287666,10.67941,7,0,0,00:00.0,00:00.0,uploads\b67551bc-3737-11f0-85b7-581122bb7f2c\20210419T220000+1000_REC_56.wav,False,0,0,0,0,0,0,0,0,0,0,0,0,rain (light),-6.0377307,1.2348615,0.3642235,0.6139516,0.05897311,0.30907246,0.029173268,0.23789458,0.059274897,0.2010535,0.09495472,0.21443002,0.13638847
7.6557784,7.5961046,10.827524,7,0,0,00:00.0,00:00.0,uploads\b67551bc-3737-11f0-85b7-581122bb7f2c\20210419T220000+1000_REC_57.wav,False,0,0,0,0,0,0,0,0,0,0,0,0,rain (light),-6.0248,1.3118933,0.34627154,0.5812317,0.037180033,0.26415136,-0.013533419,0.25165886,0.087282166,0.2376768,0.15852217,0.25182772,0.13655543
7.743107,7.562194,10.980832,7,0,0,00:00.0,00:00.0,uploads\b67551bc-3737-11f0-85b7-581122bb7f2c\20210419T220000+1000_REC_58.wav,False,0,0,0,0,0,0,0,0,0,0,0,0,rain (light),-6.0159097,1.3404005,0.3767667,0.60237885,0.043346904,0.30247977,-0.00048030802,0.281297,0.09693275,0.21645255,0.12625824,0.21333995,0.114981115
7.95403,8.213573,11.463853,7,0,0,00:00.0,00:00.0,uploads\b67551bc-3737-11f0-85b7-581122bb7f2c\20210419T220000+1000_REC_59.wav,False,0,0,0,0,0,0,0,0,0,0,0,0,rain (light),-5.9811454,1.4644846,0.473287,0.6409613,0.02651136,0.30448833,-0.019327383,0.2565351,0.057843376,0.21094485,0.08746836,0.19464102,0.07469664
7.8700175,8.215012,11.423449,7,0,0,00:00.0,00:00.0,uploads\b67551bc-3737-11f0-85b7-581122bb7f2c\20210419T220000+1000_REC_60.wav,False,0,0,0,0,0,0,0,0,0,0,0,0,rain (light),-5.977937,1.4890531,0.45365465,0.6387833,0.034770567,0.29795074,-0.017599639,0.23146123,0.041850228,0.1960399,0.08646659,0.2049164,0.09175857
7.853507,8.438469,11.236712,7,0,0,00:00.0,00:00.0,uploads\b67551bc-3737-11f0-85b7-581122bb7f2c\20210419T220000+1000_REC_61.wav,False,0,0,0,0,0,0,0,0,0,0,0,0,rain (light),-5.94555,1.6208333,0.48151228,0.6281296,-0.032672483,0.26540276,-0.024270752,0.23208295,0.029654896,0.14651524,0.04443103,0.20405325,0.09732122
8.08767,8.321551,11.643349,7,0,0,00:00.0,00:00.0,uploads\b67551bc-3737-11f0-85b7-581122bb7f2c\20210419T220000+1000_REC_62.wav,False,0,0,0,0,0,0,0,0,0,0,0,0,rain (light),-5.97992,1.4630378,0.43115392,0.6982662,0.039731324,0.29683843,-0.022414466,0.24493985,0.030990915,0.18561183,0.04399584,0.14593387,0.0702265
7.845416,8.462019,11.219732,7,0,0,00:00.0,00:00.0,uploads\b67551bc-3737-11f0-85b7-581122bb7f2c\20210419T220000+1000_REC_63.wav,False,0,0,0,0,0,0,0,0,0,0,0,0,rain (light),-5.9490848,1.598401,0.48252738,0.6520743,0.027685875,0.28223628,-0.07601353,0.17604667,0.000102015736,0.15211788,0.06640856,0.1973885,0.097423844
7.8838887,8.18666,11.4163065,7,0,0,00:00.0,00:00.0,uploads\b67551bc-3737-11f0-85b7-581122bb7f2c\20210419T220000+1000_REC_64.wav,True,0,0,0,0,0,0,1,0,0,0,0,0,rain (light),-5.984031,1.4809338,0.39616507,0.63241386,0.025814695,0.29635626,-0.0011548912,0.21265431,0.017825399,0.1818041,0.04911195,0.2063168,0.1065956
7.851212,8.453153,11.236783,7,0,0,00:00.0,00:00.0,uploads\b67551bc-3737-11f0-85b7-581122bb7f2c\20210419T220000+1000_REC_65.wav,False,0,0,0,0,0,0,0,0,0,0,0,0,rain (light),-5.927528,1.6513151,0.41557887,0.7384871,-0.05280155,0.25650293,-0.121516064,0.17621784,0.009819229,0.19574514,0.060003955,0.23733263,0.09394034
7.8554945,8.427769,11.274518,7,0,0,00:00.0,00:00.0,uploads\b67551bc-3737-11f0-85b7-581122bb7f2c\20210419T220000+1000_REC_66.wav,False,0,0,0,0,0,0,0,0,0,0,0,0,rain (light),-5.9602,1.5411459,0.435698,0.69852614,-0.004470771,0.30174145,-0.041302007,0.22842322,-0.00785,0.15561143,0.05775315,0.18926297,0.10242138
7.8168035,8.534124,10.807573,7,0,0,00:00.0,00:00.0,uploads\b67551bc-3737-11f0-85b7-581122bb7f2c\20210419T220000+1000_REC_67.wav,False,0,0,0,0,0,0,0,0,0,0,0,0,rain (light),-5.980472,1.4588287,0.44393477,0.70129395,-0.020111721,0.23955335,-0.04193647,0.19648929,0.008972487,0.18519436,0.08863137,0.20158097,0.12215813
8.033567,8.199082,11.552703,7,0,0,00:00.0,00:00.0,uploads\b67551bc-3737-11f0-85b7-581122bb7f2c\20210419T220000+1000_REC_68.wav,False,0,0,0,0,0,0,0,0,0,0,0,0,rain (light),-6.0052476,1.3249085,0.38998312,0.7333675,-0.064451404,0.29903007,0.026653353,0.2715139,0.027576575,0.2093075,0.060556795,0.1938357,0.09257242
8.030428,8.277837,11.520457,7,0,0,00:00.0,00:00.0,uploads\b67551bc-3737-11f0-85b7-581122bb7f2c\20210419T220000+1000_REC_69.wav,False,0,0,0,0,0,0,0,0,0,0,0,0,rain (light),-5.995434,1.3800912,0.37129566,0.7264843,-0.08148646,0.28034854,0.0011324056,0.23654248,0.044608124,0.24488786,0.071011975,0.20356022,0.0897131
8.009464,8.318253,11.383412,7,0,0,00:00.0,00:00.0,uploads\b67551bc-3737-11f0-85b7-581122bb7f2c\20210419T220000+1000_REC_70.wav,False,0,0,0,0,0,0,0,0,0,0,0,0,rain (light),-5.9828334,1.4537699,0.34766608,0.70114523,-0.10572438,0.23908411,0.00780936,0.28508794,0.05614946,0.22141781,0.08416647,0.20223927,0.08090529
8.253056,9.206321,11.08598,7,0,0,00:00.0,00:00.0,uploads\b67551bc-3737-11f0-85b7-581122bb7f2c\20210419T220000+1000_REC_71.wav,False,0,0,0,0,0,0,0,0,0,0,0,0,rain (light),-5.9475164,1.5157944,0.43743876,0.8376599,-0.15050301,0.17134176,-0.08243091,0.2492368,-0.05018846,0.10331936,0.0128235435,0.1251313,0.08038161
7.8950677,8.860007,10.705274,7,0,0,00:00.0,00:00.0,uploads\b67551bc-3737-11f0-85b7-581122bb7f2c\20210419T220000+1000_REC_72.wav,False,0,0,0,0,0,0,0,0,0,0,0,0,rain (light),-5.899736,1.6547718,0.41168278,0.9178346,-0.19639343,0.19240125,-0.11780267,0.24218136,-0.037759807,0.19594295,0.046018574,0.2032558,0.10468578
8.079075,9.321736,11.402431,7,0,0,00:00.0,00:00.0,uploads\b67551bc-3737-11f0-85b7-581122bb7f2c\20210419T220000+1000_REC_73.wav,False,0,0,0,0,0,0,0,0,0,0,0,0,rain (light),-5.9418073,1.5165167,0.41094914,0.85751295,-0.19969861,0.28334183,-0.0063235587,0.29657212,-0.00571854,0.21618539,0.02849072,0.1492645,0.07302182
8.226051,8.533829,11.555817,7,0,0,00:00.0,00:00.0,uploads\b67551bc-3737-11f0-85b7-581122bb7f2c\20210419T220000+1000_REC_74.wav,False,0,0,0,0,0,0,0,0,0,0,0,0,rain (light),-5.9688635,1.4555548,0.36368093,0.80014837,-0.113341056,0.30508888,-0.007844109,0.29043886,0.060555555,0.2139959,0.045789458,0.1698439,0.08840915
8.059834,8.210729,11.603753,7,0,0,00:00.0,00:00.0,uploads\b67551bc-3737-11f0-85b7-581122bb7f2c\20210419T220000+1000_REC_75.wav,False,0,0,0,0,0,0,0,0,0,0,0,0,rain (light),-5.9838247,1.400091,0.35669997,0.77817136,-0.07101225,0.34387723,0.008393487,0.28443363,0.020666165,0.22055644,0.066161074,0.16781454,0.083126046
8.015334,8.2195425,11.52968,7,0,0,00:00.0,00:00.0,uploads\b67551bc-3737-11f0-85b7-581122bb7f2c\20210419T220000+1000_REC_76.wav,False,0,0,0,0,0,0,0,0,0,0,0,0,rain (light),-6.0040607,1.3409462,0.34512615,0.7284583,-0.07998704,0.2982703,0.0023488977,0.264581,0.031229565,0.21605413,0.06989507,0.18661359,0.09495691
8.095516,8.258827,11.626431,7,0,0,00:00.0,00:00.0,uploads\b67551bc-3737-11f0-85b7-581122bb7f2c\20210419T220000+1000_REC_77.wav,False,0,0,0,0,0,0,0,0,0,0,0,0,rain (light),-5.988308,1.4316632,0.34676707,0.68829066,-0.057410687,0.30145696,0.038193062,0.32183412,0.066400215,0.20941466,0.042375535,0.16445957,0.06939761
7.7344594,8.58323,10.449057,7,0,0,00:00.0,00:00.0,uploads\b67551bc-3737-11f0-85b7-581122bb7f2c\20210419T220000+1000_REC_78.wav,False,0,0,0,0,0,0,0,0,0,0,0,0,rain (light),-6.0222664,1.2949059,0.43558428,0.6354924,0.015174058,0.18421687,-0.07868167,0.112857535,-0.03414936,0.13175961,0.072306,0.19650994,0.13192423
7.7201304,8.416169,10.479477,7,0,0,00:00.0,00:00.0,uploads\b67551bc-3737-11f0-85b7-581122bb7f2c\20210419T220000+1000_REC_79.wav,False,0,0,0,0,0,0,0,0,0,0,0,0,rain (light),-6.0136523,1.3480333,0.42918614,0.62465703,-0.0055173757,0.2097468,-0.057083614,0.13591255,0.0037363993,0.14835119,0.03728895,0.16594256,0.11855693
8.205433,9.099959,11.845984,7,0,0,00:00.0,00:00.0,uploads\b67551bc-3737-11f0-85b7-581122bb7f2c\20210419T220000+1000_REC_80.wav,True,0,0,0,0,0,0,0,0,1,0,0,0,rain (light),-5.9309826,1.6361122,0.42464313,0.7387503,-0.1122954,0.28574532,-0.0029875955,0.26941693,0.03422774,0.19012697,0.011870918,0.09015962,0.061445203
8.073865,8.270947,11.659464,7,0,0,00:00.0,00:00.0,uploads\b67551bc-3737-11f0-85b7-581122bb7f2c\20210419T220000+1000_REC_81.wav,False,0,0,0,0,0,0,0,0,0,0,0,0,rain (light),-6.003415,1.3752074,0.38951373,0.67087317,0.0021545135,0.31475452,0.01642139,0.25303793,0.05651395,0.1786951,0.06232972,0.15140663,0.040043883
7.8622584,8.455993,11.241737,7,0,0,00:00.0,00:00.0,uploads\b67551bc-3737-11f0-85b7-581122bb7f2c\20210419T220000+1000_REC_82.wav,False,0,0,0,0,0,0,0,0,0,0,0,0,rain (light),-5.929306,1.680834,0.45554832,0.66315985,-0.039097093,0.26946443,-0.041039165,0.19404694,0.017352927,0.125824,0.032247912,0.14984004,0.109265655
7.8504086,7.6730585,10.827175,7,0,0,00:00.0,00:00.0,uploads\b67551bc-3737-11f0-85b7-581122bb7f2c\20210419T220000+1000_REC_83.wav,False,0,0,0,0,0,0,0,0,0,0,0,0,rain (light),-6.0128503,1.3602834,0.37575686,0.6439512,0.017231291,0.26533344,0.04456758,0.23792294,0.06740779,0.13075411,0.06716175,0.14638066,0.13024794
7.7473464,7.9756866,10.662658,7,0,0,00:00.0,00:00.0,uploads\b67551bc-3737-11f0-85b7-581122bb7f2c\20210419T220000+1000_REC_84.wav,False,0,0,0,0,0,0,0,0,0,0,0,0,rain (light),-6.0008297,1.4173015,0.4598295,0.605003,0.05329533,0.22558144,-0.002836908,0.20335512,0.078752525,0.15959436,0.09676488,0.16505195,0.1291182
7.6666183,7.5561366,10.277794,7,0,0,00:00.0,00:00.0,uploads\b67551bc-3737-11f0-85b7-581122bb7f2c\20210419T220000+1000_REC_85.wav,False,0,0,0,0,0,0,0,0,0,0,0,0,rain (light),-6.0607734,1.1440166,0.35963175,0.57884043,0.05839404,0.23555091,0.05567981,0.2202731,0.10507573,0.1669803,0.07389282,0.16233057,0.1391722
8.269096,8.835662,11.319418,7,0,0,00:00.0,00:00.0,uploads\b67551bc-3737-11f0-85b7-581122bb7f2c\20210419T220000+1000_REC_86.wav,False,0,0,0,0,0,0,0,0,0,0,0,0,rain (light),-5.989086,1.4260088,0.31498465,0.73717433,-0.04288629,0.24272837,0.011476912,0.2875127,0.03338318,0.15997529,0.057862483,0.18869431,0.10699842
8.171017,8.903181,11.241384,7,0,0,00:00.0,00:00.0,uploads\b67551bc-3737-11f0-85b7-581122bb7f2c\20210419T220000+1000_REC_87.wav,False,0,0,0,0,0,0,0,0,0,0,0,0,rain (light),-6.0047364,1.3329118,0.34368455,0.7671527,-0.061678346,0.16785266,0.0032542462,0.30555585,0.053530782,0.17601103,0.07428423,0.17714202,0.07657139
8.13932,8.942188,11.285519,7,0,0,00:00.0,00:00.0,uploads\b67551bc-3737-11f0-85b7-581122bb7f2c\20210419T220000+1000_REC_88.wav,False,0,0,0,0,0,0,0,0,0,0,0,0,rain (light),-5.9536414,1.4937528,0.37905473,0.8616204,-0.14090888,0.21201752,-0.025147477,0.27203023,0.030454425,0.20840211,0.08477949,0.17697546,0.060479205
7.861364,8.6765995,10.620581,7,0,0,00:00.0,00:00.0,uploads\b67551bc-3737-11f0-85b7-581122bb7f2c\20210419T220000+1000_REC_89.wav,False,0,0,0,0,0,0,0,0,0,0,0,0,rain (light),-5.9814744,1.4435774,0.38904905,0.7505285,-0.084624164,0.16117355,-0.024856826,0.23901156,0.016011802,0.16200434,0.056323543,0.17826359,0.14314713
8.207169,8.96209,11.88143,7,0,0,00:00.0,00:00.0,uploads\b67551bc-3737-11f0-85b7-581122bb7f2c\20210419T220000+1000_REC_90.wav,False,0,0,0,0,0,0,0,0,0,0,0,0,rain (light),-5.9614363,1.5116028,0.34450847,0.7877546,-0.03072982,0.3123964,0.0337948,0.27395445,0.030792559,0.1933606,0.02216105,0.13832079,0.058833946
7.7592235,8.605475,10.510478,7,0,0,00:00.0,00:00.0,uploads\b67551bc-3737-11f0-85b7-581122bb7f2c\20210419T220000+1000_REC_91.wav,False,0,0,0,0,0,0,0,0,0,0,0,0,rain (light),-5.9768505,1.4644513,0.48796505,0.7065221,-0.03684013,0.17973003,-0.060678564,0.12672207,-0.01709857,0.1575794,0.052008703,0.19205716,0.14651363
7.924039,8.440021,11.278071,7,0,0,00:00.0,00:00.0,uploads\b67551bc-3737-11f0-85b7-581122bb7f2c\20210419T220000+1000_REC_92.wav,False,0,0,0,0,0,0,0,0,0,0,0,0,rain (light),-5.97255,1.4995102,0.45163924,0.68932974,-0.039481338,0.22928864,-0.011537629,0.21903679,0.031634185,0.19300926,0.093714386,0.17212547,0.065874726
7.959001,7.8537087,11.433052,7,0,0,00:00.0,00:00.0,uploads\b67551bc-3737-11f0-85b7-581122bb7f2c\20210419T220000+1000_REC_93.wav,False,0,0,0,0,0,0,0,0,0,0,0,0,rain (light),-5.998743,1.3841635,0.43812555,0.66666824,0.046115085,0.32367876,0.06408516,0.27220476,0.06793484,0.21157746,0.07146091,0.17662233,0.08415883
7.858291,7.6318827,11.2362995,7,0,0,00:00.0,00:00.0,uploads\b67551bc-3737-11f0-85b7-581122bb7f2c\20210419T220000+1000_REC_94.wav,False,0,0,0,0,0,0,0,0,0,0,0,0,rain (light),-6.012062,1.3301277,0.43634194,0.6427958,0.07329648,0.32017836,0.08022485,0.26143652,0.10262476,0.22627275,0.0974749,0.20860875,0.0925257
7.791585,7.58777,11.069282,7,0,0,00:00.0,00:00.0,uploads\b67551bc-3737-11f0-85b7-581122bb7f2c\20210419T220000+1000_REC_95.wav,False,0,0,0,0,0,0,0,0,0,0,0,0,rain (light),-5.995908,1.4044863,0.45112288,0.6354581,0.031296615,0.2938938,0.013086838,0.28320158,0.095114194,0.22949822,0.08628205,0.19972643,0.115156226
7.7672358,7.56845,11.104396,7,0,0,00:00.0,00:00.0,uploads\b67551bc-3737-11f0-85b7-581122bb7f2c\20210419T220000+1000_REC_96.wav,False,0,0,0,0,0,0,0,0,0,0,0,0,rain (light),-5.9910264,1.4304531,0.391527,0.6456789,0.018025728,0.3187172,0.004867219,0.2843784,0.11059203,0.23364569,0.088766865,0.21060674,0.11396307
7.681867,7.4291945,10.857741,7,0,0,00:00.0,00:00.0,uploads\b67551bc-3737-11f0-85b7-581122bb7f2c\20210419T220000+1000_REC_97.wav,False,0,0,0,0,0,0,0,0,0,0,0,0,rain (light),-6.034467,1.2542926,0.36341068,0.59658164,0.052819762,0.3125078,0.056012604,0.25186437,0.08500412,0.21939659,0.1419088,0.23710905,0.109759726
7.668278,7.4168854,10.803159,7,0,0,00:00.0,00:00.0,uploads\b67551bc-3737-11f0-85b7-581122bb7f2c\20210419T220000+1000_REC_98.wav,False,0,0,0,0,0,0,0,0,0,0,0,0,rain (light),-6.03176,1.2586069,0.34344423,0.6047223,0.050534643,0.33775318,0.039214067,0.2591068,0.093957976,0.25528187,0.13123271,0.22605632,0.14649308
7.6563487,8.5964575,10.242463,7,0,0,00:00.0,00:00.0,uploads\b67551bc-3737-11f0-85b7-581122bb7f2c\20210419T220000+1000_REC_99.wav,False,0,0,0,0,0,0,0,0,0,0,0,0,rain (light),-6.060659,1.1202592,0.4322543,0.56161624,0.091997355,0.21285293,-0.039512746,0.108785234,-0.016489383,0.11597829,0.09651178,0.1968162,0.2039903
7.646205,7.6657615,10.849382,7,0,0,00:00.0,00:00.0,uploads\b67551bc-3737-11f0-85b7-581122bb7f2c\20210419T220000+1000_REC_100.wav,False,0,0,0,0,0,0,0,0,0,0,0,0,rain (light),-5.9888883,1.4452589,0.41922325,0.6256013,0.006100816,0.2655343,-0.05000457,0.20272401,0.057077594,0.24989906,0.15976712,0.25242773,0.13744357
8.00228,8.275909,11.4959755,7,0,0,00:00.0,00:00.0,uploads\b67551bc-3737-11f0-85b7-581122bb7f2c\20210419T220000+1000_REC_101.wav,False,0,0,0,0,0,0,0,0,0,0,0,0,rain (light),-6.010739,1.3158566,0.3475174,0.7288813,-0.0246591,0.29741174,0.0094262455,0.23509061,-0.0051443516,0.20900577,0.11299028,0.19528376,0.087493725
8.075345,9.020571,11.222203,7,0,0,00:00.0,00:00.0,uploads\b67551bc-3737-11f0-85b7-581122bb7f2c\20210419T220000+1000_REC_102.wav,True,0,0,0,0,0,0,0,0,1,0,0,0,rain (light),-5.955058,1.51836,0.42194855,0.77271366,-0.16383727,0.15633796,-0.06404559,0.26158106,0.06430628,0.26017177,0.07065099,0.13950127,0.052470665
8.090304,9.10072,11.273019,7,0,0,00:00.0,00:00.0,uploads\b67551bc-3737-11f0-85b7-581122bb7f2c\20210419T220000+1000_REC_103.wav,True,0,0,0,0,0,0,0,0,1,0,0,0,rain (light),-5.956927,1.4632217,0.41923565,0.8676877,-0.16843006,0.17599474,-0.05362435,0.26038808,0.031642083,0.22159678,0.047697607,0.1224343,0.038777314
8.193844,9.049212,11.307616,7,0,0,00:00.0,00:00.0,uploads\b67551bc-3737-11f0-85b7-581122bb7f2c\20210419T220000+1000_REC_104.wav,False,0,0,0,0,0,0,0,0,0,0,0,0,rain (light),-5.963683,1.4893848,0.34720308,0.8125604,-0.07443231,0.210397,-0.052619383,0.29142818,-0.0005395829,0.17995754,0.06271102,0.13108344,0.07898027
8.023221,7.9584346,11.3523245,7,0,0,00:00.0,00:00.0,uploads\b67551bc-3737-11f0-85b7-581122bb7f2c\20210419T220000+1000_REC_105.wav,False,0,0,0,0,0,0,0,0,0,0,0,0,rain (light),-5.991047,1.3941511,0.37560427,0.7475534,-0.048899155,0.28742078,0.043867856,0.28945148,0.061356355,0.20994678,0.089120016,0.16844407,0.1016026
7.7269135,8.5806,10.498548,7,0,0,00:00.0,00:00.0,uploads\b67551bc-3737-11f0-85b7-581122bb7f2c\20210419T220000+1000_REC_106.wav,False,0,0,0,0,0,0,0,0,0,0,0,0,rain (light),-5.996846,1.390946,0.42453367,0.68723935,-0.045715872,0.19056472,-0.06348977,0.19766238,0.0017876882,0.18701622,0.10327899,0.218422,0.16719589
7.9662094,8.335838,11.423115,7,0,0,00:00.0,00:00.0,uploads\b67551bc-3737-11f0-85b7-581122bb7f2c\20210419T220000+1000_REC_107.wav,False,0,0,0,0,0,0,0,0,0,0,0,0,rain (light),-5.9840484,1.4473339,0.3968874,0.6964955,-0.035374742,0.26697978,-0.0069164103,0.2617506,0.0082301,0.2046163,0.09664774,0.1951545,0.07446634
7.986848,7.750918,11.170448,7,0,0,00:00.0,00:00.0,uploads\b67551bc-3737-11f0-85b7-581122bb7f2c\20210419T220000+1000_REC_108.wav,False,0,0,0,0,0,0,0,0,0,0,0,0,rain (light),-6.0093317,1.322471,0.36838806,0.71649045,-0.008657073,0.300717,0.056204777,0.2756904,0.072194144,0.23727097,0.089030966,0.19492121,0.13311845
7.9504123,7.836736,11.42389,7,0,0,00:00.0,00:00.0,uploads\b67551bc-3737-11f0-85b7-581122bb7f2c\20210419T220000+1000_REC_109.wav,False,0,0,0,0,0,0,0,0,0,0,0,0,rain (light),-6.006457,1.3704014,0.37035793,0.63468313,-0.01607343,0.33890218,0.05507841,0.2678641,0.06349644,0.22989503,0.073810406,0.1775356,0.09644678
7.8126,7.5942307,11.138924,7,0,0,00:00.0,00:00.0,uploads\b67551bc-3737-11f0-85b7-581122bb7f2c\20210419T220000+1000_REC_110.wav,True,0,0,0,0,0,0,0,0,1,0,0,0,rain (light),-6.0149264,1.3262625,0.356165,0.65620124,0.0215512,0.3024277,0.012100165,0.2874241,0.10415012,0.22835784,0.11213195,0.19414422,0.09914224
7.6617165,7.6821113,10.876645,7,0,0,00:00.0,00:00.0,uploads\b67551bc-3737-11f0-85b7-581122bb7f2c\20210419T220000+1000_REC_111.wav,False,0,0,0,0,0,0,0,0,0,0,0,0,rain (light),-6.0120454,1.3509653,0.35278723,0.6360643,0.015983632,0.29528823,-0.0042772284,0.22174181,0.041002672,0.23290485,0.12909846,0.24177472,0.13769871
7.6883683,7.8178916,11.011035,7,0,0,00:00.0,00:00.0,uploads\b67551bc-3737-11f0-85b7-581122bb7f2c\20210419T220000+1000_REC_112.wav,False,0,0,0,0,0,0,0,0,0,0,0,0,rain (light),-5.9873037,1.4359256,0.36406368,0.6928777,0.034170303,0.30117223,-0.013521806,0.27043256,0.03287619,0.21772675,0.10847589,0.22936995,0.11953506
7.8279743,7.6138544,11.158934,7,0,0,00:00.0,00:00.0,uploads\b67551bc-3737-11f0-85b7-581122bb7f2c\20210419T220000+1000_REC_113.wav,False,0,0,0,0,0,0,0,0,0,0,0,0,rain (light),-6.019333,1.2941667,0.38411418,0.66162604,0.0010901648,0.29125205,0.01570142,0.30451527,0.09095404,0.23728761,0.105471484,0.17015317,0.09936694
7.7132316,7.683968,10.781986,7,0,0,00:00.0,00:00.0,uploads\b67551bc-3737-11f0-85b7-581122bb7f2c\20210419T220000+1000_REC_114.wav,False,0,0,0,0,0,0,0,0,0,0,0,0,rain (light),-6.0195904,1.2964077,0.4080031,0.6681168,-0.0006819922,0.2783076,-0.0074890247,0.22582397,0.06320069,0.21346875,0.09717253,0.182935,0.12089967
7.854343,7.654042,11.092527,7,0,0,00:00.0,00:00.0,uploads\b67551bc-3737-11f0-85b7-581122bb7f2c\20210419T220000+1000_REC_115.wav,False,0,0,0,0,0,0,0,0,0,0,0,0,rain (light),-6.02178,1.2944763,0.38744003,0.6536466,0.0024517658,0.2985163,0.026471509,0.25365293,0.06637249,0.20322661,0.080086865,0.1838853,0.09627384
7.870352,7.868417,11.301841,7,0,0,00:00.0,00:00.0,uploads\b67551bc-3737-11f0-85b7-581122bb7f2c\20210419T220000+1000_REC_116.wav,False,0,0,0,0,0,0,0,0,0,0,0,0,rain (light),-5.996365,1.3963572,0.40269908,0.67716956,0.04323582,0.34313914,0.045965005,0.24461168,0.019917289,0.19404785,0.06366357,0.20121218,0.1281114
7.692778,7.459664,10.806462,7,0,0,00:00.0,00:00.0,uploads\b67551bc-3737-11f0-85b7-581122bb7f2c\20210419T220000+1000_REC_117.wav,False,0,0,0,0,0,0,0,0,0,0,0,0,rain (light),-6.0324144,1.2694763,0.3520004,0.59482527,0.020419335,0.28795704,0.017885124,0.25124952,0.089384854,0.25058928,0.11499481,0.20922555,0.11821232
7.674111,7.7022343,10.887511,7,0,0,00:00.0,00:00.0,uploads\b67551bc-3737-11f0-85b7-581122bb7f2c\20210419T220000+1000_REC_118.wav,False,0,0,0,0,0,0,0,0,0,0,0,0,rain (light),-6.0032816,1.3969452,0.38709638,0.6038343,0.0035296076,0.29339182,0.022737421,0.27258614,0.055007577,0.21571137,0.11093613,0.23245646,0.14046799
7.7422905,8.02233,10.653486,7,0,0,00:00.0,00:00.0,uploads\b67551bc-3737-11f0-85b7-581122bb7f2c\20210419T220000+1000_REC_119.wav,False,0,0,0,0,0,0,0,0,0,0,0,0,rain (light),-6.019667,1.3475235,0.41674313,0.5625708,0.0065609263,0.22912934,-0.034124125,0.20803374,0.064932644,0.18272139,0.06751216,0.16274786,0.08553818
7.827273,7.6547976,11.134275,7,0,0,00:00.0,00:00.0,uploads\b67551bc-3737-11f0-85b7-581122bb7f2c\20210419T220000+1000_REC_120.wav,False,0,0,0,0,0,0,0,0,0,0,0,0,rain (light),-5.9994044,1.4174129,0.37953997,0.6021433,0.0033050317,0.32941586,0.0077785454,0.26823944,0.06596001,0.19191007,0.068641305,0.19231619,0.12866504
7.6804085,8.573335,10.424497,7,0,0,00:00.0,00:00.0,uploads\b67551bc-3737-11f0-85b7-581122bb7f2c\20210419T220000+1000_REC_121.wav,False,0,0,0,0,0,0,0,0,0,0,0,0,rain (light),-6.018063,1.3539479,0.40683383,0.537612,0.009740833,0.21070047,-0.107185856,0.13760902,0.018113965,0.15917481,0.07077445,0.23143435,0.179677
7.702997,7.4905844,10.640203,7,0,0,00:00.0,00:00.0,uploads\b67551bc-3737-11f0-85b7-581122bb7f2c\20210419T220000+1000_REC_122.wav,False,0,0,0,0,0,0,0,0,0,0,0,0,rain (light),-6.043876,1.2281042,0.32242277,0.5698063,0.045743205,0.3006371,0.011376573,0.2649242,0.067618735,0.19587128,0.08638929,0.20522426,0.10714133
7.741976,8.00816,10.661966,7,0,0,00:00.0,00:00.0,uploads\b67551bc-3737-11f0-85b7-581122bb7f2c\20210419T220000+1000_REC_123.wav,False,0,0,0,0,0,0,0,0,0,0,0,0,rain (light),-6.0160108,1.3686422,0.38464898,0.5663506,-0.0029548793,0.25905457,-0.0190666,0.20132142,0.052490197,0.19856334,0.07604652,0.15572992,0.09275238
7.7462673,8.035392,10.669624,7,0,0,00:00.0,00:00.0,uploads\b67551bc-3737-11f0-85b7-581122bb7f2c\20210419T220000+1000_REC_124.wav,False,0,0,0,0,0,0,0,0,0,0,0,0,rain (light),-6.012633,1.3590051,0.42107263,0.6183756,0.020405889,0.24219881,-0.017160302,0.21927772,0.041392934,0.1759415,0.07670733,0.15460789,0.062637255
7.718781,7.499149,10.651205,7,0,0,00:00.0,00:00.0,uploads\b67551bc-3737-11f0-85b7-581122bb7f2c\20210419T220000+1000_REC_125.wav,False,0,0,0,0,0,0,0,0,0,0,0,0,rain (light),-6.039471,1.2422861,0.32466727,0.6145577,0.06533992,0.28386384,-0.00993631,0.21575204,0.051583447,0.1621444,0.07003405,0.19203503,0.100843556
7.986359,8.209202,11.5129,7,0,0,00:00.0,00:00.0,uploads\b67551bc-3737-11f0-85b7-581122bb7f2c\20210419T220000+1000_REC_126.wav,False,0,0,0,0,0,0,0,0,0,0,0,0,rain (light),-6.0013905,1.3975352,0.31589127,0.6724317,-0.011435386,0.29196557,-0.017647645,0.2373419,0.034700133,0.19878897,0.061703283,0.1853552,0.08805491
8.053476,8.2232,11.6122055,7,0,0,00:00.0,00:00.0,uploads\b67551bc-3737-11f0-85b7-581122bb7f2c\20210419T220000+1000_REC_127.wav,False,0,0,0,0,0,0,0,0,0,0,0,0,rain (light),-5.977084,1.4426106,0.38582596,0.77005404,-0.04608436,0.31375003,0.030274265,0.26501274,0.0012642797,0.17737709,0.051124364,0.17099316,0.07272926
8.075711,9.321668,11.392332,7,0,0,00:00.0,00:00.0,uploads\b67551bc-3737-11f0-85b7-581122bb7f2c\20210419T220000+1000_REC_128.wav,False,0,0,0,0,0,0,0,0,0,0,0,0,rain (light),-5.9227357,1.5746834,0.44456816,0.88519233,-0.16763851,0.28874156,-0.051883925,0.2695571,-0.038468953,0.22422533,0.060178477,0.16538532,0.08156315
8.084795,9.289816,11.4092045,7,0,0,00:00.0,00:00.0,uploads\b67551bc-3737-11f0-85b7-581122bb7f2c\20210419T220000+1000_REC_129.wav,False,0,0,0,0,0,0,0,0,0,0,0,0,rain (light),-5.927983,1.5928315,0.44921213,0.81895345,-0.1750457,0.28561607,-0.021940004,0.23227619,0.0045269416,0.2417115,0.03605561,0.16460282,0.08589439
7.7412925,8.645233,10.426368,7,0,0,00:00.0,00:00.0,uploads\b67551bc-3737-11f0-85b7-581122bb7f2c\20210419T220000+1000_REC_130.wav,False,0,0,0,0,0,0,0,0,0,0,0,0,rain (light),-6.0376797,1.2112218,0.45311615,0.6218188,-0.035421442,0.13278668,-0.06332327,0.065104686,-0.023800366,0.12328623,0.06752285,0.16381006,0.187777
7.812027,8.663915,10.613326,7,0,0,00:00.0,00:00.0,uploads\b67551bc-3737-11f0-85b7-581122bb7f2c\20210419T220000+1000_REC_131.wav,False,0,0,0,0,0,0,0,0,0,0,0,0,rain (light),-5.976224,1.4698725,0.41552523,0.6900423,-0.13226521,0.21001026,-0.09392947,0.19483927,-0.0026802255,0.17014736,0.041063786,0.20617455,0.1452838
7.7893977,8.616021,10.614349,7,0,0,00:00.0,00:00.0,uploads\b67551bc-3737-11f0-85b7-581122bb7f2c\20210419T220000+1000_REC_132.wav,False,0,0,0,0,0,0,0,0,0,0,0,0,rain (light),-5.970914,1.4992623,0.41333717,0.7065781,-0.07908978,0.23069762,-0.02828986,0.17991778,-0.012050955,0.19669352,0.07354644,0.20361021,0.15690981
8.205073,8.601471,11.509204,7,0,0,00:00.0,00:00.0,uploads\b67551bc-3737-11f0-85b7-581122bb7f2c\20210419T220000+1000_REC_133.wav,False,0,0,0,0,0,0,0,0,0,0,0,0,rain (light),-5.959534,1.5266383,0.39929658,0.75724787,-0.0636319,0.26948515,-0.009419209,0.24277748,0.02813772,0.19233665,0.02848326,0.17301331,0.08567959
8.143339,9.299872,11.479551,7,0,0,00:00.0,00:00.0,uploads\b67551bc-3737-11f0-85b7-581122bb7f2c\20210419T220000+1000_REC_134.wav,False,0,0,0,0,0,0,0,0,0,0,0,0,rain (light),-5.899392,1.6846076,0.38058752,0.8826943,-0.19865218,0.17423104,-0.030360032,0.33815053,-0.018043065,0.1572906,0.037071045,0.13076696,0.084027216
8.247931,9.00309,11.263104,7,0,0,00:00.0,00:00.0,uploads\b67551bc-3737-11f0-85b7-581122bb7f2c\20210419T220000+1000_REC_135.wav,True,0,0,0,0,0,0,0,0,1,0,0,0,rain (light),-6.0059233,1.2847328,0.38299748,0.8072869,-0.12591426,0.16103393,-0.043379933,0.23302038,-0.02847596,0.15211259,0.03505005,0.10956437,0.060079623
8.156869,9.272641,11.421476,7,0,0,00:00.0,00:00.0,uploads\b67551bc-3737-11f0-85b7-581122bb7f2c\20210419T220000+1000_REC_137.wav,False,0,0,0,0,0,0,0,0,0,0,0,0,rain (light),-5.963428,1.4274344,0.3444455,0.9004357,-0.14731805,0.22666812,-0.043786254,0.30313218,-0.0034239201,0.16157086,0.025824027,0.14418884,0.068745464
7.9246674,8.894531,10.747668,7,0,0,00:00.0,00:00.0,uploads\b67551bc-3737-11f0-85b7-581122bb7f2c\20210419T220000+1000_REC_138.wav,False,0,0,0,0,0,0,0,0,0,0,0,0,rain (light),-5.9859586,1.33925,0.3569266,0.8635207,-0.15749405,0.15913151,-0.10342068,0.23223902,-0.050409824,0.16763733,0.0499349,0.16472219,0.14270335
8.156966,9.283073,11.410713,7,0,0,00:00.0,00:00.0,uploads\b67551bc-3737-11f0-85b7-581122bb7f2c\20210419T220000+1000_REC_139.wav,False,0,0,0,0,0,0,0,0,0,0,0,0,rain (light),-5.956659,1.4107327,0.30016795,0.9617282,-0.17919311,0.16982797,-0.077151336,0.3610184,-0.0070154024,0.18218027,0.06254111,0.16127203,0.09301578
8.140407,9.316949,11.470173,7,0,0,00:00.0,00:00.0,uploads\b67551bc-3737-11f0-85b7-581122bb7f2c\20210419T220000+1000_REC_140.wav,False,0,0,0,0,0,0,0,0,0,0,0,0,rain (light),-5.9194665,1.5523204,0.33644,0.9686853,-0.21603791,0.2140528,-0.087623335,0.34110585,-0.029223172,0.14031208,0.012636336,0.15352643,0.09008648
8.206268,9.013332,11.2359,7,0,0,00:00.0,00:00.0,uploads\b67551bc-3737-11f0-85b7-581122bb7f2c\20210419T220000+1000_REC_141.wav,False,0,0,0,0,0,0,0,0,0,0,0,0,rain (light),-5.984728,1.3740517,0.3586078,0.81851614,-0.17024384,0.19796497,-0.0352785,0.264783,-0.0037209422,0.22499086,0.055288173,0.15456533,0.10889346
8.245458,8.5397415,11.420893,7,0,0,00:00.0,00:00.0,uploads\b67551bc-3737-11f0-85b7-581122bb7f2c\20210419T220000+1000_REC_143.wav,False,0,0,0,0,0,0,0,0,0,0,0,0,rain (light),-5.979196,1.4178547,0.42891297,0.7744152,-0.108099714,0.26644927,0.013277457,0.27143297,0.061987907,0.21765223,0.042209715,0.15833358,0.12019674
8.004474,7.750698,11.132993,7,0,0,00:00.0,00:00.0,uploads\b67551bc-3737-11f0-85b7-581122bb7f2c\20210419T220000+1000_REC_144.wav,False,0,0,0,0,0,0,0,0,0,0,0,0,rain (light),-6.0282927,1.2433059,0.34423134,0.71487164,-0.023970496,0.25235215,0.07571157,0.25651458,0.07075343,0.22372594,0.08166369,0.1826572,0.13523187
7.866164,7.9472346,11.300024,7,0,0,00:00.0,00:00.0,uploads\b67551bc-3737-11f0-85b7-581122bb7f2c\20210419T220000+1000_REC_145.wav,False,0,0,0,0,0,0,0,0,0,0,0,0,rain (light),-5.973034,1.5096053,0.3288532,0.6879744,-0.032545153,0.30653083,0.038576283,0.24269865,0.016395964,0.2232396,0.08892444,0.20607637,0.11373418
7.850877,8.048532,11.1538315,7,0,0,00:00.0,00:00.0,uploads\b67551bc-3737-11f0-85b7-581122bb7f2c\20210419T220000+1000_REC_146.wav,False,0,0,0,0,0,0,0,0,0,0,0,0,rain (light),-5.982408,1.4778004,0.39628574,0.6536994,-0.02141014,0.26281062,0.008538724,0.2281516,0.032507658,0.21670783,0.08781403,0.21339372,0.12746726
7.858447,7.8903065,11.335804,7,0,0,00:00.0,00:00.0,uploads\b67551bc-3737-11f0-85b7-581122bb7f2c\20210419T220000+1000_REC_147.wav,False,0,0,0,0,0,0,0,0,0,0,0,0,rain (light),-5.9947767,1.4186835,0.33326843,0.6938885,0.030314228,0.29143226,0.054122876,0.25498018,0.0076524704,0.18193717,0.0863739,0.20296887,0.12607971
8.025158,7.7383795,11.147855,7,0,0,00:00.0,00:00.0,uploads\b67551bc-3737-11f0-85b7-581122bb7f2c\20210419T220000+1000_REC_148.wav,False,0,0,0,0,0,0,0,0,0,0,0,0,rain (light),-6.0263224,1.246844,0.31022325,0.7480319,0.061925314,0.27935085,0.052016314,0.25749162,0.04247559,0.19824338,0.09593471,0.16535702,0.10049414
8.057296,8.1800785,11.607401,7,0,0,00:00.0,00:00.0,uploads\b67551bc-3737-11f0-85b7-581122bb7f2c\20210419T220000+1000_REC_149.wav,False,0,0,0,0,0,0,0,0,0,0,0,0,rain (light),-6.002349,1.333488,0.35273388,0.78298384,0.021457436,0.28329906,0.030372368,0.2863632,0.03546542,0.19508925,0.044582993,0.1440981,0.078734
8.275365,8.738776,11.471645,7,0,0,00:00.0,00:00.0,uploads\b67551bc-3737-11f0-85b7-581122bb7f2c\20210419T220000+1000_REC_150.wav,False,0,0,0,0,0,0,0,0,0,0,0,0,rain (light),-5.9766154,1.4397204,0.29966295,0.7950447,-0.113695905,0.26902154,0.027397202,0.30618745,0.019160606,0.20378931,0.034198273,0.14495441,0.07931243
8.140665,9.325741,11.466017,7,0,0,00:00.0,00:00.0,uploads\b67551bc-3737-11f0-85b7-581122bb7f2c\20210419T220000+1000_REC_151.wav,False,0,0,0,0,0,0,0,0,0,0,0,0,rain (light),-5.9318695,1.5000478,0.38716853,0.9415774,-0.2465657,0.24239847,-0.04687156,0.31408367,-0.051092986,0.19043313,0.0047364607,0.11134053,0.013697126
8.120564,9.328957,11.430181,7,0,0,00:00.0,00:00.0,uploads\b67551bc-3737-11f0-85b7-581122bb7f2c\20210419T220000+1000_REC_152.wav,False,0,0,0,0,0,0,0,0,0,0,0,0,rain (light),-5.9334064,1.5168056,0.39987016,0.9315511,-0.16645533,0.25143942,-0.04843936,0.31762168,-0.011308936,0.20684354,0.01332682,0.13083895,0.08692489
8.212033,8.995283,11.894802,7,0,0,00:00.0,00:00.0,uploads\b67551bc-3737-11f0-85b7-581122bb7f2c\20210419T220000+1000_REC_154.wav,False,0,0,0,0,0,0,0,0,0,0,0,0,rain (light),-5.9527607,1.5728296,0.3554506,0.7212571,-0.068858124,0.28905645,0.021228354,0.28528833,0.0774906,0.1874397,-0.024078276,0.13236198,0.060232162
8.209089,8.989324,11.893337,7,0,0,00:00.0,00:00.0,uploads\b67551bc-3737-11f0-85b7-581122bb7f2c\20210419T220000+1000_REC_155.wav,False,0,0,0,0,0,0,0,0,0,0,0,0,rain (light),-5.958883,1.5317432,0.38387007,0.7448364,-0.07158091,0.27875385,0.023703633,0.30951798,0.07157089,0.18178304,0.01615897,0.13153736,0.038913418
8.208169,9.071205,11.865094,7,0,0,00:00.0,00:00.0,uploads\b67551bc-3737-11f0-85b7-581122bb7f2c\20210419T220000+1000_REC_156.wav,False,0,0,0,0,0,0,0,0,0,0,0,0,rain (light),-5.9450526,1.5801715,0.3746401,0.76850957,-0.08556255,0.29108328,-0.0050344467,0.26580045,0.029991904,0.15775687,-0.002831734,0.1306626,0.04419662
8.210949,9.02373,11.891824,7,0,0,00:00.0,00:00.0,uploads\b67551bc-3737-11f0-85b7-581122bb7f2c\20210419T220000+1000_REC_157.wav,False,0,0,0,0,0,0,0,0,0,0,0,0,rain (light),-5.944957,1.5493777,0.39113972,0.7927308,-0.12681414,0.32420567,0.012747046,0.29967293,-0.007117337,0.17853498,0.012948808,0.13439934,0.028644696
8.2093,9.047478,11.861717,7,0,0,00:00.0,00:00.0,uploads\b67551bc-3737-11f0-85b7-581122bb7f2c\20210419T220000+1000_REC_158.wav,False,0,0,0,0,0,0,0,0,0,0,0,0,rain (light),-5.9777746,1.4528599,0.37955263,0.7424321,-0.08402295,0.28892025,-0.005571239,0.26119176,0.026765425,0.17948525,0.013311887,0.109926134,0.04188799
8.184717,9.131992,11.809521,7,0,0,00:00.0,00:00.0,uploads\b67551bc-3737-11f0-85b7-581122bb7f2c\20210419T220000+1000_REC_159.wav,False,0,0,0,0,0,0,0,0,0,0,0,0,rain (light),-5.921042,1.6637762,0.3816989,0.7716807,-0.11880087,0.27230385,-0.06314338,0.2565229,0.054363072,0.20685966,0.0015151647,0.14263724,0.03535891
8.219308,8.443481,11.38118,7,0,0,00:00.0,00:00.0,uploads\b67551bc-3737-11f0-85b7-581122bb7f2c\20210419T220000+1000_REC_160.wav,False,0,0,0,0,0,0,0,0,0,0,0,0,rain (light),-5.9996133,1.4011034,0.38064334,0.6353739,-0.07807253,0.26651135,-0.033119548,0.26137906,0.069905415,0.19371681,0.005081426,0.15935159,0.07226952
8.214048,8.991229,11.916665,7,0,0,00:00.0,00:00.0,uploads\b67551bc-3737-11f0-85b7-581122bb7f2c\20210419T220000+1000_REC_164.wav,False,0,0,0,0,0,0,0,0,0,0,0,0,rain (light),-5.933446,1.6219084,0.4002135,0.72569984,-0.12617563,0.32782713,0.0031978092,0.3266631,0.08049199,0.17229514,1.9848354e-05,0.12416366,0.046738487
7.5113993,7.1966662,9.864799,7,0,0,00:00.0,00:00.0,uploads\b67551bc-3737-11f0-85b7-581122bb7f2c\20210419T220000+1000_REC_165.wav,False,0,0,0,0,0,0,0,0,0,0,0,0,rain (light),-6.0813184,1.0476377,0.3993916,0.49489966,0.100429505,0.18755828,0.14689137,0.2107355,0.18705061,0.13509862,0.13301222,0.11305455,0.16689858
7.5212207,7.2249527,9.885386,7,0,0,00:00.0,00:00.0,uploads\b67551bc-3737-11f0-85b7-581122bb7f2c\20210419T220000+1000_REC_166.wav,False,0,0,0,0,0,0,0,0,0,0,0,0,rain (light),-6.0852137,1.0105323,0.30566382,0.545621,0.05831445,0.22145309,0.118027456,0.2723252,0.16979584,0.17619003,0.0994985,0.12906265,0.15649007
7.6199384,7.2347136,10.488534,7,0,0,00:00.0,00:00.0,uploads\b67551bc-3737-11f0-85b7-581122bb7f2c\20210419T220000+1000_REC_167.wav,False,0,0,0,0,0,0,0,0,0,0,0,0,rain (light),-6.0487375,1.1645364,0.2925384,0.63612396,0.04564118,0.33915448,0.08297833,0.30244952,0.12178085,0.22293606,0.08710153,0.18361548,0.114152044
7.6455917,7.22652,10.550314,7,0,0,00:00.0,00:00.0,uploads\b67551bc-3737-11f0-85b7-581122bb7f2c\20210419T220000+1000_REC_170.wav,False,0,0,0,0,0,0,0,0,0,0,0,0,rain (light),-6.0291805,1.2433084,0.48161778,0.6160395,0.17403993,0.34469914,0.12367142,0.2411707,0.11919728,0.19100608,0.07422023,0.1456421,0.08660544
8.011025,7.949166,11.447254,7,0,0,00:00.0,00:00.0,uploads\b67551bc-3737-11f0-85b7-581122bb7f2c\20210419T220000+1000_REC_188.wav,False,0,0,0,0,0,0,0,0,0,0,0,0,rain (light),-5.9695787,1.4869888,0.47470614,0.710017,0.075832866,0.2983675,0.101767674,0.28546673,0.12732366,0.22243667,0.059037123,0.15093605,0.071153834
7.7541447,7.639903,10.914381,7,0,0,00:00.0,00:00.0,uploads\b67551bc-3737-11f0-85b7-581122bb7f2c\20210419T220000+1000_REC_189.wav,False,0,0,0,0,0,0,0,0,0,0,0,0,rain (light),-5.997305,1.3960327,0.48168972,0.6502798,0.09204548,0.26432627,0.021426829,0.23032223,0.091931984,0.22537838,0.110097386,0.19167493,0.12996903
7.6525116,7.3354673,10.721994,7,0,0,00:00.0,00:00.0,uploads\b67551bc-3737-11f0-85b7-581122bb7f2c\20210419T220000+1000_REC_190.wav,False,0,0,0,0,0,0,0,0,0,0,0,0,rain (light),-6.022981,1.2817326,0.45500505,0.63009894,0.09587985,0.28939605,0.08979924,0.259076,0.12382782,0.21922961,0.14700751,0.19022748,0.11739982
7.633756,7.2250223,10.562837,7,0,0,00:00.0,00:00.0,uploads\b67551bc-3737-11f0-85b7-581122bb7f2c\20210419T220000+1000_REC_191.wav,False,0,0,0,0,0,0,0,0,0,0,0,0,rain (light),-6.036181,1.2039002,0.4310443,0.6195017,0.14606473,0.3404965,0.14957182,0.3012369,0.16664517,0.23604114,0.119346984,0.15024406,0.07747704
7.657695,7.3759203,10.743093,7,0,0,00:00.0,00:00.0,uploads\b67551bc-3737-11f0-85b7-581122bb7f2c\20210419T220000+1000_REC_192.wav,False,0,0,0,0,0,0,0,0,0,0,0,0,rain (light),-6.0322394,1.2448025,0.45365253,0.60872203,0.058166012,0.29998073,0.07144939,0.23046878,0.089062534,0.20336267,0.14736566,0.21546009,0.13293274
7.64952,7.333921,10.743294,7,0,0,00:00.0,00:00.0,uploads\b67551bc-3737-11f0-85b7-581122bb7f2c\20210419T220000+1000_REC_193.wav,False,0,0,0,0,0,0,0,0,0,0,0,0,rain (light),-6.020663,1.3052037,0.4030398,0.63007504,0.057299245,0.27692923,0.051469058,0.2634698,0.14329454,0.2538222,0.10582201,0.19147627,0.11776122
7.7973866,8.639207,10.614464,7,0,0,00:00.0,00:00.0,uploads\b67551bc-3737-11f0-85b7-581122bb7f2c\20210419T220000+1000_REC_194.wav,True,0,0,0,0,0,0,1,0,1,0,0,0,rain (light),-5.959219,1.5509871,0.49525616,0.65806484,-0.03545467,0.21531066,-0.057297923,0.20083494,0.033218227,0.16337606,0.060411125,0.2271793,0.17599544
8.160191,8.192895,11.244291,7,0,0,00:00.0,00:00.0,uploads\b67551bc-3737-11f0-85b7-581122bb7f2c\20210419T220000+1000_REC_195.wav,False,0,0,0,0,0,0,0,0,0,0,0,0,rain (light),-5.9958324,1.419523,0.42126736,0.63457054,-0.027932327,0.2703335,0.005703488,0.24738936,0.08819318,0.20028582,0.046238396,0.18952265,0.13688338
8.007673,8.264767,11.136395,7,0,0,00:00.0,00:00.0,uploads\b67551bc-3737-11f0-85b7-581122bb7f2c\20210419T220000+1000_REC_196.wav,False,0,0,0,0,0,0,0,0,0,0,0,0,rain (light),-5.9849863,1.4304612,0.4570275,0.69906384,-0.036770042,0.25406542,-0.009560128,0.25635883,0.07006749,0.19752382,0.07459422,0.20675017,0.12391109
8.016553,7.778676,11.166508,7,0,0,00:00.0,00:00.0,uploads\b67551bc-3737-11f0-85b7-581122bb7f2c\20210419T220000+1000_REC_197.wav,True,0,0,0,0,0,0,0,0,1,0,0,0,rain (light),-6.0017114,1.3550005,0.37256593,0.73706234,0.010606843,0.26351193,0.042760916,0.30244747,0.08175497,0.21726425,0.07943001,0.17206572,0.119082265
7.6533275,7.3372326,10.736178,7,0,0,00:00.0,00:00.0,uploads\b67551bc-3737-11f0-85b7-581122bb7f2c\20210419T220000+1000_REC_198.wav,False,0,0,0,0,0,0,0,0,0,0,0,0,rain (light),-6.01915,1.3056401,0.40603,0.61380273,0.048600648,0.31510162,0.08819384,0.29349673,0.12847094,0.2450551,0.1289293,0.22188202,0.12928799
7.632775,7.2441406,10.570764,7,0,0,00:00.0,00:00.0,uploads\b67551bc-3737-11f0-85b7-581122bb7f2c\20210419T220000+1000_REC_199.wav,False,0,0,0,0,0,0,0,0,0,0,0,0,rain (light),-6.049669,1.1873195,0.38132206,0.5439505,0.096261844,0.33470064,0.11270173,0.2678304,0.14733762,0.23571177,0.114879206,0.17789236,0.10658696
7.635537,7.275983,10.653267,7,0,0,00:00.0,00:00.0,uploads\b67551bc-3737-11f0-85b7-581122bb7f2c\20210419T220000+1000_REC_200.wav,False,0,0,0,0,0,0,0,0,0,0,0,0,rain (light),-6.0375824,1.2438921,0.38015398,0.585054,0.05848214,0.29422393,0.081819214,0.27483517,0.11564954,0.23569165,0.11391888,0.17708814,0.11870121
8.171002,8.186705,11.233929,7,0,0,00:00.0,00:00.0,uploads\b67551bc-3737-11f0-85b7-581122bb7f2c\20210419T220000+1000_REC_201.wav,True,0,0,0,0,0,0,0,0,1,0,0,0,rain (light),-5.9863567,1.4660493,0.39399526,0.61670774,-0.04755991,0.27384576,0.043028016,0.3004861,0.0824457,0.18203752,0.031687856,0.21680205,0.14449634
8.162707,8.167244,11.246178,7,0,0,00:00.0,00:00.0,uploads\b67551bc-3737-11f0-85b7-581122bb7f2c\20210419T220000+1000_REC_202.wav,False,0,0,0,0,0,0,0,0,0,0,0,0,rain (light),-5.988906,1.456412,0.40322307,0.6336965,0.03454662,0.280827,0.020816732,0.27243325,0.11774545,0.20650709,0.038342718,0.16948153,0.11506636
7.845144,7.660703,11.03336,7,0,0,00:00.0,00:00.0,uploads\b67551bc-3737-11f0-85b7-581122bb7f2c\20210419T220000+1000_REC_203.wav,False,0,0,0,0,0,0,0,0,0,0,0,0,rain (light),-6.008874,1.3692877,0.39237148,0.63803226,0.05012461,0.27962616,0.031229544,0.25903702,0.07707216,0.18077838,0.07116514,0.19961594,0.117668495
7.691155,7.5495777,10.566833,7,0,0,00:00.0,00:00.0,uploads\b67551bc-3737-11f0-85b7-581122bb7f2c\20210419T220000+1000_REC_204.wav,True,0,0,0,0,0,0,1,0,1,0,0,0,rain (light),-6.0442033,1.2315917,0.37500638,0.55885494,0.026252715,0.22784717,0.039258607,0.24876627,0.101588376,0.2364274,0.101417035,0.16648924,0.13538136
7.6537757,8.562854,10.407534,7,0,0,00:00.0,00:00.0,uploads\b67551bc-3737-11f0-85b7-581122bb7f2c\20210419T220000+1000_REC_205.wav,False,0,0,0,0,0,0,0,0,0,0,0,0,rain (light),-5.9902425,1.4598875,0.4493806,0.58135027,-0.022756718,0.18408045,-0.032519106,0.19253077,0.06278918,0.22475499,0.129505,0.25252777,0.16291817
7.8773026,7.6874127,11.187257,7,0,0,00:00.0,00:00.0,uploads\b67551bc-3737-11f0-85b7-581122bb7f2c\20210419T220000+1000_REC_206.wav,False,0,0,0,0,0,0,0,0,0,0,0,0,rain (light),-6.010985,1.366908,0.4018655,0.61202985,0.06448509,0.2847897,0.04461974,0.27197456,0.07184876,0.20115377,0.08445577,0.17352626,0.08342843
7.6422753,7.296106,10.632109,7,0,0,00:00.0,00:00.0,uploads\b67551bc-3737-11f0-85b7-581122bb7f2c\20210419T220000+1000_REC_207.wav,True,0,0,0,0,0,0,0,0,1,0,0,0,rain (light),-6.0472417,1.2151392,0.3740591,0.5433421,0.05032702,0.28849512,0.050580118,0.24499306,0.10139048,0.23427075,0.12144662,0.17776105,0.09648024
7.714739,7.602387,10.749703,7,0,0,00:00.0,00:00.0,uploads\b67551bc-3737-11f0-85b7-581122bb7f2c\20210419T220000+1000_REC_208.wav,False,0,0,0,0,0,0,0,0,0,0,0,0,rain (light),-6.033533,1.2467915,0.37337756,0.64315337,0.036872353,0.27272114,0.02284922,0.24777648,0.066670395,0.20201212,0.10524021,0.20115262,0.12958735
7.720586,7.59972,10.75324,7,0,0,00:00.0,00:00.0,uploads\b67551bc-3737-11f0-85b7-581122bb7f2c\20210419T220000+1000_REC_209.wav,False,0,0,0,0,0,0,0,0,0,0,0,0,rain (light),-6.0278034,1.2728581,0.35894144,0.65198463,0.00294655,0.27214664,0.010591667,0.24288553,0.070320204,0.21564117,0.10215115,0.19102491,0.14557914
7.693764,7.7451673,10.846967,7,0,0,00:00.0,00:00.0,uploads\b67551bc-3737-11f0-85b7-581122bb7f2c\20210419T220000+1000_REC_210.wav,False,0,0,0,0,0,0,0,0,0,0,0,0,rain (light),-6.012414,1.3585072,0.37111828,0.62738425,0.018311843,0.28005844,0.008726172,0.22080295,0.047085255,0.19433752,0.11112018,0.23112457,0.11962428
7.9088345,8.44999,11.263892,7,0,0,00:00.0,00:00.0,uploads\b67551bc-3737-11f0-85b7-581122bb7f2c\20210419T220000+1000_REC_211.wav,False,0,0,0,0,0,0,0,0,0,0,0,0,rain (light),-5.967707,1.5078841,0.3957185,0.7407016,0.004610341,0.25431272,-0.037910957,0.23328307,0.03973063,0.18395719,0.085023634,0.18931004,0.096640185
8.014193,7.8913264,11.212271,7,0,0,00:00.0,00:00.0,uploads\b67551bc-3737-11f0-85b7-581122bb7f2c\20210419T220000+1000_REC_212.wav,False,0,0,0,0,0,0,0,0,0,0,0,0,rain (light),-6.00217,1.365631,0.36153933,0.72772837,-0.014398196,0.22868498,0.017335322,0.27493167,0.078305945,0.20997804,0.09367749,0.18544815,0.10588094
8.023058,8.328513,11.467723,7,0,0,00:00.0,00:00.0,uploads\b67551bc-3737-11f0-85b7-581122bb7f2c\20210419T220000+1000_REC_213.wav,False,0,0,0,0,0,0,0,0,0,0,0,0,rain (light),-5.987405,1.4018267,0.3435552,0.78780353,-0.05347374,0.26874715,0.03301708,0.24374415,0.016886389,0.20246759,0.08266545,0.19572827,0.08732501
8.2769165,8.940725,11.311194,7,0,0,00:00.0,00:00.0,uploads\b67551bc-3737-11f0-85b7-581122bb7f2c\20210419T220000+1000_REC_214.wav,True,0,0,0,0,0,0,0,0,1,0,0,0,rain (light),-5.9752793,1.4385265,0.3280288,0.80746096,-0.11122632,0.25168362,0.0061992584,0.30432203,0.002022466,0.16790769,0.06502917,0.14864229,0.10169827
8.309338,8.856481,11.415151,7,0,0,00:00.0,00:00.0,uploads\b67551bc-3737-11f0-85b7-581122bb7f2c\20210419T220000+1000_REC_215.wav,False,0,0,0,0,0,0,0,0,0,0,0,0,rain (light),-5.974832,1.4212906,0.3458309,0.8463199,-0.06733823,0.25010964,0.009110925,0.300597,0.031509764,0.19267528,0.015996262,0.14357485,0.08469807
7.991595,8.422375,11.361529,7,0,0,00:00.0,00:00.0,uploads\b67551bc-3737-11f0-85b7-581122bb7f2c\20210419T220000+1000_REC_216.wav,False,0,0,0,0,0,0,0,0,0,0,0,0,rain (light),-5.9736037,1.4556396,0.32299674,0.8038336,-0.07695935,0.22890556,-0.01973185,0.26817092,0.041712385,0.20697159,0.0925368,0.20218727,0.08921163
7.887651,8.6664095,10.701505,7,0,0,00:00.0,00:00.0,uploads\b67551bc-3737-11f0-85b7-581122bb7f2c\20210419T220000+1000_REC_217.wav,False,0,0,0,0,0,0,0,0,0,0,0,0,rain (light),-5.9886875,1.3993484,0.38719982,0.7519578,-0.087979265,0.20716456,-0.04329991,0.2655102,0.029776877,0.17913756,0.042955298,0.19824381,0.15241185
7.718145,8.632017,10.4339485,7,0,0,00:00.0,00:00.0,uploads\b67551bc-3737-11f0-85b7-581122bb7f2c\20210419T220000+1000_REC_218.wav,False,0,0,0,0,0,0,0,0,0,0,0,0,rain (light),-6.004977,1.3273708,0.4676146,0.69084287,-0.10631829,0.11154856,-0.07659417,0.15087856,-0.05720572,0.13808952,0.111342594,0.21860239,0.1977266
7.824327,8.620127,10.582277,7,0,0,00:00.0,00:00.0,uploads\b67551bc-3737-11f0-85b7-581122bb7f2c\20210419T220000+1000_REC_219.wav,False,0,0,0,0,0,0,0,0,0,0,0,0,rain (light),-5.9844556,1.4555873,0.3672139,0.6884041,-0.13091719,0.17223841,-0.017714398,0.22296304,0.05687103,0.21313435,0.102094516,0.19986834,0.13310236
7.831649,7.6377625,11.186903,7,0,0,00:00.0,00:00.0,uploads\b67551bc-3737-11f0-85b7-581122bb7f2c\20210419T220000+1000_REC_220.wav,False,0,0,0,0,0,0,0,0,0,0,0,0,rain (light),-6.014798,1.3358636,0.33176434,0.65242237,-0.025923647,0.28802684,0.049706608,0.28645772,0.07371313,0.2193305,0.10232132,0.1895247,0.08292368
7.8409495,7.6241937,11.172036,7,0,0,00:00.0,00:00.0,uploads\b67551bc-3737-11f0-85b7-581122bb7f2c\20210419T220000+1000_REC_221.wav,False,0,0,0,0,0,0,0,0,0,0,0,0,rain (light),-6.0157175,1.3016341,0.36956984,0.67297345,-0.052820593,0.3179467,0.060079206,0.2882531,0.08171802,0.2544328,0.10862383,0.18881042,0.099631704
7.917221,7.7969174,11.279911,7,0,0,00:00.0,00:00.0,uploads\b67551bc-3737-11f0-85b7-581122bb7f2c\20210419T220000+1000_REC_222.wav,False,0,0,0,0,0,0,0,0,0,0,0,0,rain (light),-5.9988894,1.3791127,0.346714,0.71040595,-0.0509273,0.25870153,0.04488437,0.30135342,0.095322296,0.24627231,0.10488202,0.18192054,0.06955928
8.04205,8.275259,11.463943,7,0,0,00:00.0,00:00.0,uploads\b67551bc-3737-11f0-85b7-581122bb7f2c\20210419T220000+1000_REC_223.wav,False,0,0,0,0,0,0,0,0,0,0,0,0,rain (light),-5.992786,1.3942814,0.3915689,0.7313145,-0.015986694,0.26462942,-0.010747441,0.27075982,0.08318757,0.23792145,0.088407665,0.16391267,0.07838619
8.233926,8.521914,11.402923,7,0,0,00:00.0,00:00.0,uploads\b67551bc-3737-11f0-85b7-581122bb7f2c\20210419T220000+1000_REC_224.wav,False,0,0,0,0,0,0,0,0,0,0,0,0,rain (light),-5.974194,1.491624,0.34731975,0.6920242,-0.1299986,0.23166841,0.037522867,0.33349845,0.06794001,0.20020084,0.05527222,0.1484973,0.080501355
8.260895,8.776973,11.360649,7,0,0,00:00.0,00:00.0,uploads\b67551bc-3737-11f0-85b7-581122bb7f2c\20210419T220000+1000_REC_225.wav,True,0,0,0,0,0,0,0,0,1,0,0,0,rain (light),-5.9901724,1.3810054,0.36020315,0.79225457,-0.06665125,0.26515922,-0.012021315,0.25687835,0.023413384,0.18779425,0.066266924,0.16244605,0.11166461
8.231294,8.641236,11.499004,7,0,0,00:00.0,00:00.0,uploads\b67551bc-3737-11f0-85b7-581122bb7f2c\20210419T220000+1000_REC_226.wav,False,0,0,0,0,0,0,0,0,0,0,0,0,rain (light),-5.9719343,1.444771,0.3636531,0.818621,-0.08815223,0.26700953,0.014438392,0.26200157,0.014329854,0.22299185,0.057534806,0.15719911,0.079530545
8.251218,8.97344,11.2815695,7,0,0,00:00.0,00:00.0,uploads\b67551bc-3737-11f0-85b7-581122bb7f2c\20210419T220000+1000_REC_227.wav,False,0,0,0,0,0,0,0,0,0,0,0,0,rain (light),-5.994967,1.3636265,0.36691812,0.77177787,-0.1116871,0.21280356,0.001433252,0.2817562,7.518998e-05,0.16314574,0.031926174,0.15048234,0.08334455
7.9332314,8.902012,10.762665,7,0,0,00:00.0,00:00.0,uploads\b67551bc-3737-11f0-85b7-581122bb7f2c\20210419T220000+1000_REC_228.wav,True,0,1,0,0,0,0,0,0,1,0,0,0,rain (light),-5.9724283,1.4010534,0.39830408,0.8564213,-0.18320017,0.18908665,-0.03987957,0.22288056,-0.036500186,0.1853189,0.008379745,0.15317772,0.13671702
8.247189,8.993175,11.271635,7,0,0,00:00.0,00:00.0,uploads\b67551bc-3737-11f0-85b7-581122bb7f2c\20210419T220000+1000_REC_229.wav,False,0,0,0,0,0,0,0,0,0,0,0,0,rain (light),-5.9849544,1.4057331,0.39317814,0.75655687,-0.14227593,0.22565264,-0.031133264,0.27629507,0.0045602582,0.1671013,0.044873726,0.14033735,0.08923695
8.079206,9.301904,11.449897,7,0,0,00:00.0,00:00.0,uploads\b67551bc-3737-11f0-85b7-581122bb7f2c\20210419T220000+1000_REC_230.wav,False,0,0,0,0,0,0,0,0,0,0,0,0,rain (light),-5.9447455,1.5303677,0.43392235,0.7938848,-0.23120879,0.25292787,-0.061187737,0.2602344,0.002295147,0.20711964,0.04153082,0.1344537,0.06385468
8.135605,9.326269,11.487915,7,0,0,00:00.0,00:00.0,uploads\b67551bc-3737-11f0-85b7-581122bb7f2c\20210419T220000+1000_REC_231.wav,True,0,1,0,0,0,0,0,0,1,0,0,0,rain (light),-5.91528,1.6117097,0.43790764,0.86463404,-0.22893852,0.21747208,-0.040855814,0.3250372,0.0042828727,0.16309428,0.0039240126,0.15246543,0.05550467
8.157561,9.3083725,11.487797,7,0,0,00:00.0,00:00.0,uploads\b67551bc-3737-11f0-85b7-581122bb7f2c\20210419T220000+1000_REC_233.wav,True,0,0,0,0,0,0,0,0,1,0,0,0,rain (light),-5.9504466,1.5178095,0.36799297,0.83265525,-0.183153,0.21844602,-0.021687085,0.26113382,-0.023597794,0.13338639,0.009008594,0.12271431,0.04775838
8.0915785,9.2235,11.3920765,7,0,0,00:00.0,00:00.0,uploads\b67551bc-3737-11f0-85b7-581122bb7f2c\20210419T220000+1000_REC_234.wav,False,0,0,0,0,0,0,0,0,0,0,0,0,rain (light),-5.939228,1.5557731,0.3698792,0.81395155,-0.24349648,0.19589706,-0.07100536,0.2878253,0.032903876,0.21704428,0.037198283,0.13554905,0.0792758
8.131994,9.349056,11.465439,7,0,0,00:00.0,00:00.0,uploads\b67551bc-3737-11f0-85b7-581122bb7f2c\20210419T220000+1000_REC_235.wav,False,0,0,0,0,0,0,0,0,0,0,0,0,rain (light),-5.9118195,1.5813057,0.38492265,0.9343189,-0.26912346,0.25612882,-0.046203323,0.32533622,-0.025116993,0.21007012,-0.016152512,0.10218018,0.0705265
8.125,9.277294,11.3815775,7,0,0,00:00.0,00:00.0,uploads\b67551bc-3737-11f0-85b7-581122bb7f2c\20210419T220000+1000_REC_236.wav,False,0,0,0,0,0,0,0,0,0,0,0,0,rain (light),-5.9699035,1.3793083,0.3949813,0.8708578,-0.21746239,0.23530336,-0.07666505,0.2985425,-0.013743396,0.22968738,0.046637513,0.17569537,0.10421104
7.9183497,8.883431,10.735946,7,0,0,00:00.0,00:00.0,uploads\b67551bc-3737-11f0-85b7-581122bb7f2c\20210419T220000+1000_REC_237.wav,False,0,0,0,0,0,0,0,0,0,0,0,0,rain (light),-5.951559,1.4981058,0.44717702,0.79726946,-0.23002943,0.16396177,-0.10699473,0.22278279,-0.038572885,0.16764712,0.012096455,0.1592306,0.119090386
7.8430195,8.541615,10.517576,7,0,0,00:00.0,00:00.0,uploads\b67551bc-3737-11f0-85b7-581122bb7f2c\20210419T220000+1000_REC_238.wav,False,0,0,0,0,0,0,0,0,0,0,0,0,rain (light),-6.013969,1.3034708,0.40826446,0.6768366,-0.16999288,0.13166866,-0.056708228,0.21337645,0.036703467,0.19236548,0.06279338,0.14998545,0.13597085
7.8844066,8.79519,10.684564,7,0,0,00:00.0,00:00.0,uploads\b67551bc-3737-11f0-85b7-581122bb7f2c\20210419T220000+1000_REC_239.wav,False,0,0,0,0,0,0,0,0,0,0,0,0,rain (light),-5.944277,1.5379862,0.43604404,0.7898444,-0.20784305,0.18789536,-0.0769956,0.2605902,0.0017847124,0.21700121,0.054374374,0.19912936,0.15711707
8.209683,9.079625,11.827027,7,0,0,00:00.0,00:00.0,uploads\b67551bc-3737-11f0-85b7-581122bb7f2c\20210419T220000+1000_REC_240.wav,False,0,0,0,0,0,0,0,0,0,0,0,0,rain (light),-5.9604645,1.5038971,0.3578134,0.78804386,-0.13115016,0.2608278,-0.02104207,0.27903038,0.018368095,0.20452647,0.03023036,0.094544835,0.069423206
7.896536,8.471748,11.268537,7,0,0,00:00.0,00:00.0,uploads\b67551bc-3737-11f0-85b7-581122bb7f2c\20210419T220000+1000_REC_241.wav,False,0,0,0,0,0,0,0,0,0,0,0,0,rain (light),-5.952313,1.5483503,0.38851836,0.76598674,-0.10397384,0.245785,-0.07879634,0.20820312,-0.03248039,0.17223877,0.082999855,0.16810794,0.08535972
7.8593855,8.705846,10.636273,7,0,0,00:00.0,00:00.0,uploads\b67551bc-3737-11f0-85b7-581122bb7f2c\20210419T220000+1000_REC_242.wav,False,0,0,0,0,0,0,0,0,0,0,0,0,rain (light),-5.95884,1.5295873,0.40220493,0.7364996,-0.16356377,0.17928465,-0.061012655,0.18976134,0.0009126981,0.20281701,0.08965418,0.19176874,0.13513395
7.674119,8.581435,10.429872,7,0,0,00:00.0,00:00.0,uploads\b67551bc-3737-11f0-85b7-581122bb7f2c\20210419T220000+1000_REC_243.wav,True,0,0,0,0,0,0,1,0,1,0,0,0,rain (light),-5.9837747,1.4408997,0.39435315,0.6751935,-0.16297427,0.15008615,-0.072585486,0.18458322,0.038445126,0.23505263,0.14535461,0.25877893,0.16313179
8.008379,7.8133206,11.201714,7,0,0,00:00.0,00:00.0,uploads\b67551bc-3737-11f0-85b7-581122bb7f2c\20210419T220000+1000_REC_244.wav,False,0,0,0,0,0,0,0,0,0,0,0,0,rain (light),-6.0071445,1.3228133,0.36690432,0.7321613,-0.0931062,0.22759974,0.028960388,0.29550138,0.08451155,0.2460617,0.10360067,0.17710607,0.12175958
8.037326,7.758043,11.1675625,7,0,0,00:00.0,00:00.0,uploads\b67551bc-3737-11f0-85b7-581122bb7f2c\20210419T220000+1000_REC_245.wav,False,0,0,0,0,0,0,0,0,0,0,0,0,rain (light),-6.0223937,1.2785059,0.3480432,0.7024174,-0.021460483,0.26248655,0.051755868,0.27345505,0.06532905,0.20616183,0.0818749,0.17700733,0.11070669
8.017739,8.459327,11.098062,7,0,0,00:00.0,00:00.0,uploads\b67551bc-3737-11f0-85b7-581122bb7f2c\20210419T220000+1000_REC_246.wav,True,0,0,0,0,0,0,0,0,1,0,0,0,rain (light),-5.9726634,1.5036106,0.4251064,0.66837454,-0.100632384,0.22116719,-0.027254459,0.2387131,0.07294907,0.19440302,0.02828651,0.17927016,0.13472745
7.956411,8.432377,11.098664,7,0,0,00:00.0,00:00.0,uploads\b67551bc-3737-11f0-85b7-581122bb7f2c\20210419T220000+1000_REC_247.wav,False,0,0,0,0,0,0,0,0,0,0,0,0,rain (light),-5.9627,1.5367194,0.48667476,0.6640431,-0.061000895,0.22908622,-0.025657207,0.22431964,0.06064279,0.19719635,0.04793292,0.19884504,0.12214068
7.694092,7.815468,10.038056,7,0,0,00:00.0,00:00.0,uploads\b67551bc-3737-11f0-85b7-581122bb7f2c\20210419T220000+1000_REC_248.wav,False,0,0,0,0,0,0,0,0,0,0,0,0,rain (light),-6.0214725,1.3504328,0.44942808,0.5199955,-0.07032197,0.13856617,0.009217426,0.178515,0.109584704,0.16464452,0.08039874,0.14331496,0.14973618
8.131359,8.538431,11.167902,7,0,0,00:00.0,00:00.0,uploads\b67551bc-3737-11f0-85b7-581122bb7f2c\20210419T220000+1000_REC_249.wav,False,0,0,0,0,0,0,0,0,0,0,0,0,rain (light),-5.9544816,1.5858961,0.40509963,0.6519182,-0.13274406,0.19666386,-0.045326356,0.24708386,0.07685682,0.19270937,0.005344343,0.15388876,0.1018824
7.5138054,7.202968,9.873358,7,0,0,00:00.0,00:00.0,uploads\b67551bc-3737-11f0-85b7-581122bb7f2c\20210419T220000+1000_REC_252.wav,True,0,0,0,0,0,0,0,0,1,0,0,0,rain (light),-6.0828567,1.0247027,0.32848346,0.5645484,0.068996444,0.19308622,0.13812608,0.23676828,0.12640134,0.14209965,0.12648907,0.10998526,0.15822095
7.6904964,7.754966,10.025966,7,0,0,00:00.0,00:00.0,uploads\b67551bc-3737-11f0-85b7-581122bb7f2c\20210419T220000+1000_REC_253.wav,False,0,0,0,0,0,0,0,0,0,0,0,0,rain (light),-6.048558,1.1925436,0.34491158,0.6336551,-0.022279227,0.1734212,0.04792282,0.21327154,0.052496195,0.14318201,0.10308763,0.13370244,0.14983271
8.141906,8.88689,11.227014,7,0,0,00:00.0,00:00.0,uploads\b67551bc-3737-11f0-85b7-581122bb7f2c\20210419T220000+1000_REC_254.wav,False,0,0,0,0,0,0,0,0,0,0,0,0,rain (light),-6.0102396,1.3038952,0.3468965,0.74943846,-0.10364373,0.18241529,-0.037080694,0.292638,0.036610875,0.20996545,0.10404095,0.14405218,0.08672798
8.238103,8.91246,11.308274,7,0,0,00:00.0,00:00.0,uploads\b67551bc-3737-11f0-85b7-581122bb7f2c\20210419T220000+1000_REC_255.wav,False,0,0,0,0,0,0,0,0,0,0,0,0,rain (light),-5.9986396,1.3345585,0.30607104,0.81272584,-0.08204083,0.23434694,0.0035537372,0.3043572,0.011230792,0.18198498,0.06923929,0.16303481,0.106897816
7.997332,8.287386,11.484377,7,0,0,00:00.0,00:00.0,uploads\b67551bc-3737-11f0-85b7-581122bb7f2c\20210419T220000+1000_REC_256.wav,False,0,0,0,0,0,0,0,0,0,0,0,0,rain (light),-5.997616,1.3702174,0.3872526,0.7392708,-0.024723317,0.27389625,-0.002409848,0.23313408,0.0474449,0.2243129,0.10445596,0.19717492,0.07390676
8.196416,8.454853,11.407409,7,0,0,00:00.0,00:00.0,uploads\b67551bc-3737-11f0-85b7-581122bb7f2c\20210419T220000+1000_REC_257.wav,False,0,0,0,0,0,0,0,0,0,0,0,0,rain (light),-6.004117,1.3427088,0.39748544,0.7263264,-0.066886194,0.25560457,-0.009402734,0.23811202,0.06685716,0.22219984,0.052861728,0.15410827,0.09839876
7.675266,7.720184,10.02388,7,0,0,00:00.0,00:00.0,uploads\b67551bc-3737-11f0-85b7-581122bb7f2c\20210419T220000+1000_REC_259.wav,False,0,0,0,0,0,0,0,0,0,0,0,0,rain (light),-6.0449142,1.2239218,0.3921593,0.57869047,-0.01062599,0.21775018,0.035182357,0.19824067,0.14010762,0.15358804,0.05633534,0.12913093,0.16319287
7.6838593,7.7657056,10.018066,7,0,0,00:00.0,00:00.0,uploads\b67551bc-3737-11f0-85b7-581122bb7f2c\20210419T220000+1000_REC_260.wav,False,0,0,0,0,0,0,0,0,0,0,0,0,rain (light),-6.041541,1.2569593,0.43284595,0.53314096,-0.005366418,0.1820466,0.055698354,0.18973666,0.1329986,0.13685197,0.08613456,0.12239449,0.14766566
8.230947,8.559451,11.338827,7,0,0,00:00.0,00:00.0,uploads\b67551bc-3737-11f0-85b7-581122bb7f2c\20210419T220000+1000_REC_261.wav,False,0,0,0,0,0,0,0,0,0,0,0,0,rain (light),-5.953184,1.598481,0.3669335,0.6498261,-0.12620522,0.23301214,-0.020757005,0.25447333,0.088166125,0.22061147,0.045707755,0.1490829,0.06324107
8.236438,8.513585,11.366777,7,0,0,00:00.0,00:00.0,uploads\b67551bc-3737-11f0-85b7-581122bb7f2c\20210419T220000+1000_REC_262.wav,False,0,0,0,0,0,0,0,0,0,0,0,0,rain (light),-5.9839163,1.4674886,0.34276503,0.6892918,-0.08291893,0.23753321,0.035645194,0.26286623,0.072247416,0.19697852,0.04146488,0.14796558,0.08851523
8.243804,8.95873,11.2656765,7,0,0,00:00.0,00:00.0,uploads\b67551bc-3737-11f0-85b7-581122bb7f2c\20210419T220000+1000_REC_263.wav,False,0,0,0,0,0,0,0,0,0,0,0,0,rain (light),-5.9633627,1.5124388,0.32277656,0.77867645,-0.15731867,0.18248232,0.019127099,0.2611615,0.027775012,0.17049314,0.07865119,0.16140176,0.10184254
7.6991954,7.797156,10.048806,7,0,0,00:00.0,00:00.0,uploads\b67551bc-3737-11f0-85b7-581122bb7f2c\20210419T220000+1000_REC_264.wav,True,0,0,0,0,0,0,0,0,1,0,0,0,rain (light),-6.0366435,1.2088524,0.34411588,0.6852961,-0.13503648,0.13002744,0.037675146,0.25846276,0.08470966,0.1816517,0.14176418,0.14563027,0.1486241
8.249476,8.574536,11.404899,7,0,0,00:00.0,00:00.0,uploads\b67551bc-3737-11f0-85b7-581122bb7f2c\20210419T220000+1000_REC_265.wav,False,0,0,0,0,0,0,0,0,0,0,0,0,rain (light),-5.966969,1.4817629,0.3414769,0.7738032,-0.17216922,0.2404529,0.032014795,0.29683822,0.069562025,0.22297484,0.052521136,0.14817847,0.06874569
7.7292356,7.8586726,10.779303,7,0,0,00:00.0,00:00.0,uploads\b67551bc-3737-11f0-85b7-581122bb7f2c\20210419T220000+1000_REC_266.wav,False,0,0,0,0,0,0,0,0,0,0,0,0,rain (light),-6.010652,1.3628571,0.36399886,0.64688885,-0.024874268,0.23865546,-0.001829968,0.23579566,0.066247456,0.18813147,0.109995,0.21367663,0.11618829
13.398015,10.230781,4.2984686,8,0,0,00:00.0,00:00.0,uploads\b67551bc-3737-11f0-85b7-581122bb7f2c\20210419T060000+1000_REC_142.wav,False,0,0,0,0,0,0,0,0,0,0,0,0,birds,-6.1030726,0.30018377,-0.45142484,0.22414589,0.5012801,0.08334354,-0.061866842,0.43194908,0.4840553,0.07718083,0.10948753,0.20794308,0.2586078
13.413494,10.196873,4.245109,8,0,0,00:00.0,00:00.0,uploads\b67551bc-3737-11f0-85b7-581122bb7f2c\20210419T080000+1000_REC_0.wav,False,0,0,0,0,0,0,0,0,0,0,0,0,birds,-6.1542273,0.25935522,0.21952997,0.26782238,0.08066538,0.30496925,0.2950074,0.15017483,0.31590515,0.13556394,0.12542792,0.29308558,0.13008371
13.412728,10.195772,4.2428436,8,0,0,00:00.0,00:00.0,uploads\b67551bc-3737-11f0-85b7-581122bb7f2c\20210419T080000+1000_REC_1.wav,False,0,0,0,0,0,0,0,0,0,0,0,0,birds,-6.1525764,0.31121743,0.2772934,0.3000057,0.14107805,0.2941269,0.2840507,0.15361926,0.2824444,0.16592626,0.15177673,0.29646465,0.15608269
13.413255,10.193796,4.2427707,8,0,0,00:00.0,00:00.0,uploads\b67551bc-3737-11f0-85b7-581122bb7f2c\20210419T080000+1000_REC_7.wav,False,0,0,0,0,0,0,0,0,0,0,0,0,birds,-6.151829,0.37969297,0.10502006,0.15892841,0.01308229,0.27751115,0.3292959,0.084767334,0.27830043,0.2537677,0.115044974,0.24333437,0.13656002
13.418046,10.203769,4.2464404,8,0,0,00:00.0,00:00.0,uploads\b67551bc-3737-11f0-85b7-581122bb7f2c\20210419T080000+1000_REC_64.wav,False,0,0,0,0,0,0,0,0,0,0,0,0,birds,-6.1560082,0.35168153,0.17797518,0.07187202,0.11712612,0.2714363,0.29669344,0.24597882,0.1253903,0.2230362,0.21322055,0.22463934,0.15234472
13.3909235,10.247948,4.3177176,8,0,0,00:00.0,00:00.0,uploads\b67551bc-3737-11f0-85b7-581122bb7f2c\20210419T080000+1000_REC_106.wav,False,0,0,0,0,0,0,0,0,0,0,0,0,birds,-6.147511,0.27608937,0.46573028,0.18805468,0.17629516,0.2860636,0.12000701,0.36790335,0.10367982,0.2818586,0.104360774,0.18853618,0.18184216
13.418377,10.232569,4.277151,8,0,0,00:00.0,00:00.0,uploads\b67551bc-3737-11f0-85b7-581122bb7f2c\20210419T080000+1000_REC_108.wav,False,0,0,0,0,0,0,0,0,0,0,0,0,birds,-6.14227,0.48012236,0.44559032,0.15964206,0.17480612,0.29581845,0.23885532,0.26430455,0.10098648,0.18792385,0.16125312,0.28029728,0.19983426
13.30471,10.256132,4.459574,8,0,0,00:00.0,00:00.0,uploads\b67551bc-3737-11f0-85b7-581122bb7f2c\20210419T080000+1000_REC_111.wav,False,0,0,0,0,0,0,0,0,0,0,0,0,birds,-6.1025753,0.8346622,0.5037461,0.0943484,0.06450896,0.19556342,0.23529002,0.36707592,0.12235991,0.3051546,0.01437167,0.30458298,-0.014942062
13.3236475,10.2551365,4.4294677,8,0,0,00:00.0,00:00.0,uploads\b67551bc-3737-11f0-85b7-581122bb7f2c\20210419T080000+1000_REC_113.wav,False,0,0,0,0,0,0,0,0,0,0,0,0,birds,-6.1277957,0.6901871,0.40457097,0.2831064,0.13753743,0.1724938,0.15882728,0.31230512,0.08202638,0.27768645,0.09392347,0.2774895,0.09885392
13.386272,10.229595,4.311971,8,0,0,00:00.0,00:00.0,uploads\b67551bc-3737-11f0-85b7-581122bb7f2c\20210419T080000+1000_REC_126.wav,True,0,1,0,0,0,0,0,0,0,0,0,0,birds,-6.1512575,0.075245455,-0.019733448,0.28467256,0.34597886,0.04937903,0.09492988,0.38333976,0.10316585,0.13836308,0.18910098,0.23069537,0.13033104
13.311507,10.2643,4.455651,8,0,0,00:00.0,00:00.0,uploads\b67551bc-3737-11f0-85b7-581122bb7f2c\20210419T080000+1000_REC_149.wav,False,0,0,0,0,0,0,0,0,0,0,0,0,birds,-6.115343,0.64486355,0.6038265,0.13305062,0.10129425,0.2334627,0.05316512,0.3131758,-0.009166797,0.3109547,0.005912856,0.32562253,0.04416109
13.312156,10.195601,4.3295035,8,0,0,00:00.0,00:00.0,uploads\b67551bc-3737-11f0-85b7-581122bb7f2c\20210419T080000+1000_REC_172.wav,False,0,0,0,0,0,0,0,0,0,0,0,0,birds,-6.1287184,0.7236204,0.06849943,0.3509507,0.10433207,0.12914914,0.16600385,0.3582009,0.21358296,0.14606008,0.15646474,0.13813414,0.24563867
13.396724,10.238009,4.3153143,8,0,0,00:00.0,00:00.0,uploads\b67551bc-3737-11f0-85b7-581122bb7f2c\20210419T080000+1000_REC_174.wav,False,0,0,0,0,0,0,0,0,0,0,0,0,birds,-6.1441727,0.47732037,0.24818923,0.3235928,0.1496056,0.19145074,0.041083034,0.44184983,0.07470008,0.1612082,0.21066971,0.15711166,0.14202012
13.504026,10.260355,4.282352,8,0,0,00:00.0,00:00.0,uploads\b67551bc-3737-11f0-85b7-581122bb7f2c\20210419T080000+1000_REC_177.wav,False,0,0,0,0,0,0,0,0,0,0,0,0,birds,-6.133133,0.376556,0.14601403,0.48840615,0.007527764,0.20512865,0.091792054,0.5001989,0.03990869,0.19677374,0.37638587,0.13422373,0.033882007
12.205103,11.740824,7.0524626,9,0,0,00:00.0,00:00.0,uploads\b67551bc-3737-11f0-85b7-581122bb7f2c\20210419T080000+1000_REC_23.wav,True,0,1,0,0,0,0,0,0,0,0,0,0,birds,-6.0696254,0.78146625,0.49419874,0.38754603,-0.22435442,0.5516282,-0.08906804,0.4984948,-0.08815956,0.2712469,0.06491118,0.28597364,0.22263876
12.134854,11.736226,7.044711,9,0,0,00:00.0,00:00.0,uploads\b67551bc-3737-11f0-85b7-581122bb7f2c\20210419T080000+1000_REC_38.wav,False,0,0,0,0,0,0,0,0,0,0,0,0,birds,-6.048327,0.83967537,0.49764717,0.4236095,-0.25454748,0.6356136,0.03316524,0.5370033,-0.075586915,0.38375038,0.10100997,0.3029251,0.22565395
12.178796,11.57176,7.1611023,9,0,0,00:00.0,00:00.0,uploads\b67551bc-3737-11f0-85b7-581122bb7f2c\20210419T080000+1000_REC_40.wav,False,0,0,0,0,0,0,0,0,0,0,0,0,birds,-6.063941,0.7886822,0.6088153,0.40686354,-0.22392263,0.50597435,0.010344093,0.5485619,0.08467969,0.32266715,0.043541882,0.28658012,0.1363763
12.084036,11.749837,7.031591,9,0,0,00:00.0,00:00.0,uploads\b67551bc-3737-11f0-85b7-581122bb7f2c\20210419T080000+1000_REC_41.wav,False,0,0,0,0,0,0,0,0,0,0,0,0,birds,-5.9852214,0.8678993,0.71384174,0.48807192,-0.5854436,0.71523243,-0.09951551,0.58376735,-0.07088242,0.28669807,0.023379335,0.30502984,0.1909429
12.173421,11.570507,7.1686187,9,0,0,00:00.0,00:00.0,uploads\b67551bc-3737-11f0-85b7-581122bb7f2c\20210419T080000+1000_REC_45.wav,False,0,0,0,0,0,0,0,0,0,0,0,0,birds,-6.0573525,0.88394517,0.4884176,0.46851134,-0.12527288,0.64298093,-0.032723363,0.4597668,0.16148235,0.31464574,0.121694356,0.26392052,0.056108527
12.072467,11.680697,7.0670295,9,0,0,00:00.0,00:00.0,uploads\b67551bc-3737-11f0-85b7-581122bb7f2c\20210419T080000+1000_REC_46.wav,False,0,0,0,0,0,0,0,0,0,0,0,0,birds,-6.024356,0.92788345,0.42181408,0.2917005,-0.39873943,0.69463515,-0.014691042,0.6998673,0.094251625,0.34365323,0.07462866,0.19273801,0.20737395
12.318312,11.476989,7.3388186,9,0,0,00:00.0,00:00.0,uploads\b67551bc-3737-11f0-85b7-581122bb7f2c\20210419T080000+1000_REC_48.wav,False,0,0,0,0,0,0,0,0,0,0,0,0,birds,-6.0450935,0.94859993,0.5680357,0.37091345,-0.018788995,0.39308158,-0.1158875,0.6175077,-0.047882877,0.45474863,-0.0077552255,0.28416204,0.17720884
13.435461,11.857929,6.532612,9,0,0,00:00.0,00:00.0,uploads\b67551bc-3737-11f0-85b7-581122bb7f2c\20210419T080000+1000_REC_54.wav,False,0,0,0,0,0,0,0,0,0,0,0,0,birds,-6.114859,0.37036735,0.5020343,-0.021585802,-0.14478512,0.5205137,0.16923968,0.45979252,-0.027357873,0.25663814,-0.008083864,0.3190724,0.20751132
12.733456,11.852201,7.0753775,9,0,0,00:00.0,00:00.0,uploads\b67551bc-3737-11f0-85b7-581122bb7f2c\20210419T080000+1000_REC_62.wav,False,0,0,0,0,0,0,0,0,0,0,0,0,birds,-6.077066,0.5628291,0.515668,0.3107098,-0.12048106,0.54095376,0.055405777,0.71179247,-0.041494496,0.34888688,-0.019963495,0.39300504,0.09052083
12.735803,11.81325,7.0488243,9,0,0,00:00.0,00:00.0,uploads\b67551bc-3737-11f0-85b7-581122bb7f2c\20210419T080000+1000_REC_67.wav,False,0,0,0,0,0,0,0,0,0,0,0,0,birds,-6.101437,0.23871382,0.50760084,0.4486473,-0.14129989,0.3455079,-0.026755149,0.5955915,-0.06444422,0.385222,0.031386316,0.43042314,0.054191984
13.4460125,11.851741,6.5332394,9,0,0,00:00.0,00:00.0,uploads\b67551bc-3737-11f0-85b7-581122bb7f2c\20210419T080000+1000_REC_68.wav,True,0,1,0,0,0,0,0,0,0,0,0,0,birds,-6.103893,0.38512632,0.42832536,0.06407754,-0.26709673,0.49807772,0.009722329,0.58923024,-0.008412812,0.30382642,0.123422585,0.3244837,0.3080537
13.547758,11.934478,6.5574684,9,0,0,00:00.0,00:00.0,uploads\b67551bc-3737-11f0-85b7-581122bb7f2c\20210419T080000+1000_REC_69.wav,False,0,0,0,0,0,0,0,0,0,0,0,0,birds,-6.126008,-0.19849211,0.30984718,0.23484462,-0.0846595,0.5216874,-0.087827966,0.33740863,0.070139684,0.30572727,0.2560794,0.13673966,0.23035604
13.4553385,11.8437395,6.511794,9,0,0,00:00.0,00:00.0,uploads\b67551bc-3737-11f0-85b7-581122bb7f2c\20210419T080000+1000_REC_70.wav,True,0,1,0,0,0,0,0,0,0,0,0,0,birds,-6.124481,0.09491918,0.27554035,-0.11376774,-0.2384063,0.46433467,0.1624858,0.48906446,0.040393338,0.1688693,0.121265166,0.24245587,0.3271976
13.512503,11.917692,6.5735188,9,0,0,00:00.0,00:00.0,uploads\b67551bc-3737-11f0-85b7-581122bb7f2c\20210419T080000+1000_REC_71.wav,False,0,0,0,0,0,0,0,0,0,0,0,0,birds,-6.112857,-0.2629675,0.52389014,0.2104967,-0.006716631,0.47439146,-0.09145021,0.44916293,-0.0003526914,0.32159755,0.14404067,0.18355918,0.24436618
13.560789,12.019103,6.6717477,9,0,0,00:00.0,00:00.0,uploads\b67551bc-3737-11f0-85b7-581122bb7f2c\20210419T080000+1000_REC_72.wav,False,0,0,0,0,0,0,0,0,0,0,0,0,birds,-6.0309515,-0.2782339,0.7835782,0.41453406,-0.36419636,0.6399654,-0.13395303,0.63379747,-0.09285392,0.42882165,0.17975041,0.26890317,0.32297006
13.550514,11.988925,6.6439853,9,0,0,00:00.0,00:00.0,uploads\b67551bc-3737-11f0-85b7-581122bb7f2c\20210419T080000+1000_REC_73.wav,False,0,0,0,0,0,0,0,0,0,0,0,0,birds,-6.059808,-0.3085274,0.75176555,0.21212666,-0.20024669,0.6130157,-0.10867673,0.61396253,-0.101886064,0.31619373,0.17119353,0.25367674,0.2678498
12.243815,11.730275,7.0687838,9,0,0,00:00.0,00:00.0,uploads\b67551bc-3737-11f0-85b7-581122bb7f2c\20210419T080000+1000_REC_74.wav,False,0,0,0,0,0,0,0,0,0,0,0,0,birds,-6.0686984,0.6644746,0.57075995,0.41861832,-0.31596607,0.50841534,-0.049738582,0.5462066,-0.0003025561,0.39138386,0.036764752,0.26020208,0.17742601
13.558913,11.987356,6.6372724,9,0,0,00:00.0,00:00.0,uploads\b67551bc-3737-11f0-85b7-581122bb7f2c\20210419T080000+1000_REC_75.wav,False,0,0,0,0,0,0,0,0,0,0,0,0,birds,-6.086503,0.0043216725,0.67694694,0.19919081,-0.05957828,0.62484455,-0.18701366,0.5484402,-0.057883434,0.38271287,0.16645044,0.1425468,0.32217064
13.540721,11.978351,6.637716,9,0,0,00:00.0,00:00.0,uploads\b67551bc-3737-11f0-85b7-581122bb7f2c\20210419T080000+1000_REC_76.wav,True,0,1,0,0,0,0,0,0,0,0,0,0,birds,-6.071979,0.29937163,0.6264127,0.3317095,-0.2589233,0.6551208,-0.10762191,0.642871,-0.11353909,0.28473377,0.10696726,0.18836719,0.33259925
13.535532,11.971615,6.635811,9,0,0,00:00.0,00:00.0,uploads\b67551bc-3737-11f0-85b7-581122bb7f2c\20210419T080000+1000_REC_77.wav,False,0,0,0,0,0,0,0,0,0,0,0,0,birds,-6.087045,-0.15788595,0.70574206,0.2553783,-0.094852984,0.5288032,-0.134786,0.5461162,-0.07548227,0.3730158,0.083335556,0.19871666,0.2493169
13.172003,12.260666,7.2396793,9,0,0,00:00.0,00:00.0,uploads\b67551bc-3737-11f0-85b7-581122bb7f2c\20210419T080000+1000_REC_78.wav,False,0,0,0,0,0,0,0,0,0,0,0,0,birds,-6.0155625,-0.49100816,0.81840974,0.06995472,-0.08254632,0.63118154,-0.13936743,0.68908584,-0.2279093,0.51700747,-0.045269597,0.29659122,0.18770626
13.516016,11.87556,6.4935613,9,0,0,00:00.0,00:00.0,uploads\b67551bc-3737-11f0-85b7-581122bb7f2c\20210419T080000+1000_REC_79.wav,False,0,0,0,0,0,0,0,0,0,0,0,0,birds,-6.125767,-0.11032254,0.46258727,0.09776383,0.12544458,0.39828956,-0.05158299,0.48484442,-0.06733252,0.36427197,0.07821434,0.21239182,0.23191456
13.175264,12.262521,7.2386403,9,0,0,00:00.0,00:00.0,uploads\b67551bc-3737-11f0-85b7-581122bb7f2c\20210419T080000+1000_REC_80.wav,False,0,0,0,0,0,0,0,0,0,0,0,0,birds,-6.0495253,-0.08172548,0.759604,0.18292843,-0.2631595,0.6445047,-0.17113088,0.626867,-0.14973676,0.4879795,0.110908456,0.383962,0.13466471
13.401221,11.862252,6.6010523,9,0,0,00:00.0,00:00.0,uploads\b67551bc-3737-11f0-85b7-581122bb7f2c\20210419T080000+1000_REC_81.wav,False,0,0,0,0,0,0,0,0,0,0,0,0,birds,-6.1062717,0.483647,0.5709408,0.291675,-0.07190142,0.50890404,-0.029835386,0.48713663,-0.05313624,0.3048674,0.12859431,0.12759966,0.25890467
13.289009,11.883748,6.70503,9,0,0,00:00.0,00:00.0,uploads\b67551bc-3737-11f0-85b7-581122bb7f2c\20210419T080000+1000_REC_82.wav,False,0,0,0,0,0,0,0,0,0,0,0,0,birds,-6.0947056,0.31097656,0.7326095,0.18457723,-0.13374183,0.51294786,-0.10209273,0.5382762,0.002078707,0.30916283,0.033954058,0.25253528,0.1815292
13.0640135,11.995285,6.9830365,9,0,0,00:00.0,00:00.0,uploads\b67551bc-3737-11f0-85b7-581122bb7f2c\20210419T080000+1000_REC_83.wav,False,0,0,0,0,0,0,0,0,0,0,0,0,birds,-6.0528717,0.47522533,0.643906,-0.032259513,-0.28602716,0.6389495,-0.07802162,0.7367,-0.10030557,0.4125584,0.029961606,0.30024928,0.05689852
13.550151,11.982357,6.637331,9,0,0,00:00.0,00:00.0,uploads\b67551bc-3737-11f0-85b7-581122bb7f2c\20210419T080000+1000_REC_84.wav,False,0,0,0,0,0,0,0,0,0,0,0,0,birds,-6.078347,0.12713207,0.7181549,0.22045651,-0.21242972,0.6037595,-0.21608146,0.5965007,-0.040026803,0.32642525,0.15151384,0.16175973,0.24361813
13.404851,11.850126,6.5776606,9,0,0,00:00.0,00:00.0,uploads\b67551bc-3737-11f0-85b7-581122bb7f2c\20210419T080000+1000_REC_85.wav,False,0,0,0,0,0,0,0,0,0,0,0,0,birds,-6.107801,0.48506153,0.6634787,0.13025174,-0.055462725,0.45158824,0.023767058,0.47902477,-0.006494612,0.2924925,0.11075442,0.2367169,0.20944883
13.152303,11.932166,6.8403363,9,0,0,00:00.0,00:00.0,uploads\b67551bc-3737-11f0-85b7-581122bb7f2c\20210419T080000+1000_REC_86.wav,False,0,0,0,0,0,0,0,0,0,0,0,0,birds,-6.084736,0.31882367,0.577357,0.24156784,-0.2876286,0.55876446,-0.12858485,0.63350713,-0.03063719,0.3268471,0.029416569,0.31294864,0.16089693
13.172469,12.262056,7.240942,9,0,0,00:00.0,00:00.0,uploads\b67551bc-3737-11f0-85b7-581122bb7f2c\20210419T080000+1000_REC_87.wav,False,0,0,0,0,0,0,0,0,0,0,0,0,birds,-6.0334706,-0.029798277,0.790559,0.2573934,-0.24120197,0.64310545,-0.19882636,0.7160454,-0.226312,0.44887784,-0.09099879,0.37415326,0.17918624
12.578338,11.762786,7.0659432,9,0,0,00:00.0,00:00.0,uploads\b67551bc-3737-11f0-85b7-581122bb7f2c\20210419T080000+1000_REC_88.wav,True,0,1,0,0,0,0,0,0,0,0,0,0,birds,-6.0921,0.7067229,0.4434605,0.43585682,-0.1771179,0.40887836,0.033853862,0.44048697,-0.017429603,0.27477497,0.036182288,0.41775525,0.08016187
13.326231,11.87748,6.6714993,9,0,0,00:00.0,00:00.0,uploads\b67551bc-3737-11f0-85b7-581122bb7f2c\20210419T080000+1000_REC_89.wav,False,0,0,0,0,0,0,0,0,0,0,0,0,birds,-6.0884514,0.5031316,0.7417902,0.08295286,-0.10721854,0.44726667,-0.09618308,0.54999155,-0.01882677,0.338763,0.063132934,0.2508353,0.17420687
13.123151,12.2167,7.209092,9,0,0,00:00.0,00:00.0,uploads\b67551bc-3737-11f0-85b7-581122bb7f2c\20210419T080000+1000_REC_91.wav,False,0,0,0,0,0,0,0,0,0,0,0,0,birds,-6.0676,0.4083565,0.82478136,0.09479135,0.049220856,0.44264057,-0.1663367,0.5671977,-0.18099928,0.44718367,-0.063691415,0.37633237,0.0514968
11.981593,11.434292,7.208898,9,0,0,00:00.0,00:00.0,uploads\b67551bc-3737-11f0-85b7-581122bb7f2c\20210419T080000+1000_REC_92.wav,False,0,0,0,0,0,0,0,0,0,0,0,0,birds,-6.060621,0.9917064,0.40168628,0.36801142,-0.24406122,0.489227,0.07463102,0.48158455,0.08960563,0.29690337,0.068900555,0.21706918,0.19254495
13.509196,11.885281,6.5295186,9,0,0,00:00.0,00:00.0,uploads\b67551bc-3737-11f0-85b7-581122bb7f2c\20210419T080000+1000_REC_94.wav,False,0,0,0,0,0,0,0,0,0,0,0,0,birds,-6.1218753,-0.10775013,0.5099215,0.04219774,0.010781406,0.30479747,-0.059437905,0.5171736,0.02022297,0.44019875,0.110560894,0.1958989,0.23114963
13.331174,11.876547,6.6706657,9,0,0,00:00.0,00:00.0,uploads\b67551bc-3737-11f0-85b7-581122bb7f2c\20210419T080000+1000_REC_95.wav,False,0,0,0,0,0,0,0,0,0,0,0,0,birds,-6.0887074,0.2855194,0.7796884,0.08320828,-0.010371063,0.46282393,-0.12554023,0.59376323,-0.07394185,0.37075603,0.032009643,0.22839127,0.21793523
13.429776,11.843025,6.5569353,9,0,0,00:00.0,00:00.0,uploads\b67551bc-3737-11f0-85b7-581122bb7f2c\20210419T080000+1000_REC_98.wav,False,0,0,0,0,0,0,0,0,0,0,0,0,birds,-6.112556,0.15586238,0.7633524,0.05960637,-0.016869277,0.32922003,-0.013230452,0.47705856,0.04453696,0.35283762,0.11008975,0.2786828,0.15728135
12.339738,11.517891,7.224371,9,0,0,00:00.0,00:00.0,uploads\b67551bc-3737-11f0-85b7-581122bb7f2c\20210419T080000+1000_REC_99.wav,False,0,0,0,0,0,0,0,0,0,0,0,0,birds,-6.092328,0.5912256,0.539452,0.4090141,-0.15865523,0.39212057,-0.028446402,0.5573861,-0.10507241,0.3378039,0.15663582,0.26701424,0.110042416
13.48111,11.825223,6.466487,9,0,0,00:00.0,00:00.0,uploads\b67551bc-3737-11f0-85b7-581122bb7f2c\20210419T080000+1000_REC_102.wav,False,0,0,0,0,0,0,0,0,0,0,0,0,birds,-6.139933,0.06908812,0.48860437,0.19595169,0.10889419,0.31064638,0.01576339,0.39275408,-0.019738222,0.33836254,0.05967024,0.22364663,0.2352719
12.265983,11.465379,7.2153187,9,0,0,00:00.0,00:00.0,uploads\b67551bc-3737-11f0-85b7-581122bb7f2c\20210419T080000+1000_REC_103.wav,False,0,0,0,0,0,0,0,0,0,0,0,0,birds,-6.069343,1.0575418,0.3786464,0.3116761,-0.12162608,0.37748048,0.056493193,0.4101572,-0.00087542314,0.25172654,0.08469234,0.26967946,0.10409702
13.454206,11.843475,6.5129514,9,0,0,00:00.0,00:00.0,uploads\b67551bc-3737-11f0-85b7-581122bb7f2c\20210419T080000+1000_REC_104.wav,False,0,0,0,0,0,0,0,0,0,0,0,0,birds,-6.1025114,0.096622236,0.14501978,-0.27058148,-0.13168159,0.572065,0.2552106,0.4918604,-0.18935898,0.29785973,0.07191985,0.35677257,0.32595083
12.180231,11.323739,7.2595057,9,0,0,00:00.0,00:00.0,uploads\b67551bc-3737-11f0-85b7-581122bb7f2c\20210419T080000+1000_REC_105.wav,False,0,0,0,0,0,0,0,0,0,0,0,0,birds,-6.0836725,0.8696369,0.4971091,0.32965437,-0.011045637,0.4237785,0.109737985,0.4522802,0.046236377,0.36032075,0.09244617,0.28751642,0.13843818
12.279421,11.490521,7.2161264,9,0,0,00:00.0,00:00.0,uploads\b67551bc-3737-11f0-85b7-581122bb7f2c\20210419T080000+1000_REC_107.wav,False,0,0,0,0,0,0,0,0,0,0,0,0,birds,-6.0663137,0.91558605,0.55238014,0.41568,-0.07324258,0.44328552,0.013593552,0.47823942,-0.011043807,0.31822696,0.070676014,0.2905145,0.13187744
12.695398,11.817835,7.0728064,9,0,0,00:00.0,00:00.0,uploads\b67551bc-3737-11f0-85b7-581122bb7f2c\20210419T080000+1000_REC_119.wav,False,0,0,0,0,0,0,0,0,0,0,0,0,birds,-6.0565577,0.88902444,0.7124025,0.1482064,-0.041018255,0.25644025,0.11733348,0.53022563,-0.03363456,0.46637094,0.0139311515,0.40366578,0.030416919
12.719688,11.831481,7.079457,9,0,0,00:00.0,00:00.0,uploads\b67551bc-3737-11f0-85b7-581122bb7f2c\20210419T080000+1000_REC_120.wav,True,0,1,0,0,0,0,0,0,0,0,0,0,birds,-6.076268,0.7375978,0.6409173,0.28156245,-0.02250862,0.44257945,0.060645804,0.481883,-0.030820653,0.43508404,-0.048767146,0.37426314,0.034395967
12.806305,11.879741,7.0607758,9,0,0,00:00.0,00:00.0,uploads\b67551bc-3737-11f0-85b7-581122bb7f2c\20210419T080000+1000_REC_121.wav,False,0,0,0,0,0,0,0,0,0,0,0,0,birds,-6.0800447,0.5433794,0.8173431,0.31991842,0.00097430573,0.43908253,0.024471816,0.46832383,-0.0031546855,0.3956906,0.012201791,0.35526142,0.10627547
12.427614,11.536741,7.189347,9,0,0,00:00.0,00:00.0,uploads\b67551bc-3737-11f0-85b7-581122bb7f2c\20210419T080000+1000_REC_122.wav,False,0,0,0,0,0,0,0,0,0,0,0,0,birds,-6.0639896,0.91580445,0.7202647,0.27062783,0.04999064,0.394519,0.020343456,0.4071675,0.035074234,0.35325986,-0.010766801,0.30484006,0.044483718
12.247979,11.476651,7.203362,9,0,0,00:00.0,00:00.0,uploads\b67551bc-3737-11f0-85b7-581122bb7f2c\20210419T080000+1000_REC_123.wav,False,0,0,0,0,0,0,0,0,0,0,0,0,birds,-6.0751433,0.9507534,0.46461987,0.3896096,-0.18267861,0.34286636,-0.024432894,0.3743535,0.059267614,0.316053,0.10474884,0.28294736,0.15217814
12.352896,11.552646,7.1872864,9,0,0,00:00.0,00:00.0,uploads\b67551bc-3737-11f0-85b7-581122bb7f2c\20210419T080000+1000_REC_125.wav,False,0,0,0,0,0,0,0,0,0,0,0,0,birds,-6.082318,0.7790866,0.5836012,0.33658057,-0.13385503,0.40510502,-0.07646299,0.4302043,-0.007918866,0.37485072,0.03738059,0.28185838,0.0940685
13.409295,11.803794,6.5285153,9,0,0,00:00.0,00:00.0,uploads\b67551bc-3737-11f0-85b7-581122bb7f2c\20210419T080000+1000_REC_127.wav,True,0,1,0,0,0,0,0,0,0,0,0,0,birds,-6.1188707,0.5319787,0.5567798,0.2423854,-0.005173526,0.30880496,0.0060708984,0.4064765,-0.04190126,0.37542102,0.048360467,0.24161655,0.17656854
13.155902,12.248635,7.230904,9,0,0,00:00.0,00:00.0,uploads\b67551bc-3737-11f0-85b7-581122bb7f2c\20210419T080000+1000_REC_130.wav,False,0,0,0,0,0,0,0,0,0,0,0,0,birds,-6.0291147,-0.08265937,1.054425,0.28870943,-0.06313071,0.5482237,-0.18749732,0.562211,-0.122586206,0.44450602,-0.100913875,0.3874661,0.0031446859
13.314162,11.8721,6.6910176,9,0,0,00:00.0,00:00.0,uploads\b67551bc-3737-11f0-85b7-581122bb7f2c\20210419T080000+1000_REC_132.wav,False,0,0,0,0,0,0,0,0,0,0,0,0,birds,-6.0997825,-0.06942833,0.7349678,0.26074052,0.024599666,0.44118565,-0.11141555,0.5056005,-0.050733626,0.3996817,0.055426735,0.2047987,0.16045706
13.56796,11.961144,6.6020103,9,0,0,00:00.0,00:00.0,uploads\b67551bc-3737-11f0-85b7-581122bb7f2c\20210419T080000+1000_REC_133.wav,False,0,0,0,0,0,0,0,0,0,0,0,0,birds,-6.103652,0.03168333,0.32089654,0.12927666,-0.015298423,0.7652392,-0.22317368,0.40851665,-0.03213796,0.34638402,0.16879976,0.21263324,0.33636367
13.08037,11.856069,6.868381,9,0,0,00:00.0,00:00.0,uploads\b67551bc-3737-11f0-85b7-581122bb7f2c\20210419T080000+1000_REC_134.wav,True,0,1,0,0,0,0,0,0,0,0,0,0,birds,-6.103624,0.06731707,0.691615,0.24737914,0.008950011,0.2923257,-0.036141127,0.5936076,-0.1489694,0.39191464,0.08341485,0.29647148,0.050474904
13.170244,12.25929,7.2385325,9,0,0,00:00.0,00:00.0,uploads\b67551bc-3737-11f0-85b7-581122bb7f2c\20210419T080000+1000_REC_135.wav,False,0,0,0,0,0,0,0,0,0,0,0,0,birds,-6.0256314,-0.35647538,0.95661443,0.183637,-0.050011896,0.6046751,-0.20614919,0.62532884,-0.15623929,0.40132982,-0.032911934,0.33991835,0.14307523
12.690032,11.800435,7.072422,9,0,0,00:00.0,00:00.0,uploads\b67551bc-3737-11f0-85b7-581122bb7f2c\20210419T080000+1000_REC_136.wav,False,0,0,0,0,0,0,0,0,0,0,0,0,birds,-6.093965,0.5743389,0.58630574,0.28276438,0.026910579,0.42702156,-0.01577899,0.49814817,-0.11727294,0.41146994,-0.01669243,0.36811566,0.013388859
13.158712,12.249071,7.2305093,9,0,0,00:00.0,00:00.0,uploads\b67551bc-3737-11f0-85b7-581122bb7f2c\20210419T080000+1000_REC_137.wav,False,0,0,0,0,0,0,0,0,0,0,0,0,birds,-6.052551,0.038825877,0.9210945,0.14074369,-0.025408093,0.57036823,-0.19391935,0.61174846,-0.1608526,0.44237232,0.014105075,0.33340764,0.0373093
13.116609,12.209178,7.2000685,9,0,0,00:00.0,00:00.0,uploads\b67551bc-3737-11f0-85b7-581122bb7f2c\20210419T080000+1000_REC_138.wav,False,0,0,0,0,0,0,0,0,0,0,0,0,birds,-6.0454097,0.13470553,0.87666243,0.18463837,-0.1002936,0.5075808,-0.22101252,0.68767804,-0.17692769,0.42124447,0.068414174,0.46232697,-0.06559518
12.384188,11.542926,7.206932,9,0,0,00:00.0,00:00.0,uploads\b67551bc-3737-11f0-85b7-581122bb7f2c\20210419T080000+1000_REC_139.wav,False,0,0,0,0,0,0,0,0,0,0,0,0,birds,-6.1016455,0.5455297,0.5260229,0.34238562,-0.07018166,0.39971545,-0.13977538,0.5431649,-0.09000062,0.29780534,0.116787285,0.24060757,0.056600753
12.332855,11.519225,7.203991,9,0,0,00:00.0,00:00.0,uploads\b67551bc-3737-11f0-85b7-581122bb7f2c\20210419T080000+1000_REC_141.wav,False,0,0,0,0,0,0,0,0,0,0,0,0,birds,-6.08367,0.87855244,0.5133309,0.34527445,-0.008013503,0.37628627,-0.0074443202,0.45178416,-0.026145028,0.2956964,0.082040474,0.2822206,0.08078166
13.055504,12.152842,7.1676984,9,0,0,00:00.0,00:00.0,uploads\b67551bc-3737-11f0-85b7-581122bb7f2c\20210419T080000+1000_REC_142.wav,False,0,0,0,0,0,0,0,0,0,0,0,0,birds,-6.0572906,0.41407123,0.820673,0.22145191,-0.12505691,0.54956126,-0.1982403,0.56903905,-0.009280538,0.48596308,-0.050413262,0.38364708,-0.012408589
12.702109,11.811881,7.080896,9,0,0,00:00.0,00:00.0,uploads\b67551bc-3737-11f0-85b7-581122bb7f2c\20210419T080000+1000_REC_143.wav,False,0,0,0,0,0,0,0,0,0,0,0,0,birds,-6.092454,0.5818856,0.6568376,0.1551155,0.053240143,0.43696395,-0.031177783,0.4614878,-0.03311964,0.4423253,0.0061074267,0.38077924,0.017714022
13.037874,12.132591,7.1537046,9,0,0,00:00.0,00:00.0,uploads\b67551bc-3737-11f0-85b7-581122bb7f2c\20210419T080000+1000_REC_144.wav,False,0,0,0,0,0,0,0,0,0,0,0,0,birds,-6.0608788,0.33921292,0.9050765,0.2030499,-0.14888993,0.58469564,-0.16310886,0.4829457,-0.0062143705,0.39679888,0.03440267,0.38863137,0.0005868464
12.914288,11.92036,7.008566,9,0,0,00:00.0,00:00.0,uploads\b67551bc-3737-11f0-85b7-581122bb7f2c\20210419T080000+1000_REC_145.wav,False,0,0,0,0,0,0,0,0,0,0,0,0,birds,-6.079334,0.49714378,0.8613754,0.18183811,0.0048531694,0.5146312,-0.10011691,0.44385782,-0.017516447,0.3422327,-0.003126285,0.27789745,0.07820056
13.127127,12.212505,7.2054667,9,0,0,00:00.0,00:00.0,uploads\b67551bc-3737-11f0-85b7-581122bb7f2c\20210419T080000+1000_REC_146.wav,True,0,1,0,0,0,0,0,0,0,0,0,0,birds,-6.049064,0.23972072,0.8186948,0.27954504,0.034003425,0.24879271,0.08324496,0.7724772,-0.34349102,0.5538182,0.116637155,0.40315694,-0.07935765
13.371537,11.864482,6.625636,9,0,0,00:00.0,00:00.0,uploads\b67551bc-3737-11f0-85b7-581122bb7f2c\20210419T080000+1000_REC_147.wav,False,0,0,0,0,0,0,0,0,0,0,0,0,birds,-6.0989766,0.51307213,0.66623545,0.15129374,-0.046599135,0.47044954,-0.09863293,0.4603207,-0.13281149,0.3019421,0.096177034,0.21900514,0.21460038
12.367429,11.5132265,7.4238024,9,0,0,00:00.0,00:00.0,uploads\b67551bc-3737-11f0-85b7-581122bb7f2c\20210419T080000+1000_REC_148.wav,False,0,0,0,0,0,0,0,0,0,0,0,0,birds,-6.0154057,1.1004614,0.69682115,0.2802274,-0.05251998,0.47626364,-0.09506379,0.48632434,-0.14575548,0.4381752,-0.020887231,0.3392842,0.1291714
12.685118,11.7961855,7.081991,9,0,0,00:00.0,00:00.0,uploads\b67551bc-3737-11f0-85b7-581122bb7f2c\20210419T080000+1000_REC_151.wav,False,0,0,0,0,0,0,0,0,0,0,0,0,birds,-6.1009583,0.5450253,0.65749055,0.31990686,-0.06390679,0.39064664,-0.05855225,0.420358,0.009168903,0.33010858,0.027152773,0.33503577,0.014642569
12.704614,11.823975,7.081845,9,0,0,00:00.0,00:00.0,uploads\b67551bc-3737-11f0-85b7-581122bb7f2c\20210419T080000+1000_REC_152.wav,False,0,0,0,0,0,0,0,0,0,0,0,0,birds,-6.0758605,0.7537584,0.63554925,0.15971167,-0.014292683,0.38077483,-0.026948946,0.52658314,-0.08471731,0.3938364,-0.06422108,0.38926536,0.03861464
13.17882,12.275736,7.254766,9,0,0,00:00.0,00:00.0,uploads\b67551bc-3737-11f0-85b7-581122bb7f2c\20210419T080000+1000_REC_154.wav,False,0,0,0,0,0,0,0,0,0,0,0,0,birds,-6.004601,0.12310502,0.941346,0.35553768,-0.26710722,0.78535676,-0.28220874,0.6979054,-0.11611275,0.47867,0.03480724,0.31236628,0.12452745
12.929255,12.03388,7.097188,9,0,0,00:00.0,00:00.0,uploads\b67551bc-3737-11f0-85b7-581122bb7f2c\20210419T080000+1000_REC_156.wav,False,0,0,0,0,0,0,0,0,0,0,0,0,birds,-6.0753,0.5263101,0.71565765,0.2790107,-0.16697486,0.5318377,-0.062241122,0.48568735,-0.020265486,0.4481615,-0.06495003,0.34208786,0.061369743
13.14841,12.242113,7.228026,9,0,0,00:00.0,00:00.0,uploads\b67551bc-3737-11f0-85b7-581122bb7f2c\20210419T080000+1000_REC_157.wav,False,0,0,0,0,0,0,0,0,0,0,0,0,birds,-6.038947,-0.025172561,1.0117564,0.22247358,-0.08224855,0.48306915,-0.024537073,0.6032369,-0.10172072,0.55663335,-0.0593523,0.4372168,0.12160963
13.153741,12.247831,7.225744,9,0,0,00:00.0,00:00.0,uploads\b67551bc-3737-11f0-85b7-581122bb7f2c\20210419T080000+1000_REC_158.wav,False,0,0,0,0,0,0,0,0,0,0,0,0,birds,-6.0556703,0.18096146,0.93509716,0.098500125,-0.091222115,0.50466955,-0.099519975,0.61049366,-0.12771724,0.46238986,-0.042761564,0.37377706,0.067223
13.125567,12.222512,7.2174687,9,0,0,00:00.0,00:00.0,uploads\b67551bc-3737-11f0-85b7-581122bb7f2c\20210419T080000+1000_REC_159.wav,False,0,0,0,0,0,0,0,0,0,0,0,0,birds,-6.0674253,0.29020324,0.9284162,0.15069823,-0.004513026,0.42353952,0.012799306,0.563244,-0.11706455,0.49147847,-0.03348953,0.36031616,0.12711641
13.266535,11.891688,6.730234,9,0,0,00:00.0,00:00.0,uploads\b67551bc-3737-11f0-85b7-581122bb7f2c\20210419T080000+1000_REC_160.wav,False,0,0,0,0,0,0,0,0,0,0,0,0,birds,-6.0830903,0.2203411,0.82083803,0.25628486,-0.14185672,0.5304281,-0.03917637,0.5514411,-0.05312246,0.2983642,0.043872733,0.3329065,0.15274788
13.479369,11.856011,6.532812,9,0,0,00:00.0,00:00.0,uploads\b67551bc-3737-11f0-85b7-581122bb7f2c\20210419T080000+1000_REC_161.wav,False,0,0,0,0,0,0,0,0,0,0,0,0,birds,-6.120984,0.3005273,0.6867751,0.19610746,0.118403874,0.28441387,0.053097405,0.41746294,-0.035620987,0.3773264,0.041879397,0.28383622,0.2114939
12.986395,12.083233,7.1380343,9,0,0,00:00.0,00:00.0,uploads\b67551bc-3737-11f0-85b7-581122bb7f2c\20210419T080000+1000_REC_162.wav,False,0,0,0,0,0,0,0,0,0,0,0,0,birds,-6.0545506,0.6762629,0.726806,0.2925716,-0.18904313,0.4937953,-0.16913527,0.5373361,-0.072448604,0.41200894,-0.044777606,0.40168184,0.04683097
13.187829,12.270159,7.244432,9,0,0,00:00.0,00:00.0,uploads\b67551bc-3737-11f0-85b7-581122bb7f2c\20210419T080000+1000_REC_163.wav,False,0,0,0,0,0,0,0,0,0,0,0,0,birds,-6.068161,0.27216175,0.6306611,-0.11466125,-0.02074639,0.74363995,-0.1673454,0.50210893,-0.17785417,0.46299016,0.045632493,0.39487815,0.13151504
13.272675,11.888711,6.7236404,9,0,0,00:00.0,00:00.0,uploads\b67551bc-3737-11f0-85b7-581122bb7f2c\20210419T080000+1000_REC_164.wav,False,0,0,0,0,0,0,0,0,0,0,0,0,birds,-6.098479,0.10219814,0.7389822,0.31526995,-0.18683493,0.4382109,0.027080465,0.45228335,-0.046206027,0.40985188,0.0096963495,0.2873743,0.15327185
13.154498,12.2481365,7.2290487,9,0,0,00:00.0,00:00.0,uploads\b67551bc-3737-11f0-85b7-581122bb7f2c\20210419T080000+1000_REC_165.wav,False,0,0,0,0,0,0,0,0,0,0,0,0,birds,-6.0160623,0.36676124,1.0177546,0.34378746,-0.12327026,0.60745203,-0.15881893,0.6338403,-0.18495867,0.5319683,-0.040771358,0.34606177,0.0448784
12.952707,12.010125,7.048967,9,0,0,00:00.0,00:00.0,uploads\b67551bc-3737-11f0-85b7-581122bb7f2c\20210419T080000+1000_REC_166.wav,False,0,0,0,0,0,0,0,0,0,0,0,0,birds,-6.0403132,0.45752066,0.71381515,0.5026042,-0.24029998,0.6365307,-0.17982827,0.5807781,-0.16986565,0.49198976,-0.016822364,0.27391854,0.28879827
12.990797,12.041481,7.0665126,9,0,0,00:00.0,00:00.0,uploads\b67551bc-3737-11f0-85b7-581122bb7f2c\20210419T080000+1000_REC_167.wav,False,0,0,0,0,0,0,0,0,0,0,0,0,birds,-6.0458913,0.5785754,0.75284576,0.36052862,-0.16215973,0.65246665,-0.21331154,0.60816705,-0.08416604,0.3859906,0.050623093,0.30936375,0.14750311
13.088154,12.183578,7.184171,9,0,0,00:00.0,00:00.0,uploads\b67551bc-3737-11f0-85b7-581122bb7f2c\20210419T080000+1000_REC_169.wav,False,0,0,0,0,0,0,0,0,0,0,0,0,birds,-6.0400367,0.25679946,0.5483497,0.3711102,-0.23566994,0.4239717,-0.2245309,0.91984653,-0.102248736,0.5815988,-0.10108293,0.35197237,0.040088024
13.505078,11.921552,6.5860376,9,0,0,00:00.0,00:00.0,uploads\b67551bc-3737-11f0-85b7-581122bb7f2c\20210419T080000+1000_REC_173.wav,False,0,0,0,0,0,0,0,0,0,0,0,0,birds,-6.1067715,-0.083716035,0.28171062,0.39207593,-0.19010375,0.44228324,-0.0329109,0.65064436,-0.065560065,0.27904373,0.085432716,0.19263089,0.34343278
12.403953,11.559818,7.466571,9,0,0,00:00.0,00:00.0,uploads\b67551bc-3737-11f0-85b7-581122bb7f2c\20210419T080000+1000_REC_175.wav,False,0,0,0,0,0,0,0,0,0,0,0,0,birds,-6.0243216,1.0848837,0.53817374,0.31385583,-0.2225865,0.34331343,-0.086821996,0.52865046,-0.10729115,0.45020124,-0.079408094,0.40444776,0.070365585
12.360732,11.545095,7.2011943,9,0,0,00:00.0,00:00.0,uploads\b67551bc-3737-11f0-85b7-581122bb7f2c\20210419T080000+1000_REC_176.wav,False,0,0,0,0,0,0,0,0,0,0,0,0,birds,-6.0935516,0.7656545,0.50833213,0.33886743,-0.09924156,0.35983953,-0.0010491497,0.4270625,-0.09458528,0.35339013,0.071566395,0.25899544,0.089464396
12.323719,11.494085,7.244487,9,0,0,00:00.0,00:00.0,uploads\b67551bc-3737-11f0-85b7-581122bb7f2c\20210419T080000+1000_REC_178.wav,False,0,0,0,0,0,0,0,0,0,0,0,0,birds,-6.0721555,0.8418442,0.67939264,0.24923985,-0.02595539,0.39291486,0.013576445,0.487054,-0.01759929,0.38128734,0.03874147,0.26478127,0.14655158
12.3166065,11.487675,7.250296,9,0,0,00:00.0,00:00.0,uploads\b67551bc-3737-11f0-85b7-581122bb7f2c\20210419T080000+1000_REC_179.wav,False,0,0,0,0,0,0,0,0,0,0,0,0,birds,-6.079813,0.6716949,0.4609598,0.45788774,-0.084545925,0.36862698,-0.049079955,0.6866635,-0.12931438,0.3259059,0.1654041,0.25566286,0.19220683
13.139265,12.233088,7.2225413,9,0,0,00:00.0,00:00.0,uploads\b67551bc-3737-11f0-85b7-581122bb7f2c\20210419T180000+1000_REC_155.wav,False,0,0,0,0,0,0,0,0,0,0,0,0,birds,-5.957066,-0.19148259,1.3171462,-0.24523474,0.61050975,0.089299135,0.11842202,0.46533,-0.1641322,0.5974533,-0.20454456,0.51699245,-0.061551552
8.364439,13.612405,12.234963,10,0,0,00:00.0,00:00.0,uploads\b67551bc-3737-11f0-85b7-581122bb7f2c\20210419T080000+1000_REC_55.wav,False,0,0,0,0,0,0,0,0,0,0,0,0,birds,-6.0839577,0.91141397,0.1743634,0.15230228,-0.016833778,0.20330478,-0.091951095,0.64576775,0.066146106,0.24444516,0.02436886,0.37656146,0.10447924
7.192215,14.540098,13.801278,10,0,0,00:00.0,00:00.0,uploads\b67551bc-3737-11f0-85b7-581122bb7f2c\20210419T120000+1000_REC_0.wav,False,0,0,0,0,0,0,0,0,0,0,0,0,birds,-6.0550036,1.1445985,0.44327092,0.5208219,0.207979,0.26477677,0.25368428,0.30637702,0.16299567,0.16386558,0.13895185,0.10323522,0.10055697
8.488059,13.484252,12.037122,10,0,0,00:00.0,00:00.0,uploads\b67551bc-3737-11f0-85b7-581122bb7f2c\20210419T120000+1000_REC_1.wav,False,0,0,0,0,0,0,0,0,0,0,0,0,birds,-6.011609,1.3504401,0.3746189,0.5942044,-0.0070759663,0.308159,0.17486742,0.32315493,0.1257887,0.25682557,0.12956674,0.1911672,0.10178943
7.18622,14.545322,13.8060665,10,0,0,00:00.0,00:00.0,uploads\b67551bc-3737-11f0-85b7-581122bb7f2c\20210419T120000+1000_REC_2.wav,False,0,0,0,0,0,0,0,0,0,0,0,0,birds,-6.032544,1.214074,0.4595783,0.61738133,0.15921584,0.32314304,0.26319268,0.28807142,0.155969,0.20429142,0.13021527,0.10850857,0.09942938
7.812348,14.211867,13.68938,10,0,0,00:00.0,00:00.0,uploads\b67551bc-3737-11f0-85b7-581122bb7f2c\20210419T120000+1000_REC_3.wav,False,0,0,0,0,0,0,0,0,0,0,0,0,birds,-6.1041718,0.79461354,0.54196846,0.3922834,0.2264897,0.23841718,0.25798705,0.26618844,0.23312919,0.22004865,0.17204134,0.14845921,0.18050803
7.814201,14.213523,13.691862,10,0,0,00:00.0,00:00.0,uploads\b67551bc-3737-11f0-85b7-581122bb7f2c\20210419T120000+1000_REC_5.wav,False,0,0,0,0,0,0,0,0,0,0,0,0,birds,-6.109422,0.69481695,0.55254847,0.4081757,0.31036568,0.27098605,0.27293476,0.26547998,0.2404962,0.21315813,0.18144019,0.16304679,0.16007821
7.1873693,14.5442505,13.80543,10,0,0,00:00.0,00:00.0,uploads\b67551bc-3737-11f0-85b7-581122bb7f2c\20210419T120000+1000_REC_18.wav,False,0,0,0,0,0,0,0,0,0,0,0,0,birds,-6.039778,1.1752476,0.49465802,0.61584574,0.17045572,0.29804555,0.2423364,0.2923414,0.14637566,0.14933339,0.1116651,0.1099424,0.1091503
7.1935344,14.538614,13.799648,10,0,0,00:00.0,00:00.0,uploads\b67551bc-3737-11f0-85b7-581122bb7f2c\20210419T120000+1000_REC_21.wav,False,0,0,0,0,0,0,0,0,0,0,0,0,birds,-6.038589,1.1887636,0.48903936,0.583847,0.17251725,0.30233985,0.26148483,0.28971323,0.1846192,0.17061065,0.12763117,0.12477344,0.1372084
7.2789536,14.457312,13.72079,10,0,0,00:00.0,00:00.0,uploads\b67551bc-3737-11f0-85b7-581122bb7f2c\20210419T120000+1000_REC_23.wav,False,0,0,0,0,0,0,0,0,0,0,0,0,birds,-6.0605807,1.1036998,0.48158097,0.5236363,0.19551845,0.2592743,0.25537568,0.27169564,0.1890258,0.12801415,0.13022368,0.12872346,0.13960402
9.029216,13.268346,12.008961,10,0,0,00:00.0,00:00.0,uploads\b67551bc-3737-11f0-85b7-581122bb7f2c\20210419T120000+1000_REC_24.wav,True,0,1,0,0,0,0,0,0,0,0,0,0,birds,-6.015146,1.2851058,0.4703238,0.6849748,0.10605908,0.26785657,0.20273995,0.325087,0.1104413,0.18125398,0.1035825,0.14469472,0.11090958
7.1869063,14.544424,13.805072,10,0,0,00:00.0,00:00.0,uploads\b67551bc-3737-11f0-85b7-581122bb7f2c\20210419T120000+1000_REC_25.wav,False,0,0,0,0,0,0,0,0,0,0,0,0,birds,-6.0168524,1.2460521,0.55995095,0.66481304,0.13798948,0.2780214,0.26606908,0.29917982,0.1634039,0.18020715,0.11355267,0.101123214,0.10857427
8.541256,13.406481,12.456008,10,0,0,00:00.0,00:00.0,uploads\b67551bc-3737-11f0-85b7-581122bb7f2c\20210419T120000+1000_REC_26.wav,False,0,0,0,0,0,0,0,0,0,0,0,0,birds,-6.0293064,1.2458787,0.39623886,0.6623203,0.021502174,0.21500225,0.20365982,0.30576566,0.10977945,0.2082112,0.17670912,0.17684677,0.13719055
8.499072,13.439455,12.484417,10,0,0,00:00.0,00:00.0,uploads\b67551bc-3737-11f0-85b7-581122bb7f2c\20210419T120000+1000_REC_27.wav,False,0,0,0,0,0,0,0,0,0,0,0,0,birds,-6.0419807,1.2025669,0.36286157,0.6371314,0.012761047,0.19578913,0.16712588,0.29689676,0.13072541,0.2089843,0.15502435,0.19798116,0.16279176
8.553032,13.388318,12.442207,10,0,0,00:00.0,00:00.0,uploads\b67551bc-3737-11f0-85b7-581122bb7f2c\20210419T120000+1000_REC_28.wav,False,0,0,0,0,0,0,0,0,0,0,0,0,birds,-6.0195346,1.3023078,0.37364712,0.66634035,-0.010616532,0.20735094,0.145212,0.31818244,0.11662894,0.21518984,0.13912046,0.16207696,0.1504308
8.537712,13.402001,12.45702,10,0,0,00:00.0,00:00.0,uploads\b67551bc-3737-11f0-85b7-581122bb7f2c\20210419T120000+1000_REC_30.wav,False,0,0,0,0,0,0,0,0,0,0,0,0,birds,-6.0325456,1.2057649,0.3764124,0.7114905,-0.06912751,0.19676423,0.14988229,0.3207286,0.107965775,0.20980117,0.116441905,0.14890243,0.15732613
8.951089,12.911271,11.395174,10,0,0,00:00.0,00:00.0,uploads\b67551bc-3737-11f0-85b7-581122bb7f2c\20210419T120000+1000_REC_31.wav,True,0,1,0,0,1,0,0,0,1,0,0,0,birds,-5.986261,1.3237821,0.37206954,0.8397714,-0.2580969,0.2121723,0.09402668,0.3473482,0.008436552,0.19997081,0.0903206,0.18429726,0.108031586
9.204599,12.700519,11.201606,10,0,0,00:00.0,00:00.0,uploads\b67551bc-3737-11f0-85b7-581122bb7f2c\20210419T120000+1000_REC_32.wav,False,0,0,0,0,0,0,0,0,0,0,0,0,birds,-5.95367,1.401782,0.28297076,0.99963325,-0.16243805,0.20813873,-0.021643171,0.3864678,0.0061495774,0.18329243,0.0010534917,0.11398076,0.131383
9.200546,12.7084055,11.206651,10,0,0,00:00.0,00:00.0,uploads\b67551bc-3737-11f0-85b7-581122bb7f2c\20210419T120000+1000_REC_33.wav,False,0,0,0,0,0,0,0,0,0,0,0,0,birds,-5.945058,1.4852558,0.32677752,0.9003689,-0.2198004,0.20885299,0.08396029,0.4107735,0.0059807957,0.16310915,0.012803353,0.14240588,0.103682145
7.648888,14.106403,13.376174,10,0,0,00:00.0,00:00.0,uploads\b67551bc-3737-11f0-85b7-581122bb7f2c\20210419T120000+1000_REC_35.wav,True,0,0,0,0,1,0,0,0,1,0,0,0,birds,-6.06206,1.0867794,0.439393,0.58989686,0.10355226,0.21711585,0.22877541,0.27606666,0.19615048,0.1642566,0.17282781,0.12135098,0.17658372
7.6558995,14.102864,13.382117,10,0,0,00:00.0,00:00.0,uploads\b67551bc-3737-11f0-85b7-581122bb7f2c\20210419T120000+1000_REC_36.wav,False,0,0,0,0,0,0,0,0,0,0,0,0,birds,-6.0787663,0.98135716,0.4544349,0.575119,0.1342912,0.18209949,0.25002667,0.27451864,0.200744,0.14342946,0.16564134,0.12648568,0.17355162
7.7653117,13.979036,13.283153,10,0,0,00:00.0,00:00.0,uploads\b67551bc-3737-11f0-85b7-581122bb7f2c\20210419T120000+1000_REC_37.wav,False,0,0,0,0,0,0,0,0,0,0,0,0,birds,-6.0740976,1.0235318,0.41442186,0.61145496,0.034002654,0.19022547,0.19595891,0.2568974,0.14603174,0.12647966,0.14247505,0.12296733,0.17450428
7.7064323,14.104937,13.36328,10,0,0,00:00.0,00:00.0,uploads\b67551bc-3737-11f0-85b7-581122bb7f2c\20210419T120000+1000_REC_39.wav,False,0,0,0,0,0,0,0,0,0,0,0,0,birds,-6.0854077,0.9720616,0.36452863,0.5514218,0.11512779,0.22703663,0.23485479,0.27833164,0.18824413,0.18403153,0.18159159,0.13036706,0.18391016
7.768969,14.107801,13.539558,10,0,0,00:00.0,00:00.0,uploads\b67551bc-3737-11f0-85b7-581122bb7f2c\20210419T120000+1000_REC_40.wav,False,0,0,0,0,0,0,0,0,0,0,0,0,birds,-6.1095743,0.82010883,0.44960558,0.42995524,0.17933787,0.17110401,0.24261454,0.23746511,0.19788896,0.1905677,0.17446789,0.13387302,0.1776415
8.1505165,13.755015,12.718014,10,0,0,00:00.0,00:00.0,uploads\b67551bc-3737-11f0-85b7-581122bb7f2c\20210419T120000+1000_REC_41.wav,False,0,0,0,0,0,0,0,0,0,0,0,0,birds,-6.0563793,1.1892215,0.26967397,0.49777955,0.063308895,0.2712351,0.19222587,0.23576306,0.1840582,0.29499704,0.19336948,0.13579515,0.13458875
7.7678146,14.141014,13.3040495,10,0,0,00:00.0,00:00.0,uploads\b67551bc-3737-11f0-85b7-581122bb7f2c\20210419T120000+1000_REC_42.wav,False,0,0,0,0,0,0,0,0,0,0,0,0,birds,-6.074392,1.05553,0.4297975,0.4631708,0.14692901,0.25329778,0.24528359,0.24452777,0.20605864,0.19005845,0.18231519,0.1570036,0.2111386
8.113282,13.702455,12.9882765,10,0,0,00:00.0,00:00.0,uploads\b67551bc-3737-11f0-85b7-581122bb7f2c\20210419T120000+1000_REC_43.wav,False,0,0,0,0,0,0,0,0,0,0,0,0,birds,-6.0695744,1.1147642,0.24531174,0.51901966,0.1987356,0.21768983,0.08603888,0.26525015,0.25253993,0.17525464,0.077270105,0.16436332,0.22135168
8.507314,13.404347,12.549151,10,0,0,00:00.0,00:00.0,uploads\b67551bc-3737-11f0-85b7-581122bb7f2c\20210419T120000+1000_REC_44.wav,False,0,0,0,0,0,0,0,0,0,0,0,0,birds,-6.0448885,1.2095956,0.34005243,0.60980505,-0.018981012,0.2138094,0.1775036,0.25687128,0.09042409,0.216146,0.11333436,0.15499645,0.18116686
8.538593,13.37956,12.499194,10,0,0,00:00.0,00:00.0,uploads\b67551bc-3737-11f0-85b7-581122bb7f2c\20210419T120000+1000_REC_45.wav,False,0,0,0,0,0,0,0,0,0,0,0,0,birds,-5.9972334,1.3860433,0.28023595,0.7351878,-0.07606007,0.1883081,0.14963228,0.2964889,0.08212273,0.2722154,0.1194022,0.16970184,0.1589923
8.53274,13.37174,12.540945,10,0,0,00:00.0,00:00.0,uploads\b67551bc-3737-11f0-85b7-581122bb7f2c\20210419T120000+1000_REC_46.wav,False,0,0,0,0,0,0,0,0,0,0,0,0,birds,-6.0256586,1.2610936,0.27735862,0.7002079,-0.025906287,0.18217692,0.20747414,0.30662277,0.06958225,0.29051438,0.12847191,0.13675939,0.18212762
8.5295515,13.369065,12.548574,10,0,0,00:00.0,00:00.0,uploads\b67551bc-3737-11f0-85b7-581122bb7f2c\20210419T120000+1000_REC_47.wav,False,0,0,0,0,0,0,0,0,0,0,0,0,birds,-6.0158987,1.2937821,0.11735603,0.7586967,-0.06052799,0.23445639,0.20166221,0.27361682,0.089333095,0.2803829,0.072366044,0.16543649,0.15614021
8.472008,13.262356,11.33488,10,0,0,00:00.0,00:00.0,uploads\b67551bc-3737-11f0-85b7-581122bb7f2c\20210419T120000+1000_REC_48.wav,True,0,0,0,0,1,0,0,0,1,0,0,0,birds,-5.9389763,1.7001055,0.2425194,0.5060806,-0.1691379,0.23733355,0.115916416,0.36779445,0.101609245,0.148544,0.03308778,0.14921701,0.12617455
8.1342535,13.721925,12.930749,10,0,0,00:00.0,00:00.0,uploads\b67551bc-3737-11f0-85b7-581122bb7f2c\20210419T120000+1000_REC_49.wav,False,0,0,0,0,0,0,0,0,0,0,0,0,birds,-6.0734773,1.080259,0.29838738,0.5358455,0.020424621,0.23840512,0.1499663,0.28415528,0.15443665,0.19152193,0.13595493,0.18832056,0.17351831
8.1402,13.690045,12.966757,10,0,0,00:00.0,00:00.0,uploads\b67551bc-3737-11f0-85b7-581122bb7f2c\20210419T120000+1000_REC_50.wav,False,0,0,0,0,0,0,0,0,0,0,0,0,birds,-6.0883927,0.9991519,0.15916753,0.52162766,0.09741197,0.29879466,0.10671894,0.26780236,0.17333989,0.22490881,0.15793683,0.187996,0.15708919
8.244527,13.620637,12.790604,10,0,0,00:00.0,00:00.0,uploads\b67551bc-3737-11f0-85b7-581122bb7f2c\20210419T120000+1000_REC_51.wav,False,0,0,0,0,0,0,0,0,0,0,0,0,birds,-6.060586,1.1596916,0.21527493,0.57329583,0.084512696,0.16287017,0.14315316,0.30531728,0.13403365,0.23269084,0.12779595,0.15995894,0.17406058
8.538005,13.348503,11.792004,10,0,0,00:00.0,00:00.0,uploads\b67551bc-3737-11f0-85b7-581122bb7f2c\20210419T120000+1000_REC_52.wav,False,0,0,0,0,0,0,0,0,0,0,0,0,birds,-6.010265,1.4142616,0.335326,0.4975347,-0.006968937,0.2493109,0.12322922,0.31689757,0.13270602,0.23390894,0.116633914,0.19917144,0.09353665
8.533589,13.370657,12.545049,10,0,0,00:00.0,00:00.0,uploads\b67551bc-3737-11f0-85b7-581122bb7f2c\20210419T120000+1000_REC_53.wav,False,0,0,0,0,0,0,0,0,0,0,0,0,birds,-6.028003,1.3332757,0.2261173,0.5509825,0.012101198,0.21043524,0.2089999,0.28182754,0.08578871,0.2508841,0.10280779,0.15564284,0.171487
8.312446,13.679612,12.30081,10,0,0,00:00.0,00:00.0,uploads\b67551bc-3737-11f0-85b7-581122bb7f2c\20210419T120000+1000_REC_54.wav,False,0,0,0,0,0,0,0,0,0,0,0,0,birds,-6.0397506,1.2883308,0.35113817,0.4643308,0.021559916,0.27269974,0.07619477,0.27546212,0.14109734,0.20385069,0.08564285,0.16948932,0.12318975
8.7072,13.073292,11.530214,10,0,0,00:00.0,00:00.0,uploads\b67551bc-3737-11f0-85b7-581122bb7f2c\20210419T120000+1000_REC_55.wav,False,0,0,0,0,0,0,0,0,0,0,0,0,birds,-5.9943013,1.4920039,0.35888523,0.48513064,-0.05511268,0.22088057,0.08540731,0.28699505,0.075494245,0.21865843,0.10912596,0.1813401,0.10314453
8.332797,13.653542,12.349334,10,0,0,00:00.0,00:00.0,uploads\b67551bc-3737-11f0-85b7-581122bb7f2c\20210419T120000+1000_REC_57.wav,False,0,0,0,0,0,0,0,0,0,0,0,0,birds,-6.0399656,1.2647849,0.3649923,0.5043173,-0.010295753,0.26918828,0.120281175,0.3003034,0.13415012,0.19400045,0.08729793,0.17619036,0.14845727
8.636538,13.135049,11.597749,10,0,0,00:00.0,00:00.0,uploads\b67551bc-3737-11f0-85b7-581122bb7f2c\20210419T120000+1000_REC_58.wav,False,0,0,0,0,0,0,0,0,0,0,0,0,birds,-5.990469,1.4930899,0.38490793,0.5303488,-0.013529387,0.24083857,0.0691371,0.2774311,0.11285894,0.21503088,0.09017015,0.17406431,0.1309107
8.487336,13.236971,11.418355,10,0,0,00:00.0,00:00.0,uploads\b67551bc-3737-11f0-85b7-581122bb7f2c\20210419T120000+1000_REC_59.wav,False,0,0,0,0,0,0,0,0,0,0,0,0,birds,-5.9683666,1.5615429,0.4191497,0.56023294,-0.004614664,0.23727652,0.08599025,0.33254534,0.10465938,0.17012228,0.0065261866,0.19742505,0.12617075
8.542998,13.16558,11.575851,10,0,0,00:00.0,00:00.0,uploads\b67551bc-3737-11f0-85b7-581122bb7f2c\20210419T120000+1000_REC_60.wav,False,0,0,0,0,0,0,0,0,0,0,0,0,birds,-5.984389,1.5148429,0.38051808,0.47707722,-0.10433309,0.23233311,0.06228242,0.30291095,0.14092986,0.28649423,0.08170622,0.16641444,0.13111725
8.422706,13.543074,12.166059,10,0,0,00:00.0,00:00.0,uploads\b67551bc-3737-11f0-85b7-581122bb7f2c\20210419T120000+1000_REC_61.wav,False,0,0,0,0,0,0,0,0,0,0,0,0,birds,-6.0329866,1.3416038,0.32071587,0.38839144,-0.06525094,0.2476527,0.09187676,0.28071398,0.0903351,0.19817068,0.06941476,0.18832672,0.14351729
7.752201,14.109272,13.552707,10,0,0,00:00.0,00:00.0,uploads\b67551bc-3737-11f0-85b7-581122bb7f2c\20210419T120000+1000_REC_62.wav,False,0,0,0,0,0,0,0,0,0,0,0,0,birds,-6.1062994,0.87709844,0.47698203,0.27275634,0.16813712,0.1854277,0.24607056,0.25104994,0.18267691,0.13555242,0.14787826,0.1860876,0.24613196
7.759878,14.099895,13.526527,10,0,0,00:00.0,00:00.0,uploads\b67551bc-3737-11f0-85b7-581122bb7f2c\20210419T120000+1000_REC_63.wav,False,0,0,0,0,0,0,0,0,0,0,0,0,birds,-6.1095204,0.8903985,0.3863579,0.30192205,0.13267864,0.23035888,0.2013435,0.22051589,0.18584944,0.19379,0.19890848,0.1676269,0.19605234
8.404056,13.375667,11.955276,10,0,0,00:00.0,00:00.0,uploads\b67551bc-3737-11f0-85b7-581122bb7f2c\20210419T120000+1000_REC_64.wav,False,0,0,0,0,0,0,0,0,0,0,0,0,birds,-6.0168824,1.4049058,0.20663834,0.45965105,-0.04703045,0.305063,0.13053133,0.2578638,0.052556626,0.25444552,0.117693156,0.20401287,0.15243958
8.4440775,13.1556225,11.71947,10,0,0,00:00.0,00:00.0,uploads\b67551bc-3737-11f0-85b7-581122bb7f2c\20210419T120000+1000_REC_66.wav,False,0,0,0,0,0,0,0,0,0,0,0,0,birds,-6.0038695,1.4773235,0.20826854,0.37832943,-0.1065684,0.30155626,0.10064217,0.2524535,0.100643925,0.27825746,0.1140982,0.17872868,0.13943577
8.331171,13.653283,12.307425,10,0,0,00:00.0,00:00.0,uploads\b67551bc-3737-11f0-85b7-581122bb7f2c\20210419T120000+1000_REC_69.wav,False,0,0,0,0,0,0,0,0,0,0,0,0,birds,-6.0464745,1.2696003,0.2633734,0.4353263,0.04339187,0.32776138,0.12900692,0.23032217,0.126086,0.24544492,0.14296399,0.17841604,0.11742244
7.799655,13.993973,13.330731,10,0,0,00:00.0,00:00.0,uploads\b67551bc-3737-11f0-85b7-581122bb7f2c\20210419T120000+1000_REC_72.wav,False,0,0,0,0,0,0,0,0,0,0,0,0,birds,-6.0925,1.0000931,0.36068588,0.34496555,0.26155916,0.21550031,0.19169629,0.23737258,0.2349095,0.19001095,0.18314582,0.12630062,0.16420732
7.1869645,14.544997,13.806009,10,0,0,00:00.0,00:00.0,uploads\b67551bc-3737-11f0-85b7-581122bb7f2c\20210419T120000+1000_REC_87.wav,False,0,0,0,0,0,0,0,0,0,0,0,0,birds,-6.0280623,1.2399279,0.5301099,0.5622427,0.2072317,0.32035142,0.21438186,0.2820031,0.18056127,0.18492088,0.14326687,0.11318803,0.107356414
7.2028246,14.529099,13.790113,10,0,0,00:00.0,00:00.0,uploads\b67551bc-3737-11f0-85b7-581122bb7f2c\20210419T120000+1000_REC_89.wav,False,0,0,0,0,0,0,0,0,0,0,0,0,birds,-6.041981,1.1513151,0.5513159,0.5609597,0.1911964,0.29991964,0.2731291,0.2998793,0.18684463,0.16307445,0.13887668,0.101629615,0.11048423
8.302734,13.69109,12.324354,10,0,0,00:00.0,00:00.0,uploads\b67551bc-3737-11f0-85b7-581122bb7f2c\20210419T120000+1000_REC_90.wav,False,0,0,0,0,0,0,0,0,0,0,0,0,birds,-6.033824,1.2403891,0.34793544,0.5653936,0.09568322,0.33665952,0.08806374,0.39323044,0.17537867,0.2375872,0.12280473,0.20450671,0.11347501
8.505102,13.216382,11.407309,10,0,0,00:00.0,00:00.0,uploads\b67551bc-3737-11f0-85b7-581122bb7f2c\20210419T120000+1000_REC_91.wav,False,0,0,0,0,0,0,0,0,0,0,0,0,birds,-5.9785814,1.523319,0.44500285,0.4693989,-0.08391812,0.30270374,0.15062916,0.33410284,0.06350149,0.21964201,0.07795158,0.1600312,0.12598236
7.1866236,14.544218,13.804556,10,0,0,00:00.0,00:00.0,uploads\b67551bc-3737-11f0-85b7-581122bb7f2c\20210419T120000+1000_REC_92.wav,False,0,0,0,0,0,0,0,0,0,0,0,0,birds,-6.038701,1.1254112,0.42176154,0.69552076,0.16154379,0.29361597,0.3096734,0.35487244,0.119672395,0.25119826,0.16688506,0.0901463,0.12612945
7.7080264,14.113667,13.364914,10,0,0,00:00.0,00:00.0,uploads\b67551bc-3737-11f0-85b7-581122bb7f2c\20210419T120000+1000_REC_93.wav,False,0,0,0,0,0,0,0,0,0,0,0,0,birds,-6.0823584,0.9696676,0.46992597,0.45802358,0.20154156,0.2145736,0.32261062,0.26841676,0.17096885,0.2231385,0.20560837,0.1031713,0.20120241
7.828029,14.222104,13.707907,10,0,0,00:00.0,00:00.0,uploads\b67551bc-3737-11f0-85b7-581122bb7f2c\20210419T120000+1000_REC_94.wav,False,0,0,0,0,0,0,0,0,0,0,0,0,birds,-6.103339,0.76588434,0.5677628,0.39363042,0.3028843,0.27738032,0.27050778,0.25266355,0.21907176,0.1813327,0.15760034,0.15860088,0.1752661
7.882836,14.217214,13.153141,10,0,0,00:00.0,00:00.0,uploads\b67551bc-3737-11f0-85b7-581122bb7f2c\20210419T120000+1000_REC_95.wav,False,0,0,0,0,0,0,0,0,0,0,0,0,birds,-6.083616,0.95055825,0.51496446,0.40040472,0.14676327,0.30792582,0.25140712,0.280906,0.2343159,0.21971938,0.19031201,0.19933215,0.19532765
7.940786,14.141807,13.062008,10,0,0,00:00.0,00:00.0,uploads\b67551bc-3737-11f0-85b7-581122bb7f2c\20210419T120000+1000_REC_96.wav,False,0,0,0,0,0,0,0,0,0,0,0,0,birds,-6.054242,1.1556487,0.41892883,0.42613748,0.106988,0.30517757,0.1871567,0.32170346,0.23137094,0.2770267,0.15582827,0.24260534,0.1962279
7.93914,14.149988,13.068529,10,0,0,00:00.0,00:00.0,uploads\b67551bc-3737-11f0-85b7-581122bb7f2c\20210419T120000+1000_REC_97.wav,False,0,0,0,0,0,0,0,0,0,0,0,0,birds,-6.063824,1.1062658,0.45713672,0.42991468,0.11257653,0.30259046,0.20546305,0.29940662,0.20536782,0.21795747,0.17899826,0.19856814,0.18827537
7.870151,14.2146,13.164801,10,0,0,00:00.0,00:00.0,uploads\b67551bc-3737-11f0-85b7-581122bb7f2c\20210419T120000+1000_REC_98.wav,False,0,0,0,0,0,0,0,0,0,0,0,0,birds,-6.0860047,0.99361986,0.4456387,0.3326926,0.18678536,0.2668696,0.2782599,0.26196992,0.21767575,0.20976564,0.2033425,0.19036373,0.19757752
7.896267,14.208344,13.141535,10,0,0,00:00.0,00:00.0,uploads\b67551bc-3737-11f0-85b7-581122bb7f2c\20210419T120000+1000_REC_99.wav,False,0,0,0,0,0,0,0,0,0,0,0,0,birds,-6.081503,0.9966697,0.4439472,0.42898238,0.11919885,0.2836632,0.2235714,0.2832891,0.21389844,0.23439863,0.21663108,0.18906988,0.19143634
7.8848424,14.21381,13.173181,10,0,0,00:00.0,00:00.0,uploads\b67551bc-3737-11f0-85b7-581122bb7f2c\20210419T120000+1000_REC_100.wav,False,0,0,0,0,0,0,0,0,0,0,0,0,birds,-6.092505,0.93935907,0.29185158,0.43397316,0.22565712,0.26617002,0.17144446,0.32361016,0.2901028,0.20384403,0.2207378,0.22751889,0.2005667
8.039909,14.006311,12.899594,10,0,0,00:00.0,00:00.0,uploads\b67551bc-3737-11f0-85b7-581122bb7f2c\20210419T120000+1000_REC_101.wav,False,0,0,0,0,0,0,0,0,0,0,0,0,birds,-6.0664353,1.151497,0.28004846,0.35298282,0.04323803,0.35160413,0.227209,0.3103958,0.14496705,0.21993369,0.14310122,0.21732739,0.15705961
8.412742,13.545684,12.139756,10,0,0,00:00.0,00:00.0,uploads\b67551bc-3737-11f0-85b7-581122bb7f2c\20210419T120000+1000_REC_102.wav,False,0,0,0,0,0,0,0,0,0,0,0,0,birds,-6.026887,1.316914,0.40457934,0.48425907,0.0053079873,0.27679026,0.14160359,0.3261342,0.13148288,0.23097555,0.13222477,0.19756122,0.1520903
8.275193,13.712871,12.448289,10,0,0,00:00.0,00:00.0,uploads\b67551bc-3737-11f0-85b7-581122bb7f2c\20210419T120000+1000_REC_103.wav,False,0,0,0,0,0,0,0,0,0,0,0,0,birds,-6.0512395,1.2001208,0.37358359,0.4375438,0.00897063,0.26413086,0.107578285,0.3158401,0.1908001,0.3118978,0.14054081,0.20893581,0.14570343
8.31258,13.679308,12.357007,10,0,0,00:00.0,00:00.0,uploads\b67551bc-3737-11f0-85b7-581122bb7f2c\20210419T120000+1000_REC_104.wav,False,0,0,0,0,0,0,0,0,0,0,0,0,birds,-6.0366707,1.27116,0.3721676,0.46276048,-0.0071602995,0.2874492,0.1313952,0.3424033,0.15967228,0.23927861,0.11488999,0.22511566,0.1668548
8.295123,13.695101,12.416213,10,0,0,00:00.0,00:00.0,uploads\b67551bc-3737-11f0-85b7-581122bb7f2c\20210419T120000+1000_REC_105.wav,True,0,1,0,0,1,0,0,0,1,0,0,0,birds,-6.0549746,1.1791816,0.3720985,0.47481352,0.017290657,0.2989172,0.15245624,0.31275624,0.14369322,0.24120921,0.13694078,0.1854604,0.12755907
8.436761,13.470044,11.933201,10,0,0,00:00.0,00:00.0,uploads\b67551bc-3737-11f0-85b7-581122bb7f2c\20210419T120000+1000_REC_106.wav,True,0,0,0,0,1,0,0,0,1,0,0,0,birds,-6.0098433,1.4095947,0.41172826,0.3974913,-0.11693824,0.26473302,0.1519683,0.317232,0.1292054,0.24287286,0.14427437,0.18395928,0.13994053
8.404444,13.537612,12.085761,10,0,0,00:00.0,00:00.0,uploads\b67551bc-3737-11f0-85b7-581122bb7f2c\20210419T120000+1000_REC_107.wav,False,0,0,0,0,0,0,0,0,0,0,0,0,birds,-6.018143,1.3528596,0.4185566,0.48806143,0.0041131265,0.3127032,0.12583368,0.31888172,0.10812211,0.22182691,0.10472075,0.20734666,0.13741806
8.314352,13.674928,12.376543,10,0,0,00:00.0,00:00.0,uploads\b67551bc-3737-11f0-85b7-581122bb7f2c\20210419T120000+1000_REC_108.wav,False,0,0,0,0,0,0,0,0,0,0,0,0,birds,-6.042767,1.2359946,0.35838327,0.5155234,-0.011414664,0.28759626,0.15655838,0.3158241,0.12894177,0.22997688,0.10562395,0.19125265,0.13625588
7.764958,14.104779,13.55132,10,0,0,00:00.0,00:00.0,uploads\b67551bc-3737-11f0-85b7-581122bb7f2c\20210419T120000+1000_REC_109.wav,False,0,0,0,0,0,0,0,0,0,0,0,0,birds,-6.104453,0.87228227,0.44728306,0.41098908,0.09698837,0.20033984,0.23860066,0.22347839,0.18527418,0.19288987,0.18927625,0.16262314,0.19126944
8.417763,13.5286255,12.094657,10,0,0,00:00.0,00:00.0,uploads\b67551bc-3737-11f0-85b7-581122bb7f2c\20210419T120000+1000_REC_110.wav,False,0,0,0,0,0,0,0,0,0,0,0,0,birds,-6.0241714,1.3002048,0.3843958,0.60085785,0.012327904,0.31282258,0.12534443,0.27307463,0.08481612,0.22897299,0.08718803,0.19125307,0.10579424
8.873994,13.099895,11.618766,10,0,0,00:00.0,00:00.0,uploads\b67551bc-3737-11f0-85b7-581122bb7f2c\20210419T120000+1000_REC_111.wav,False,0,0,0,0,0,0,0,0,0,0,0,0,birds,-6.005791,1.367667,0.53369015,0.54543304,-0.028960166,0.27438986,0.06643813,0.31383905,0.108267985,0.2092172,0.050508972,0.1633482,0.080804594
7.813522,13.930882,13.289945,10,0,0,00:00.0,00:00.0,uploads\b67551bc-3737-11f0-85b7-581122bb7f2c\20210419T120000+1000_REC_112.wav,False,0,0,0,0,0,0,0,0,0,0,0,0,birds,-6.096437,0.9703598,0.42601827,0.3810291,0.12938493,0.17649044,0.2195246,0.21617079,0.15839118,0.16784894,0.14489566,0.11989211,0.16755565
7.9395475,13.825892,13.141325,10,0,0,00:00.0,00:00.0,uploads\b67551bc-3737-11f0-85b7-581122bb7f2c\20210419T120000+1000_REC_113.wav,False,0,0,0,0,0,0,0,0,0,0,0,0,birds,-6.089207,1.0217546,0.37506935,0.41706586,0.107449204,0.21727917,0.17956574,0.22809502,0.17620525,0.16314435,0.15918751,0.15349184,0.16729325
8.086464,13.74221,12.971626,10,0,0,00:00.0,00:00.0,uploads\b67551bc-3737-11f0-85b7-581122bb7f2c\20210419T120000+1000_REC_114.wav,True,0,1,0,0,1,0,0,0,1,0,0,0,birds,-6.0639715,1.1690298,0.45088542,0.2820285,-0.047446772,0.052993443,0.10166274,0.21106997,0.21253583,0.23973829,0.21529688,0.18173088,0.17776538
8.008561,13.782328,13.059161,10,0,0,00:00.0,00:00.0,uploads\b67551bc-3737-11f0-85b7-581122bb7f2c\20210419T120000+1000_REC_115.wav,False,0,0,0,0,0,0,0,0,0,0,0,0,birds,-6.086714,1.0496684,0.3463655,0.3670739,0.10294221,0.25891832,0.17407075,0.22368197,0.18181933,0.19140698,0.17441688,0.17966071,0.18631427
8.346822,13.638483,12.276474,10,0,0,00:00.0,00:00.0,uploads\b67551bc-3737-11f0-85b7-581122bb7f2c\20210419T120000+1000_REC_116.wav,False,0,0,0,0,0,0,0,0,0,0,0,0,birds,-6.0404506,1.297925,0.32584667,0.42947504,0.014264447,0.25951308,0.12151205,0.28614083,0.10704263,0.2183112,0.0967849,0.18375015,0.13282606
8.325629,13.664419,12.284685,10,0,0,00:00.0,00:00.0,uploads\b67551bc-3737-11f0-85b7-581122bb7f2c\20210419T120000+1000_REC_117.wav,False,0,0,0,0,0,0,0,0,0,0,0,0,birds,-6.047008,1.2400632,0.37971395,0.4471957,-0.0116055235,0.2814214,0.1062112,0.27730915,0.11876928,0.2457903,0.12651812,0.17616536,0.12340073
8.44472,13.2038965,11.417654,10,0,0,00:00.0,00:00.0,uploads\b67551bc-3737-11f0-85b7-581122bb7f2c\20210419T120000+1000_REC_118.wav,False,0,0,0,0,0,0,0,0,0,0,0,0,birds,-5.993538,1.4846234,0.3783418,0.48252687,-0.09932209,0.2451299,0.076427676,0.24468032,0.07185237,0.226478,0.117637634,0.22049038,0.14733075
8.481058,13.177006,11.610048,10,0,0,00:00.0,00:00.0,uploads\b67551bc-3737-11f0-85b7-581122bb7f2c\20210419T120000+1000_REC_119.wav,False,0,0,0,0,0,0,0,0,0,0,0,0,birds,-5.989797,1.4979967,0.31975207,0.48663405,-0.06104908,0.30855486,0.093261056,0.2853524,0.13594267,0.2891788,0.13583605,0.1682273,0.09764961
8.40256,13.465094,12.042656,10,0,0,00:00.0,00:00.0,uploads\b67551bc-3737-11f0-85b7-581122bb7f2c\20210419T120000+1000_REC_120.wav,False,0,0,0,0,0,0,0,0,0,0,0,0,birds,-6.0170035,1.3538749,0.31928056,0.5634098,-0.02721148,0.31995583,0.11818494,0.2516568,0.06775537,0.2406891,0.16053656,0.23654804,0.14273699
8.567083,13.167353,11.508219,10,0,0,00:00.0,00:00.0,uploads\b67551bc-3737-11f0-85b7-581122bb7f2c\20210419T120000+1000_REC_121.wav,False,0,0,0,0,0,0,0,0,0,0,0,0,birds,-5.977796,1.5208904,0.31996104,0.5995609,-0.07879761,0.2680421,0.040157456,0.29945058,0.10639535,0.22170147,0.069868386,0.19753361,0.12728232
8.712413,13.143757,11.548395,10,0,0,00:00.0,00:00.0,uploads\b67551bc-3737-11f0-85b7-581122bb7f2c\20210419T120000+1000_REC_122.wav,False,0,0,0,0,0,0,0,0,0,0,0,0,birds,-5.9982066,1.4418871,0.23785375,0.60289216,-0.06415345,0.2751287,0.068049245,0.31838796,0.07819485,0.20676471,0.061724983,0.1923985,0.11427866
8.987543,12.897581,11.392068,10,0,0,00:00.0,00:00.0,uploads\b67551bc-3737-11f0-85b7-581122bb7f2c\20210419T120000+1000_REC_123.wav,False,0,0,0,0,0,0,0,0,0,0,0,0,birds,-5.9778075,1.4688332,0.35300583,0.73124295,-0.039483152,0.26430342,0.080964044,0.31603292,0.03260642,0.18889062,0.063237414,0.14860336,0.07255346
8.37247,13.60885,12.378878,10,0,0,00:00.0,00:00.0,uploads\b67551bc-3737-11f0-85b7-581122bb7f2c\20210419T120000+1000_REC_124.wav,False,0,0,0,0,0,0,0,0,0,0,0,0,birds,-6.0540457,1.1687605,0.29752216,0.58707345,-0.016524043,0.23154232,0.12672733,0.32653502,0.12310636,0.18930419,0.102850236,0.17994961,0.13634458
7.791122,13.977843,13.351714,10,0,0,00:00.0,00:00.0,uploads\b67551bc-3737-11f0-85b7-581122bb7f2c\20210419T120000+1000_REC_125.wav,False,0,0,0,0,0,0,0,0,0,0,0,0,birds,-6.109385,0.8847352,0.34419975,0.4042729,0.07852637,0.17658879,0.22520013,0.23323739,0.18962504,0.15578371,0.14997685,0.11710609,0.18086527
7.9908175,14.072965,12.991209,10,0,0,00:00.0,00:00.0,uploads\b67551bc-3737-11f0-85b7-581122bb7f2c\20210419T120000+1000_REC_126.wav,False,0,0,0,0,0,0,0,0,0,0,0,0,birds,-6.0654273,1.095672,0.28621897,0.5634728,0.08523913,0.2830023,0.20816413,0.3335814,0.17725444,0.20569646,0.1678553,0.18217206,0.16934164
8.280297,13.6999655,12.482773,10,0,0,00:00.0,00:00.0,uploads\b67551bc-3737-11f0-85b7-581122bb7f2c\20210419T120000+1000_REC_127.wav,False,0,0,0,0,0,0,0,0,0,0,0,0,birds,-6.058763,1.1278374,0.35374737,0.56005484,0.020311346,0.29974934,0.17830105,0.3335025,0.15464282,0.21636257,0.1057916,0.15035239,0.112385936
7.755366,14.07791,13.377886,10,0,0,00:00.0,00:00.0,uploads\b67551bc-3737-11f0-85b7-581122bb7f2c\20210419T120000+1000_REC_128.wav,False,0,0,0,0,0,0,0,0,0,0,0,0,birds,-6.094988,0.9536887,0.3838328,0.42751586,0.13857168,0.24494557,0.23287478,0.25019515,0.19980046,0.18110931,0.18643303,0.13900179,0.18486796
7.8985085,13.883862,13.188198,10,0,0,00:00.0,00:00.0,uploads\b67551bc-3737-11f0-85b7-581122bb7f2c\20210419T120000+1000_REC_129.wav,False,0,0,0,0,0,0,0,0,0,0,0,0,birds,-6.083059,1.0165974,0.39394638,0.47483888,0.110957496,0.28079754,0.1871515,0.25697428,0.2055202,0.18342145,0.15253308,0.14425892,0.16714899
7.805546,14.204719,13.672693,10,0,0,00:00.0,00:00.0,uploads\b67551bc-3737-11f0-85b7-581122bb7f2c\20210419T120000+1000_REC_130.wav,False,0,0,0,0,0,0,0,0,0,0,0,0,birds,-6.1192575,0.74600977,0.44301423,0.32625943,0.23938176,0.2109625,0.22350287,0.2495203,0.24694309,0.20948827,0.1968626,0.1813316,0.1737994
7.9848666,13.801959,13.087842,10,0,0,00:00.0,00:00.0,uploads\b67551bc-3737-11f0-85b7-581122bb7f2c\20210419T120000+1000_REC_131.wav,False,0,0,0,0,0,0,0,0,0,0,0,0,birds,-6.086014,1.056435,0.3617236,0.35578114,0.07398706,0.24478345,0.17496686,0.23700161,0.1702967,0.19694497,0.18602009,0.16317439,0.14670737
8.305314,13.688557,12.379423,10,0,0,00:00.0,00:00.0,uploads\b67551bc-3737-11f0-85b7-581122bb7f2c\20210419T120000+1000_REC_132.wav,True,0,0,0,0,1,0,0,0,1,0,0,0,birds,-6.053352,1.2032071,0.3193453,0.45799148,-0.038824588,0.29915637,0.12782179,0.32074827,0.12735753,0.20635039,0.11359353,0.19541653,0.15415667
8.369906,13.604625,12.211659,10,0,0,00:00.0,00:00.0,uploads\b67551bc-3737-11f0-85b7-581122bb7f2c\20210419T120000+1000_REC_133.wav,False,0,0,0,0,0,0,0,0,0,0,0,0,birds,-6.0264664,1.3283865,0.34744427,0.4623371,-0.0010936456,0.31062302,0.14039548,0.3308465,0.13874297,0.23717515,0.10660591,0.22110829,0.1713409
8.436357,13.516084,12.075156,10,0,0,00:00.0,00:00.0,uploads\b67551bc-3737-11f0-85b7-581122bb7f2c\20210419T120000+1000_REC_134.wav,False,0,0,0,0,0,0,0,0,0,0,0,0,birds,-6.0247264,1.3164058,0.39342105,0.5042136,0.028047614,0.30960923,0.14283471,0.33035883,0.13519357,0.258499,0.10538776,0.20439681,0.117214814
8.134845,13.717837,12.922234,10,0,0,00:00.0,00:00.0,uploads\b67551bc-3737-11f0-85b7-581122bb7f2c\20210419T120000+1000_REC_135.wav,True,0,0,0,0,0,0,0,0,1,0,0,0,birds,-6.0761642,1.0961528,0.35336003,0.41792947,0.05307936,0.22229715,0.122171804,0.29345563,0.16199264,0.23318999,0.1387084,0.18383752,0.14457437
8.1185465,13.716258,12.954641,10,0,0,00:00.0,00:00.0,uploads\b67551bc-3737-11f0-85b7-581122bb7f2c\20210419T120000+1000_REC_136.wav,False,0,0,0,0,0,0,0,0,0,0,0,0,birds,-6.092033,0.9933517,0.3397844,0.41679606,0.06437524,0.23661871,0.15217507,0.2778623,0.16868474,0.20276816,0.1639785,0.20802952,0.18442203
8.32097,13.66748,12.253509,10,0,0,00:00.0,00:00.0,uploads\b67551bc-3737-11f0-85b7-581122bb7f2c\20210419T120000+1000_REC_137.wav,False,0,0,0,0,0,0,0,0,0,0,0,0,birds,-6.044426,1.263482,0.33875534,0.4261471,-0.01882716,0.27232513,0.0856836,0.3142771,0.10496636,0.21757087,0.12403797,0.21415731,0.13707127
8.420395,13.316015,11.528336,10,0,0,00:00.0,00:00.0,uploads\b67551bc-3737-11f0-85b7-581122bb7f2c\20210419T120000+1000_REC_138.wav,False,0,0,0,0,0,0,0,0,0,0,0,0,birds,-5.987882,1.4896722,0.3993526,0.475156,-0.06816545,0.26521772,0.10061561,0.35286084,0.116636135,0.24649593,0.10402623,0.22756736,0.12632416
8.385018,13.340118,11.522272,10,0,0,00:00.0,00:00.0,uploads\b67551bc-3737-11f0-85b7-581122bb7f2c\20210419T120000+1000_REC_139.wav,True,0,1,0,0,0,0,0,0,1,0,0,0,birds,-5.969469,1.5338411,0.44029117,0.5173732,-0.090823285,0.317432,0.1024467,0.3538441,0.10553789,0.21406738,0.099058576,0.25962296,0.15594538
8.4938345,13.2567005,11.411174,10,0,0,00:00.0,00:00.0,uploads\b67551bc-3737-11f0-85b7-581122bb7f2c\20210419T120000+1000_REC_141.wav,False,0,0,0,0,0,0,0,0,0,0,0,0,birds,-5.9869084,1.5194608,0.38686398,0.4342668,-0.057567257,0.29486173,0.11083922,0.2943787,0.07035284,0.21048686,0.10560133,0.20983824,0.1253743
8.43429,13.443974,11.848537,10,0,0,00:00.0,00:00.0,uploads\b67551bc-3737-11f0-85b7-581122bb7f2c\20210419T120000+1000_REC_142.wav,False,0,0,0,0,0,0,0,0,0,0,0,0,birds,-5.9981484,1.4386268,0.37376,0.48971754,-0.053011443,0.31787047,0.13139403,0.3446766,0.12993155,0.25522804,0.10806319,0.22500598,0.13900752
8.454575,13.250061,11.387546,10,0,0,00:00.0,00:00.0,uploads\b67551bc-3737-11f0-85b7-581122bb7f2c\20210419T120000+1000_REC_143.wav,False,0,0,0,0,0,0,0,0,0,0,0,0,birds,-5.972615,1.5607461,0.39712417,0.458416,-0.10059158,0.2773365,0.105460756,0.3417052,0.11373916,0.22416788,0.078145355,0.20092538,0.11300331
8.450656,13.428283,11.82574,10,0,0,00:00.0,00:00.0,uploads\b67551bc-3737-11f0-85b7-581122bb7f2c\20210419T120000+1000_REC_144.wav,False,0,0,0,0,0,0,0,0,0,0,0,0,birds,-6.0066214,1.4072078,0.3967872,0.4893531,-0.043480888,0.29007068,0.11282876,0.33429495,0.12654059,0.25022584,0.0735704,0.19481528,0.13056594
8.342058,13.634388,12.188411,10,0,0,00:00.0,00:00.0,uploads\b67551bc-3737-11f0-85b7-581122bb7f2c\20210419T120000+1000_REC_145.wav,False,0,0,0,0,0,0,0,0,0,0,0,0,birds,-6.0471034,1.2444996,0.28542966,0.44907206,0.012469154,0.32389814,0.054120753,0.2686239,0.14312494,0.26789275,0.09017075,0.23472501,0.11277032
8.408124,13.260612,11.437654,10,0,0,00:00.0,00:00.0,uploads\b67551bc-3737-11f0-85b7-581122bb7f2c\20210419T120000+1000_REC_146.wav,False,0,0,0,0,0,0,0,0,0,0,0,0,birds,-5.968993,1.587582,0.3428945,0.42757174,-0.14280163,0.24008326,0.07787842,0.34157848,0.12299163,0.22740984,0.06923957,0.21852955,0.17014147
8.460114,13.272951,11.33929,10,0,0,00:00.0,00:00.0,uploads\b67551bc-3737-11f0-85b7-581122bb7f2c\20210419T120000+1000_REC_147.wav,False,0,0,0,0,0,0,0,0,0,0,0,0,birds,-5.9533076,1.6375028,0.38392928,0.44685602,-0.11095601,0.2779549,0.099042565,0.36044747,0.11448935,0.2293884,0.0563674,0.20745124,0.10616785
8.541509,13.190556,11.439512,10,0,0,00:00.0,00:00.0,uploads\b67551bc-3737-11f0-85b7-581122bb7f2c\20210419T120000+1000_REC_148.wav,False,0,0,0,0,0,0,0,0,0,0,0,0,birds,-5.9813824,1.5256889,0.321739,0.5524015,-0.042417597,0.28437182,0.06629461,0.3119371,0.05476833,0.16838397,0.045755282,0.19250178,0.10565503
8.481524,13.23467,11.368518,10,0,0,00:00.0,00:00.0,uploads\b67551bc-3737-11f0-85b7-581122bb7f2c\20210419T120000+1000_REC_149.wav,False,0,0,0,0,0,0,0,0,0,0,0,0,birds,-5.9730096,1.5499799,0.40759736,0.5137758,-0.060603864,0.27444398,0.08105958,0.32026577,0.09117926,0.22271411,0.06039325,0.2112965,0.091073394
8.3995285,13.27868,11.439033,10,0,0,00:00.0,00:00.0,uploads\b67551bc-3737-11f0-85b7-581122bb7f2c\20210419T120000+1000_REC_150.wav,False,0,0,0,0,0,0,0,0,0,0,0,0,birds,-5.976854,1.5399686,0.39752525,0.48532796,-0.12068958,0.24325874,0.097840026,0.32345128,0.097530626,0.20409614,0.07611574,0.22244991,0.13786887
8.565159,13.191587,11.46386,10,0,0,00:00.0,00:00.0,uploads\b67551bc-3737-11f0-85b7-581122bb7f2c\20210419T120000+1000_REC_151.wav,False,0,0,0,0,0,0,0,0,0,0,0,0,birds,-5.9898815,1.472433,0.3991144,0.52302635,-0.077594,0.29800048,0.102119006,0.32328263,0.070555754,0.21767046,0.06742297,0.20182042,0.11875681
8.501993,13.214075,11.372594,10,0,0,00:00.0,00:00.0,uploads\b67551bc-3737-11f0-85b7-581122bb7f2c\20210419T120000+1000_REC_152.wav,False,0,0,0,0,0,0,0,0,0,0,0,0,birds,-5.9688373,1.5712322,0.3501758,0.52502406,-0.10282334,0.25876576,0.09601726,0.33268088,0.074504875,0.22111663,0.06944304,0.20209374,0.08816983
8.591189,13.076184,11.453982,10,0,0,00:00.0,00:00.0,uploads\b67551bc-3737-11f0-85b7-581122bb7f2c\20210419T120000+1000_REC_153.wav,False,0,0,0,0,0,0,0,0,0,0,0,0,birds,-5.9765635,1.5485709,0.3955093,0.48486644,-0.105567716,0.23060074,0.06375422,0.30398676,0.0876037,0.2417419,0.07196766,0.17849214,0.08921968
8.536007,13.180982,11.406864,10,0,0,00:00.0,00:00.0,uploads\b67551bc-3737-11f0-85b7-581122bb7f2c\20210419T120000+1000_REC_154.wav,False,0,0,0,0,0,0,0,0,0,0,0,0,birds,-5.981453,1.5192357,0.36255834,0.5141753,-0.10892255,0.26427618,0.08883213,0.3329998,0.07073027,0.2144133,0.058622833,0.19067304,0.108214684
8.492452,13.248818,11.45658,10,0,0,00:00.0,00:00.0,uploads\b67551bc-3737-11f0-85b7-581122bb7f2c\20210419T120000+1000_REC_155.wav,True,0,1,0,0,0,0,0,0,1,0,0,0,birds,-5.9820256,1.5166253,0.33382395,0.53211695,-0.03342173,0.3270999,0.12321308,0.31219834,0.119142674,0.23758362,0.05243029,0.18069519,0.11625767
8.713906,13.138705,11.587602,10,0,0,00:00.0,00:00.0,uploads\b67551bc-3737-11f0-85b7-581122bb7f2c\20210419T120000+1000_REC_157.wav,False,0,0,0,0,0,0,0,0,0,0,0,0,birds,-6.011273,1.3783784,0.3353196,0.5419857,-0.058736093,0.23088866,0.12761535,0.35496753,0.018609365,0.2555733,0.18370137,0.19417836,0.08901711
8.710101,13.076059,11.542097,10,0,0,00:00.0,00:00.0,uploads\b67551bc-3737-11f0-85b7-581122bb7f2c\20210419T120000+1000_REC_158.wav,False,0,0,0,0,0,0,0,0,0,0,0,0,birds,-6.0183587,1.3826799,0.36787727,0.44729218,-0.08502624,0.19370475,0.069441296,0.29963762,0.066666804,0.26875675,0.13818689,0.15329018,0.11565311
8.412162,13.38215,11.642221,10,0,0,00:00.0,00:00.0,uploads\b67551bc-3737-11f0-85b7-581122bb7f2c\20210419T120000+1000_REC_159.wav,False,0,0,0,0,0,0,0,0,0,0,0,0,birds,-6.0189095,1.3618975,0.4066212,0.34322727,-0.15691195,0.23345762,0.034176722,0.33503103,0.13424289,0.29595074,0.14995861,0.23101488,0.114686
8.29174,13.703966,12.392097,10,0,0,00:00.0,00:00.0,uploads\b67551bc-3737-11f0-85b7-581122bb7f2c\20210419T120000+1000_REC_160.wav,False,0,0,0,0,0,0,0,0,0,0,0,0,birds,-6.040934,1.2610397,0.34265137,0.45977032,-0.01820636,0.29457173,0.1197178,0.33322605,0.17243858,0.23407228,0.10548274,0.2008543,0.13118057
8.238371,13.677636,12.63873,10,0,0,00:00.0,00:00.0,uploads\b67551bc-3737-11f0-85b7-581122bb7f2c\20210419T120000+1000_REC_161.wav,False,0,0,0,0,0,0,0,0,0,0,0,0,birds,-6.0644627,1.1612448,0.34291595,0.36882758,-0.0845022,0.16016342,0.10904879,0.30512074,0.12448372,0.27142823,0.16912156,0.1841778,0.19582655
7.7617106,14.109885,13.546197,10,0,0,00:00.0,00:00.0,uploads\b67551bc-3737-11f0-85b7-581122bb7f2c\20210419T120000+1000_REC_162.wav,False,0,0,0,0,0,0,0,0,0,0,0,0,birds,-6.1122293,0.8470374,0.4414684,0.26639423,0.12623219,0.16862842,0.19359025,0.22363396,0.22341998,0.23344646,0.2211831,0.1613448,0.2161357
8.287192,13.665139,12.450468,10,0,0,00:00.0,00:00.0,uploads\b67551bc-3737-11f0-85b7-581122bb7f2c\20210419T120000+1000_REC_163.wav,False,0,0,0,0,0,0,0,0,0,0,0,0,birds,-6.0563536,1.1830857,0.386658,0.4397388,-0.06021025,0.1785325,0.091527775,0.28766966,0.10237074,0.29466727,0.14297646,0.19423008,0.15151654
7.92321,13.844293,13.168248,10,0,0,00:00.0,00:00.0,uploads\b67551bc-3737-11f0-85b7-581122bb7f2c\20210419T120000+1000_REC_164.wav,False,0,0,0,0,0,0,0,0,0,0,0,0,birds,-6.0810347,1.1082832,0.343344,0.2660514,0.032645743,0.1610999,0.2049184,0.26888046,0.15827927,0.20090653,0.18580708,0.13289453,0.19826615
8.553018,13.052562,11.471547,10,0,0,00:00.0,00:00.0,uploads\b67551bc-3737-11f0-85b7-581122bb7f2c\20210419T120000+1000_REC_165.wav,False,0,0,0,0,0,0,0,0,0,0,0,0,birds,-5.986945,1.525173,0.28797513,0.4325762,-0.09514612,0.18300457,0.096534096,0.37440023,0.11876357,0.27982116,0.1434691,0.17044248,0.093963206
8.002245,13.788014,13.077741,10,0,0,00:00.0,00:00.0,uploads\b67551bc-3737-11f0-85b7-581122bb7f2c\20210419T120000+1000_REC_166.wav,False,0,0,0,0,0,0,0,0,0,0,0,0,birds,-6.088314,1.0557112,0.2230026,0.38890457,0.059741694,0.09484986,0.1357817,0.3128066,0.17605105,0.18111469,0.18757229,0.16570073,0.17739134
8.139214,13.7075205,12.924506,10,0,0,00:00.0,00:00.0,uploads\b67551bc-3737-11f0-85b7-581122bb7f2c\20210419T120000+1000_REC_167.wav,False,0,0,0,0,0,0,0,0,0,0,0,0,birds,-6.081695,1.0750248,0.33060145,0.3351369,0.041931618,0.1581917,0.12089797,0.3249986,0.22277635,0.26456702,0.1675197,0.2035324,0.14264761
8.396062,13.381899,11.604413,10,0,0,00:00.0,00:00.0,uploads\b67551bc-3737-11f0-85b7-581122bb7f2c\20210419T120000+1000_REC_168.wav,False,0,0,0,0,0,0,0,0,0,0,0,0,birds,-5.9970827,1.4765636,0.357044,0.4235748,-0.102024086,0.23795365,0.06404995,0.30889285,0.13579205,0.23148096,0.10703582,0.2514087,0.13583158
7.9983916,13.773122,13.090887,10,0,0,00:00.0,00:00.0,uploads\b67551bc-3737-11f0-85b7-581122bb7f2c\20210419T120000+1000_REC_169.wav,False,0,0,0,0,0,0,0,0,0,0,0,0,birds,-6.0903,1.0110453,0.24481946,0.4423409,-0.0694114,0.1771916,0.1889056,0.2394311,0.074709184,0.2530666,0.13854314,0.121929,0.16395901
8.53895,13.12849,11.398926,10,0,0,00:00.0,00:00.0,uploads\b67551bc-3737-11f0-85b7-581122bb7f2c\20210419T120000+1000_REC_170.wav,False,0,0,0,0,0,0,0,0,0,0,0,0,birds,-5.984396,1.5161488,0.32555747,0.52795,-0.096302405,0.22881413,0.08874402,0.314278,0.03409572,0.2216426,0.094660714,0.18807006,0.12995088
8.626816,13.230831,11.61834,10,0,0,00:00.0,00:00.0,uploads\b67551bc-3737-11f0-85b7-581122bb7f2c\20210419T120000+1000_REC_171.wav,False,0,0,0,0,0,0,0,0,0,0,0,0,birds,-6.010501,1.3954012,0.3247686,0.49704763,-0.11776673,0.28038788,0.11518589,0.33553785,0.07415258,0.21947749,0.10936672,0.21541627,0.118126445
8.553338,13.119207,11.380356,10,0,0,00:00.0,00:00.0,uploads\b67551bc-3737-11f0-85b7-581122bb7f2c\20210419T120000+1000_REC_172.wav,False,0,0,0,0,0,0,0,0,0,0,0,0,birds,-5.9677587,1.5592844,0.27089885,0.6307242,-0.08892535,0.20080894,0.086116225,0.33642334,0.02924834,0.21448162,0.13689306,0.18203342,0.07769737
8.639151,13.062209,11.453703,10,0,0,00:00.0,00:00.0,uploads\b67551bc-3737-11f0-85b7-581122bb7f2c\20210419T120000+1000_REC_173.wav,True,0,1,0,0,1,0,0,0,0,0,0,0,birds,-5.985662,1.4895706,0.3369532,0.53445286,-0.17443493,0.17670178,0.11204422,0.29499543,-0.05560821,0.2555403,0.04860683,0.14207986,0.18065046
8.689971,13.052918,11.515444,10,0,0,00:00.0,00:00.0,uploads\b67551bc-3737-11f0-85b7-581122bb7f2c\20210419T120000+1000_REC_174.wav,False,0,0,0,0,0,0,0,0,0,0,0,0,birds,-6.0144944,1.3740324,0.28044906,0.553881,-0.08549238,0.23430869,0.10126659,0.25846356,0.011245694,0.32188657,0.119090326,0.122987874,0.17143139
8.315727,13.673714,12.271491,10,0,0,00:00.0,00:00.0,uploads\b67551bc-3737-11f0-85b7-581122bb7f2c\20210419T120000+1000_REC_176.wav,False,0,0,0,0,0,0,0,0,0,0,0,0,birds,-6.048646,1.2398915,0.31524876,0.45679066,-0.026149496,0.27602157,0.07980997,0.28725904,0.124324836,0.25088102,0.0997813,0.16892578,0.12263286
8.537569,13.38639,12.464035,10,0,0,00:00.0,00:00.0,uploads\b67551bc-3737-11f0-85b7-581122bb7f2c\20210419T120000+1000_REC_177.wav,False,0,0,0,0,0,0,0,0,0,0,0,0,birds,-6.0240474,1.3245785,0.32301417,0.540946,-0.076254584,0.21830551,0.14978953,0.35214922,0.07143856,0.2438814,0.09648523,0.16462843,0.1654738
7.7613106,14.12201,13.561314,10,0,0,00:00.0,00:00.0,uploads\b67551bc-3737-11f0-85b7-581122bb7f2c\20210419T120000+1000_REC_178.wav,False,0,0,0,0,0,0,0,0,0,0,0,0,birds,-6.115764,0.78343946,0.40019214,0.41877764,0.041917045,0.19665347,0.2413479,0.20197491,0.23276779,0.17784692,0.22020593,0.17135794,0.18193182
8.311765,13.6792555,12.290707,10,0,0,00:00.0,00:00.0,uploads\b67551bc-3737-11f0-85b7-581122bb7f2c\20210419T120000+1000_REC_179.wav,False,0,0,0,0,0,0,0,0,0,0,0,0,birds,-6.0517483,1.19311,0.36335915,0.4873154,-0.008739683,0.33509833,0.07685054,0.30126125,0.13263002,0.22552292,0.13525718,0.16436884,0.13160767
8.332884,13.657534,12.26593,10,0,0,00:00.0,00:00.0,uploads\b67551bc-3737-11f0-85b7-581122bb7f2c\20210419T120000+1000_REC_180.wav,False,0,0,0,0,0,0,0,0,0,0,0,0,birds,-6.043651,1.20462,0.36116165,0.55110776,-0.07761841,0.29669115,0.08186627,0.31476277,0.060969617,0.26160523,0.12919657,0.18415181,0.12787355
8.454488,13.407787,11.724661,10,0,0,00:00.0,00:00.0,uploads\b67551bc-3737-11f0-85b7-581122bb7f2c\20210419T120000+1000_REC_181.wav,False,0,0,0,0,0,0,0,0,0,0,0,0,birds,-6.01736,1.3371465,0.33853373,0.5657788,-0.087935686,0.28565496,0.07767049,0.30752036,0.12869006,0.26541674,0.12635985,0.23492071,0.11036798
8.107058,13.731817,12.960639,10,0,0,00:00.0,00:00.0,uploads\b67551bc-3737-11f0-85b7-581122bb7f2c\20210419T120000+1000_REC_182.wav,False,0,0,0,0,0,0,0,0,0,0,0,0,birds,-6.0936627,0.9807115,0.34136328,0.4389312,0.01785726,0.2209707,0.13511327,0.27620405,0.15404408,0.20461063,0.16118391,0.16401768,0.14223702
8.841781,13.041826,11.534964,10,0,0,00:00.0,00:00.0,uploads\b67551bc-3737-11f0-85b7-581122bb7f2c\20210419T120000+1000_REC_183.wav,False,0,0,0,0,0,0,0,0,0,0,0,0,birds,-6.003451,1.4045573,0.3167394,0.6081567,-0.08034676,0.24907303,0.098776124,0.3253251,0.07830103,0.23220344,0.073901765,0.17170256,0.11004047
8.713378,13.160986,11.623125,10,0,0,00:00.0,00:00.0,uploads\b67551bc-3737-11f0-85b7-581122bb7f2c\20210419T120000+1000_REC_184.wav,True,0,1,0,0,0,0,0,0,0,0,0,0,birds,-6.011098,1.3862789,0.3343851,0.56345505,-0.079958215,0.2501038,0.0714612,0.3027229,0.06271067,0.19566832,0.07129415,0.20414963,0.12821831
7.918439,13.8420925,13.17049,10,0,0,00:00.0,00:00.0,uploads\b67551bc-3737-11f0-85b7-581122bb7f2c\20210419T120000+1000_REC_185.wav,False,0,0,0,0,0,0,0,0,0,0,0,0,birds,-6.0929074,0.98110074,0.3230608,0.48734123,0.095998034,0.1931216,0.19715974,0.22093768,0.13390489,0.1835916,0.19667163,0.16060655,0.18418764
8.369272,13.588886,12.418971,10,0,0,00:00.0,00:00.0,uploads\b67551bc-3737-11f0-85b7-581122bb7f2c\20210419T120000+1000_REC_186.wav,False,0,0,0,0,0,0,0,0,0,0,0,0,birds,-6.052412,1.197837,0.25150254,0.5363254,-0.054066937,0.21538524,0.12790251,0.2852664,0.10647684,0.23730807,0.16436595,0.23231582,0.18021522
7.7996306,13.965303,13.345627,10,0,0,00:00.0,00:00.0,uploads\b67551bc-3737-11f0-85b7-581122bb7f2c\20210419T120000+1000_REC_187.wav,False,0,0,0,0,0,0,0,0,0,0,0,0,birds,-6.1097054,0.9056149,0.36784422,0.31074697,0.07231053,0.15986636,0.19590162,0.23647486,0.17582946,0.17990062,0.16293198,0.13769214,0.18975541
8.825925,13.079919,11.621557,10,0,0,00:00.0,00:00.0,uploads\b67551bc-3737-11f0-85b7-581122bb7f2c\20210419T120000+1000_REC_188.wav,False,0,0,0,0,0,0,0,0,0,0,0,0,birds,-6.0154433,1.4021436,0.3661366,0.45923623,-0.069106065,0.2155623,0.13080397,0.2772953,0.05735249,0.22274844,0.09126183,0.16396572,0.0807626
8.750545,13.102716,11.585971,10,0,0,00:00.0,00:00.0,uploads\b67551bc-3737-11f0-85b7-581122bb7f2c\20210419T120000+1000_REC_189.wav,False,0,0,0,0,0,0,0,0,0,0,0,0,birds,-6.001782,1.4437689,0.34673196,0.51720214,-0.07278139,0.21233708,0.13510413,0.31951538,0.091054946,0.2313675,0.110869095,0.17585796,0.06535117
8.473705,13.253087,11.343128,10,0,0,00:00.0,00:00.0,uploads\b67551bc-3737-11f0-85b7-581122bb7f2c\20210419T120000+1000_REC_190.wav,True,0,1,0,0,0,0,0,0,0,0,0,0,birds,-5.96928,1.5766835,0.41297093,0.43963873,-0.11856026,0.25700957,0.10144988,0.3598012,0.103858426,0.19096601,0.05415797,0.17827813,0.07378662
8.465827,13.248636,11.365537,10,0,0,00:00.0,00:00.0,uploads\b67551bc-3737-11f0-85b7-581122bb7f2c\20210419T120000+1000_REC_191.wav,False,0,0,0,0,0,0,0,0,0,0,0,0,birds,-5.965169,1.5885268,0.3864402,0.48907918,-0.06311883,0.31052512,0.12665457,0.31479186,0.085932046,0.21744753,0.08432762,0.21492782,0.09586608
8.549328,13.160067,11.520618,10,0,0,00:00.0,00:00.0,uploads\b67551bc-3737-11f0-85b7-581122bb7f2c\20210419T120000+1000_REC_192.wav,False,0,0,0,0,0,0,0,0,0,0,0,0,birds,-5.973333,1.5496285,0.36358845,0.5350943,-0.07785714,0.2749376,0.06369142,0.29950902,0.11183523,0.26779094,0.07594513,0.1810539,0.10229487
8.776324,13.115871,11.580225,10,0,0,00:00.0,00:00.0,uploads\b67551bc-3737-11f0-85b7-581122bb7f2c\20210419T120000+1000_REC_193.wav,False,0,0,0,0,0,0,0,0,0,0,0,0,birds,-6.006551,1.4177073,0.3844755,0.47120818,-0.061773695,0.30993572,0.11844533,0.32595143,0.08869637,0.2086059,0.060783215,0.18973467,0.087694526
8.466888,13.259572,11.3355665,10,0,0,00:00.0,00:00.0,uploads\b67551bc-3737-11f0-85b7-581122bb7f2c\20210419T120000+1000_REC_194.wav,False,0,0,0,0,0,0,0,0,0,0,0,0,birds,-5.966203,1.5831182,0.38636905,0.42175657,-0.15951593,0.2306881,0.14623812,0.38172466,0.11455465,0.262933,0.039598614,0.17461172,0.080883
8.818815,13.081839,11.566386,10,0,0,00:00.0,00:00.0,uploads\b67551bc-3737-11f0-85b7-581122bb7f2c\20210419T120000+1000_REC_195.wav,False,0,0,0,0,0,0,0,0,0,0,0,0,birds,-6.0038133,1.4268891,0.34549123,0.47970527,-0.098663084,0.30275837,0.12049111,0.3429574,0.081973895,0.23093793,0.025160154,0.16519159,0.08211808
7.759057,14.09987,13.544931,10,0,0,00:00.0,00:00.0,uploads\b67551bc-3737-11f0-85b7-581122bb7f2c\20210419T120000+1000_REC_196.wav,False,0,0,0,0,0,0,0,0,0,0,0,0,birds,-6.119465,0.80616564,0.39584866,0.28588152,0.124966525,0.1411996,0.24338685,0.25576234,0.17243952,0.18932492,0.17939226,0.15492801,0.21352716
8.843654,13.058966,11.558825,10,0,0,00:00.0,00:00.0,uploads\b67551bc-3737-11f0-85b7-581122bb7f2c\20210419T120000+1000_REC_197.wav,False,0,0,0,0,0,0,0,0,0,0,0,0,birds,-6.0212092,1.3658991,0.28557622,0.47367662,-0.07903018,0.2871379,0.08858374,0.31996334,0.0750167,0.2314475,0.029472167,0.17316477,0.09370596
7.7969937,14.186865,13.647963,10,0,0,00:00.0,00:00.0,uploads\b67551bc-3737-11f0-85b7-581122bb7f2c\20210419T120000+1000_REC_198.wav,False,0,0,0,0,0,0,0,0,0,0,0,0,birds,-6.112935,0.8118453,0.490693,0.32241532,0.20330527,0.19255522,0.21294102,0.21335244,0.20596495,0.17078945,0.16788356,0.18002364,0.18654092
7.806218,14.203244,13.672985,10,0,0,00:00.0,00:00.0,uploads\b67551bc-3737-11f0-85b7-581122bb7f2c\20210419T120000+1000_REC_199.wav,False,0,0,0,0,0,0,0,0,0,0,0,0,birds,-6.1306467,0.6297975,0.4530942,0.31538227,0.23681544,0.21680188,0.21584857,0.21817152,0.2310439,0.21967997,0.19176586,0.18542877,0.19147417
8.957785,12.919629,11.411575,10,0,0,00:00.0,00:00.0,uploads\b67551bc-3737-11f0-85b7-581122bb7f2c\20210419T120000+1000_REC_200.wav,False,0,0,0,0,0,0,0,0,0,0,0,0,birds,-6.021567,1.2712553,0.3381492,0.6883534,-0.061460152,0.23352182,0.031098355,0.374555,0.04087923,0.17959437,0.08691096,0.1532746,0.032222778
8.97962,12.898816,11.382535,10,0,0,00:00.0,00:00.0,uploads\b67551bc-3737-11f0-85b7-581122bb7f2c\20210419T120000+1000_REC_201.wav,False,0,0,0,0,0,0,0,0,0,0,0,0,birds,-5.971887,1.5308893,0.38228664,0.59942156,-0.104621954,0.27494147,0.04227693,0.28115734,0.062348325,0.19527031,-0.00041011567,0.16761644,-0.005425546
8.130608,13.7185,12.935849,10,0,0,00:00.0,00:00.0,uploads\b67551bc-3737-11f0-85b7-581122bb7f2c\20210419T120000+1000_REC_202.wav,False,0,0,0,0,0,0,0,0,0,0,0,0,birds,-6.0845623,1.0338951,0.4373743,0.39995706,0.038852837,0.26481414,0.11433769,0.2537963,0.105256096,0.17095463,0.09569275,0.122395985,0.13141027
7.8382115,13.930592,13.264173,10,0,0,00:00.0,00:00.0,uploads\b67551bc-3737-11f0-85b7-581122bb7f2c\20210419T120000+1000_REC_203.wav,False,0,0,0,0,0,0,0,0,0,0,0,0,birds,-6.1030307,0.90545756,0.440901,0.41287893,0.09883254,0.19176123,0.19530348,0.2155222,0.16965526,0.1428327,0.15915906,0.1463197,0.16010125
8.116984,13.718761,12.959873,10,0,0,00:00.0,00:00.0,uploads\b67551bc-3737-11f0-85b7-581122bb7f2c\20210419T120000+1000_REC_204.wav,False,0,0,0,0,0,0,0,0,0,0,0,0,birds,-6.0725937,1.1409577,0.33667025,0.40417978,0.051949482,0.19205806,0.108758986,0.20331652,0.21957281,0.19205074,0.14072235,0.19292794,0.12328246
7.904914,13.852738,13.185496,10,0,0,00:00.0,00:00.0,uploads\b67551bc-3737-11f0-85b7-581122bb7f2c\20210419T120000+1000_REC_205.wav,False,0,0,0,0,0,0,0,0,0,0,0,0,birds,-6.0989323,0.92418504,0.35323882,0.4810682,0.05964655,0.21861452,0.19870259,0.245292,0.15982026,0.1961754,0.16900726,0.16696782,0.17028137
7.8166685,13.911238,13.278897,10,0,0,00:00.0,00:00.0,uploads\b67551bc-3737-11f0-85b7-581122bb7f2c\20210419T120000+1000_REC_206.wav,False,0,0,0,0,0,0,0,0,0,0,0,0,birds,-6.101802,0.93602353,0.3676447,0.42443052,0.054039303,0.17824742,0.18800844,0.20591691,0.16086264,0.19004542,0.16552041,0.13677235,0.15072113
8.736272,13.162333,11.881834,10,0,0,00:00.0,00:00.0,uploads\b67551bc-3737-11f0-85b7-581122bb7f2c\20210419T120000+1000_REC_207.wav,False,0,0,0,0,0,0,0,0,0,0,0,0,birds,-6.037936,1.2584599,0.27045843,0.5576785,-0.082646884,0.21059048,0.1243216,0.35655135,0.06765696,0.23747061,0.089285955,0.15173876,0.10104109
8.134949,13.72067,12.924086,10,0,0,00:00.0,00:00.0,uploads\b67551bc-3737-11f0-85b7-581122bb7f2c\20210419T120000+1000_REC_208.wav,False,0,0,0,0,0,0,0,0,0,0,0,0,birds,-6.079778,1.0583317,0.36130103,0.44783428,0.0069142445,0.2510557,0.15261406,0.30174753,0.1387053,0.17626876,0.11195331,0.18512763,0.14655761
8.467778,13.4854765,12.105598,10,0,0,00:00.0,00:00.0,uploads\b67551bc-3737-11f0-85b7-581122bb7f2c\20210419T120000+1000_REC_209.wav,False,0,0,0,0,0,0,0,0,0,0,0,0,birds,-6.0339584,1.2796199,0.33051848,0.54713273,-0.10102411,0.24107811,0.10800001,0.3140465,0.066977665,0.1629269,0.11041779,0.18254429,0.1400776
8.464536,13.137595,11.410706,10,0,0,00:00.0,00:00.0,uploads\b67551bc-3737-11f0-85b7-581122bb7f2c\20210419T120000+1000_REC_210.wav,False,0,0,0,0,0,0,0,0,0,0,0,0,birds,-5.984047,1.4970253,0.3034294,0.56080854,-0.15602884,0.22129296,0.09362043,0.33010972,0.08247715,0.2467768,0.096483834,0.20524369,0.12327216
8.419645,13.152292,11.403817,10,0,0,00:00.0,00:00.0,uploads\b67551bc-3737-11f0-85b7-581122bb7f2c\20210419T120000+1000_REC_211.wav,False,0,0,0,0,0,0,0,0,0,0,0,0,birds,-5.9743404,1.541664,0.2739815,0.52204233,-0.13459016,0.2401024,0.06853804,0.35082984,0.08407345,0.285738,0.14765857,0.23922774,0.16314584
8.808648,13.030253,11.491249,10,0,0,00:00.0,00:00.0,uploads\b67551bc-3737-11f0-85b7-581122bb7f2c\20210419T120000+1000_REC_212.wav,False,0,0,0,0,0,0,0,0,0,0,0,0,birds,-5.9950943,1.4791144,0.30056536,0.49573395,-0.13693057,0.26038843,0.08080532,0.30956566,0.07182578,0.20362374,0.08120763,0.15022585,0.08392883
8.490824,13.36831,11.670557,10,0,0,00:00.0,00:00.0,uploads\b67551bc-3737-11f0-85b7-581122bb7f2c\20210419T120000+1000_REC_213.wav,False,0,0,0,0,0,0,0,0,0,0,0,0,birds,-6.0097413,1.3985938,0.32056516,0.50718117,-0.15621564,0.28437307,0.09324933,0.28382117,0.13523358,0.20217718,0.0826174,0.2203959,0.09822691
8.1164875,13.72713,12.939792,10,0,0,00:00.0,00:00.0,uploads\b67551bc-3737-11f0-85b7-581122bb7f2c\20210419T120000+1000_REC_214.wav,True,0,1,0,0,0,0,0,0,1,0,0,0,birds,-6.07622,1.1210756,0.32913855,0.37756822,-0.012309048,0.2024838,0.122038074,0.22905645,0.14537814,0.21858378,0.13701245,0.18551919,0.16780843
8.576297,13.154463,11.5310955,10,0,0,00:00.0,00:00.0,uploads\b67551bc-3737-11f0-85b7-581122bb7f2c\20210419T120000+1000_REC_215.wav,False,0,0,0,0,0,0,0,0,0,0,0,0,birds,-5.9781375,1.5222294,0.338315,0.55824935,-0.10643174,0.32269543,0.0017195124,0.27379942,0.14498715,0.17703015,0.05717061,0.20438784,0.1364914
8.528434,13.203964,11.473592,10,0,0,00:00.0,00:00.0,uploads\b67551bc-3737-11f0-85b7-581122bb7f2c\20210419T120000+1000_REC_216.wav,False,0,0,0,0,0,0,0,0,0,0,0,0,birds,-5.9730926,1.5594231,0.32406586,0.5499165,-0.05767542,0.2012648,0.015847633,0.3407717,0.07877807,0.15842438,0.023950148,0.21596976,0.12404523
8.32964,13.659165,12.296472,10,0,0,00:00.0,00:00.0,uploads\b67551bc-3737-11f0-85b7-581122bb7f2c\20210419T120000+1000_REC_217.wav,True,0,1,0,0,0,0,0,0,0,0,0,0,birds,-6.037537,1.2921945,0.40364748,0.4304446,-0.02749304,0.25133616,0.10115257,0.30199465,0.13716297,0.19003157,0.10168991,0.18978779,0.11356794
7.9834385,13.789616,13.099955,10,0,0,00:00.0,00:00.0,uploads\b67551bc-3737-11f0-85b7-581122bb7f2c\20210419T120000+1000_REC_218.wav,False,0,0,0,0,0,0,0,0,0,0,0,0,birds,-6.0845733,1.0669534,0.39823824,0.34817094,0.06440537,0.18135855,0.15080954,0.22203022,0.17500842,0.1809745,0.19876505,0.15065672,0.16564323
8.439888,13.173887,11.412544,10,0,0,00:00.0,00:00.0,uploads\b67551bc-3737-11f0-85b7-581122bb7f2c\20210419T120000+1000_REC_219.wav,False,0,0,0,0,0,0,0,0,0,0,0,0,birds,-5.979022,1.5467209,0.30517483,0.50226563,-0.10195896,0.21351038,0.07157321,0.32103872,0.080979675,0.22621278,0.110574566,0.22014795,0.1373814
8.513013,13.045742,11.420003,10,0,0,00:00.0,00:00.0,uploads\b67551bc-3737-11f0-85b7-581122bb7f2c\20210419T120000+1000_REC_220.wav,False,0,0,0,0,0,0,0,0,0,0,0,0,birds,-5.989196,1.4985468,0.3461565,0.48680994,-0.1424197,0.19574325,0.08425432,0.29260767,0.103385635,0.26348585,0.12996635,0.2064417,0.08683483
8.489944,12.986595,11.353166,10,0,0,00:00.0,00:00.0,uploads\b67551bc-3737-11f0-85b7-581122bb7f2c\20210419T120000+1000_REC_221.wav,False,0,0,0,0,0,0,0,0,0,0,0,0,birds,-5.925149,1.6945785,0.45340297,0.5562881,-0.21958964,0.1655374,0.03369031,0.30736077,0.05224136,0.27882335,0.086009994,0.22818522,0.110682234
8.483878,13.013449,11.36722,10,0,0,00:00.0,00:00.0,uploads\b67551bc-3737-11f0-85b7-581122bb7f2c\20210419T120000+1000_REC_222.wav,True,0,1,0,0,0,0,0,0,0,0,0,0,birds,-5.9398904,1.6750728,0.33022672,0.51263624,-0.18390697,0.068573155,0.055684462,0.34868166,0.090538815,0.24803399,0.14819871,0.26111504,0.16342698
8.499731,12.979436,11.364421,10,0,0,00:00.0,00:00.0,uploads\b67551bc-3737-11f0-85b7-581122bb7f2c\20210419T120000+1000_REC_223.wav,False,0,0,0,0,0,0,0,0,0,0,0,0,birds,-5.9288483,1.7322816,0.26946548,0.5047829,-0.2283112,0.111860126,0.08090005,0.26751956,0.07894997,0.28691876,0.14575218,0.19528443,0.05616351
8.498225,12.994598,11.368686,10,0,0,00:00.0,00:00.0,uploads\b67551bc-3737-11f0-85b7-581122bb7f2c\20210419T120000+1000_REC_224.wav,False,0,0,0,0,0,0,0,0,0,0,0,0,birds,-5.9325986,1.7120763,0.3354586,0.50132596,-0.25015342,0.13625771,0.08291422,0.24551906,0.09259597,0.2597906,0.105171196,0.19977531,0.09275341
8.534975,13.053022,11.44982,10,0,0,00:00.0,00:00.0,uploads\b67551bc-3737-11f0-85b7-581122bb7f2c\20210419T120000+1000_REC_225.wav,False,0,0,0,0,0,0,0,0,0,0,0,0,birds,-5.984188,1.5004876,0.4486046,0.4572605,-0.16958858,0.07067991,0.06955012,0.3051048,0.20012818,0.27101615,0.111948624,0.15938099,0.05292901
8.526949,12.996596,11.401115,10,0,0,00:00.0,00:00.0,uploads\b67551bc-3737-11f0-85b7-581122bb7f2c\20210419T120000+1000_REC_226.wav,False,0,0,0,0,0,0,0,0,0,0,0,0,birds,-5.9531984,1.6155121,0.4209464,0.5397003,-0.18643546,0.10335893,0.08289706,0.31330422,0.09131936,0.23417749,0.08832178,0.18593083,0.086423
8.379876,13.576499,12.26736,10,0,0,00:00.0,00:00.0,uploads\b67551bc-3737-11f0-85b7-581122bb7f2c\20210419T120000+1000_REC_227.wav,False,0,0,0,0,0,0,0,0,0,0,0,0,birds,-6.0309715,1.3376632,0.22206819,0.49915853,0.0066213654,0.24473481,0.13087608,0.2566313,0.113599285,0.23822606,0.17923509,0.1976728,0.1617924
8.559175,13.387853,12.417732,10,0,0,00:00.0,00:00.0,uploads\b67551bc-3737-11f0-85b7-581122bb7f2c\20210419T120000+1000_REC_228.wav,False,0,0,0,0,0,0,0,0,0,0,0,0,birds,-6.0290394,1.281519,0.32750723,0.6217798,-0.10009606,0.16645688,0.11013213,0.30986586,0.118714295,0.21277557,0.1299277,0.13105299,0.1331144
7.9612703,13.826473,13.119091,10,0,0,00:00.0,00:00.0,uploads\b67551bc-3737-11f0-85b7-581122bb7f2c\20210419T120000+1000_REC_229.wav,False,0,0,0,0,0,0,0,0,0,0,0,0,birds,-6.097793,0.9066638,0.33570042,0.54130846,0.044645365,0.117556125,0.14021215,0.33472222,0.17507616,0.13622952,0.120329924,0.13583125,0.14927883
8.547846,13.387539,12.42237,10,0,0,00:00.0,00:00.0,uploads\b67551bc-3737-11f0-85b7-581122bb7f2c\20210419T120000+1000_REC_230.wav,False,0,0,0,0,0,0,0,0,0,0,0,0,birds,-6.022534,1.2100013,0.4156405,0.70143706,-0.13262133,0.21082239,0.07662777,0.40028036,0.08241423,0.2949974,0.03897337,0.16802937,0.1729875
9.049526,13.254767,11.975191,10,0,0,00:00.0,00:00.0,uploads\b67551bc-3737-11f0-85b7-581122bb7f2c\20210419T120000+1000_REC_231.wav,True,0,1,0,0,0,0,0,0,0,1,0,0,birds,-5.9941688,1.3478318,0.35548633,0.7632574,-0.061114904,0.2910118,0.18957892,0.36782387,0.11521974,0.28303793,0.09457942,0.112991095,0.10636304
7.6432877,14.115386,13.38751,10,0,0,00:00.0,00:00.0,uploads\b67551bc-3737-11f0-85b7-581122bb7f2c\20210419T120000+1000_REC_232.wav,True,0,1,0,0,0,0,0,0,0,1,0,0,birds,-6.063051,1.1052259,0.4168479,0.5358832,0.052407946,0.23825642,0.26077542,0.28286874,0.16921964,0.1884116,0.18550101,0.13675578,0.13935591
9.053399,13.234914,11.940939,10,0,0,00:00.0,00:00.0,uploads\b67551bc-3737-11f0-85b7-581122bb7f2c\20210419T120000+1000_REC_233.wav,False,0,0,0,0,0,0,0,0,0,0,0,0,birds,-6.0065393,1.3174,0.36715364,0.7380803,-0.057828393,0.29261014,0.1599321,0.3342475,0.10206517,0.20893168,0.100855686,0.13539709,0.072671495
9.109975,13.209556,11.938659,10,0,0,00:00.0,00:00.0,uploads\b67551bc-3737-11f0-85b7-581122bb7f2c\20210419T120000+1000_REC_237.wav,False,0,0,0,0,0,0,0,0,0,0,0,0,birds,-5.991527,1.3558085,0.42431772,0.79606414,-0.025169753,0.2816863,0.18608819,0.3081231,0.07171704,0.14472128,0.0038829253,0.07952778,0.06722168
7.6256227,14.124102,13.402136,10,0,0,00:00.0,00:00.0,uploads\b67551bc-3737-11f0-85b7-581122bb7f2c\20210419T120000+1000_REC_239.wav,False,0,0,0,0,0,0,0,0,0,0,0,0,birds,-6.0727596,1.0065998,0.5083597,0.5683912,0.14820886,0.19798149,0.2782402,0.25023398,0.17540482,0.13345957,0.1486755,0.11066987,0.14329244
8.982138,13.084719,11.655093,10,0,0,00:00.0,00:00.0,uploads\b67551bc-3737-11f0-85b7-581122bb7f2c\20210419T120000+1000_REC_241.wav,False,0,0,0,0,0,0,0,0,0,0,0,0,birds,-5.988667,1.3608427,0.42877614,0.7919669,-0.09224054,0.30234724,0.10385541,0.31441882,0.09474487,0.18138294,0.04811328,0.1488522,0.08329873
9.0395,13.252518,11.968507,10,0,0,00:00.0,00:00.0,uploads\b67551bc-3737-11f0-85b7-581122bb7f2c\20210419T120000+1000_REC_243.wav,False,0,0,0,0,0,0,0,0,0,0,0,0,birds,-5.9909067,1.4173266,0.4436043,0.68640924,0.046105254,0.28103063,0.162583,0.27060825,0.1283098,0.20676124,0.085495695,0.12532395,0.07823134
9.1038,12.793212,11.288178,10,0,0,00:00.0,00:00.0,uploads\b67551bc-3737-11f0-85b7-581122bb7f2c\20210419T120000+1000_REC_244.wav,False,0,0,0,0,0,0,0,0,0,0,0,0,birds,-5.9207935,1.6725248,0.44925964,0.7319066,-0.12310496,0.19663991,0.1073104,0.3191501,0.06990554,0.22392133,0.023070456,0.13063486,0.025144288
9.082338,12.8121,11.307633,10,0,0,00:00.0,00:00.0,uploads\b67551bc-3737-11f0-85b7-581122bb7f2c\20210419T120000+1000_REC_245.wav,True,0,0,0,0,0,0,0,0,1,1,0,0,birds,-5.938239,1.6263571,0.43903267,0.7072114,-0.09760672,0.20356266,0.08670335,0.31534523,0.08222014,0.17452356,0.023921901,0.11903973,0.062099
8.655867,13.242906,11.749579,10,0,0,00:00.0,00:00.0,uploads\b67551bc-3737-11f0-85b7-581122bb7f2c\20210419T120000+1000_REC_247.wav,False,0,0,0,0,0,0,0,0,0,0,0,0,birds,-5.969507,1.5023961,0.5016869,0.646158,-0.037901074,0.19408514,0.10707998,0.32402742,0.2065572,0.23417965,0.050869107,0.11956025,0.12099593
7.598616,14.100479,13.358498,10,0,0,00:00.0,00:00.0,uploads\b67551bc-3737-11f0-85b7-581122bb7f2c\20210419T120000+1000_REC_248.wav,False,0,0,0,0,0,0,0,0,0,0,0,0,birds,-6.0538244,1.1644691,0.5566083,0.4528842,0.11434716,0.16466206,0.20731324,0.22081874,0.20778498,0.17943932,0.1371633,0.10837664,0.15169097
9.052822,13.253077,11.980634,10,0,0,00:00.0,00:00.0,uploads\b67551bc-3737-11f0-85b7-581122bb7f2c\20210419T120000+1000_REC_249.wav,False,0,0,0,0,0,0,0,0,0,0,0,0,birds,-6.0124273,1.372956,0.47416985,0.5380423,0.052957833,0.23533197,0.18451677,0.27151984,0.15370274,0.18296488,0.09774978,0.13820827,0.12838975
8.661527,13.222729,11.750792,10,0,0,00:00.0,00:00.0,uploads\b67551bc-3737-11f0-85b7-581122bb7f2c\20210419T120000+1000_REC_250.wav,False,0,0,0,0,0,0,0,0,0,0,0,0,birds,-6.0042257,1.4239407,0.43110636,0.53271145,0.008155576,0.19618018,0.108116545,0.27840367,0.16327429,0.21115428,0.1371654,0.16813989,0.13115664
8.646112,13.285864,11.768315,10,0,0,00:00.0,00:00.0,uploads\b67551bc-3737-11f0-85b7-581122bb7f2c\20210419T120000+1000_REC_251.wav,False,0,0,0,0,0,0,0,0,0,0,0,0,birds,-5.988998,1.4493659,0.37340853,0.64526445,-0.009832274,0.22078466,0.12375318,0.34040672,0.16729927,0.23704718,0.10076309,0.15363625,0.09109096
8.964589,12.892487,11.369209,10,0,0,00:00.0,00:00.0,uploads\b67551bc-3737-11f0-85b7-581122bb7f2c\20210419T120000+1000_REC_252.wav,False,0,0,0,0,0,0,0,0,0,0,0,0,birds,-5.969733,1.4786811,0.42461807,0.7426596,-0.08664282,0.22844227,0.11669091,0.2857473,0.07884273,0.25854924,0.0733948,0.18240751,0.072219834
9.127293,12.770281,11.263602,10,0,0,00:00.0,00:00.0,uploads\b67551bc-3737-11f0-85b7-581122bb7f2c\20210419T120000+1000_REC_253.wav,False,0,0,0,0,0,0,0,0,0,0,0,0,birds,-5.93714,1.5815456,0.39664176,0.8166473,-0.14447194,0.20628016,0.07558524,0.32426518,0.06561702,0.19855613,0.047539577,0.14614917,0.08774645
8.931663,12.92598,11.411585,10,0,0,00:00.0,00:00.0,uploads\b67551bc-3737-11f0-85b7-581122bb7f2c\20210419T120000+1000_REC_254.wav,False,0,0,0,0,0,0,0,0,0,0,0,0,birds,-5.978127,1.4753957,0.3636325,0.6757535,-0.18223941,0.18513408,0.102659665,0.31440973,0.08717327,0.22539593,0.071152024,0.15063386,0.09824079
9.037275,13.25463,11.972488,10,0,0,00:00.0,00:00.0,uploads\b67551bc-3737-11f0-85b7-581122bb7f2c\20210419T120000+1000_REC_255.wav,False,0,0,0,0,0,0,0,0,0,0,0,0,birds,-6.011381,1.3229508,0.44430012,0.6846817,-0.0037474795,0.21525367,0.15859179,0.28982908,0.14055972,0.21039222,0.13198921,0.11739589,0.10187164
8.961745,12.919747,11.4133835,10,0,0,00:00.0,00:00.0,uploads\b67551bc-3737-11f0-85b7-581122bb7f2c\20210419T120000+1000_REC_256.wav,False,0,0,0,0,0,0,0,0,0,0,0,0,birds,-5.9926596,1.3984578,0.3602958,0.74584717,-0.07214388,0.20891015,0.06858739,0.27208182,0.0724933,0.23057754,0.0692835,0.17422462,0.08058103
9.065407,13.235181,11.945959,10,0,0,00:00.0,00:00.0,uploads\b67551bc-3737-11f0-85b7-581122bb7f2c\20210419T120000+1000_REC_257.wav,False,0,0,0,0,0,0,0,0,0,0,0,0,birds,-6.007293,1.3729453,0.3506181,0.663452,-0.07199032,0.20244646,0.14467168,0.2988256,0.07478304,0.1759096,0.062173206,0.117334254,0.08499133
9.071531,13.234148,11.94369,10,0,0,00:00.0,00:00.0,uploads\b67551bc-3737-11f0-85b7-581122bb7f2c\20210419T120000+1000_REC_258.wav,True,0,0,0,0,0,0,0,0,1,1,0,0,birds,-6.0319853,1.2278682,0.31715047,0.73469514,-0.03036389,0.18984713,0.15149,0.2815714,0.09580372,0.15588783,0.07124485,0.069588035,0.082733095
9.227799,12.689666,11.181873,10,0,0,00:00.0,00:00.0,uploads\b67551bc-3737-11f0-85b7-581122bb7f2c\20210419T120000+1000_REC_259.wav,False,0,0,0,0,0,0,0,0,0,0,0,0,birds,-5.932873,1.5240078,0.3182172,0.9304144,-0.25029165,0.1836129,0.060689904,0.3569137,0.01281924,0.21636833,0.03460145,0.12288304,0.034446035
8.965981,12.916425,11.412249,10,0,0,00:00.0,00:00.0,uploads\b67551bc-3737-11f0-85b7-581122bb7f2c\20210419T120000+1000_REC_262.wav,False,0,0,0,0,0,0,0,0,0,0,0,0,birds,-6.0049696,1.2864817,0.33330172,0.8094467,-0.1688781,0.20535243,0.036589652,0.31150612,0.059007905,0.21673624,0.045430575,0.15703323,0.106207
7.7969527,14.195978,13.671003,10,0,0,00:00.0,00:00.0,uploads\b67551bc-3737-11f0-85b7-581122bb7f2c\20210419T120000+1000_REC_263.wav,False,0,0,0,0,0,0,0,0,0,0,0,0,birds,-6.1058884,0.76656276,0.57257396,0.40453184,0.26018944,0.21445692,0.23271838,0.23345369,0.2150811,0.20292835,0.18777245,0.17476782,0.16774665
7.8079095,14.205037,13.680132,10,0,0,00:00.0,00:00.0,uploads\b67551bc-3737-11f0-85b7-581122bb7f2c\20210419T120000+1000_REC_264.wav,False,0,0,0,0,0,0,0,0,0,0,0,0,birds,-6.090068,0.8880459,0.576105,0.43925333,0.26664868,0.20899393,0.24550085,0.2353278,0.20708287,0.18453763,0.17232351,0.14975473,0.15174626
7.805525,13.93361,13.288762,10,0,0,00:00.0,00:00.0,uploads\b67551bc-3737-11f0-85b7-581122bb7f2c\20210419T120000+1000_REC_265.wav,False,0,0,0,0,0,0,0,0,0,0,0,0,birds,-6.0913815,0.9727017,0.4566032,0.4351572,0.111036055,0.13382195,0.1999835,0.21821485,0.22334643,0.18191487,0.17458718,0.12739721,0.14083402
9.054992,13.251196,11.975056,10,0,0,00:00.0,00:00.0,uploads\b67551bc-3737-11f0-85b7-581122bb7f2c\20210419T120000+1000_REC_266.wav,False,0,0,0,0,0,0,0,0,0,0,0,0,birds,-6.0199995,1.3382894,0.37591937,0.5662796,-0.042615615,0.23977181,0.1849085,0.32167688,0.12908015,0.18017323,0.054630138,0.14362173,0.10314109
8.310614,13.685601,12.386986,10,0,0,00:00.0,00:00.0,uploads\b67551bc-3737-11f0-85b7-581122bb7f2c\20210419T140000+1000_REC_24.wav,False,0,0,0,0,0,0,0,0,0,0,0,0,birds,-6.0214696,1.3808523,0.18004659,0.4575134,-0.056225833,0.15194547,0.11489411,0.40658098,0.10154761,0.18071823,0.099150725,0.21337774,0.06406015
9.214309,12.695248,11.194033,10,0,0,00:00.0,00:00.0,uploads\b67551bc-3737-11f0-85b7-581122bb7f2c\20210419T140000+1000_REC_49.wav,False,0,0,0,0,0,0,0,0,0,0,0,0,birds,-5.8584237,1.713328,0.34849873,0.9619199,-0.47308382,0.07085097,-0.09945317,0.36770496,-0.059839793,0.14796813,0.01951922,0.14163607,0.049697656
8.419572,13.357268,12.669652,10,0,0,00:00.0,00:00.0,uploads\b67551bc-3737-11f0-85b7-581122bb7f2c\20210419T140000+1000_REC_210.wav,False,0,0,0,0,0,0,0,0,0,0,0,0,birds,-5.968398,1.2578572,-0.19280583,1.0975653,0.15207979,0.016102634,0.14363539,0.41553497,0.09864446,0.241366,0.04552028,0.16527429,0.14180335
8.179894,13.62099,13.005433,10,0,0,00:00.0,00:00.0,uploads\b67551bc-3737-11f0-85b7-581122bb7f2c\20210419T200000+1000_REC_133.wav,True,0,0,0,0,0,0,1,0,0,0,0,0,birds,-6.092669,0.86431175,-0.07864776,0.36014083,-0.14996958,0.10404826,-0.12135512,0.41618404,0.2796839,0.2641909,0.07416157,0.2973494,0.19370167
8.189203,13.588459,13.050662,10,0,0,00:00.0,00:00.0,uploads\b67551bc-3737-11f0-85b7-581122bb7f2c\20210419T200000+1000_REC_144.wav,False,0,0,0,0,0,0,0,0,0,0,0,0,birds,-6.103675,0.7543013,-0.25401527,0.4210767,-0.053445432,0.16818394,0.030807802,0.3810279,0.26124087,0.23723602,0.14835542,0.30533072,0.22904928
4.8553996,2.9380085,12.041037,11,0,0,00:00.0,00:00.0,uploads\b67551bc-3737-11f0-85b7-581122bb7f2c\20210419T120000+1000_REC_4.wav,False,0,0,0,0,0,0,0,0,0,0,0,0,insects + vehicles (aircraft/cars),-6.0694847,1.0327129,0.5275524,0.4998597,0.21904223,0.2594763,0.27517435,0.24365762,0.20857148,0.17828408,0.13207509,0.0555952,0.10925062
4.8171196,2.9026873,12.073625,11,0,0,00:00.0,00:00.0,uploads\b67551bc-3737-11f0-85b7-581122bb7f2c\20210419T120000+1000_REC_6.wav,False,0,0,0,0,0,0,0,0,0,0,0,0,insects + vehicles (aircraft/cars),-6.063906,0.9219014,0.6984797,0.4961723,0.37972713,0.32999602,0.2954723,0.24274223,0.1711215,0.10416905,0.06122721,0.04775607,0.056491584
5.311986,3.2542467,11.909897,11,0,0,00:00.0,00:00.0,uploads\b67551bc-3737-11f0-85b7-581122bb7f2c\20210419T120000+1000_REC_7.wav,False,0,0,0,0,0,0,0,0,0,0,0,0,insects + vehicles (aircraft/cars),-6.03321,0.99611354,0.8217495,0.61449206,0.43045795,0.2988883,0.2063353,0.13128233,0.0712965,0.030069657,0.01462818,0.024200525,0.046888504
4.8181725,2.9038215,12.072703,11,0,0,00:00.0,00:00.0,uploads\b67551bc-3737-11f0-85b7-581122bb7f2c\20210419T120000+1000_REC_8.wav,False,0,0,0,0,0,0,0,0,0,0,0,0,insects + vehicles (aircraft/cars),-6.0778427,0.86533797,0.6891959,0.5030344,0.35841712,0.27390972,0.2324279,0.1960314,0.15470248,0.11903875,0.09362209,0.087615356,0.10403138
5.3133507,3.2550247,11.908227,11,0,0,00:00.0,00:00.0,uploads\b67551bc-3737-11f0-85b7-581122bb7f2c\20210419T120000+1000_REC_9.wav,True,0,1,0,0,1,0,0,0,0,1,0,0,insects + vehicles (aircraft/cars),-6.01973,1.1291865,0.8223468,0.56322604,0.37188864,0.26325712,0.20790479,0.1397416,0.06737593,0.026131835,0.007387162,0.0068191853,0.03863595
5.2692003,3.224326,11.914306,11,0,0,00:00.0,00:00.0,uploads\b67551bc-3737-11f0-85b7-581122bb7f2c\20210419T120000+1000_REC_10.wav,False,0,0,0,0,0,0,0,0,0,0,0,0,insects + vehicles (aircraft/cars),-6.0166087,1.1667099,0.78736144,0.60152483,0.32657728,0.25646016,0.2381091,0.16215946,0.11816251,0.060179453,0.05293168,0.057309866,0.053028412
5.297235,3.243004,11.905646,11,0,0,00:00.0,00:00.0,uploads\b67551bc-3737-11f0-85b7-581122bb7f2c\20210419T120000+1000_REC_11.wav,False,0,0,0,0,0,0,0,0,0,0,0,0,insects + vehicles (aircraft/cars),-5.9598236,1.4472712,0.7337744,0.6518738,0.27083525,0.27805987,0.26670274,0.2313051,0.095361665,0.033378106,0.051593155,-0.0011466276,0.048379645
5.0487995,3.0942018,11.911358,11,0,0,00:00.0,00:00.0,uploads\b67551bc-3737-11f0-85b7-581122bb7f2c\20210419T120000+1000_REC_12.wav,False,0,0,0,0,0,0,0,0,0,0,0,0,insects + vehicles (aircraft/cars),-6.0304956,1.2006186,0.66095227,0.50643516,0.29529172,0.21869276,0.24364798,0.23696376,0.19574396,0.11631562,0.048076626,0.028551439,0.10281407
5.2949576,3.242512,11.907266,11,0,0,00:00.0,00:00.0,uploads\b67551bc-3737-11f0-85b7-581122bb7f2c\20210419T120000+1000_REC_13.wav,False,0,0,0,0,0,0,0,0,0,0,0,0,insects + vehicles (aircraft/cars),-6.029386,1.1360258,0.7072544,0.5933087,0.30166835,0.24244353,0.29051328,0.20594925,0.08561793,0.03943561,0.03477874,-0.010264196,0.03584042
4.8107805,2.8964877,12.079846,11,0,0,00:00.0,00:00.0,uploads\b67551bc-3737-11f0-85b7-581122bb7f2c\20210419T120000+1000_REC_14.wav,False,0,0,0,0,0,0,0,0,0,0,0,0,insects + vehicles (aircraft/cars),-6.074369,0.79685706,0.6930486,0.56358224,0.4400344,0.3391193,0.25952345,0.19174935,0.13447517,0.091804564,0.06488331,0.053935397,0.055803154
5.04029,3.1000683,11.889005,11,0,0,00:00.0,00:00.0,uploads\b67551bc-3737-11f0-85b7-581122bb7f2c\20210419T120000+1000_REC_15.wav,False,0,0,0,0,0,0,0,0,0,0,0,0,insects + vehicles (aircraft/cars),-6.0396566,1.1410725,0.5586135,0.6523102,0.18431747,0.24915345,0.27187413,0.2582774,0.15910016,0.10045909,0.10662131,0.06587913,0.104641095
4.7966537,2.8818133,12.094969,11,0,0,00:00.0,00:00.0,uploads\b67551bc-3737-11f0-85b7-581122bb7f2c\20210419T120000+1000_REC_16.wav,False,0,0,0,0,0,0,0,0,0,0,0,0,insects + vehicles (aircraft/cars),-6.0576477,0.8629433,0.7216463,0.57936263,0.45541,0.3592202,0.29439932,0.23393153,0.16034548,0.08849972,0.038365822,0.019742612,0.020464612
4.833293,2.917384,12.060122,11,0,0,00:00.0,00:00.0,uploads\b67551bc-3737-11f0-85b7-581122bb7f2c\20210419T120000+1000_REC_17.wav,False,0,0,0,0,0,0,0,0,0,0,0,0,insects + vehicles (aircraft/cars),-6.0703406,0.9367026,0.6234564,0.52855766,0.31782752,0.2627121,0.30873993,0.25041133,0.19174659,0.16038966,0.114790514,0.070692,0.07729019
4.824277,2.9093897,12.067132,11,0,0,00:00.0,00:00.0,uploads\b67551bc-3737-11f0-85b7-581122bb7f2c\20210419T120000+1000_REC_19.wav,True,0,0,0,0,1,0,0,0,0,1,0,0,insects + vehicles (aircraft/cars),-6.0775237,0.85543144,0.6585086,0.5056392,0.36149397,0.29847386,0.2892633,0.25135532,0.18631898,0.13325942,0.09228394,0.058988787,0.06460457
4.8282647,2.913084,12.06368,11,0,0,00:00.0,00:00.0,uploads\b67551bc-3737-11f0-85b7-581122bb7f2c\20210419T120000+1000_REC_20.wav,False,0,0,0,0,0,0,0,0,0,0,0,0,insects + vehicles (aircraft/cars),-6.0785136,0.86743575,0.65604323,0.4725913,0.34253252,0.29531786,0.2911963,0.26481253,0.20325334,0.14461283,0.09563181,0.062348217,0.06687428
4.89962,2.9776402,12.004983,11,0,0,00:00.0,00:00.0,uploads\b67551bc-3737-11f0-85b7-581122bb7f2c\20210419T120000+1000_REC_22.wav,False,0,0,0,0,0,0,0,0,0,0,0,0,insects + vehicles (aircraft/cars),-6.0415215,1.1249167,0.63850826,0.5185332,0.2700672,0.27680078,0.29800344,0.2663939,0.21672316,0.14024304,0.1002003,0.05880999,0.072926
5.209249,3.1865065,11.90404,11,0,0,00:00.0,00:00.0,uploads\b67551bc-3737-11f0-85b7-581122bb7f2c\20210419T120000+1000_REC_74.wav,False,0,0,0,0,0,0,0,0,0,0,0,0,insects + vehicles (aircraft/cars),-6.0290685,1.2336069,0.65078163,0.46554637,0.27427834,0.25678116,0.23949943,0.21198574,0.143098,0.067598835,0.038865548,0.029758036,0.06010658
5.3109727,3.2556136,11.899115,11,0,0,00:00.0,00:00.0,uploads\b67551bc-3737-11f0-85b7-581122bb7f2c\20210419T120000+1000_REC_75.wav,True,0,0,0,0,1,0,0,0,0,1,0,0,insects + vehicles (aircraft/cars),-6.014057,1.2486507,0.71586674,0.5444126,0.29414612,0.2552579,0.2052219,0.14860393,0.087714,0.035174385,0.0034170945,-0.029326474,0.02322513
5.2721634,3.2234654,11.927445,11,0,0,00:00.0,00:00.0,uploads\b67551bc-3737-11f0-85b7-581122bb7f2c\20210419T120000+1000_REC_76.wav,False,0,0,0,0,0,0,0,0,0,0,0,0,insects + vehicles (aircraft/cars),-6.072985,0.9523635,0.7006234,0.45859125,0.2919581,0.20847195,0.1668911,0.13181295,0.086189896,0.045548,0.026969355,0.04736263,0.088432945
5.3104043,3.252937,11.909193,11,0,0,00:00.0,00:00.0,uploads\b67551bc-3737-11f0-85b7-581122bb7f2c\20210419T120000+1000_REC_77.wav,False,0,0,0,0,0,0,0,0,0,0,0,0,insects + vehicles (aircraft/cars),-6.0520105,0.876879,0.7685126,0.6169841,0.4449827,0.27688023,0.13795288,0.04050587,-0.017069433,-0.03825228,-0.028719312,-0.0021991723,0.027961703
5.3071785,3.2504833,11.9068985,11,0,0,00:00.0,00:00.0,uploads\b67551bc-3737-11f0-85b7-581122bb7f2c\20210419T120000+1000_REC_78.wav,False,0,0,0,0,0,0,0,0,0,0,0,0,insects + vehicles (aircraft/cars),-5.998247,1.1955285,0.8485011,0.63372505,0.36765042,0.21817325,0.18341604,0.10705771,0.003669334,-0.032430574,-0.023742668,-0.021268642,0.023133773
5.3069744,3.250082,11.907193,11,0,0,00:00.0,00:00.0,uploads\b67551bc-3737-11f0-85b7-581122bb7f2c\20210419T120000+1000_REC_79.wav,False,0,0,0,0,0,0,0,0,0,0,0,0,insects + vehicles (aircraft/cars),-5.970271,1.3381209,0.8544748,0.6625813,0.32662088,0.20304209,0.19607368,0.10970565,0.012305194,-0.0036071118,0.010005445,-0.024298258,0.02706193
5.3087487,3.2521305,11.905198,11,0,0,00:00.0,00:00.0,uploads\b67551bc-3737-11f0-85b7-581122bb7f2c\20210419T120000+1000_REC_80.wav,False,0,0,0,0,0,0,0,0,0,0,0,0,insects + vehicles (aircraft/cars),-6.0049314,1.1949066,0.83718026,0.5440423,0.3577295,0.2613664,0.2147687,0.16094622,0.08219011,-0.008192864,-0.06629753,-0.050460476,0.011250128
5.3129134,3.2568393,11.902711,11,0,0,00:00.0,00:00.0,uploads\b67551bc-3737-11f0-85b7-581122bb7f2c\20210419T120000+1000_REC_81.wav,False,0,0,0,0,0,0,0,0,0,0,0,0,insects + vehicles (aircraft/cars),-6.023175,1.1063361,0.81095606,0.5834341,0.3733509,0.26073667,0.23035719,0.16705109,0.09404186,0.052989237,0.027557472,0.018103624,0.03516709
5.3049016,3.2480605,11.915056,11,0,0,00:00.0,00:00.0,uploads\b67551bc-3737-11f0-85b7-581122bb7f2c\20210419T120000+1000_REC_82.wav,False,0,0,0,0,0,0,0,0,0,0,0,0,insects + vehicles (aircraft/cars),-6.033414,1.0943189,0.78057563,0.55103916,0.36552647,0.24310666,0.1871432,0.12646839,0.06331885,0.030775357,0.022736711,0.043070946,0.085139744
5.2646008,3.2194448,11.919463,11,0,0,00:00.0,00:00.0,uploads\b67551bc-3737-11f0-85b7-581122bb7f2c\20210419T120000+1000_REC_83.wav,False,0,0,0,0,0,0,0,0,0,0,0,0,insects + vehicles (aircraft/cars),-6.03635,1.0948159,0.73642087,0.5684767,0.34004277,0.24907057,0.24993396,0.194859,0.12185643,0.07786508,0.0745473,0.07132497,0.08190752
5.26384,3.2141,11.936993,11,0,0,00:00.0,00:00.0,uploads\b67551bc-3737-11f0-85b7-581122bb7f2c\20210419T120000+1000_REC_84.wav,False,0,0,0,0,0,0,0,0,0,0,0,0,insects + vehicles (aircraft/cars),-6.045184,1.0709344,0.7698126,0.50582993,0.30938554,0.2075237,0.18001737,0.15075023,0.1043235,0.072616704,0.04990864,0.052541777,0.08527489
4.858331,2.9413595,12.037057,11,0,0,00:00.0,00:00.0,uploads\b67551bc-3737-11f0-85b7-581122bb7f2c\20210419T120000+1000_REC_85.wav,False,0,0,0,0,0,0,0,0,0,0,0,0,insects + vehicles (aircraft/cars),-6.0688868,0.99049336,0.63322175,0.43843624,0.3038872,0.26660904,0.28463325,0.24932761,0.19326533,0.15374628,0.11640217,0.095129,0.11013365
4.898057,2.9752512,12.007918,11,0,0,00:00.0,00:00.0,uploads\b67551bc-3737-11f0-85b7-581122bb7f2c\20210419T120000+1000_REC_86.wav,False,0,0,0,0,0,0,0,0,0,0,0,0,insects + vehicles (aircraft/cars),-6.0481176,1.1175187,0.64503896,0.4554023,0.28138807,0.2791465,0.2762159,0.2343868,0.19225237,0.13609247,0.094217986,0.06743319,0.08374092
4.8490763,2.9332924,12.043465,11,0,0,00:00.0,00:00.0,uploads\b67551bc-3737-11f0-85b7-581122bb7f2c\20210419T120000+1000_REC_88.wav,True,0,1,0,0,1,0,0,0,0,1,0,0,insects + vehicles (aircraft/cars),-6.065995,0.9967712,0.6057117,0.49476227,0.2969195,0.25861084,0.32117787,0.26122436,0.1791364,0.14943112,0.09357905,0.04811904,0.098121956
4.8655467,2.9473004,12.031955,11,0,0,00:00.0,00:00.0,uploads\b67551bc-3737-11f0-85b7-581122bb7f2c\20210419T120000+1000_REC_234.wav,False,0,0,0,0,0,0,0,0,0,0,0,0,insects + vehicles (aircraft/cars),-6.0573573,0.99026996,0.6484996,0.55670524,0.3289618,0.2579273,0.3091676,0.2628765,0.20156564,0.15037832,0.12705392,0.10800815,0.10815958
4.8900447,2.9702477,12.0094185,11,0,0,00:00.0,00:00.0,uploads\b67551bc-3737-11f0-85b7-581122bb7f2c\20210419T120000+1000_REC_235.wav,False,0,0,0,0,0,0,0,0,0,0,0,0,insects + vehicles (aircraft/cars),-6.0377088,1.0897063,0.63770086,0.64919466,0.2660027,0.24608059,0.32004893,0.24916081,0.18433836,0.1473909,0.14134143,0.07749471,0.09556126
5.0273986,3.0921144,11.8862505,11,0,0,00:00.0,00:00.0,uploads\b67551bc-3737-11f0-85b7-581122bb7f2c\20210419T120000+1000_REC_236.wav,False,0,0,0,0,0,0,0,0,0,0,0,0,insects + vehicles (aircraft/cars),-6.0246544,1.1926557,0.56324774,0.7302492,0.14597417,0.20071799,0.23045184,0.26611578,0.17399871,0.10605658,0.06998609,0.04091464,0.101904556
4.8253684,2.909879,12.067568,11,0,0,00:00.0,00:00.0,uploads\b67551bc-3737-11f0-85b7-581122bb7f2c\20210419T120000+1000_REC_238.wav,False,0,0,0,0,0,0,0,0,0,0,0,0,insects + vehicles (aircraft/cars),-6.087415,0.85189086,0.6468307,0.4877609,0.30974734,0.22925428,0.23407076,0.1931091,0.14869733,0.131669,0.10318056,0.08641712,0.09885455
4.8232403,2.9082751,12.068635,11,0,0,00:00.0,00:00.0,uploads\b67551bc-3737-11f0-85b7-581122bb7f2c\20210419T120000+1000_REC_240.wav,False,0,0,0,0,0,0,0,0,0,0,0,0,insects + vehicles (aircraft/cars),-6.0934706,0.7731222,0.6334696,0.4837296,0.35949793,0.28304106,0.24449614,0.21329014,0.18073593,0.15195386,0.12865227,0.11164108,0.102160424
5.0356264,3.0996103,11.8818,11,0,0,00:00.0,00:00.0,uploads\b67551bc-3737-11f0-85b7-581122bb7f2c\20210419T120000+1000_REC_242.wav,False,0,0,0,0,0,0,0,0,0,0,0,0,insects + vehicles (aircraft/cars),-6.040242,1.185427,0.53040546,0.6247497,0.09398214,0.2430303,0.1685968,0.21913724,0.14614254,0.16367538,0.07230934,0.06877657,0.08235802
5.043621,3.101217,11.888588,11,0,0,00:00.0,00:00.0,uploads\b67551bc-3737-11f0-85b7-581122bb7f2c\20210419T120000+1000_REC_246.wav,False,0,0,0,0,0,0,0,0,0,0,0,0,insects + vehicles (aircraft/cars),-6.034109,1.236255,0.5608711,0.54113436,0.13994212,0.2083248,0.2385746,0.23971601,0.17271174,0.12353788,0.094886765,0.037692267,0.089762844
4.170827,14.788947,3.8294032,12,0,0,00:00.0,00:00.0,uploads\b67551bc-3737-11f0-85b7-581122bb7f2c\20210419T140000+1000_REC_223.wav,False,0,0,0,0,0,0,0,0,0,0,0,0,vehicles (aircraft/cars),-6.0294867,1.1957854,0.63474154,0.4897469,0.33124802,0.2934196,0.27209717,0.2573409,0.20451127,0.15413032,0.12191368,0.046707436,0.036435667
4.1912107,14.764438,3.803446,12,0,0,00:00.0,00:00.0,uploads\b67551bc-3737-11f0-85b7-581122bb7f2c\20210419T140000+1000_REC_224.wav,False,0,0,0,0,0,0,0,0,0,0,0,0,vehicles (aircraft/cars),-6.0268,1.2911178,0.5484114,0.39482236,0.27907312,0.3344433,0.26422033,0.20786515,0.17612347,0.11976672,0.14254518,0.096642315,0.04186066
3.6581135,15.161803,4.0626807,12,0,0,00:00.0,00:00.0,uploads\b67551bc-3737-11f0-85b7-581122bb7f2c\20210419T140000+1000_REC_225.wav,False,0,0,0,0,0,0,0,0,0,0,0,0,vehicles (aircraft/cars),-6.00465,1.3173413,0.72724706,0.450567,0.37486163,0.27136815,0.14442004,0.065506585,0.059969384,0.11191625,0.13693027,0.07288413,0.0075843916
4.001815,14.981489,4.0290956,12,0,0,00:00.0,00:00.0,uploads\b67551bc-3737-11f0-85b7-581122bb7f2c\20210419T140000+1000_REC_226.wav,False,0,0,0,0,0,0,0,0,0,0,0,0,vehicles (aircraft/cars),-6.0470896,0.9644871,0.7946576,0.5872387,0.40218338,0.2696975,0.18628824,0.13191906,0.0932831,0.06832126,0.058318056,0.061671864,0.069889866
4.0023384,14.981896,4.0312867,12,0,0,00:00.0,00:00.0,uploads\b67551bc-3737-11f0-85b7-581122bb7f2c\20210419T140000+1000_REC_227.wav,False,0,0,0,0,0,0,0,0,0,0,0,0,vehicles (aircraft/cars),-6.0547523,0.87081474,0.7668453,0.6182214,0.45265767,0.29591244,0.16683511,0.07549853,0.023294438,0.0043322146,0.008093381,0.022915592,0.039163165
4.0052166,14.976175,4.0244427,12,0,0,00:00.0,00:00.0,uploads\b67551bc-3737-11f0-85b7-581122bb7f2c\20210419T140000+1000_REC_228.wav,False,0,0,0,0,0,0,0,0,0,0,0,0,vehicles (aircraft/cars),-6.043458,1.1067227,0.727515,0.51467,0.29956618,0.22114654,0.19649255,0.12851514,0.0864547,0.07184165,0.07345474,0.065466344,0.07601306
4.001243,14.9813795,4.0284038,12,0,0,00:00.0,00:00.0,uploads\b67551bc-3737-11f0-85b7-581122bb7f2c\20210419T140000+1000_REC_229.wav,False,0,0,0,0,0,0,0,0,0,0,0,0,vehicles (aircraft/cars),-6.0342865,1.1539205,0.71479434,0.49992025,0.3244806,0.250876,0.24778318,0.19527113,0.112736344,0.06991894,0.08002618,0.08436609,0.094160475
4.004087,14.978649,4.0279284,12,0,0,00:00.0,00:00.0,uploads\b67551bc-3737-11f0-85b7-581122bb7f2c\20210419T140000+1000_REC_230.wav,False,0,0,0,0,0,0,0,0,0,0,0,0,vehicles (aircraft/cars),-6.0179577,1.1922079,0.8015599,0.51446295,0.33202344,0.24528258,0.21192203,0.16006127,0.11717648,0.09374379,0.061243363,0.048552994,0.06833513
4.006501,14.976591,4.0291142,12,0,0,00:00.0,00:00.0,uploads\b67551bc-3737-11f0-85b7-581122bb7f2c\20210419T140000+1000_REC_231.wav,False,0,0,0,0,0,0,0,0,0,0,0,0,vehicles (aircraft/cars),-6.0124407,1.220727,0.77706295,0.5579331,0.33214983,0.2255514,0.22659859,0.15196359,0.08703852,0.08509741,0.050685115,0.022976516,0.07625315
4.003997,14.97885,4.0290647,12,0,0,00:00.0,00:00.0,uploads\b67551bc-3737-11f0-85b7-581122bb7f2c\20210419T140000+1000_REC_232.wav,False,0,0,0,0,0,0,0,0,0,0,0,0,vehicles (aircraft/cars),-6.006614,1.2542571,0.787308,0.5591164,0.306738,0.20928985,0.18742402,0.13072583,0.07712825,0.04328184,0.023114996,0.020973101,0.05274614
4.0067005,14.976493,4.026595,12,0,0,00:00.0,00:00.0,uploads\b67551bc-3737-11f0-85b7-581122bb7f2c\20210419T140000+1000_REC_233.wav,False,0,0,0,0,0,0,0,0,0,0,0,0,vehicles (aircraft/cars),-5.9891706,1.3748144,0.7069057,0.58701825,0.2738985,0.21145228,0.2121741,0.1772829,0.13086216,0.08235902,0.041081954,0.033606347,0.07661154
4.046924,14.94279,3.9976547,12,0,0,00:00.0,00:00.0,uploads\b67551bc-3737-11f0-85b7-581122bb7f2c\20210419T140000+1000_REC_234.wav,False,0,0,0,0,0,0,0,0,0,0,0,0,vehicles (aircraft/cars),-6.02334,1.2817208,0.60730815,0.50319403,0.20750278,0.23147985,0.24137479,0.21865065,0.17084333,0.1293825,0.09532564,0.04671143,0.06597232
4.026488,14.960797,4.0136876,12,0,0,00:00.0,00:00.0,uploads\b67551bc-3737-11f0-85b7-581122bb7f2c\20210419T140000+1000_REC_235.wav,False,0,0,0,0,0,0,0,0,0,0,0,0,vehicles (aircraft/cars),-6.006538,1.3703308,0.575522,0.55433697,0.16173987,0.2674909,0.18803026,0.18156762,0.09419204,0.12214448,0.0714795,0.054187223,0.083311714
3.9934068,14.982157,4.0252204,12,0,0,00:00.0,00:00.0,uploads\b67551bc-3737-11f0-85b7-581122bb7f2c\20210419T140000+1000_REC_236.wav,False,0,0,0,0,0,0,0,0,0,0,0,0,vehicles (aircraft/cars),-6.0137243,1.2843413,0.68295044,0.50630844,0.31111133,0.24796693,0.22534043,0.17467222,0.14217909,0.09408639,0.05775613,0.027805213,0.052539203
4.0430355,14.948295,4.005375,12,0,0,00:00.0,00:00.0,uploads\b67551bc-3737-11f0-85b7-581122bb7f2c\20210419T140000+1000_REC_237.wav,False,0,0,0,0,0,0,0,0,0,0,0,0,vehicles (aircraft/cars),-5.9922323,1.445557,0.53376746,0.56542075,0.16078043,0.24161173,0.19127426,0.20091823,0.16487317,0.14275876,0.093582384,0.07899316,0.09362329
4.1910243,14.764761,3.8035975,12,0,0,00:00.0,00:00.0,uploads\b67551bc-3737-11f0-85b7-581122bb7f2c\20210419T220000+1000_REC_171.wav,True,0,0,0,0,0,0,0,0,0,1,0,0,vehicles (aircraft/cars),-6.0334287,1.139583,0.6476854,0.60368246,0.33272284,0.313434,0.20195593,0.19757035,0.16049413,0.10531048,0.09595855,0.05213164,0.04824445
3.6711957,15.150073,4.060239,12,0,0,00:00.0,00:00.0,uploads\b67551bc-3737-11f0-85b7-581122bb7f2c\20210419T220000+1000_REC_172.wav,False,0,0,0,0,0,0,0,0,0,0,0,0,vehicles (aircraft/cars),-6.0235634,1.1097839,0.80550575,0.5929545,0.39062557,0.24448885,0.15425955,0.094474345,0.05881792,0.024995726,0.017695984,0.029785126,0.041879017
3.641703,15.17158,4.0647726,12,0,0,00:00.0,00:00.0,uploads\b67551bc-3737-11f0-85b7-581122bb7f2c\20210419T220000+1000_REC_173.wav,False,0,0,0,0,0,0,0,0,0,0,0,0,vehicles (aircraft/cars),-5.973987,1.2735461,0.9357757,0.62872434,0.37238145,0.18766883,0.07216728,0.0066876947,-0.021926153,-0.026470758,-0.0052050557,0.02740998,0.053496182
3.644254,15.170067,4.0645003,12,0,0,00:00.0,00:00.0,uploads\b67551bc-3737-11f0-85b7-581122bb7f2c\20210419T220000+1000_REC_174.wav,False,0,0,0,0,0,0,0,0,0,0,0,0,vehicles (aircraft/cars),-6.014767,1.1255109,0.8726974,0.5907139,0.3568663,0.19152518,0.08726593,0.030710962,0.0080605205,0.006577583,0.016932111,0.033929642,0.052812964
3.6282878,15.185197,4.0680356,12,0,0,00:00.0,00:00.0,uploads\b67551bc-3737-11f0-85b7-581122bb7f2c\20210419T220000+1000_REC_175.wav,False,0,0,0,0,0,0,0,0,0,0,0,0,vehicles (aircraft/cars),-5.947859,1.3536587,0.9900771,0.6673613,0.36323145,0.15010336,0.043091077,-0.010202216,-0.01563343,0.003882982,0.020627124,0.032312687,0.039827112
3.6485317,15.16764,4.0645137,12,0,0,00:00.0,00:00.0,uploads\b67551bc-3737-11f0-85b7-581122bb7f2c\20210419T220000+1000_REC_176.wav,False,0,0,0,0,0,0,0,0,0,0,0,0,vehicles (aircraft/cars),-6.0083733,1.137002,0.87959135,0.61588496,0.38129595,0.21589276,0.12289824,0.06518068,0.03512983,0.024076555,0.011908615,0.0048730834,0.016492698
3.6420178,15.171804,4.06501,12,0,0,00:00.0,00:00.0,uploads\b67551bc-3737-11f0-85b7-581122bb7f2c\20210419T220000+1000_REC_177.wav,False,0,0,0,0,0,0,0,0,0,0,0,0,vehicles (aircraft/cars),-5.978353,1.255015,0.9438529,0.6334748,0.35755616,0.18783922,0.07917825,0.048290055,0.016433148,0.010133824,0.022004003,0.02007317,0.020204855
3.6484535,15.167556,4.064427,12,0,0,00:00.0,00:00.0,uploads\b67551bc-3737-11f0-85b7-581122bb7f2c\20210419T220000+1000_REC_178.wav,False,0,0,0,0,0,0,0,0,0,0,0,0,vehicles (aircraft/cars),-5.976819,1.2643523,0.85695183,0.71757686,0.388525,0.22793396,0.13818261,0.062567085,0.036367737,0.0061805286,-0.009910615,-0.013796118,0.009849031
3.648414,15.167566,4.064217,12,0,0,00:00.0,00:00.0,uploads\b67551bc-3737-11f0-85b7-581122bb7f2c\20210419T220000+1000_REC_179.wav,True,0,0,0,0,0,0,0,0,0,1,0,0,vehicles (aircraft/cars),-6.004147,1.173154,0.8572416,0.649225,0.36062095,0.1948048,0.13412282,0.068829246,0.03959002,0.03532972,0.029485967,0.025210042,0.03996679
3.648105,15.16743,4.0644875,12,0,0,00:00.0,00:00.0,uploads\b67551bc-3737-11f0-85b7-581122bb7f2c\20210419T220000+1000_REC_180.wav,False,0,0,0,0,0,0,0,0,0,0,0,0,vehicles (aircraft/cars),-6.0049796,1.1693617,0.8218452,0.6623116,0.37422732,0.247088,0.19303653,0.10598688,0.05125337,0.013503187,0.012298384,0.014118418,0.031744372
4.1883183,14.768746,3.8082304,12,0,0,00:00.0,00:00.0,uploads\b67551bc-3737-11f0-85b7-581122bb7f2c\20210419T220000+1000_REC_181.wav,False,0,0,0,0,0,0,0,0,0,0,0,0,vehicles (aircraft/cars),-6.053525,0.99544007,0.7029385,0.5545252,0.37525862,0.2756202,0.24473499,0.19398715,0.15188545,0.10845041,0.06721783,0.038590755,0.028810453
4.184606,14.771728,3.810501,12,0,0,00:00.0,00:00.0,uploads\b67551bc-3737-11f0-85b7-581122bb7f2c\20210419T220000+1000_REC_182.wav,False,0,0,0,0,0,0,0,0,0,0,0,0,vehicles (aircraft/cars),-6.018049,1.1532041,0.72372866,0.65312225,0.35699156,0.30450368,0.2254894,0.18481666,0.13240741,0.073344275,0.045349225,0.01926856,0.03865477
4.1999393,14.755752,3.7948084,12,0,0,00:00.0,00:00.0,uploads\b67551bc-3737-11f0-85b7-581122bb7f2c\20210419T220000+1000_REC_183.wav,True,0,0,0,0,0,0,0,0,0,1,0,0,vehicles (aircraft/cars),-6.0476027,1.0605822,0.70301723,0.54794955,0.3457569,0.2568308,0.21762584,0.16427113,0.13402957,0.105766214,0.08568258,0.070968084,0.0686839
4.1908574,14.764827,3.803578,12,0,0,00:00.0,00:00.0,uploads\b67551bc-3737-11f0-85b7-581122bb7f2c\20210419T220000+1000_REC_184.wav,False,0,0,0,0,0,0,0,0,0,0,0,0,vehicles (aircraft/cars),-6.02184,1.2022233,0.67871886,0.5980646,0.32029343,0.30211803,0.19026093,0.16301066,0.13226485,0.10227384,0.09549097,0.052469317,0.059426773
4.19655,14.758994,3.7991989,12,0,0,00:00.0,00:00.0,uploads\b67551bc-3737-11f0-85b7-581122bb7f2c\20210419T220000+1000_REC_185.wav,False,0,0,0,0,0,0,0,0,0,0,0,0,vehicles (aircraft/cars),-6.036999,1.1652482,0.6448363,0.56563145,0.29769862,0.25799683,0.17024533,0.16176422,0.12697159,0.11140753,0.11038818,0.08530798,0.08487964
-3.6604538,10.667507,8.809267,13,0,0,00:00.0,00:00.0,uploads\b67551bc-3737-11f0-85b7-581122bb7f2c\20210419T180000+1000_REC_0.wav,False,0,0,0,0,0,0,0,0,0,0,0,0,rain (light),-6.0356936,1.2583952,0.30995724,0.5932254,0.0037618624,0.33234853,0.044720717,0.2561716,0.11310738,0.22551242,0.03694116,0.15487914,0.084293075
-3.5709305,10.649009,8.365898,13,0,0,00:00.0,00:00.0,uploads\b67551bc-3737-11f0-85b7-581122bb7f2c\20210419T180000+1000_REC_1.wav,False,0,0,0,0,0,0,0,0,0,0,0,0,rain (light),-6.0204763,1.3522556,0.28271392,0.5088634,-0.039280392,0.3702889,0.13005322,0.3276674,0.04808509,0.16503292,0.05011724,0.17885892,0.100370474
-3.4894202,11.015606,8.594566,13,0,0,00:00.0,00:00.0,uploads\b67551bc-3737-11f0-85b7-581122bb7f2c\20210419T180000+1000_REC_2.wav,False,0,0,0,0,0,0,0,0,0,0,0,0,rain (light),-6.0107746,1.3603776,0.35281593,0.6204737,-0.031109788,0.30595383,0.017952353,0.30310634,0.080055766,0.18630072,0.03127304,0.16713935,0.09372056
-3.8570225,9.925719,8.421056,13,0,0,00:00.0,00:00.0,uploads\b67551bc-3737-11f0-85b7-581122bb7f2c\20210419T180000+1000_REC_3.wav,False,0,0,0,0,0,0,0,0,0,0,0,0,rain (light),-6.07816,1.0684452,0.3148117,0.5007313,0.028184783,0.28771317,0.08702501,0.25136003,0.13217773,0.16685896,0.064973086,0.13067883,0.10351792
-3.6856594,10.606213,8.682811,13,0,0,00:00.0,00:00.0,uploads\b67551bc-3737-11f0-85b7-581122bb7f2c\20210419T180000+1000_REC_4.wav,False,0,0,0,0,0,0,0,0,0,0,0,0,rain (light),-6.042526,1.2363526,0.35061294,0.5723959,0.032168265,0.28205776,0.051522393,0.27038926,0.08370233,0.18710989,0.0833952,0.16163377,0.071133375
-3.4441457,11.148805,8.647522,13,0,0,00:00.0,00:00.0,uploads\b67551bc-3737-11f0-85b7-581122bb7f2c\20210419T180000+1000_REC_5.wav,False,0,0,0,0,0,0,0,0,0,0,0,0,rain (light),-5.993584,1.4339694,0.38075393,0.645515,-0.012043819,0.30088282,0.024519214,0.25987083,0.056720365,0.15415819,0.01836989,0.1757908,0.10339302
-3.4753103,11.05982,8.616421,13,0,0,00:00.0,00:00.0,uploads\b67551bc-3737-11f0-85b7-581122bb7f2c\20210419T180000+1000_REC_6.wav,True,0,1,0,0,0,0,0,0,0,0,0,0,rain (light),-5.9964223,1.403182,0.38565937,0.66663873,0.035507243,0.3553948,0.06998596,0.2752073,0.06578689,0.1827262,0.03945118,0.16454946,0.052984376
-3.433824,11.152561,8.63747,13,0,0,00:00.0,00:00.0,uploads\b67551bc-3737-11f0-85b7-581122bb7f2c\20210419T180000+1000_REC_7.wav,False,0,0,0,0,0,0,0,0,0,0,0,0,rain (light),-5.9760985,1.5173264,0.34786686,0.62222266,-0.035108205,0.30803353,0.04589434,0.31385663,0.0496629,0.18095087,0.056884732,0.16037224,0.09443136
-3.6423874,10.61948,8.511445,13,0,0,00:00.0,00:00.0,uploads\b67551bc-3737-11f0-85b7-581122bb7f2c\20210419T180000+1000_REC_8.wav,False,0,0,0,0,0,0,0,0,0,0,0,0,rain (light),-6.0316167,1.2830182,0.29495195,0.58336747,-0.035994675,0.30049324,0.055520058,0.30824232,0.1016107,0.21659076,0.081054226,0.14788696,0.05922126
-3.6595972,10.567675,8.447699,13,0,0,00:00.0,00:00.0,uploads\b67551bc-3737-11f0-85b7-581122bb7f2c\20210419T180000+1000_REC_9.wav,True,0,1,0,0,0,0,0,0,0,0,0,0,rain (light),-6.02052,1.3154913,0.30883265,0.6415671,-0.049055215,0.26326972,0.051058546,0.29122835,0.08838181,0.23998733,0.082373366,0.18089654,0.090878665
-3.46072,11.117863,8.653114,13,0,0,00:00.0,00:00.0,uploads\b67551bc-3737-11f0-85b7-581122bb7f2c\20210419T180000+1000_REC_10.wav,False,0,0,0,0,0,0,0,0,0,0,0,0,rain (light),-5.993292,1.428431,0.3031438,0.6660166,-0.04367169,0.32423982,0.026280617,0.29361644,0.052799236,0.19673978,0.071513385,0.18373553,0.10604281
-3.724656,10.35736,8.232039,13,0,0,00:00.0,00:00.0,uploads\b67551bc-3737-11f0-85b7-581122bb7f2c\20210419T180000+1000_REC_11.wav,False,0,0,0,0,0,0,0,0,0,0,0,0,rain (light),-6.0332036,1.2369285,0.31241587,0.64721006,-0.028343307,0.31316763,0.07206407,0.291022,0.066193156,0.24310188,0.111117974,0.21842317,0.12102277
-3.6624045,10.499349,8.535706,13,0,0,00:00.0,00:00.0,uploads\b67551bc-3737-11f0-85b7-581122bb7f2c\20210419T180000+1000_REC_12.wav,False,0,0,0,0,0,0,0,0,0,0,0,0,rain (light),-6.0344234,1.2202382,0.33770952,0.67189723,0.057416666,0.33247083,0.04888955,0.2883426,0.08284179,0.23665024,0.09593331,0.17465319,0.08784075
-3.612975,10.7567215,8.768682,13,0,0,00:00.0,00:00.0,uploads\b67551bc-3737-11f0-85b7-581122bb7f2c\20210419T180000+1000_REC_13.wav,False,0,0,0,0,0,0,0,0,0,0,0,0,rain (light),-6.013558,1.3350595,0.3564294,0.6543965,0.05857447,0.3447207,0.0418547,0.25865585,0.029497234,0.19376697,0.056922566,0.19128984,0.08868831
-3.565373,10.649182,8.373877,13,0,0,00:00.0,00:00.0,uploads\b67551bc-3737-11f0-85b7-581122bb7f2c\20210419T180000+1000_REC_14.wav,False,0,0,0,0,0,0,0,0,0,0,0,0,rain (light),-6.011214,1.3255112,0.3706162,0.65579754,0.059142437,0.36871612,0.11937828,0.3473699,0.0907344,0.20380032,0.08743037,0.16215736,0.078957446
-3.5349033,10.876966,8.529256,13,0,0,00:00.0,00:00.0,uploads\b67551bc-3737-11f0-85b7-581122bb7f2c\20210419T180000+1000_REC_15.wav,True,0,1,0,0,0,0,0,0,0,0,0,0,rain (light),-6.0019994,1.3361892,0.3949658,0.753454,0.03230269,0.3294926,0.07075343,0.28254232,0.06436263,0.20668502,0.07100059,0.15229353,0.08726815
-3.6047075,10.655182,8.489234,13,0,0,00:00.0,00:00.0,uploads\b67551bc-3737-11f0-85b7-581122bb7f2c\20210419T180000+1000_REC_16.wav,False,0,0,0,0,0,0,0,0,0,0,0,0,rain (light),-6.024194,1.2734947,0.34232995,0.6786138,0.039077114,0.322693,0.059594482,0.29505163,0.06718544,0.20520793,0.085993856,0.17945233,0.09076345
-3.9596622,8.603247,8.853111,13,0,0,00:00.0,00:00.0,uploads\b67551bc-3737-11f0-85b7-581122bb7f2c\20210419T180000+1000_REC_17.wav,False,0,0,0,0,0,0,0,0,0,0,0,0,rain (light),-6.0513,1.1310539,0.3424601,0.619475,0.06601752,0.34803385,0.1652097,0.35570922,0.12608373,0.22717884,0.090282194,0.18193302,0.10623122
-3.865278,8.775059,8.816806,13,0,0,00:00.0,00:00.0,uploads\b67551bc-3737-11f0-85b7-581122bb7f2c\20210419T180000+1000_REC_18.wav,False,0,0,0,0,0,0,0,0,0,0,0,0,rain (light),-6.06013,1.0994226,0.3500667,0.5980211,0.083375014,0.3478728,0.117062,0.2868591,0.1351008,0.23511985,0.120410465,0.20450108,0.15217838
-3.8289876,8.786615,8.7779665,13,0,0,00:00.0,00:00.0,uploads\b67551bc-3737-11f0-85b7-581122bb7f2c\20210419T180000+1000_REC_19.wav,True,0,0,0,0,0,0,0,0,1,0,0,0,rain (light),-6.067292,1.0698743,0.3500338,0.56565386,0.1251975,0.3499573,0.11399063,0.28475994,0.13300362,0.24522248,0.13805877,0.20672749,0.106871106
-3.8553085,8.8977995,8.762849,13,0,0,00:00.0,00:00.0,uploads\b67551bc-3737-11f0-85b7-581122bb7f2c\20210419T180000+1000_REC_20.wav,False,0,0,0,0,0,0,0,0,0,0,0,0,rain (light),-6.0616727,1.1105087,0.34043503,0.56089574,0.10168903,0.33779213,0.09980793,0.3050793,0.13173583,0.21980171,0.13012959,0.22311197,0.12120533
-3.876691,8.712087,8.848501,13,0,0,00:00.0,00:00.0,uploads\b67551bc-3737-11f0-85b7-581122bb7f2c\20210419T180000+1000_REC_21.wav,False,0,0,0,0,0,0,0,0,0,0,0,0,rain (light),-6.0682635,1.0557642,0.3464095,0.57739824,0.121915475,0.3596182,0.124735,0.29957196,0.12999198,0.22239739,0.11741298,0.20815362,0.14380729
-3.9588861,8.240711,9.0788145,13,0,0,00:00.0,00:00.0,uploads\b67551bc-3737-11f0-85b7-581122bb7f2c\20210419T180000+1000_REC_22.wav,False,0,0,0,0,0,0,0,0,0,0,0,0,rain (light),-6.091419,0.9413091,0.33739552,0.49877694,0.16982156,0.31706363,0.15377143,0.27056643,0.17329234,0.23664826,0.18364176,0.20776844,0.17283194
-3.9828727,8.295879,9.04308,13,0,0,00:00.0,00:00.0,uploads\b67551bc-3737-11f0-85b7-581122bb7f2c\20210419T180000+1000_REC_23.wav,False,0,0,0,0,0,0,0,0,0,0,0,0,rain (light),-6.0859776,0.98013824,0.34712642,0.4932035,0.14190654,0.34080607,0.14698504,0.26933864,0.15151682,0.23898096,0.15266085,0.21407911,0.16334476
-3.9004786,8.688369,8.805493,13,0,0,00:00.0,00:00.0,uploads\b67551bc-3737-11f0-85b7-581122bb7f2c\20210419T180000+1000_REC_24.wav,True,0,0,0,0,0,0,0,0,1,0,0,0,rain (light),-6.0484858,1.1843296,0.3723672,0.5316285,0.099624686,0.37408903,0.13499594,0.27474758,0.1340842,0.2551779,0.12344012,0.20582919,0.12604913
-3.4392066,11.153609,8.644981,13,0,0,00:00.0,00:00.0,uploads\b67551bc-3737-11f0-85b7-581122bb7f2c\20210419T180000+1000_REC_25.wav,False,0,0,0,0,0,0,0,0,0,0,0,0,rain (light),-5.9838595,1.464965,0.39785588,0.6610176,0.015662523,0.31645045,-0.0011461054,0.27183762,0.052129544,0.15583934,0.030810481,0.16067654,0.10037206
-3.5159335,11.01805,8.615662,13,0,0,00:00.0,00:00.0,uploads\b67551bc-3737-11f0-85b7-581122bb7f2c\20210419T180000+1000_REC_26.wav,False,0,0,0,0,0,0,0,0,0,0,0,0,rain (light),-5.989033,1.4178972,0.38846317,0.70389634,-0.022436712,0.34803715,0.05040152,0.25108793,0.042382147,0.20485942,0.04950972,0.17855848,0.08159065
-3.4472315,11.144377,8.639928,13,0,0,00:00.0,00:00.0,uploads\b67551bc-3737-11f0-85b7-581122bb7f2c\20210419T180000+1000_REC_27.wav,False,0,0,0,0,0,0,0,0,0,0,0,0,rain (light),-5.9784656,1.4769657,0.3949082,0.6812367,0.0053614923,0.32767302,0.0001466225,0.24640562,0.011467297,0.20793323,0.07379139,0.16842815,0.066778354
-3.5040286,11.037547,8.677096,13,0,0,00:00.0,00:00.0,uploads\b67551bc-3737-11f0-85b7-581122bb7f2c\20210419T180000+1000_REC_28.wav,False,0,0,0,0,0,0,0,0,0,0,0,0,rain (light),-6.0035872,1.3719045,0.37344444,0.66345465,0.036313083,0.32358375,0.030643338,0.28373823,0.063945934,0.22483443,0.07208618,0.19993448,0.12545943
-3.6639326,10.549581,8.814639,13,0,0,00:00.0,00:00.0,uploads\b67551bc-3737-11f0-85b7-581122bb7f2c\20210419T180000+1000_REC_29.wav,False,0,0,0,0,0,0,0,0,0,0,0,0,rain (light),-6.0246596,1.3119857,0.3129256,0.5880978,0.08128049,0.3607038,0.043934967,0.2601298,0.10385848,0.21041948,0.06597809,0.21441068,0.10905657
-3.662277,10.643566,8.828461,13,0,0,00:00.0,00:00.0,uploads\b67551bc-3737-11f0-85b7-581122bb7f2c\20210419T180000+1000_REC_30.wav,False,0,0,0,0,0,0,0,0,0,0,0,0,rain (light),-6.025507,1.3237319,0.35982308,0.5578057,0.03330958,0.31226856,0.03608582,0.24351414,0.053789217,0.20128123,0.08350927,0.18018904,0.09916495
-3.6756847,10.63348,8.811741,13,0,0,00:00.0,00:00.0,uploads\b67551bc-3737-11f0-85b7-581122bb7f2c\20210419T180000+1000_REC_31.wav,False,0,0,0,0,0,0,0,0,0,0,0,0,rain (light),-6.039845,1.251809,0.35913217,0.5635714,0.05188602,0.29461333,0.04158774,0.25119698,0.06524514,0.19736476,0.051505562,0.15062262,0.06687055
-3.4991755,11.01827,8.597757,13,0,0,00:00.0,00:00.0,uploads\b67551bc-3737-11f0-85b7-581122bb7f2c\20210419T180000+1000_REC_32.wav,False,0,0,0,0,0,0,0,0,0,0,0,0,rain (light),-5.9968457,1.4369375,0.3287452,0.6109219,0.018872045,0.32405654,0.03980476,0.288497,0.091420725,0.20023754,0.04036247,0.17318945,0.10085118
-3.4283192,11.159132,8.625477,13,0,0,00:00.0,00:00.0,uploads\b67551bc-3737-11f0-85b7-581122bb7f2c\20210419T180000+1000_REC_33.wav,False,0,0,0,0,0,0,0,0,0,0,0,0,rain (light),-5.9981637,1.409762,0.342821,0.6373322,-5.833097e-05,0.3506332,0.01842498,0.29514733,0.08149335,0.19160566,0.020116655,0.11509231,0.023066228
-3.4280987,11.157795,8.63165,13,0,0,00:00.0,00:00.0,uploads\b67551bc-3737-11f0-85b7-581122bb7f2c\20210419T180000+1000_REC_34.wav,False,0,0,0,0,0,0,0,0,0,0,0,0,rain (light),-5.9766474,1.4697921,0.3815454,0.6964039,0.017279154,0.36849955,0.04855515,0.32525343,0.06593846,0.15784684,0.0034007672,0.13121311,0.07268707
-3.4640782,11.122975,8.653199,13,0,0,00:00.0,00:00.0,uploads\b67551bc-3737-11f0-85b7-581122bb7f2c\20210419T180000+1000_REC_35.wav,False,0,0,0,0,0,0,0,0,0,0,0,0,rain (light),-5.9997334,1.3944066,0.3462344,0.6836862,-0.014595956,0.30577692,0.004036349,0.26410487,0.062329084,0.1610213,0.03706124,0.17011434,0.10846015
-3.4196868,11.178013,8.632723,13,0,0,00:00.0,00:00.0,uploads\b67551bc-3737-11f0-85b7-581122bb7f2c\20210419T180000+1000_REC_36.wav,False,0,0,0,0,0,0,0,0,0,0,0,0,rain (light),-5.9863834,1.4359338,0.3289455,0.7148425,-0.025307603,0.2983995,0.022060351,0.31475937,0.049717,0.20675038,0.0251212,0.12601246,0.054747306
-3.420498,11.179395,8.633009,13,0,0,00:00.0,00:00.0,uploads\b67551bc-3737-11f0-85b7-581122bb7f2c\20210419T180000+1000_REC_37.wav,False,0,0,0,0,0,0,0,0,0,0,0,0,rain (light),-5.9896517,1.3875502,0.39537802,0.7639023,-0.00038218067,0.30723378,0.032329436,0.31242922,0.05465771,0.17075618,0.02124829,0.13010469,0.07433174
-3.4617195,11.116213,8.627494,13,0,0,00:00.0,00:00.0,uploads\b67551bc-3737-11f0-85b7-581122bb7f2c\20210419T180000+1000_REC_38.wav,False,0,0,0,0,0,0,0,0,0,0,0,0,rain (light),-6.000249,1.3564732,0.32014126,0.7622627,0.010147305,0.3181343,0.01036863,0.2655329,0.047638576,0.19393426,0.071110226,0.17429012,0.08608835
-3.410496,11.179221,8.61527,13,0,0,00:00.0,00:00.0,uploads\b67551bc-3737-11f0-85b7-581122bb7f2c\20210419T180000+1000_REC_39.wav,False,0,0,0,0,0,0,0,0,0,0,0,0,rain (light),-5.9925804,1.3995452,0.33662218,0.7315295,-0.03659877,0.3179402,0.045882598,0.30271512,0.055124708,0.1840929,0.04970076,0.13691732,0.05410459
-3.5351474,10.90401,8.519889,13,0,0,00:00.0,00:00.0,uploads\b67551bc-3737-11f0-85b7-581122bb7f2c\20210419T180000+1000_REC_40.wav,False,0,0,0,0,0,0,0,0,0,0,0,0,rain (light),-6.009802,1.3220493,0.31473485,0.72060955,-0.038427763,0.331235,0.03244297,0.28317553,0.07135842,0.23208037,0.054651905,0.15660928,0.082486905
-3.5666134,10.737402,8.45047,13,0,0,00:00.0,00:00.0,uploads\b67551bc-3737-11f0-85b7-581122bb7f2c\20210419T180000+1000_REC_41.wav,False,0,0,0,0,0,0,0,0,0,0,0,0,rain (light),-6.01039,1.3160846,0.34372714,0.7124394,0.03589307,0.3514917,0.1019841,0.30897585,0.06426338,0.21580547,0.03190861,0.16809988,0.10373396
-3.6362767,10.463701,8.434339,13,0,0,00:00.0,00:00.0,uploads\b67551bc-3737-11f0-85b7-581122bb7f2c\20210419T180000+1000_REC_42.wav,False,0,0,0,0,0,0,0,0,0,0,0,0,rain (light),-6.0330772,1.2362679,0.31689033,0.64664906,0.005894361,0.3468222,0.0654774,0.2979693,0.0842851,0.22896707,0.091101624,0.19890712,0.08576981
-3.5090518,11.02631,8.675036,13,0,0,00:00.0,00:00.0,uploads\b67551bc-3737-11f0-85b7-581122bb7f2c\20210419T180000+1000_REC_43.wav,False,0,0,0,0,0,0,0,0,0,0,0,0,rain (light),-6.008716,1.3587027,0.37589496,0.6231814,-0.0142067745,0.31508636,0.027593646,0.28697363,0.08691887,0.20302747,0.062274143,0.2468019,0.14625156
-3.797121,10.120291,8.344438,13,0,0,00:00.0,00:00.0,uploads\b67551bc-3737-11f0-85b7-581122bb7f2c\20210419T180000+1000_REC_45.wav,False,0,0,0,0,0,0,0,0,0,0,0,0,rain (light),-6.045535,1.2010224,0.33574972,0.5967439,0.04690793,0.32259557,0.07899623,0.28376922,0.10773781,0.22557445,0.08693929,0.16023596,0.12747006
-3.6413517,10.3565855,8.383653,13,0,0,00:00.0,00:00.0,uploads\b67551bc-3737-11f0-85b7-581122bb7f2c\20210419T180000+1000_REC_46.wav,False,0,0,0,0,0,0,0,0,0,0,0,0,rain (light),-6.01914,1.2816613,0.35459685,0.66912276,0.02585951,0.3861254,0.095427744,0.28907517,0.073397376,0.23437716,0.096198544,0.21180503,0.10980443
-3.663711,10.432393,8.603119,13,0,0,00:00.0,00:00.0,uploads\b67551bc-3737-11f0-85b7-581122bb7f2c\20210419T180000+1000_REC_47.wav,False,0,0,0,0,0,0,0,0,0,0,0,0,rain (light),-6.0224814,1.2700968,0.34146118,0.6712589,0.04317042,0.36645088,0.020364279,0.2929651,0.11752745,0.25394028,0.075924814,0.17086904,0.11089404
-3.4655013,11.115975,8.60809,13,0,0,00:00.0,00:00.0,uploads\b67551bc-3737-11f0-85b7-581122bb7f2c\20210419T180000+1000_REC_48.wav,False,0,0,0,0,0,0,0,0,0,0,0,0,rain (light),-5.9918833,1.392361,0.35776156,0.737112,0.03549987,0.35356608,0.009217171,0.29029846,0.07143124,0.20410308,0.033720043,0.1516557,0.0736465
-3.5795374,10.712748,8.475493,13,0,0,00:00.0,00:00.0,uploads\b67551bc-3737-11f0-85b7-581122bb7f2c\20210419T180000+1000_REC_49.wav,False,0,0,0,0,0,0,0,0,0,0,0,0,rain (light),-6.0151744,1.3186233,0.31058356,0.6768187,0.012626241,0.3582265,0.063005745,0.28940633,0.07574833,0.20256533,0.060257763,0.17798527,0.089040704
-3.6037414,10.74871,8.739594,13,0,0,00:00.0,00:00.0,uploads\b67551bc-3737-11f0-85b7-581122bb7f2c\20210419T180000+1000_REC_50.wav,False,0,0,0,0,0,0,0,0,0,0,0,0,rain (light),-6.014429,1.3231102,0.37590447,0.64827645,0.056393452,0.36681476,0.046559937,0.27852854,0.0657065,0.21530212,0.05880216,0.16274408,0.08779158
-3.5137494,10.908688,8.502014,13,0,0,00:00.0,00:00.0,uploads\b67551bc-3737-11f0-85b7-581122bb7f2c\20210419T180000+1000_REC_51.wav,False,0,0,0,0,0,0,0,0,0,0,0,0,rain (light),-6.006257,1.3673955,0.34297705,0.6523522,0.007533391,0.3242121,0.05409317,0.30785027,0.108947836,0.2259058,0.034872368,0.17397024,0.08476491
-3.5212731,10.898343,8.507032,13,0,0,00:00.0,00:00.0,uploads\b67551bc-3737-11f0-85b7-581122bb7f2c\20210419T180000+1000_REC_52.wav,False,0,0,0,0,0,0,0,0,0,0,0,0,rain (light),-5.9975777,1.3928752,0.33743474,0.6630933,0.021897938,0.35457596,0.05845795,0.3188421,0.10314402,0.24678539,0.04013644,0.20623991,0.08913296
-3.697456,10.161655,8.270857,13,0,0,00:00.0,00:00.0,uploads\b67551bc-3737-11f0-85b7-581122bb7f2c\20210419T180000+1000_REC_53.wav,False,0,0,0,0,0,0,0,0,0,0,0,0,rain (light),-6.030752,1.2430822,0.37615713,0.5941487,-0.022546116,0.3681923,0.081533164,0.3300128,0.13390875,0.22406112,0.018591683,0.20661782,0.100906074
-3.7408926,10.271263,8.269719,13,0,0,00:00.0,00:00.0,uploads\b67551bc-3737-11f0-85b7-581122bb7f2c\20210419T180000+1000_REC_54.wav,False,0,0,0,0,0,0,0,0,0,0,0,0,rain (light),-6.030387,1.2745456,0.32290995,0.6049592,0.05569016,0.32951838,0.082019575,0.32427928,0.08566618,0.20332083,0.067679055,0.17100556,0.1137792
-3.5659387,10.763923,8.468771,13,0,0,00:00.0,00:00.0,uploads\b67551bc-3737-11f0-85b7-581122bb7f2c\20210419T180000+1000_REC_55.wav,False,0,0,0,0,0,0,0,0,0,0,0,0,rain (light),-6.000704,1.4053319,0.36707222,0.605271,0.013498428,0.36006334,0.081155784,0.3154224,0.08854088,0.20229334,0.046282396,0.1381842,0.094054334
-3.7014992,10.1490345,8.781899,13,0,0,00:00.0,00:00.0,uploads\b67551bc-3737-11f0-85b7-581122bb7f2c\20210419T180000+1000_REC_56.wav,False,0,0,0,0,0,0,0,0,0,0,0,0,rain (light),-6.0414686,1.2145317,0.33262888,0.6151192,0.091847,0.34453267,0.057266753,0.25574598,0.06334258,0.21282542,0.0999182,0.19659781,0.11636807
-3.438147,11.1687,8.654349,13,0,0,00:00.0,00:00.0,uploads\b67551bc-3737-11f0-85b7-581122bb7f2c\20210419T180000+1000_REC_57.wav,False,0,0,0,0,0,0,0,0,0,0,0,0,rain (light),-5.9881277,1.4349959,0.41986993,0.68676275,-0.03558085,0.26061332,0.027277768,0.2607343,0.02864095,0.18117571,0.04562201,0.166471,0.09868117
-3.4226758,11.176124,8.639192,13,0,0,00:00.0,00:00.0,uploads\b67551bc-3737-11f0-85b7-581122bb7f2c\20210419T180000+1000_REC_58.wav,False,0,0,0,0,0,0,0,0,0,0,0,0,rain (light),-5.938811,1.5315279,0.43985602,0.85871947,-0.13353808,0.29773754,-0.023715952,0.3050269,-0.026109682,0.15376176,0.012670977,0.1318796,0.07820497
-3.67908,10.492097,8.280423,13,0,0,00:00.0,00:00.0,uploads\b67551bc-3737-11f0-85b7-581122bb7f2c\20210419T180000+1000_REC_59.wav,False,0,0,0,0,0,0,0,0,0,0,0,0,rain (light),-6.004551,1.3555875,0.29821455,0.65671784,-0.094829895,0.3255401,0.072159015,0.3463028,0.076769225,0.2656072,0.1512554,0.21265419,0.09760723
-3.7127395,10.212362,8.477769,13,0,0,00:00.0,00:00.0,uploads\b67551bc-3737-11f0-85b7-581122bb7f2c\20210419T180000+1000_REC_60.wav,False,0,0,0,0,0,0,0,0,0,0,0,0,rain (light),-6.0301733,1.2401668,0.32713604,0.65442544,0.034952063,0.36194795,0.04515617,0.2925482,0.09560339,0.25664827,0.1085461,0.20492527,0.09884505
-3.600531,9.759895,8.318743,13,0,0,00:00.0,00:00.0,uploads\b67551bc-3737-11f0-85b7-581122bb7f2c\20210419T180000+1000_REC_61.wav,True,0,0,0,0,0,0,0,0,1,0,0,0,rain (light),-6.0500283,1.1486757,0.29652408,0.6222848,0.037424795,0.37915525,0.0890538,0.29806438,0.12880917,0.24823266,0.11049353,0.20009224,0.10478121
-3.8058333,10.28717,8.266525,13,0,0,00:00.0,00:00.0,uploads\b67551bc-3737-11f0-85b7-581122bb7f2c\20210419T180000+1000_REC_62.wav,False,0,0,0,0,0,0,0,0,0,0,0,0,rain (light),-6.0269914,1.2787067,0.27731568,0.63379264,0.019410448,0.34348118,0.050196674,0.30274758,0.084221944,0.20304613,0.07892577,0.24081571,0.13928813
-3.731079,10.158016,8.453403,13,0,0,00:00.0,00:00.0,uploads\b67551bc-3737-11f0-85b7-581122bb7f2c\20210419T180000+1000_REC_63.wav,False,0,0,0,0,0,0,0,0,0,0,0,0,rain (light),-6.0268946,1.282112,0.32653415,0.595154,0.01630063,0.37488455,0.058717743,0.27530512,0.1123411,0.25525218,0.12448572,0.21429369,0.11395104
-3.668347,10.232893,8.728292,13,0,0,00:00.0,00:00.0,uploads\b67551bc-3737-11f0-85b7-581122bb7f2c\20210419T180000+1000_REC_64.wav,False,0,0,0,0,0,0,0,0,0,0,0,0,rain (light),-6.0348687,1.2516898,0.3436117,0.58990616,0.07327077,0.3717195,0.0634112,0.25771752,0.08111571,0.219886,0.09200583,0.20122895,0.08946946
-3.8558915,9.360216,8.707439,13,0,0,00:00.0,00:00.0,uploads\b67551bc-3737-11f0-85b7-581122bb7f2c\20210419T180000+1000_REC_65.wav,False,0,0,0,0,0,0,0,0,0,0,0,0,rain (light),-6.0583887,1.1221995,0.34817907,0.5763008,0.08484006,0.33528078,0.08901261,0.2798899,0.1367373,0.24217947,0.13405766,0.22968665,0.12820703
-3.9731898,8.246496,9.068444,13,0,0,00:00.0,00:00.0,uploads\b67551bc-3737-11f0-85b7-581122bb7f2c\20210419T180000+1000_REC_66.wav,False,0,0,0,0,0,0,0,0,0,0,0,0,rain (light),-6.0974703,0.9086001,0.3434542,0.4926222,0.14147867,0.30627352,0.18959804,0.25832605,0.17106207,0.20115705,0.16830528,0.20503597,0.17424227
-3.7262273,10.352209,8.221709,13,0,0,00:00.0,00:00.0,uploads\b67551bc-3737-11f0-85b7-581122bb7f2c\20210419T180000+1000_REC_67.wav,False,0,0,0,0,0,0,0,0,0,0,0,0,rain (light),-6.0386624,1.2003862,0.30811816,0.6519957,-0.014639002,0.32587838,0.062374286,0.30153266,0.078792624,0.26590034,0.118633844,0.2048537,0.12957053
-3.515841,10.831551,8.404751,13,0,0,00:00.0,00:00.0,uploads\b67551bc-3737-11f0-85b7-581122bb7f2c\20210419T180000+1000_REC_68.wav,True,0,0,0,0,0,0,0,0,1,0,0,0,rain (light),-6.0168114,1.1733772,0.35032076,0.8581504,-0.10461164,0.3099057,0.015857382,0.34171426,0.06343494,0.26546612,0.0736937,0.14740865,0.11669744
-3.4849374,10.916587,8.469368,13,0,0,00:00.0,00:00.0,uploads\b67551bc-3737-11f0-85b7-581122bb7f2c\20210419T180000+1000_REC_69.wav,True,0,0,0,0,0,0,0,0,1,0,0,0,rain (light),-6.0016594,1.2997518,0.34138888,0.8152997,-0.05529415,0.2949305,0.014537938,0.3284586,0.053009123,0.23586884,0.09185399,0.1688089,0.077591255
-3.5182765,10.860811,8.423296,13,0,0,00:00.0,00:00.0,uploads\b67551bc-3737-11f0-85b7-581122bb7f2c\20210419T180000+1000_REC_70.wav,False,0,0,0,0,0,0,0,0,0,0,0,0,rain (light),-6.0144033,1.2959566,0.3588567,0.7053424,-0.026253387,0.32821444,0.023266608,0.313879,0.07856039,0.22185929,0.071291246,0.14676704,0.06766334
-3.5969076,10.750542,8.629356,13,0,0,00:00.0,00:00.0,uploads\b67551bc-3737-11f0-85b7-581122bb7f2c\20210419T180000+1000_REC_71.wav,False,0,0,0,0,0,0,0,0,0,0,0,0,rain (light),-6.020422,1.2668313,0.36503923,0.70019567,-0.041378334,0.33960134,0.04137741,0.27957273,0.06110684,0.2220369,0.06383644,0.18047099,0.10136473
-3.7793472,10.204211,8.252677,13,0,0,00:00.0,00:00.0,uploads\b67551bc-3737-11f0-85b7-581122bb7f2c\20210419T180000+1000_REC_72.wav,False,0,0,0,0,0,0,0,0,0,0,0,0,rain (light),-6.044248,1.1996216,0.3145652,0.59375954,0.032994,0.3545433,0.07338506,0.30918804,0.1038828,0.21088405,0.08403463,0.201145,0.13542372
-3.8683436,9.460506,8.691209,13,0,0,00:00.0,00:00.0,uploads\b67551bc-3737-11f0-85b7-581122bb7f2c\20210419T180000+1000_REC_73.wav,False,0,0,0,0,0,0,0,0,0,0,0,0,rain (light),-6.045802,1.1709177,0.35378155,0.6026009,0.07175452,0.35282046,0.07933414,0.281244,0.1390596,0.2751856,0.1300062,0.22945146,0.14077327
-3.8433042,8.670898,8.890095,13,0,0,00:00.0,00:00.0,uploads\b67551bc-3737-11f0-85b7-581122bb7f2c\20210419T180000+1000_REC_74.wav,False,0,0,0,0,0,0,0,0,0,0,0,0,rain (light),-6.0783033,1.0113147,0.31025296,0.56885463,0.13641822,0.32475016,0.11119369,0.28787848,0.14461298,0.21917148,0.12419255,0.22431627,0.15913717
-3.7468908,9.942735,8.492968,13,0,0,00:00.0,00:00.0,uploads\b67551bc-3737-11f0-85b7-581122bb7f2c\20210419T180000+1000_REC_75.wav,False,0,0,0,0,0,0,0,0,0,0,0,0,rain (light),-6.058182,1.1279975,0.3298314,0.58043534,0.07297199,0.33288857,0.037541386,0.26574013,0.107422024,0.2523086,0.12654497,0.22460276,0.09138589
-3.692375,9.639854,8.437211,13,0,0,00:00.0,00:00.0,uploads\b67551bc-3737-11f0-85b7-581122bb7f2c\20210419T180000+1000_REC_76.wav,False,0,0,0,0,0,0,0,0,0,0,0,0,rain (light),-6.0514703,1.1616386,0.2849564,0.57398134,0.051737346,0.36592776,0.09537522,0.31288204,0.08344175,0.27367997,0.1478926,0.20308761,0.09985857
-3.7367208,9.569442,8.525656,13,0,0,00:00.0,00:00.0,uploads\b67551bc-3737-11f0-85b7-581122bb7f2c\20210419T180000+1000_REC_77.wav,False,0,0,0,0,0,0,0,0,0,0,0,0,rain (light),-6.048215,1.1623133,0.35041133,0.60218483,0.07843877,0.36254236,0.08315669,0.29815844,0.1072022,0.23826483,0.12192241,0.21690004,0.11902531
-3.846014,9.562941,8.665733,13,0,0,00:00.0,00:00.0,uploads\b67551bc-3737-11f0-85b7-581122bb7f2c\20210419T180000+1000_REC_78.wav,False,0,0,0,0,0,0,0,0,0,0,0,0,rain (light),-6.0551996,1.1513009,0.27944028,0.5715737,0.039812796,0.31594935,0.058712643,0.2871518,0.10246325,0.26323813,0.1724997,0.25327066,0.11521603
-3.7469091,9.92349,8.451395,13,0,0,00:00.0,00:00.0,uploads\b67551bc-3737-11f0-85b7-581122bb7f2c\20210419T180000+1000_REC_79.wav,False,0,0,0,0,0,0,0,0,0,0,0,0,rain (light),-6.0565143,1.1528268,0.2821953,0.5587696,0.039420154,0.31565315,0.036283184,0.313803,0.12591647,0.23971102,0.12678632,0.21894494,0.10267717
-3.8269498,8.827275,8.769869,13,0,0,00:00.0,00:00.0,uploads\b67551bc-3737-11f0-85b7-581122bb7f2c\20210419T180000+1000_REC_80.wav,False,0,0,0,0,0,0,0,0,0,0,0,0,rain (light),-6.0733566,1.0574384,0.30463967,0.5258027,0.080559745,0.3278585,0.119967274,0.32488576,0.12266004,0.24771157,0.115278296,0.21155591,0.13257746
-3.7905352,9.535481,8.593171,13,0,0,00:00.0,00:00.0,uploads\b67551bc-3737-11f0-85b7-581122bb7f2c\20210419T180000+1000_REC_81.wav,False,0,0,0,0,0,0,0,0,0,0,0,0,rain (light),-6.043287,1.1984177,0.32339683,0.5868347,0.053508565,0.3538123,0.07220438,0.29709017,0.105281316,0.25540316,0.15564637,0.23742466,0.11736698
-3.8344417,9.4905,8.707267,13,0,0,00:00.0,00:00.0,uploads\b67551bc-3737-11f0-85b7-581122bb7f2c\20210419T180000+1000_REC_82.wav,False,0,0,0,0,0,0,0,0,0,0,0,0,rain (light),-6.068311,1.0726522,0.30346307,0.5679211,0.11043024,0.34636953,0.05377009,0.2724347,0.12709887,0.25895435,0.13022436,0.21871114,0.13318068
-3.9239712,8.937916,8.805331,13,0,0,00:00.0,00:00.0,uploads\b67551bc-3737-11f0-85b7-581122bb7f2c\20210419T180000+1000_REC_83.wav,False,0,0,0,0,0,0,0,0,0,0,0,0,rain (light),-6.065325,1.0889627,0.3300508,0.5444797,0.08056842,0.3511474,0.09496339,0.29022568,0.13128896,0.24321327,0.12364308,0.25002825,0.16260335
-3.9349031,8.890655,8.798981,13,0,0,00:00.0,00:00.0,uploads\b67551bc-3737-11f0-85b7-581122bb7f2c\20210419T180000+1000_REC_84.wav,False,0,0,0,0,0,0,0,0,0,0,0,0,rain (light),-6.0689306,1.0625194,0.32877663,0.5315425,0.11007043,0.38316005,0.11337556,0.28855276,0.12823056,0.25984868,0.16264609,0.23024504,0.15323049
-3.8253891,8.886491,8.743029,13,0,0,00:00.0,00:00.0,uploads\b67551bc-3737-11f0-85b7-581122bb7f2c\20210419T180000+1000_REC_85.wav,False,0,0,0,0,0,0,0,0,0,0,0,0,rain (light),-6.065455,1.0985422,0.30065492,0.53953964,0.081514254,0.35858485,0.102854215,0.30564287,0.121177904,0.24151811,0.11961012,0.22169715,0.121540755
-3.8220637,9.011024,8.683585,13,0,0,00:00.0,00:00.0,uploads\b67551bc-3737-11f0-85b7-581122bb7f2c\20210419T180000+1000_REC_86.wav,False,0,0,0,0,0,0,0,0,0,0,0,0,rain (light),-6.057685,1.1531096,0.30184898,0.5245407,0.0736576,0.35660714,0.09959589,0.29654193,0.16294175,0.24359313,0.084674135,0.199187,0.14121747
-3.7562664,10.160042,8.297658,13,0,0,00:00.0,00:00.0,uploads\b67551bc-3737-11f0-85b7-581122bb7f2c\20210419T180000+1000_REC_87.wav,False,0,0,0,0,0,0,0,0,0,0,0,0,rain (light),-6.031708,1.244739,0.39666212,0.5980433,0.054062538,0.36453632,0.07250993,0.30240387,0.106828466,0.2110992,0.067454726,0.21221891,0.13693641
-3.7807484,10.1584835,8.34842,13,0,0,00:00.0,00:00.0,uploads\b67551bc-3737-11f0-85b7-581122bb7f2c\20210419T180000+1000_REC_88.wav,False,0,0,0,0,0,0,0,0,0,0,0,0,rain (light),-6.0372434,1.2325506,0.34251118,0.6103842,0.06444935,0.34784636,0.08696576,0.2870791,0.083423495,0.22126023,0.06810823,0.18094663,0.112813845
-3.606512,9.728682,8.330567,13,0,0,00:00.0,00:00.0,uploads\b67551bc-3737-11f0-85b7-581122bb7f2c\20210419T180000+1000_REC_89.wav,False,0,0,0,0,0,0,0,0,0,0,0,0,rain (light),-6.0430593,1.1999881,0.33061197,0.5849394,0.03797269,0.3775256,0.10539548,0.30368644,0.12858428,0.24431995,0.09612236,0.18693297,0.10880376
-3.6627698,10.260235,8.256462,13,0,0,00:00.0,00:00.0,uploads\b67551bc-3737-11f0-85b7-581122bb7f2c\20210419T180000+1000_REC_90.wav,False,0,0,0,0,0,0,0,0,0,0,0,0,rain (light),-6.043975,1.1875547,0.31468326,0.606177,0.0035014802,0.34509918,0.077427775,0.32219693,0.08297794,0.25729522,0.101722725,0.2048401,0.101144835
-3.5676632,9.828517,8.284213,13,0,0,00:00.0,00:00.0,uploads\b67551bc-3737-11f0-85b7-581122bb7f2c\20210419T180000+1000_REC_91.wav,False,0,0,0,0,0,0,0,0,0,0,0,0,rain (light),-6.0440655,1.1879504,0.29732358,0.613097,0.0735684,0.38275525,0.088546254,0.29927152,0.11584573,0.24929407,0.11170184,0.19250314,0.09392218
-3.7446053,9.759649,8.620895,13,0,0,00:00.0,00:00.0,uploads\b67551bc-3737-11f0-85b7-581122bb7f2c\20210419T180000+1000_REC_92.wav,False,0,0,0,0,0,0,0,0,0,0,0,0,rain (light),-6.0477114,1.1709563,0.3144115,0.61503077,0.07561791,0.36401096,0.079469286,0.2677978,0.07035537,0.23338841,0.117402814,0.22893968,0.13040203
-3.7309024,10.14892,8.313647,13,0,0,00:00.0,00:00.0,uploads\b67551bc-3737-11f0-85b7-581122bb7f2c\20210419T180000+1000_REC_93.wav,False,0,0,0,0,0,0,0,0,0,0,0,0,rain (light),-6.035337,1.2516679,0.33047834,0.58235455,0.0578502,0.3423314,0.06305315,0.29366565,0.110857725,0.24438752,0.103419565,0.2098108,0.113249876
-3.710104,9.425803,8.493645,13,0,0,00:00.0,00:00.0,uploads\b67551bc-3737-11f0-85b7-581122bb7f2c\20210419T180000+1000_REC_94.wav,False,0,0,0,0,0,0,0,0,0,0,0,0,rain (light),-6.0485983,1.1343668,0.30367982,0.65208465,0.08798004,0.3866323,0.091848,0.28738663,0.11166836,0.27348197,0.12573382,0.21638538,0.13809125
-3.7073529,9.559848,8.50367,13,0,0,00:00.0,00:00.0,uploads\b67551bc-3737-11f0-85b7-581122bb7f2c\20210419T180000+1000_REC_95.wav,False,0,0,0,0,0,0,0,0,0,0,0,0,rain (light),-6.046939,1.1725316,0.34895384,0.59297,0.09572465,0.39105746,0.09236779,0.2827744,0.09262096,0.2132633,0.11215535,0.21945477,0.12936693
-3.8630726,9.683481,8.661436,13,0,0,00:00.0,00:00.0,uploads\b67551bc-3737-11f0-85b7-581122bb7f2c\20210419T180000+1000_REC_96.wav,False,0,0,0,0,0,0,0,0,0,0,0,0,rain (light),-6.0402064,1.2050139,0.32803062,0.61013365,0.02249525,0.3641298,0.046238035,0.27916875,0.07709947,0.24813509,0.13304153,0.22876327,0.13667358
-3.6052926,10.147285,8.272477,13,0,0,00:00.0,00:00.0,uploads\b67551bc-3737-11f0-85b7-581122bb7f2c\20210419T180000+1000_REC_97.wav,False,0,0,0,0,0,0,0,0,0,0,0,0,rain (light),-6.0439796,1.2069052,0.29180208,0.58137,0.023444258,0.3532445,0.086742416,0.3172597,0.11123725,0.24725404,0.097369894,0.18460634,0.07474437
-3.8142467,10.267425,8.208956,13,0,0,00:00.0,00:00.0,uploads\b67551bc-3737-11f0-85b7-581122bb7f2c\20210419T180000+1000_REC_98.wav,False,0,0,0,0,0,0,0,0,0,0,0,0,rain (light),-6.0405703,1.2119863,0.25940254,0.62114686,-0.0016413576,0.35528174,0.07346766,0.2981387,0.097504765,0.21900238,0.06819205,0.22244978,0.15764326
-3.7450743,10.154281,8.301071,13,0,0,00:00.0,00:00.0,uploads\b67551bc-3737-11f0-85b7-581122bb7f2c\20210419T180000+1000_REC_99.wav,False,0,0,0,0,0,0,0,0,0,0,0,0,rain (light),-6.042969,1.1811304,0.28854075,0.6356651,0.061029837,0.38522437,0.060024265,0.31763208,0.08975039,0.21522869,0.08460704,0.21832494,0.13175055
-3.7413921,10.000251,8.785007,13,0,0,00:00.0,00:00.0,uploads\b67551bc-3737-11f0-85b7-581122bb7f2c\20210419T180000+1000_REC_100.wav,False,0,0,0,0,0,0,0,0,0,0,0,0,rain (light),-6.0506988,1.161632,0.31076735,0.6181694,0.04070867,0.33095944,0.05063318,0.2586219,0.07796016,0.23116231,0.101210654,0.22327682,0.13377954
-3.6495554,10.635715,8.796973,13,0,0,00:00.0,00:00.0,uploads\b67551bc-3737-11f0-85b7-581122bb7f2c\20210419T180000+1000_REC_101.wav,False,0,0,0,0,0,0,0,0,0,0,0,0,rain (light),-6.027659,1.2604855,0.34228888,0.6540627,0.024732744,0.35436094,0.031571303,0.2694689,0.063962705,0.22118388,0.06793694,0.18568113,0.10688491
-3.7827363,10.205781,8.241926,13,0,0,00:00.0,00:00.0,uploads\b67551bc-3737-11f0-85b7-581122bb7f2c\20210419T180000+1000_REC_102.wav,False,0,0,0,0,0,0,0,0,0,0,0,0,rain (light),-6.0469537,1.1964723,0.28126556,0.57331926,0.04805208,0.37461135,0.07355365,0.3079336,0.07720927,0.19428137,0.072508045,0.20140389,0.15234077
-3.784721,9.7757,8.763986,13,0,0,00:00.0,00:00.0,uploads\b67551bc-3737-11f0-85b7-581122bb7f2c\20210419T180000+1000_REC_103.wav,False,0,0,0,0,0,0,0,0,0,0,0,0,rain (light),-6.06818,1.0871674,0.2935373,0.5558745,0.08747112,0.36217093,0.051877428,0.24241124,0.10834828,0.21683295,0.09058509,0.23096438,0.13515419
-3.8510542,9.583704,8.675958,13,0,0,00:00.0,00:00.0,uploads\b67551bc-3737-11f0-85b7-581122bb7f2c\20210419T180000+1000_REC_104.wav,False,0,0,0,0,0,0,0,0,0,0,0,0,rain (light),-6.0600977,1.1574031,0.27930194,0.5059504,0.024587117,0.3255816,0.04235335,0.27425385,0.11127492,0.24417678,0.12096346,0.21931867,0.14713457
-3.6571221,10.580635,8.813895,13,0,0,00:00.0,00:00.0,uploads\b67551bc-3737-11f0-85b7-581122bb7f2c\20210419T180000+1000_REC_105.wav,False,0,0,0,0,0,0,0,0,0,0,0,0,rain (light),-6.034269,1.2783791,0.3190383,0.53581774,0.024167538,0.3537423,0.029245194,0.27730414,0.08072531,0.20237836,0.0463724,0.21394974,0.12666868
-3.7322462,10.040683,8.789141,13,0,0,00:00.0,00:00.0,uploads\b67551bc-3737-11f0-85b7-581122bb7f2c\20210419T180000+1000_REC_106.wav,False,0,0,0,0,0,0,0,0,0,0,0,0,rain (light),-6.0508733,1.1747594,0.29717198,0.5765697,0.06945985,0.37085822,0.041435312,0.27168018,0.07607684,0.22184116,0.0974895,0.20958284,0.12383836
-3.7196493,10.068326,8.791761,13,0,0,00:00.0,00:00.0,uploads\b67551bc-3737-11f0-85b7-581122bb7f2c\20210419T180000+1000_REC_107.wav,False,0,0,0,0,0,0,0,0,0,0,0,0,rain (light),-6.0513735,1.1702442,0.30903745,0.58593833,0.041977175,0.3503134,0.05735748,0.251309,0.055715837,0.23358849,0.09274536,0.21900009,0.118607335
-3.7124577,10.130416,8.758137,13,0,0,00:00.0,00:00.0,uploads\b67551bc-3737-11f0-85b7-581122bb7f2c\20210419T180000+1000_REC_108.wav,False,0,0,0,0,0,0,0,0,0,0,0,0,rain (light),-6.0390596,1.2247812,0.26856932,0.61605203,0.056413088,0.3790007,0.063501,0.2796246,0.070640124,0.20760208,0.05938883,0.2172961,0.1122886
-3.7741284,10.313038,8.224935,13,0,0,00:00.0,00:00.0,uploads\b67551bc-3737-11f0-85b7-581122bb7f2c\20210419T180000+1000_REC_109.wav,False,0,0,0,0,0,0,0,0,0,0,0,0,rain (light),-6.0348577,1.2328519,0.24793594,0.6637102,0.015956841,0.3319717,0.07607225,0.30535045,0.084634855,0.23121722,0.08886343,0.18552594,0.12933981
-3.632231,10.566239,8.534676,13,0,0,00:00.0,00:00.0,uploads\b67551bc-3737-11f0-85b7-581122bb7f2c\20210419T180000+1000_REC_110.wav,False,0,0,0,0,0,0,0,0,0,0,0,0,rain (light),-6.031306,1.239465,0.3231553,0.66607606,0.055376064,0.35471967,0.04581272,0.30821055,0.083380744,0.21081309,0.07514847,0.1278578,0.078570426
-3.5244148,10.823006,8.416202,13,0,0,00:00.0,00:00.0,uploads\b67551bc-3737-11f0-85b7-581122bb7f2c\20210419T180000+1000_REC_111.wav,False,0,0,0,0,0,0,0,0,0,0,0,0,rain (light),-6.015752,1.2778019,0.28355297,0.7615855,0.0036043138,0.3030263,0.04751441,0.33637863,0.071920544,0.21664222,0.07044207,0.14680612,0.069440894
-3.565068,10.630338,8.348952,13,0,0,00:00.0,00:00.0,uploads\b67551bc-3737-11f0-85b7-581122bb7f2c\20210419T180000+1000_REC_112.wav,False,0,0,0,0,0,0,0,0,0,0,0,0,rain (light),-6.0207114,1.2814641,0.30010486,0.665668,0.0020452295,0.36285624,0.14049675,0.33611247,0.097986296,0.24630071,0.08182974,0.18758309,0.08708981
-3.6131082,10.411993,8.395847,13,0,0,00:00.0,00:00.0,uploads\b67551bc-3737-11f0-85b7-581122bb7f2c\20210419T180000+1000_REC_113.wav,False,0,0,0,0,0,0,0,0,0,0,0,0,rain (light),-6.0253525,1.2530802,0.2882586,0.67631894,-0.045687083,0.378993,0.07807951,0.30139577,0.067758396,0.24063312,0.08003762,0.19854814,0.10998018
-3.6282883,9.739204,8.360684,13,0,0,00:00.0,00:00.0,uploads\b67551bc-3737-11f0-85b7-581122bb7f2c\20210419T180000+1000_REC_114.wav,True,0,0,0,0,0,0,0,0,1,0,0,0,rain (light),-6.056186,1.1231295,0.27900293,0.60325277,0.04101622,0.38241687,0.09136837,0.3065322,0.09951844,0.24792846,0.100053474,0.20363702,0.09752155
-3.781067,9.068384,8.603981,13,0,0,00:00.0,00:00.0,uploads\b67551bc-3737-11f0-85b7-581122bb7f2c\20210419T180000+1000_REC_115.wav,False,0,0,0,0,0,0,0,0,0,0,0,0,rain (light),-6.0598016,1.1075721,0.29292688,0.57675326,0.070723444,0.38141674,0.06273018,0.31159082,0.1299329,0.2592733,0.10632718,0.2056707,0.14351064
-3.7270641,9.078104,8.544302,13,0,0,00:00.0,00:00.0,uploads\b67551bc-3737-11f0-85b7-581122bb7f2c\20210419T180000+1000_REC_116.wav,True,0,0,0,0,0,0,0,0,1,0,0,0,rain (light),-6.0648866,1.0700016,0.26381806,0.58997864,0.08483431,0.39543274,0.0849048,0.32622918,0.12612537,0.23937069,0.10352741,0.22200318,0.13357699
-3.5688767,9.930267,8.273668,13,0,0,00:00.0,00:00.0,uploads\b67551bc-3737-11f0-85b7-581122bb7f2c\20210419T180000+1000_REC_117.wav,False,0,0,0,0,0,0,0,0,0,0,0,0,rain (light),-6.048133,1.1811206,0.30888245,0.5682363,0.08678365,0.38027394,0.082857974,0.31866515,0.120740645,0.24726334,0.08847585,0.18753134,0.08731601
-3.6012914,10.241817,8.293172,13,0,0,00:00.0,00:00.0,uploads\b67551bc-3737-11f0-85b7-581122bb7f2c\20210419T180000+1000_REC_119.wav,False,0,0,0,0,0,0,0,0,0,0,0,0,rain (light),-6.040166,1.1949415,0.28641754,0.64058805,-0.0020493139,0.36950266,0.063644454,0.31101048,0.082630105,0.26003608,0.08493414,0.18073356,0.104755044
-3.5909865,9.906059,8.285909,13,0,0,00:00.0,00:00.0,uploads\b67551bc-3737-11f0-85b7-581122bb7f2c\20210419T180000+1000_REC_120.wav,True,0,0,0,0,0,0,0,0,1,0,0,0,rain (light),-6.050094,1.1681502,0.28939843,0.5760197,0.02858556,0.37351623,0.070099026,0.31101757,0.122030236,0.25672963,0.104879744,0.20675853,0.101884946
-3.6967154,9.444075,8.481008,13,0,0,00:00.0,00:00.0,uploads\b67551bc-3737-11f0-85b7-581122bb7f2c\20210419T180000+1000_REC_121.wav,False,0,0,0,0,0,0,0,0,0,0,0,0,rain (light),-6.048478,1.1425228,0.31884667,0.640342,0.07657105,0.38757932,0.10226159,0.28843138,0.13270079,0.24224792,0.108102374,0.2204482,0.12117919
-3.9517572,8.618987,8.848861,13,0,0,00:00.0,00:00.0,uploads\b67551bc-3737-11f0-85b7-581122bb7f2c\20210419T180000+1000_REC_122.wav,True,0,0,0,0,0,0,0,0,1,0,0,0,rain (light),-6.0721602,1.0344211,0.30952394,0.53622276,0.06944785,0.37526703,0.14392439,0.33954543,0.15565704,0.28861645,0.1038827,0.20248227,0.073285565
-3.8503664,8.801293,8.757052,13,0,0,00:00.0,00:00.0,uploads\b67551bc-3737-11f0-85b7-581122bb7f2c\20210419T180000+1000_REC_123.wav,False,0,0,0,0,0,0,0,0,0,0,0,0,rain (light),-6.054718,1.1226864,0.3470191,0.5627932,0.09375346,0.38124052,0.112665094,0.33535674,0.15934995,0.2606981,0.13503182,0.22768053,0.120666005
-3.7300549,9.245128,8.539528,13,0,0,00:00.0,00:00.0,uploads\b67551bc-3737-11f0-85b7-581122bb7f2c\20210419T180000+1000_REC_124.wav,False,0,0,0,0,0,0,0,0,0,0,0,0,rain (light),-6.045429,1.208669,0.28478536,0.54432875,0.061216876,0.3589065,0.12709457,0.31478113,0.09736907,0.22072892,0.117732085,0.2631055,0.14866728
-3.6986132,9.120953,8.508426,13,0,0,00:00.0,00:00.0,uploads\b67551bc-3737-11f0-85b7-581122bb7f2c\20210419T180000+1000_REC_125.wav,False,0,0,0,0,0,0,0,0,0,0,0,0,rain (light),-6.0735483,1.0276468,0.26831093,0.5502394,0.11345014,0.41706088,0.08833963,0.28856874,0.13721938,0.26091346,0.14535691,0.23629907,0.11210963
-3.7893496,9.073708,8.622053,13,0,0,00:00.0,00:00.0,uploads\b67551bc-3737-11f0-85b7-581122bb7f2c\20210419T180000+1000_REC_126.wav,False,0,0,0,0,0,0,0,0,0,0,0,0,rain (light),-6.0600166,1.1197976,0.27274463,0.5732539,0.10359422,0.35909942,0.07716132,0.29748428,0.13998093,0.2581928,0.11714132,0.21744591,0.13305862
-3.8020835,8.883862,8.694498,13,0,0,00:00.0,00:00.0,uploads\b67551bc-3737-11f0-85b7-581122bb7f2c\20210419T180000+1000_REC_127.wav,False,0,0,0,0,0,0,0,0,0,0,0,0,rain (light),-6.060442,1.0900496,0.3205764,0.57762396,0.09704051,0.3753214,0.09641922,0.33276373,0.15114461,0.26351303,0.14258167,0.22630796,0.12164242
-3.767034,9.052582,8.589754,13,0,0,00:00.0,00:00.0,uploads\b67551bc-3737-11f0-85b7-581122bb7f2c\20210419T180000+1000_REC_128.wav,False,0,0,0,0,0,0,0,0,0,0,0,0,rain (light),-6.0615,1.1133277,0.25162238,0.54501545,0.06260827,0.37695426,0.06499657,0.31820494,0.12856005,0.27950278,0.12325032,0.2233176,0.13532643
-3.790739,8.939416,8.662713,13,0,0,00:00.0,00:00.0,uploads\b67551bc-3737-11f0-85b7-581122bb7f2c\20210419T180000+1000_REC_129.wav,False,0,0,0,0,0,0,0,0,0,0,0,0,rain (light),-6.063313,1.1038942,0.2848078,0.53241444,0.062248167,0.35384333,0.083672844,0.32680744,0.13847639,0.26203066,0.1458259,0.25576156,0.13179947
-3.7444541,9.122505,8.561145,13,0,0,00:00.0,00:00.0,uploads\b67551bc-3737-11f0-85b7-581122bb7f2c\20210419T180000+1000_REC_130.wav,False,0,0,0,0,0,0,0,0,0,0,0,0,rain (light),-6.0617466,1.1038196,0.295523,0.5626156,0.053033296,0.3755051,0.08944982,0.30484152,0.12004877,0.23859957,0.09871443,0.24389105,0.13737015
-3.9034767,9.046547,8.72673,13,0,0,00:00.0,00:00.0,uploads\b67551bc-3737-11f0-85b7-581122bb7f2c\20210419T180000+1000_REC_131.wav,False,0,0,0,0,0,0,0,0,0,0,0,0,rain (light),-6.073187,1.0173129,0.26816982,0.5820618,0.08227501,0.40052405,0.08978171,0.27381232,0.12811124,0.2722514,0.13548036,0.24891013,0.15803261
-3.7124693,9.11262,8.519944,13,0,0,00:00.0,00:00.0,uploads\b67551bc-3737-11f0-85b7-581122bb7f2c\20210419T180000+1000_REC_132.wav,False,0,0,0,0,0,0,0,0,0,0,0,0,rain (light),-6.0722437,1.0465969,0.23020528,0.55368793,0.065561,0.38660273,0.08027758,0.2875945,0.08323089,0.27287608,0.14767148,0.24869955,0.12880234
-3.7724633,9.078046,8.585684,13,0,0,00:00.0,00:00.0,uploads\b67551bc-3737-11f0-85b7-581122bb7f2c\20210419T180000+1000_REC_133.wav,False,0,0,0,0,0,0,0,0,0,0,0,0,rain (light),-6.0659943,1.073563,0.25250068,0.56837326,0.096522816,0.3817571,0.051306125,0.3031742,0.12411607,0.26100358,0.1514528,0.25495055,0.14651631
-3.7708511,9.168965,8.589016,13,0,0,00:00.0,00:00.0,uploads\b67551bc-3737-11f0-85b7-581122bb7f2c\20210419T180000+1000_REC_134.wav,False,0,0,0,0,0,0,0,0,0,0,0,0,rain (light),-6.0765667,1.0453628,0.24300797,0.51712644,0.07627825,0.37319717,0.06876837,0.2805818,0.124373615,0.24408229,0.119266875,0.24013352,0.13992545
-3.9282806,9.092798,8.7580595,13,0,0,00:00.0,00:00.0,uploads\b67551bc-3737-11f0-85b7-581122bb7f2c\20210419T180000+1000_REC_135.wav,False,0,0,0,0,0,0,0,0,0,0,0,0,rain (light),-6.069733,1.0639719,0.26292026,0.5453109,0.061263468,0.37095398,0.07067272,0.29416522,0.117478915,0.25398293,0.119271524,0.2613302,0.17519337
-3.7645195,9.065584,8.588478,13,0,0,00:00.0,00:00.0,uploads\b67551bc-3737-11f0-85b7-581122bb7f2c\20210419T180000+1000_REC_136.wav,False,0,0,0,0,0,0,0,0,0,0,0,0,rain (light),-6.0660663,1.0819631,0.29471385,0.5566141,0.09095569,0.37702227,0.07988595,0.31731117,0.13412778,0.2563665,0.101704575,0.1846002,0.1293486
-3.7064795,9.635623,8.458677,13,0,0,00:00.0,00:00.0,uploads\b67551bc-3737-11f0-85b7-581122bb7f2c\20210419T180000+1000_REC_137.wav,False,0,0,0,0,0,0,0,0,0,0,0,0,rain (light),-6.0579,1.1266166,0.30243662,0.5788514,0.057823718,0.3475692,0.08255446,0.31973773,0.10115445,0.22917658,0.12674049,0.22667645,0.10059649
-3.7259686,9.1013155,8.537006,13,0,0,00:00.0,00:00.0,uploads\b67551bc-3737-11f0-85b7-581122bb7f2c\20210419T180000+1000_REC_138.wav,False,0,0,0,0,0,0,0,0,0,0,0,0,rain (light),-6.064842,1.0854727,0.2842534,0.5521972,0.10240196,0.40751353,0.094082296,0.3043344,0.1210472,0.25030234,0.11246364,0.2161794,0.12411269
-3.5425117,9.8919,8.257632,13,0,0,00:00.0,00:00.0,uploads\b67551bc-3737-11f0-85b7-581122bb7f2c\20210419T180000+1000_REC_139.wav,False,0,0,0,0,0,0,0,0,0,0,0,0,rain (light),-6.0401587,1.2135031,0.30134535,0.5836711,0.05683487,0.40970328,0.07056112,0.30561006,0.12736386,0.23933421,0.10192075,0.20062312,0.08397485
-3.6841018,9.5930605,8.445821,13,0,0,00:00.0,00:00.0,uploads\b67551bc-3737-11f0-85b7-581122bb7f2c\20210419T180000+1000_REC_140.wav,False,0,0,0,0,0,0,0,0,0,0,0,0,rain (light),-6.0474586,1.1647551,0.32570517,0.59449863,0.05090091,0.40088138,0.09138412,0.3098005,0.094436765,0.2353702,0.09665281,0.20569672,0.12330156
-3.9087672,9.233232,8.705644,13,0,0,00:00.0,00:00.0,uploads\b67551bc-3737-11f0-85b7-581122bb7f2c\20210419T180000+1000_REC_141.wav,True,0,0,0,0,0,0,0,0,1,0,0,0,rain (light),-6.054971,1.1288812,0.29958463,0.58052605,0.08469007,0.38965547,0.06839075,0.32203066,0.10203401,0.21885233,0.119841084,0.24316743,0.16715929
-3.7404454,9.101055,8.553037,13,0,0,00:00.0,00:00.0,uploads\b67551bc-3737-11f0-85b7-581122bb7f2c\20210419T180000+1000_REC_142.wav,False,0,0,0,0,0,0,0,0,0,0,0,0,rain (light),-6.0611315,1.1082215,0.28656158,0.56129444,0.06857501,0.38293472,0.07008904,0.29600814,0.12219206,0.24958009,0.123747684,0.2437747,0.12386486
-3.8673594,9.571512,8.665233,13,0,0,00:00.0,00:00.0,uploads\b67551bc-3737-11f0-85b7-581122bb7f2c\20210419T180000+1000_REC_143.wav,False,0,0,0,0,0,0,0,0,0,0,0,0,rain (light),-6.053777,1.1655884,0.26085985,0.5629726,0.037210673,0.3453992,0.05030185,0.29503304,0.092239656,0.22625637,0.125597,0.24395949,0.1522349
-3.9142756,9.190818,8.719813,13,0,0,00:00.0,00:00.0,uploads\b67551bc-3737-11f0-85b7-581122bb7f2c\20210419T180000+1000_REC_144.wav,False,0,0,0,0,0,0,0,0,0,0,0,0,rain (light),-6.059921,1.106426,0.3061426,0.5673753,0.102156065,0.3911341,0.06310626,0.28654182,0.09758385,0.23878899,0.12161498,0.25345817,0.17007303
-3.6724555,9.145834,8.470557,13,0,0,00:00.0,00:00.0,uploads\b67551bc-3737-11f0-85b7-581122bb7f2c\20210419T180000+1000_REC_145.wav,False,0,0,0,0,0,0,0,0,0,0,0,0,rain (light),-6.0593863,1.1094303,0.320605,0.5663522,0.10035769,0.3983468,0.08312294,0.29138836,0.113335,0.26171598,0.13867328,0.20495024,0.09730327
-3.666879,10.243218,8.710011,13,0,0,00:00.0,00:00.0,uploads\b67551bc-3737-11f0-85b7-581122bb7f2c\20210419T180000+1000_REC_146.wav,False,0,0,0,0,0,0,0,0,0,0,0,0,rain (light),-6.0425673,1.1914235,0.35729417,0.62036914,0.0986134,0.367281,0.026874697,0.25756934,0.07259701,0.24292427,0.09624904,0.18131435,0.09836241
-3.6289287,10.74239,8.814247,13,0,0,00:00.0,00:00.0,uploads\b67551bc-3737-11f0-85b7-581122bb7f2c\20210419T180000+1000_REC_147.wav,False,0,0,0,0,0,0,0,0,0,0,0,0,rain (light),-6.015516,1.318787,0.41571152,0.6386995,0.04361582,0.35871008,0.011501157,0.24123642,0.080847554,0.17149037,0.03187631,0.16506904,0.052735195
-3.5397856,10.932117,8.691066,13,0,0,00:00.0,00:00.0,uploads\b67551bc-3737-11f0-85b7-581122bb7f2c\20210419T180000+1000_REC_148.wav,False,0,0,0,0,0,0,0,0,0,0,0,0,rain (light),-6.009779,1.3632036,0.38116068,0.6170464,0.06916137,0.33330515,0.021673316,0.28173095,0.058763295,0.18692824,0.051029176,0.19862121,0.082327984
-3.740652,10.003871,8.787723,13,0,0,00:00.0,00:00.0,uploads\b67551bc-3737-11f0-85b7-581122bb7f2c\20210419T180000+1000_REC_149.wav,False,0,0,0,0,0,0,0,0,0,0,0,0,rain (light),-6.0470276,1.2056859,0.32340237,0.5571937,0.056447867,0.35336855,0.027492836,0.24945511,0.072896995,0.20894937,0.10107444,0.22435457,0.1245595
-3.7609565,9.916008,8.758257,13,0,0,00:00.0,00:00.0,uploads\b67551bc-3737-11f0-85b7-581122bb7f2c\20210419T180000+1000_REC_150.wav,False,0,0,0,0,0,0,0,0,0,0,0,0,rain (light),-6.0507617,1.1563069,0.32703122,0.5995206,0.12566292,0.3873083,0.038198043,0.23072296,0.08486592,0.21535009,0.092211425,0.23791938,0.15408745
-3.7624087,9.963123,8.654823,13,0,0,00:00.0,00:00.0,uploads\b67551bc-3737-11f0-85b7-581122bb7f2c\20210419T180000+1000_REC_151.wav,False,0,0,0,0,0,0,0,0,0,0,0,0,rain (light),-6.039899,1.2024055,0.33960524,0.6076297,0.11115974,0.40053365,0.05023398,0.2763064,0.07987292,0.22038446,0.10485827,0.23252039,0.12895371
-3.8549654,9.499339,8.73659,13,0,0,00:00.0,00:00.0,uploads\b67551bc-3737-11f0-85b7-581122bb7f2c\20210419T180000+1000_REC_152.wav,False,0,0,0,0,0,0,0,0,0,0,0,0,rain (light),-6.0844855,1.0135579,0.28351405,0.49427465,0.093027756,0.33004028,0.044546213,0.24144521,0.10837425,0.25111085,0.1515415,0.22325988,0.13022727
-3.8607323,9.609771,8.63468,13,0,0,00:00.0,00:00.0,uploads\b67551bc-3737-11f0-85b7-581122bb7f2c\20210419T180000+1000_REC_153.wav,False,0,0,0,0,0,0,0,0,0,0,0,0,rain (light),-6.044515,1.1965866,0.33108884,0.5776033,0.059523165,0.35724193,0.06522945,0.2903068,0.11190559,0.24082854,0.113057256,0.24034505,0.14863946
-3.7973316,9.906433,8.441594,13,0,0,00:00.0,00:00.0,uploads\b67551bc-3737-11f0-85b7-581122bb7f2c\20210419T180000+1000_REC_154.wav,False,0,0,0,0,0,0,0,0,0,0,0,0,rain (light),-6.0449677,1.1879883,0.339741,0.594836,0.073680654,0.34185696,0.057910483,0.30430192,0.10833035,0.22776264,0.09458359,0.24429668,0.12656087
-3.7560325,10.207038,8.255169,13,0,0,00:00.0,00:00.0,uploads\b67551bc-3737-11f0-85b7-581122bb7f2c\20210419T180000+1000_REC_156.wav,False,0,0,0,0,0,0,0,0,0,0,0,0,rain (light),-6.043422,1.1933287,0.30010393,0.61499804,0.046850875,0.35089698,0.07978916,0.3208749,0.073489,0.23497666,0.097592264,0.20555858,0.12926827
-3.576155,10.502591,8.380178,13,0,0,00:00.0,00:00.0,uploads\b67551bc-3737-11f0-85b7-581122bb7f2c\20210419T180000+1000_REC_157.wav,False,0,0,0,0,0,0,0,0,0,0,0,0,rain (light),-6.0377355,1.2027582,0.30360895,0.6613206,0.04710126,0.35906455,0.09049962,0.31943431,0.10247883,0.24110359,0.07401968,0.1458999,0.0397459
-3.4339392,11.14328,8.602952,13,0,0,00:00.0,00:00.0,uploads\b67551bc-3737-11f0-85b7-581122bb7f2c\20210419T180000+1000_REC_158.wav,True,0,0,0,0,0,0,0,0,1,0,0,0,rain (light),-6.0073466,1.3206443,0.28954563,0.7720635,-0.033661168,0.2745321,0.02223621,0.29653558,0.023920607,0.17924863,0.054727964,0.16455992,0.06591992
-3.524228,10.833225,8.411649,13,0,0,00:00.0,00:00.0,uploads\b67551bc-3737-11f0-85b7-581122bb7f2c\20210419T180000+1000_REC_159.wav,False,0,0,0,0,0,0,0,0,0,0,0,0,rain (light),-6.011011,1.2789835,0.34420702,0.7676993,0.004906375,0.3409468,0.034768615,0.31194192,0.104520515,0.25500137,0.0947059,0.16295572,0.0840697
-3.6218941,10.47031,8.266315,13,0,0,00:00.0,00:00.0,uploads\b67551bc-3737-11f0-85b7-581122bb7f2c\20210419T180000+1000_REC_160.wav,False,0,0,0,0,0,0,0,0,0,0,0,0,rain (light),-6.0219326,1.2296747,0.30560935,0.73633975,0.004190973,0.3647847,0.077503085,0.35611084,0.0969324,0.2672697,0.11080138,0.19028208,0.101838864
-3.6148756,10.358001,8.227476,13,0,0,00:00.0,00:00.0,uploads\b67551bc-3737-11f0-85b7-581122bb7f2c\20210419T180000+1000_REC_161.wav,False,0,0,0,0,0,0,0,0,0,0,0,0,rain (light),-6.040589,1.1547738,0.27935112,0.6971605,-0.0010582039,0.3851205,0.09853441,0.34890032,0.08868682,0.23544511,0.086305045,0.1874794,0.10164352
-3.7832952,9.031614,8.617765,13,0,0,00:00.0,00:00.0,uploads\b67551bc-3737-11f0-85b7-581122bb7f2c\20210419T180000+1000_REC_162.wav,False,0,0,0,0,0,0,0,0,0,0,0,0,rain (light),-6.063169,1.0833254,0.28848132,0.6037324,0.08348686,0.3704953,0.08772804,0.30368912,0.12501962,0.2385315,0.12285253,0.2090248,0.1232805
-3.8450747,9.128614,8.654999,13,0,0,00:00.0,00:00.0,uploads\b67551bc-3737-11f0-85b7-581122bb7f2c\20210419T180000+1000_REC_163.wav,False,0,0,0,0,0,0,0,0,0,0,0,0,rain (light),-6.058587,1.094053,0.32450533,0.58700687,0.08698665,0.40018192,0.07898549,0.3008802,0.13655435,0.25025827,0.14787106,0.24654843,0.15027677
-3.9112217,8.70099,8.864358,13,0,0,00:00.0,00:00.0,uploads\b67551bc-3737-11f0-85b7-581122bb7f2c\20210419T180000+1000_REC_164.wav,False,0,0,0,0,0,0,0,0,0,0,0,0,rain (light),-6.0695305,1.0404571,0.2891261,0.58896685,0.1190529,0.35444042,0.10543573,0.32308435,0.14667924,0.25130805,0.13606219,0.24043751,0.15825321
-3.9505944,9.076525,8.779784,13,0,0,00:00.0,00:00.0,uploads\b67551bc-3737-11f0-85b7-581122bb7f2c\20210419T180000+1000_REC_165.wav,False,0,0,0,0,0,0,0,0,0,0,0,0,rain (light),-6.071642,1.0466584,0.26362243,0.5717343,0.11440628,0.3791563,0.10391641,0.28354707,0.098658845,0.22782512,0.116743594,0.24213041,0.17537718
-3.8965933,9.329405,8.69118,13,0,0,00:00.0,00:00.0,uploads\b67551bc-3737-11f0-85b7-581122bb7f2c\20210419T180000+1000_REC_166.wav,False,0,0,0,0,0,0,0,0,0,0,0,0,rain (light),-6.0517697,1.1545402,0.26341155,0.59216934,0.07797953,0.36116883,0.06403522,0.31759483,0.09896541,0.24548152,0.11432428,0.24076658,0.1616697
-3.730556,9.1099415,8.545845,13,0,0,00:00.0,00:00.0,uploads\b67551bc-3737-11f0-85b7-581122bb7f2c\20210419T180000+1000_REC_167.wav,True,0,0,0,0,0,0,0,0,1,0,0,0,rain (light),-6.05957,1.1131554,0.2694302,0.55849606,0.058026772,0.3905259,0.11480655,0.3085346,0.110998005,0.2724391,0.14048645,0.23957542,0.13092388
-3.7305632,9.111379,8.540698,13,0,0,00:00.0,00:00.0,uploads\b67551bc-3737-11f0-85b7-581122bb7f2c\20210419T180000+1000_REC_168.wav,False,0,0,0,0,0,0,0,0,0,0,0,0,rain (light),-6.063145,1.0945163,0.25834444,0.57406956,0.08153747,0.380224,0.08084527,0.29095784,0.11524116,0.25769114,0.13175929,0.25174078,0.123574734
-3.684046,9.158133,8.487327,13,0,0,00:00.0,00:00.0,uploads\b67551bc-3737-11f0-85b7-581122bb7f2c\20210419T180000+1000_REC_170.wav,False,0,0,0,0,0,0,0,0,0,0,0,0,rain (light),-6.054934,1.1345286,0.30516684,0.5656224,0.040866602,0.3854016,0.076613516,0.3037014,0.117404304,0.26221296,0.13994029,0.24068417,0.11837811
-3.538405,9.905361,8.269236,13,0,0,00:00.0,00:00.0,uploads\b67551bc-3737-11f0-85b7-581122bb7f2c\20210419T180000+1000_REC_171.wav,False,0,0,0,0,0,0,0,0,0,0,0,0,rain (light),-6.042614,1.2014446,0.29788983,0.59646297,0.07190471,0.39827755,0.06754461,0.2678927,0.11161634,0.26363,0.100378886,0.20582904,0.094228655
-3.9161916,9.6572,8.585722,13,0,0,00:00.0,00:00.0,uploads\b67551bc-3737-11f0-85b7-581122bb7f2c\20210419T180000+1000_REC_172.wav,False,0,0,0,0,0,0,0,0,0,0,0,0,rain (light),-6.036046,1.2019459,0.36992198,0.63254,0.089183874,0.36106205,0.05606224,0.3195318,0.10464743,0.23511748,0.122481436,0.2472205,0.14049415
-3.853532,9.597619,8.661468,13,0,0,00:00.0,00:00.0,uploads\b67551bc-3737-11f0-85b7-581122bb7f2c\20210419T180000+1000_REC_173.wav,False,0,0,0,0,0,0,0,0,0,0,0,0,rain (light),-6.0508823,1.1570961,0.35423538,0.5769404,0.049982734,0.34803504,0.058298495,0.2603374,0.0965227,0.27575684,0.15238276,0.23561333,0.13310948
-3.7649257,9.90373,8.636149,13,0,0,00:00.0,00:00.0,uploads\b67551bc-3737-11f0-85b7-581122bb7f2c\20210419T180000+1000_REC_174.wav,False,0,0,0,0,0,0,0,0,0,0,0,0,rain (light),-6.0345926,1.2191359,0.37379792,0.60669255,0.096934326,0.39957747,0.06535833,0.2853753,0.11608984,0.2504811,0.1047572,0.22402659,0.13568161
-3.7421992,9.589435,8.536555,13,0,0,00:00.0,00:00.0,uploads\b67551bc-3737-11f0-85b7-581122bb7f2c\20210419T180000+1000_REC_175.wav,False,0,0,0,0,0,0,0,0,0,0,0,0,rain (light),-6.049528,1.1522871,0.34264687,0.604202,0.0776276,0.36524972,0.083954774,0.299012,0.09203993,0.24154659,0.11310757,0.23289499,0.12992673
-3.5342138,10.933484,8.5336485,13,0,0,00:00.0,00:00.0,uploads\b67551bc-3737-11f0-85b7-581122bb7f2c\20210419T180000+1000_REC_176.wav,False,0,0,0,0,0,0,0,0,0,0,0,0,rain (light),-5.993994,1.3986884,0.357164,0.69477564,0.053965215,0.3404097,0.042973377,0.310215,0.070058264,0.2363129,0.08388567,0.2008234,0.06688793
-3.5851915,9.928232,8.281877,13,0,0,00:00.0,00:00.0,uploads\b67551bc-3737-11f0-85b7-581122bb7f2c\20210419T180000+1000_REC_177.wav,False,0,0,0,0,0,0,0,0,0,0,0,0,rain (light),-6.045689,1.1711749,0.31148425,0.63191855,0.084326744,0.34583998,0.08077643,0.32617882,0.1386507,0.24401219,0.1119687,0.1856608,0.10690796
-3.5197499,10.836426,8.419933,13,0,0,00:00.0,00:00.0,uploads\b67551bc-3737-11f0-85b7-581122bb7f2c\20210419T180000+1000_REC_178.wav,False,0,0,0,0,0,0,0,0,0,0,0,0,rain (light),-6.0073843,1.2970843,0.3391735,0.74889183,-0.057396002,0.30242997,0.07130711,0.38322812,0.102168225,0.24098438,0.035814594,0.15894294,0.10721837
-3.5218143,10.82314,8.403949,13,0,0,00:00.0,00:00.0,uploads\b67551bc-3737-11f0-85b7-581122bb7f2c\20210419T180000+1000_REC_179.wav,True,0,0,0,0,0,0,0,0,1,0,0,0,rain (light),-6.0115156,1.2597159,0.26802024,0.7987687,-0.06294057,0.34842315,0.04660899,0.3452514,0.07130385,0.24131705,0.08050652,0.15493193,0.10168696
-3.6548483,10.293708,8.24482,13,0,0,00:00.0,00:00.0,uploads\b67551bc-3737-11f0-85b7-581122bb7f2c\20210419T180000+1000_REC_180.wav,False,0,0,0,0,0,0,0,0,0,0,0,0,rain (light),-6.035358,1.1953003,0.28031462,0.7074162,0.020912096,0.33327973,0.0897337,0.3394631,0.11369668,0.24854319,0.08971101,0.15667273,0.10409289
-3.6101947,10.559279,8.368523,13,0,0,00:00.0,00:00.0,uploads\b67551bc-3737-11f0-85b7-581122bb7f2c\20210419T180000+1000_REC_181.wav,True,0,0,0,0,0,0,0,0,1,0,0,0,rain (light),-6.0093856,1.3132303,0.3262723,0.7141263,0.02020041,0.37481093,0.0635758,0.32080203,0.089695215,0.21804845,0.097557336,0.20815669,0.09738194
-3.7633777,9.583767,8.573237,13,0,0,00:00.0,00:00.0,uploads\b67551bc-3737-11f0-85b7-581122bb7f2c\20210419T180000+1000_REC_182.wav,False,0,0,0,0,0,0,0,0,0,0,0,0,rain (light),-6.05792,1.130216,0.31339958,0.5817695,0.07922002,0.3460992,0.08181101,0.28778192,0.10227167,0.2318816,0.10497307,0.22431336,0.12349422
-3.9309568,8.676394,8.886034,13,0,0,00:00.0,00:00.0,uploads\b67551bc-3737-11f0-85b7-581122bb7f2c\20210419T180000+1000_REC_184.wav,False,0,0,0,0,0,0,0,0,0,0,0,0,rain (light),-6.0639873,1.0614717,0.33721504,0.58006805,0.15017557,0.38013357,0.123710275,0.30563316,0.17164624,0.26014158,0.13341933,0.2350878,0.1537333
-3.8141942,9.089152,8.633826,13,0,0,00:00.0,00:00.0,uploads\b67551bc-3737-11f0-85b7-581122bb7f2c\20210419T180000+1000_REC_185.wav,False,0,0,0,0,0,0,0,0,0,0,0,0,rain (light),-6.0561,1.1208557,0.31591985,0.5866504,0.117946096,0.38470194,0.09590505,0.29200032,0.13794172,0.25300288,0.12087814,0.23004499,0.14195052
-3.9174693,8.945652,8.766663,13,0,0,00:00.0,00:00.0,uploads\b67551bc-3737-11f0-85b7-581122bb7f2c\20210419T180000+1000_REC_186.wav,False,0,0,0,0,0,0,0,0,0,0,0,0,rain (light),-6.0670786,1.0729752,0.3021072,0.56629884,0.10855001,0.3682372,0.09695532,0.27478397,0.12211248,0.24665959,0.15801032,0.2420017,0.14256474
-3.717596,9.613149,8.521216,13,0,0,00:00.0,00:00.0,uploads\b67551bc-3737-11f0-85b7-581122bb7f2c\20210419T180000+1000_REC_187.wav,True,0,0,0,0,0,0,0,0,1,0,0,0,rain (light),-6.042477,1.186254,0.38395524,0.6066662,0.11414423,0.3711478,0.09350157,0.2727502,0.1122991,0.24081157,0.09575801,0.2078566,0.14118972
-3.9505205,8.636215,8.897209,13,0,0,00:00.0,00:00.0,uploads\b67551bc-3737-11f0-85b7-581122bb7f2c\20210419T180000+1000_REC_188.wav,False,0,0,0,0,0,0,0,0,0,0,0,0,rain (light),-6.0674524,1.068432,0.3321754,0.5512357,0.13260837,0.35175672,0.13644484,0.31907266,0.1592043,0.24356543,0.113138616,0.21247768,0.15266569
-3.8663568,8.720806,8.813087,13,0,0,00:00.0,00:00.0,uploads\b67551bc-3737-11f0-85b7-581122bb7f2c\20210419T180000+1000_REC_189.wav,False,0,0,0,0,0,0,0,0,0,0,0,0,rain (light),-6.0625615,1.0879221,0.38905087,0.5704333,0.12604386,0.34539753,0.1471637,0.27668905,0.11878851,0.23753674,0.124352835,0.22067252,0.10379356
-3.8639407,8.715167,8.828782,13,0,0,00:00.0,00:00.0,uploads\b67551bc-3737-11f0-85b7-581122bb7f2c\20210419T180000+1000_REC_190.wav,False,0,0,0,0,0,0,0,0,0,0,0,0,rain (light),-6.06748,1.0876769,0.37272578,0.52363104,0.12609021,0.35138842,0.1098487,0.27423033,0.13047515,0.22374928,0.13506244,0.19323224,0.12974752
-4.0758686,8.403437,8.951776,13,0,0,00:00.0,00:00.0,uploads\b67551bc-3737-11f0-85b7-581122bb7f2c\20210419T180000+1000_REC_191.wav,False,0,0,0,0,0,0,0,0,0,0,0,0,rain (light),-6.0621243,1.0670384,0.43712583,0.5703385,0.23116176,0.35919768,0.19221573,0.27365142,0.15502095,0.19942553,0.11309788,0.15971145,0.1355687
-4.2650757,8.311455,8.942215,13,0,0,00:00.0,00:00.0,uploads\b67551bc-3737-11f0-85b7-581122bb7f2c\20210419T180000+1000_REC_192.wav,False,0,0,0,0,0,0,0,0,0,0,0,0,rain (light),-6.042476,1.1364635,0.5237214,0.5907,0.25819886,0.3864921,0.18545958,0.27833858,0.14593922,0.16825195,0.082849,0.13147637,0.08521602
-4.260888,8.31824,8.936155,13,0,0,00:00.0,00:00.0,uploads\b67551bc-3737-11f0-85b7-581122bb7f2c\20210419T180000+1000_REC_203.wav,False,0,0,0,0,0,0,0,0,0,0,0,0,rain (light),-6.0319448,1.1619481,0.48458254,0.66823584,0.21386838,0.41290426,0.17588504,0.3110008,0.12357758,0.20519075,0.081215136,0.14025886,0.05977982
-4.2693586,8.307488,8.942944,13,0,0,00:00.0,00:00.0,uploads\b67551bc-3737-11f0-85b7-581122bb7f2c\20210419T180000+1000_REC_204.wav,False,0,0,0,0,0,0,0,0,0,0,0,0,rain (light),-6.032961,1.1344627,0.5000686,0.6916634,0.27123684,0.42438334,0.18646166,0.27599856,0.12078964,0.17769442,0.05697862,0.096058786,0.037399128
-4.2689686,8.306557,8.944785,13,0,0,00:00.0,00:00.0,uploads\b67551bc-3737-11f0-85b7-581122bb7f2c\20210419T180000+1000_REC_205.wav,False,0,0,0,0,0,0,0,0,0,0,0,0,rain (light),-6.049317,1.0842338,0.5256197,0.61596054,0.26862696,0.37721285,0.21547343,0.26987338,0.14568736,0.13304079,0.0681382,0.09159537,0.059171688
-4.266037,8.3121395,8.93938,13,0,0,00:00.0,00:00.0,uploads\b67551bc-3737-11f0-85b7-581122bb7f2c\20210419T180000+1000_REC_206.wav,False,0,0,0,0,0,0,0,0,0,0,0,0,rain (light),-6.030507,1.1703213,0.48244935,0.6671446,0.24233654,0.41860703,0.16687034,0.29323566,0.123079576,0.20465404,0.07705087,0.1378186,0.054748084
-4.269531,8.30659,8.94389,13,0,0,00:00.0,00:00.0,uploads\b67551bc-3737-11f0-85b7-581122bb7f2c\20210419T180000+1000_REC_207.wav,False,0,0,0,0,0,0,0,0,0,0,0,0,rain (light),-6.0493155,1.0475025,0.52939534,0.6375835,0.2857256,0.42242596,0.20936641,0.28483394,0.14787579,0.16616601,0.08759038,0.08785466,0.039142232
-4.239855,8.322353,8.945945,13,0,0,00:00.0,00:00.0,uploads\b67551bc-3737-11f0-85b7-581122bb7f2c\20210419T180000+1000_REC_208.wav,False,0,0,0,0,0,0,0,0,0,0,0,0,rain (light),-6.06144,1.0367044,0.474265,0.6004123,0.25267345,0.36136505,0.2007544,0.2943322,0.1652986,0.18473653,0.11082572,0.119393215,0.075361304
-3.9730332,8.588466,8.856962,13,0,0,00:00.0,00:00.0,uploads\b67551bc-3737-11f0-85b7-581122bb7f2c\20210419T180000+1000_REC_209.wav,False,0,0,0,0,0,0,0,0,0,0,0,0,rain (light),-6.0541654,1.1316348,0.35406625,0.57722706,0.13560447,0.39141935,0.13999185,0.30938292,0.14558376,0.2284998,0.09210616,0.17151934,0.10454349
-4.176393,8.429006,8.883941,13,0,0,00:00.0,00:00.0,uploads\b67551bc-3737-11f0-85b7-581122bb7f2c\20210419T180000+1000_REC_210.wav,True,0,0,0,0,0,0,0,0,1,0,0,0,rain (light),-6.029489,1.2046286,0.42471293,0.65972316,0.13620271,0.41440922,0.15757649,0.31936067,0.11827913,0.2054854,0.06417694,0.16751471,0.10291273
-3.9769406,8.58393,8.876457,13,0,0,00:00.0,00:00.0,uploads\b67551bc-3737-11f0-85b7-581122bb7f2c\20210419T180000+1000_REC_211.wav,False,0,0,0,0,0,0,0,0,0,0,0,0,rain (light),-6.065354,1.0562865,0.3694983,0.5795072,0.12812224,0.36926892,0.15668261,0.32717666,0.15548684,0.22316961,0.1173146,0.19775572,0.12484106
-3.976861,8.499724,8.925587,13,0,0,00:00.0,00:00.0,uploads\b67551bc-3737-11f0-85b7-581122bb7f2c\20210419T180000+1000_REC_212.wav,False,0,0,0,0,0,0,0,0,0,0,0,0,rain (light),-6.0821857,0.97994137,0.37916806,0.52730966,0.14652365,0.35984924,0.1582064,0.28859332,0.14882462,0.20733543,0.12492259,0.1939865,0.14899096
-4.078308,8.379014,8.971095,13,0,0,00:00.0,00:00.0,uploads\b67551bc-3737-11f0-85b7-581122bb7f2c\20210419T180000+1000_REC_213.wav,True,0,0,0,0,0,0,0,0,1,0,0,0,rain (light),-6.077258,0.98460263,0.41566783,0.52653384,0.20145471,0.37879583,0.18913332,0.28750983,0.17386518,0.22856009,0.15646842,0.17549707,0.118890546
-3.975597,8.249208,9.061728,13,0,0,00:00.0,00:00.0,uploads\b67551bc-3737-11f0-85b7-581122bb7f2c\20210419T180000+1000_REC_214.wav,False,0,0,0,0,0,0,0,0,0,0,0,0,rain (light),-6.092915,0.90112454,0.36294657,0.50385344,0.22672597,0.35143402,0.18414162,0.28144214,0.20754126,0.20852977,0.16572641,0.1927668,0.17339733
-3.973428,8.246428,9.064728,13,0,0,00:00.0,00:00.0,uploads\b67551bc-3737-11f0-85b7-581122bb7f2c\20210419T180000+1000_REC_215.wav,False,0,0,0,0,0,0,0,0,0,0,0,0,rain (light),-6.1028566,0.83521795,0.39016494,0.4526451,0.24570715,0.33062938,0.20833461,0.2575452,0.2235177,0.2212842,0.19287343,0.18711233,0.17984055
-3.9084234,8.653861,8.884815,13,0,0,00:00.0,00:00.0,uploads\b67551bc-3737-11f0-85b7-581122bb7f2c\20210419T180000+1000_REC_217.wav,False,0,0,0,0,0,0,0,0,0,0,0,0,rain (light),-6.084301,0.98989344,0.28600252,0.51065755,0.124198616,0.37448967,0.13487051,0.30895972,0.12787926,0.22851266,0.11792403,0.19566056,0.13826789
-3.9111598,8.657566,8.827833,13,0,0,00:00.0,00:00.0,uploads\b67551bc-3737-11f0-85b7-581122bb7f2c\20210419T180000+1000_REC_218.wav,False,0,0,0,0,0,0,0,0,0,0,0,0,rain (light),-6.0506234,1.1473817,0.3749612,0.58033836,0.13728093,0.37510943,0.1295126,0.29884654,0.14109844,0.24468085,0.13018672,0.19003198,0.12076564
-3.841796,9.03426,8.686901,13,0,0,00:00.0,00:00.0,uploads\b67551bc-3737-11f0-85b7-581122bb7f2c\20210419T180000+1000_REC_219.wav,False,0,0,0,0,0,0,0,0,0,0,0,0,rain (light),-6.06046,1.1187197,0.3520479,0.5392262,0.09000857,0.35687283,0.09425808,0.29888088,0.12638399,0.2355611,0.1201416,0.22538427,0.13701731
-3.8588495,8.68953,8.843622,13,0,0,00:00.0,00:00.0,uploads\b67551bc-3737-11f0-85b7-581122bb7f2c\20210419T180000+1000_REC_220.wav,False,0,0,0,0,0,0,0,0,0,0,0,0,rain (light),-6.0718503,1.0571237,0.37459084,0.5478191,0.14087906,0.34025657,0.12484072,0.25471088,0.13738623,0.20169696,0.11783866,0.18617529,0.1426229
-3.8759623,9.432895,8.738756,13,0,0,00:00.0,00:00.0,uploads\b67551bc-3737-11f0-85b7-581122bb7f2c\20210419T180000+1000_REC_221.wav,False,0,0,0,0,0,0,0,0,0,0,0,0,rain (light),-6.0578218,1.1271739,0.3908735,0.56545067,0.103943594,0.3198903,0.074922614,0.26020432,0.12358993,0.2264089,0.1406952,0.23294502,0.14296792
-3.8417883,8.742703,8.826366,13,0,0,00:00.0,00:00.0,uploads\b67551bc-3737-11f0-85b7-581122bb7f2c\20210419T180000+1000_REC_222.wav,False,0,0,0,0,0,0,0,0,0,0,0,0,rain (light),-6.081841,1.0142295,0.29515108,0.5257952,0.087564275,0.33509657,0.116773255,0.28667066,0.13653693,0.22075902,0.116190314,0.20868522,0.13116011
-3.8437304,8.734697,8.8344965,13,0,0,00:00.0,00:00.0,uploads\b67551bc-3737-11f0-85b7-581122bb7f2c\20210419T180000+1000_REC_223.wav,False,0,0,0,0,0,0,0,0,0,0,0,0,rain (light),-6.0786924,1.0079532,0.29222274,0.5470401,0.088220686,0.37404403,0.12362822,0.29934692,0.120956086,0.22663082,0.14351657,0.23368202,0.11780847
-3.8514302,8.676609,8.883863,13,0,0,00:00.0,00:00.0,uploads\b67551bc-3737-11f0-85b7-581122bb7f2c\20210419T180000+1000_REC_224.wav,False,0,0,0,0,0,0,0,0,0,0,0,0,rain (light),-6.092342,0.92935133,0.29030603,0.54097885,0.10617312,0.32197535,0.10444341,0.28122365,0.13275689,0.23985966,0.14585453,0.23208764,0.16278204
-3.9131303,8.675527,8.886541,13,0,0,00:00.0,00:00.0,uploads\b67551bc-3737-11f0-85b7-581122bb7f2c\20210419T180000+1000_REC_225.wav,False,0,0,0,0,0,0,0,0,0,0,0,0,rain (light),-6.0718813,1.0315839,0.32047996,0.568971,0.10608754,0.36667967,0.12670751,0.3121861,0.15176643,0.2598017,0.1317123,0.20719203,0.13671114
-3.9717102,8.233783,9.081797,13,0,0,00:00.0,00:00.0,uploads\b67551bc-3737-11f0-85b7-581122bb7f2c\20210419T180000+1000_REC_226.wav,False,0,0,0,0,0,0,0,0,0,0,0,0,rain (light),-6.0961595,0.91043395,0.32404622,0.51396126,0.11742317,0.32319912,0.1487859,0.24642828,0.16081169,0.2374423,0.16957052,0.20679773,0.17941688
-3.9630048,8.250552,9.085829,13,0,0,00:00.0,00:00.0,uploads\b67551bc-3737-11f0-85b7-581122bb7f2c\20210419T180000+1000_REC_227.wav,False,0,0,0,0,0,0,0,0,0,0,0,0,rain (light),-6.0800385,1.043425,0.3309914,0.5077957,0.11542376,0.30671498,0.13686965,0.23642005,0.13536549,0.19636916,0.13903733,0.1576275,0.19464336
-3.9607491,8.265556,9.090361,13,0,0,00:00.0,00:00.0,uploads\b67551bc-3737-11f0-85b7-581122bb7f2c\20210419T180000+1000_REC_228.wav,False,0,0,0,0,0,0,0,0,0,0,0,0,rain (light),-6.073956,1.0536742,0.3563151,0.514567,0.12320359,0.3305995,0.13350664,0.26525947,0.18019775,0.2210831,0.15557888,0.1771658,0.20289734
-3.9543798,8.218203,9.098953,13,0,0,00:00.0,00:00.0,uploads\b67551bc-3737-11f0-85b7-581122bb7f2c\20210419T180000+1000_REC_229.wav,False,0,0,0,0,0,0,0,0,0,0,0,0,rain (light),-6.104893,0.90280336,0.30864525,0.43984967,0.14503421,0.28388122,0.13403825,0.23375057,0.14998446,0.17772472,0.16298851,0.19270529,0.19172855
-3.8405645,9.581584,8.672138,13,0,0,00:00.0,00:00.0,uploads\b67551bc-3737-11f0-85b7-581122bb7f2c\20210419T180000+1000_REC_230.wav,False,0,0,0,0,0,0,0,0,0,0,0,0,rain (light),-6.0660954,1.0929844,0.27383044,0.57523966,0.05884665,0.3197589,0.061199147,0.2900887,0.09329759,0.24163069,0.1345116,0.22981624,0.13461456
-3.8670588,8.734315,8.843275,13,0,0,00:00.0,00:00.0,uploads\b67551bc-3737-11f0-85b7-581122bb7f2c\20210419T180000+1000_REC_231.wav,False,0,0,0,0,0,0,0,0,0,0,0,0,rain (light),-6.06047,1.1141776,0.32983243,0.60980535,0.111040354,0.30766782,0.1303461,0.29074788,0.1060404,0.17574398,0.14048956,0.17960902,0.13950373
-3.862072,8.746365,8.842805,13,0,0,00:00.0,00:00.0,uploads\b67551bc-3737-11f0-85b7-581122bb7f2c\20210419T180000+1000_REC_232.wav,False,0,0,0,0,0,0,0,0,0,0,0,0,rain (light),-6.065129,1.0930016,0.30011523,0.5841937,0.089079075,0.32823774,0.118921496,0.28254217,0.12127801,0.2305562,0.13495201,0.20073558,0.16626774
-3.9229333,8.979883,8.802861,13,0,0,00:00.0,00:00.0,uploads\b67551bc-3737-11f0-85b7-581122bb7f2c\20210419T180000+1000_REC_233.wav,True,0,1,0,0,0,0,0,0,1,0,0,0,rain (light),-6.057209,1.1004964,0.3210196,0.63196176,0.08774362,0.341555,0.07904384,0.30122006,0.12509926,0.23970239,0.11659211,0.22458623,0.18351199
-3.7046876,10.426575,8.249592,13,0,0,00:00.0,00:00.0,uploads\b67551bc-3737-11f0-85b7-581122bb7f2c\20210419T180000+1000_REC_234.wav,False,0,0,0,0,0,0,0,0,0,0,0,0,rain (light),-6.0316505,1.2588307,0.3246676,0.61161095,-0.0049113883,0.3109441,0.052937035,0.3059163,0.08820998,0.26295888,0.13134651,0.18988332,0.09909418
-3.8034055,10.280312,8.20855,13,0,0,00:00.0,00:00.0,uploads\b67551bc-3737-11f0-85b7-581122bb7f2c\20210419T180000+1000_REC_235.wav,True,0,0,0,0,0,0,0,0,1,0,0,0,rain (light),-6.036552,1.2156368,0.27400666,0.6700453,0.0143742515,0.33589616,0.05482772,0.29578418,0.09291178,0.24136445,0.068924464,0.17685518,0.14043923
-3.5637927,10.647343,8.390451,13,0,0,00:00.0,00:00.0,uploads\b67551bc-3737-11f0-85b7-581122bb7f2c\20210419T180000+1000_REC_236.wav,False,0,0,0,0,0,0,0,0,0,0,0,0,rain (light),-6.0186887,1.2839533,0.35413218,0.66467416,-0.019371238,0.37599877,0.087955594,0.32305115,0.07344738,0.2239698,0.06395307,0.16804153,0.06014989
-3.6646192,10.326957,8.636447,13,0,0,00:00.0,00:00.0,uploads\b67551bc-3737-11f0-85b7-581122bb7f2c\20210419T180000+1000_REC_237.wav,False,0,0,0,0,0,0,0,0,0,0,0,0,rain (light),-6.0432696,1.1744143,0.33344626,0.6536952,0.08676494,0.3662274,0.035011828,0.2767476,0.09098043,0.25064015,0.08936343,0.16348471,0.08788375
-3.8266287,9.671866,8.666261,13,0,0,00:00.0,00:00.0,uploads\b67551bc-3737-11f0-85b7-581122bb7f2c\20210419T180000+1000_REC_238.wav,False,0,0,0,0,0,0,0,0,0,0,0,0,rain (light),-6.0558352,1.131724,0.33155617,0.6144548,0.051316094,0.3188754,0.061074637,0.2793853,0.109423794,0.22015813,0.107402734,0.21190345,0.13378459
-3.8613014,9.603504,8.657209,13,0,0,00:00.0,00:00.0,uploads\b67551bc-3737-11f0-85b7-581122bb7f2c\20210419T180000+1000_REC_239.wav,False,0,0,0,0,0,0,0,0,0,0,0,0,rain (light),-6.050178,1.1784474,0.29800403,0.5645834,0.029711181,0.35948882,0.051338516,0.28696752,0.101751134,0.2485348,0.123505354,0.21339108,0.13523294
-3.6660998,9.523672,8.4492035,13,0,0,00:00.0,00:00.0,uploads\b67551bc-3737-11f0-85b7-581122bb7f2c\20210419T180000+1000_REC_240.wav,False,0,0,0,0,0,0,0,0,0,0,0,0,rain (light),-6.047911,1.180062,0.27005416,0.60680693,0.08750981,0.3776227,0.1203221,0.30316275,0.083898805,0.1926192,0.10065799,0.20472741,0.11965044
-3.7204611,10.147934,8.76874,13,0,0,00:00.0,00:00.0,uploads\b67551bc-3737-11f0-85b7-581122bb7f2c\20210419T180000+1000_REC_241.wav,True,0,0,0,0,0,0,0,0,1,0,0,0,rain (light),-6.038059,1.2172021,0.3150678,0.6279324,0.035855003,0.36118782,0.051320024,0.27629715,0.051786143,0.21675606,0.09158742,0.23110697,0.12848173
-3.7317836,10.320584,8.207152,13,0,0,00:00.0,00:00.0,uploads\b67551bc-3737-11f0-85b7-581122bb7f2c\20210419T180000+1000_REC_242.wav,False,0,0,0,0,0,0,0,0,0,0,0,0,rain (light),-6.036989,1.2069831,0.3182864,0.65969056,-0.0017214793,0.34054124,0.05541123,0.29634887,0.11200821,0.24471055,0.11250726,0.19282548,0.120255575
-3.7291427,9.985273,8.396514,13,0,0,00:00.0,00:00.0,uploads\b67551bc-3737-11f0-85b7-581122bb7f2c\20210419T180000+1000_REC_243.wav,False,0,0,0,0,0,0,0,0,0,0,0,0,rain (light),-6.043502,1.2021767,0.3230675,0.57714415,0.045417484,0.36274716,0.038521238,0.30494145,0.100400135,0.24779527,0.12267471,0.21573251,0.09896022
-3.7308087,10.008014,8.385501,13,0,0,00:00.0,00:00.0,uploads\b67551bc-3737-11f0-85b7-581122bb7f2c\20210419T180000+1000_REC_244.wav,False,0,0,0,0,0,0,0,0,0,0,0,0,rain (light),-6.0559435,1.1156954,0.34513536,0.57002395,0.096292265,0.33998448,0.022264788,0.327131,0.05404079,0.26990175,0.07817144,0.28462946,0.09329215
-3.754607,10.08221,8.510849,13,0,0,00:00.0,00:00.0,uploads\b67551bc-3737-11f0-85b7-581122bb7f2c\20210419T180000+1000_REC_245.wav,False,0,0,0,0,0,0,0,0,0,0,0,0,rain (light),-6.029561,1.2454569,0.34277323,0.6361039,0.064571455,0.3895391,0.05895479,0.29056543,0.08961869,0.22445557,0.10654452,0.2269474,0.11153068
-3.6764803,10.50013,8.834776,13,0,0,00:00.0,00:00.0,uploads\b67551bc-3737-11f0-85b7-581122bb7f2c\20210419T180000+1000_REC_246.wav,False,0,0,0,0,0,0,0,0,0,0,0,0,rain (light),-6.029974,1.2699581,0.3248683,0.6185054,0.064420074,0.34766263,0.04622001,0.26690948,0.0522392,0.22920722,0.083015084,0.20369455,0.115956575
-3.6890128,10.115028,8.3047495,13,0,0,00:00.0,00:00.0,uploads\b67551bc-3737-11f0-85b7-581122bb7f2c\20210419T180000+1000_REC_247.wav,False,0,0,0,0,0,0,0,0,0,0,0,0,rain (light),-6.043317,1.2055086,0.3143132,0.58513826,0.037509,0.34932366,0.062724516,0.3083303,0.111930564,0.24833488,0.0772693,0.20693575,0.10254711
-3.6494825,10.668081,8.809378,13,0,0,00:00.0,00:00.0,uploads\b67551bc-3737-11f0-85b7-581122bb7f2c\20210419T180000+1000_REC_248.wav,False,0,0,0,0,0,0,0,0,0,0,0,0,rain (light),-6.0263033,1.2805188,0.3606312,0.634258,0.04469114,0.3497861,0.046671234,0.2503748,0.060860854,0.19962873,0.0647554,0.1820635,0.104153216
-3.6305268,10.71782,8.82656,13,0,0,00:00.0,00:00.0,uploads\b67551bc-3737-11f0-85b7-581122bb7f2c\20210419T180000+1000_REC_249.wav,False,0,0,0,0,0,0,0,0,0,0,0,0,rain (light),-6.0330772,1.2337111,0.36964834,0.65028346,0.052541763,0.36154404,0.023659837,0.24646066,0.08185876,0.17936753,0.05384161,0.18168211,0.07577661
-3.6153443,10.614126,8.460093,13,0,0,00:00.0,00:00.0,uploads\b67551bc-3737-11f0-85b7-581122bb7f2c\20210419T180000+1000_REC_250.wav,False,0,0,0,0,0,0,0,0,0,0,0,0,rain (light),-6.0332336,1.255549,0.30178645,0.6299005,0.033547655,0.3466079,0.07818405,0.28941488,0.056896605,0.18090089,0.055794727,0.16410021,0.08181579
-3.5741532,10.277105,8.255983,13,0,0,00:00.0,00:00.0,uploads\b67551bc-3737-11f0-85b7-581122bb7f2c\20210419T180000+1000_REC_251.wav,False,0,0,0,0,0,0,0,0,0,0,0,0,rain (light),-6.032164,1.2444713,0.35238054,0.5752013,0.010047704,0.40018183,0.06546867,0.34208345,0.07853329,0.24309984,0.07018356,0.17381279,0.090671785
-3.5288317,9.992201,8.248152,13,0,0,00:00.0,00:00.0,uploads\b67551bc-3737-11f0-85b7-581122bb7f2c\20210419T180000+1000_REC_252.wav,False,0,0,0,0,0,0,0,0,0,0,0,0,rain (light),-6.0365324,1.2512608,0.24502155,0.57844883,0.0050294427,0.38280308,0.055192556,0.28735095,0.107932545,0.25614727,0.09364375,0.17881894,0.08228041
-3.6716511,10.302243,8.215808,13,0,0,00:00.0,00:00.0,uploads\b67551bc-3737-11f0-85b7-581122bb7f2c\20210419T180000+1000_REC_253.wav,False,0,0,0,0,0,0,0,0,0,0,0,0,rain (light),-6.045451,1.1396844,0.3438549,0.6499651,-0.057062052,0.2929403,0.05258779,0.37701696,0.049126744,0.23518054,0.06528873,0.22909257,0.12070502
-3.6701105,10.297514,8.252818,13,0,0,00:00.0,00:00.0,uploads\b67551bc-3737-11f0-85b7-581122bb7f2c\20210419T180000+1000_REC_254.wav,False,0,0,0,0,0,0,0,0,0,0,0,0,rain (light),-6.048906,1.037138,0.3889862,0.7393713,0.0112928515,0.26282638,-0.015076819,0.45878413,0.038001228,0.18220796,0.06882068,0.24093278,0.051441576
-3.6659439,10.309636,8.255664,13,0,0,00:00.0,00:00.0,uploads\b67551bc-3737-11f0-85b7-581122bb7f2c\20210419T180000+1000_REC_255.wav,False,0,0,0,0,0,0,0,0,0,0,0,0,rain (light),-6.0555263,1.048711,0.32461664,0.7073296,-0.056861516,0.2610902,-0.048386753,0.3813015,0.03893683,0.22643502,0.12690328,0.18080857,0.105370805
-3.5330377,10.806947,8.421194,13,0,0,00:00.0,00:00.0,uploads\b67551bc-3737-11f0-85b7-581122bb7f2c\20210419T180000+1000_REC_256.wav,False,0,0,0,0,0,0,0,0,0,0,0,0,rain (light),-6.019893,1.2784474,0.3961569,0.6609578,-0.0073584435,0.33332372,0.059293,0.3329258,0.07676945,0.22041115,0.049252916,0.16276854,0.08478334
-3.6874638,10.226864,8.247559,13,0,0,00:00.0,00:00.0,uploads\b67551bc-3737-11f0-85b7-581122bb7f2c\20210419T180000+1000_REC_257.wav,True,0,0,0,0,0,0,1,0,1,0,0,0,rain (light),-6.080836,0.92236304,0.38090992,0.64043957,0.016472403,0.29010102,0.06538431,0.326132,0.031669933,0.26154035,0.08581437,0.20748658,0.086127624
-3.8390563,8.750485,8.817967,13,0,0,00:00.0,00:00.0,uploads\b67551bc-3737-11f0-85b7-581122bb7f2c\20210419T180000+1000_REC_258.wav,False,0,0,0,0,0,0,0,0,0,0,0,0,rain (light),-6.088876,0.9769438,0.2890045,0.49918172,0.06982093,0.3294912,0.122599185,0.29264918,0.13651024,0.24764222,0.12400296,0.19019242,0.11247336
-3.7417922,9.535355,8.514611,13,0,0,00:00.0,00:00.0,uploads\b67551bc-3737-11f0-85b7-581122bb7f2c\20210419T180000+1000_REC_259.wav,False,0,0,0,0,0,0,0,0,0,0,0,0,rain (light),-6.06747,1.0271865,0.28458732,0.6478651,0.012297593,0.35055587,0.09663877,0.31131825,0.051876742,0.26776347,0.109282106,0.19532472,0.15796606
-3.711989,9.5094185,8.488815,13,0,0,00:00.0,00:00.0,uploads\b67551bc-3737-11f0-85b7-581122bb7f2c\20210419T180000+1000_REC_260.wav,False,0,0,0,0,0,0,0,0,0,0,0,0,rain (light),-6.060289,1.0522342,0.29183492,0.662012,0.01680084,0.3952061,0.10421693,0.29114658,0.0885512,0.2781012,0.08019103,0.22742467,0.134096
-3.7197027,9.782038,8.618236,13,0,0,00:00.0,00:00.0,uploads\b67551bc-3737-11f0-85b7-581122bb7f2c\20210419T180000+1000_REC_261.wav,False,0,0,0,0,0,0,0,0,0,0,0,0,rain (light),-6.0605617,1.0924143,0.28994763,0.6212006,0.06954144,0.3774825,0.09435421,0.2718233,0.062384594,0.23230916,0.10280169,0.2338331,0.10719068
-3.7157395,10.025053,8.744851,13,0,0,00:00.0,00:00.0,uploads\b67551bc-3737-11f0-85b7-581122bb7f2c\20210419T180000+1000_REC_262.wav,False,0,0,0,0,0,0,0,0,0,0,0,0,rain (light),-6.0542765,1.1333376,0.35973316,0.6000505,0.08193981,0.38014898,0.072735965,0.25397405,0.06345137,0.21294476,0.10452189,0.20657742,0.108877026
-3.6441035,10.705693,8.824866,13,0,0,00:00.0,00:00.0,uploads\b67551bc-3737-11f0-85b7-581122bb7f2c\20210419T180000+1000_REC_263.wav,False,0,0,0,0,0,0,0,0,0,0,0,0,rain (light),-6.0254636,1.2778522,0.40414193,0.62151545,0.09197149,0.37971947,0.034857128,0.23783985,0.06567865,0.18020475,0.063596405,0.1663158,0.07392406
-3.715276,10.091693,8.776164,13,0,0,00:00.0,00:00.0,uploads\b67551bc-3737-11f0-85b7-581122bb7f2c\20210419T180000+1000_REC_264.wav,True,0,0,0,0,0,0,0,0,1,0,0,0,rain (light),-6.043829,1.1775775,0.32937536,0.6433256,0.07290765,0.38757932,0.05049733,0.24167256,0.045585506,0.20323262,0.080378905,0.20925404,0.11815081
-3.705274,10.110754,8.785332,13,0,0,00:00.0,00:00.0,uploads\b67551bc-3737-11f0-85b7-581122bb7f2c\20210419T180000+1000_REC_265.wav,False,0,0,0,0,0,0,0,0,0,0,0,0,rain (light),-6.0473022,1.1788025,0.33892888,0.60984206,0.08962912,0.35960054,0.06332227,0.2716984,0.06902994,0.19946645,0.09404408,0.19776992,0.11354776
-3.7443583,9.987752,8.779163,13,0,0,00:00.0,00:00.0,uploads\b67551bc-3737-11f0-85b7-581122bb7f2c\20210419T180000+1000_REC_266.wav,False,0,0,0,0,0,0,0,0,0,0,0,0,rain (light),-6.051247,1.1974247,0.29493526,0.5255959,0.05217931,0.35723072,0.03990977,0.26575458,0.09237964,0.20124447,0.10307792,0.23546822,0.11698635
-1.2652626,-0.9609321,7.7942743,14,0,0,00:00.0,00:00.0,uploads\b67551bc-3737-11f0-85b7-581122bb7f2c\20210419T180000+1000_REC_193.wav,False,0,0,0,0,0,0,0,0,0,0,0,0,vehicles (aircraft/cars),-6.064117,0.9883614,0.6529456,0.4980295,0.33370745,0.28934154,0.24122119,0.21294652,0.18509923,0.11951331,0.11015011,0.12658529,0.13839057
-1.2654073,-0.9610785,7.794021,14,0,0,00:00.0,00:00.0,uploads\b67551bc-3737-11f0-85b7-581122bb7f2c\20210419T180000+1000_REC_194.wav,False,0,0,0,0,0,0,0,0,0,0,0,0,vehicles (aircraft/cars),-6.0607853,1.0085499,0.5871781,0.5722348,0.353097,0.32840893,0.22243984,0.17892696,0.15710886,0.1405097,0.12066523,0.08418668,0.0969376
-1.2654777,-0.96115816,7.7938485,14,0,0,00:00.0,00:00.0,uploads\b67551bc-3737-11f0-85b7-581122bb7f2c\20210419T180000+1000_REC_195.wav,False,0,0,0,0,0,0,0,0,0,0,0,0,vehicles (aircraft/cars),-6.068795,0.9475866,0.6294962,0.54299307,0.37412456,0.30844095,0.21542954,0.16972029,0.13693228,0.098508194,0.09082812,0.06909993,0.0853389
-1.2655985,-0.96129525,7.7935576,14,0,0,00:00.0,00:00.0,uploads\b67551bc-3737-11f0-85b7-581122bb7f2c\20210419T180000+1000_REC_196.wav,False,0,0,0,0,0,0,0,0,0,0,0,0,vehicles (aircraft/cars),-6.0437655,1.1065052,0.67376757,0.54478526,0.32139748,0.2697977,0.21023625,0.17236693,0.14621837,0.11443704,0.10183186,0.072499484,0.08192649
-1.2655575,-0.9612492,7.793676,14,0,0,00:00.0,00:00.0,uploads\b67551bc-3737-11f0-85b7-581122bb7f2c\20210419T180000+1000_REC_197.wav,False,0,0,0,0,0,0,0,0,0,0,0,0,vehicles (aircraft/cars),-6.059861,0.90647453,0.7176165,0.5788966,0.4348755,0.3145497,0.2283498,0.15138182,0.100472815,0.0781489,0.06781158,0.055293363,0.05466619
-1.265756,-0.9614441,7.7932873,14,0,0,00:00.0,00:00.0,uploads\b67551bc-3737-11f0-85b7-581122bb7f2c\20210419T180000+1000_REC_198.wav,False,0,0,0,0,0,0,0,0,0,0,0,0,vehicles (aircraft/cars),-6.0571494,1.0022229,0.6667895,0.57360387,0.36963928,0.27763078,0.19413386,0.14267342,0.094137155,0.06525334,0.06834184,0.06538812,0.073780544
-1.2657918,-0.9614825,7.793214,14,0,0,00:00.0,00:00.0,uploads\b67551bc-3737-11f0-85b7-581122bb7f2c\20210419T180000+1000_REC_199.wav,False,0,0,0,0,0,0,0,0,0,0,0,0,vehicles (aircraft/cars),-6.0433035,1.0431528,0.6848142,0.5959628,0.39555478,0.33244208,0.22340055,0.1476287,0.09782169,0.05218463,0.06744639,0.04075988,0.040279947
-1.2658086,-0.9614935,7.793181,14,0,0,00:00.0,00:00.0,uploads\b67551bc-3737-11f0-85b7-581122bb7f2c\20210419T180000+1000_REC_200.wav,False,0,0,0,0,0,0,0,0,0,0,0,0,vehicles (aircraft/cars),-6.033128,1.1008263,0.67401594,0.650446,0.3462986,0.34443402,0.18222697,0.16093257,0.07771231,0.06129833,0.07547359,0.07403262,0.09031832
-1.2658193,-0.9615021,7.7931714,14,0,0,00:00.0,00:00.0,uploads\b67551bc-3737-11f0-85b7-581122bb7f2c\20210419T180000+1000_REC_201.wav,True,0,0,0,0,0,0,0,0,0,1,0,0,vehicles (aircraft/cars),-6.030687,1.1270751,0.6530693,0.64480144,0.36785704,0.334803,0.1737488,0.1641917,0.11435033,0.090656936,0.088999465,0.06758612,0.07681468
-1.2655299,-0.961209,7.7937927,14,0,0,00:00.0,00:00.0,uploads\b67551bc-3737-11f0-85b7-581122bb7f2c\20210419T180000+1000_REC_202.wav,False,0,0,0,0,0,0,0,0,0,0,0,0,vehicles (aircraft/cars),-6.078006,0.8319662,0.6657463,0.53877646,0.41006115,0.30984026,0.24807373,0.18498276,0.13313048,0.10253624,0.08082311,0.067851245,0.06831157
13.580302,8.306065,10.616101,15,0,0,00:00.0,00:00.0,uploads\b67551bc-3737-11f0-85b7-581122bb7f2c\20210419T200000+1000_REC_253.wav,True,0,0,0,0,0,0,0,0,0,1,0,0,vehicles (aircraft/cars),-6.0667934,0.83015877,0.6886739,0.5674188,0.4624695,0.36571354,0.28419775,0.21168363,0.15363291,0.095729046,0.065169975,0.05376219,0.045731355
13.618297,8.262994,10.6916895,15,0,0,00:00.0,00:00.0,uploads\b67551bc-3737-11f0-85b7-581122bb7f2c\20210419T200000+1000_REC_254.wav,False,0,0,0,0,0,0,0,0,0,0,0,0,vehicles (aircraft/cars),-6.0676622,0.93324405,0.5550064,0.57542783,0.36806428,0.39576805,0.2593224,0.23461495,0.169359,0.15397711,0.14315689,0.101635575,0.07629976
13.597508,8.288425,10.6509905,15,0,0,00:00.0,00:00.0,uploads\b67551bc-3737-11f0-85b7-581122bb7f2c\20210419T200000+1000_REC_255.wav,False,0,0,0,0,0,0,0,0,0,0,0,0,vehicles (aircraft/cars),-6.0495844,0.97856116,0.59812224,0.6371918,0.41346824,0.42210004,0.24150716,0.24028924,0.15018716,0.12937945,0.11724887,0.05599911,0.036100246
13.619246,8.264423,10.688212,15,0,0,00:00.0,00:00.0,uploads\b67551bc-3737-11f0-85b7-581122bb7f2c\20210419T200000+1000_REC_256.wav,False,0,0,0,0,0,0,0,0,0,0,0,0,vehicles (aircraft/cars),-6.0621805,0.9128409,0.59356236,0.6012702,0.39562923,0.40856567,0.27107048,0.2573041,0.19532065,0.13244186,0.12384218,0.09755586,0.07919974
13.626233,8.246734,10.723407,15,0,0,00:00.0,00:00.0,uploads\b67551bc-3737-11f0-85b7-581122bb7f2c\20210419T200000+1000_REC_257.wav,False,0,0,0,0,0,0,0,0,0,0,0,0,vehicles (aircraft/cars),-6.0648065,0.9380895,0.5044283,0.57886493,0.32210457,0.43840638,0.27466896,0.31470174,0.22000095,0.195856,0.16539785,0.13641192,0.09973625
13.624797,8.255301,10.70455,15,0,0,00:00.0,00:00.0,uploads\b67551bc-3737-11f0-85b7-581122bb7f2c\20210419T200000+1000_REC_258.wav,False,0,0,0,0,0,0,0,0,0,0,0,0,vehicles (aircraft/cars),-6.0491524,1.0155011,0.4761176,0.6465704,0.28051353,0.46676928,0.23140259,0.35208827,0.18183278,0.23350541,0.0930056,0.1576283,0.04695103
13.617624,8.209143,10.818139,15,0,0,00:00.0,00:00.0,uploads\b67551bc-3737-11f0-85b7-581122bb7f2c\20210419T200000+1000_REC_260.wav,False,0,0,0,0,0,0,0,0,0,0,0,0,vehicles (aircraft/cars),-6.0920787,0.798886,0.45694056,0.50898784,0.33401462,0.39085492,0.28421915,0.30274945,0.23482475,0.21719675,0.18453372,0.1374488,0.13062647
