x,y,z,class,start_time,end_time,start_datetime,end_datetime,sound_path,sampled,background_silence,birds,frogs,human_speech,insects,mammals,misc/uncertain,rain_(heavy),rain_(light),vehicles_(aircraft/cars),wind_(strong),wind_(light),propagated_class,mfcc_1,mfcc_2,mfcc_3,mfcc_4,mfcc_5,mfcc_6,mfcc_7,mfcc_8,mfcc_9,mfcc_10,mfcc_11,mfcc_12,mfcc_13
11.893006,14.2247715,9.691375,0,0,0,00:00.0,00:00.0,uploads\f2e6d795-3777-11f0-84b6-581122bb7f2c\20210509T000000+1000_REC_0.wav,False,0,0,0,0,0,0,0,0,0,0,0,0,insects,-6.0739045,0.35497627,-0.1007675,0.7789152,-0.39347097,0.28382364,0.38097775,0.099693134,0.0441579,0.5001188,0.035397165,-0.029416407,0.44930333
11.874069,14.195047,9.671039,0,0,0,00:00.0,00:00.0,uploads\f2e6d795-3777-11f0-84b6-581122bb7f2c\20210509T000000+1000_REC_1.wav,False,0,0,0,0,0,0,0,0,0,0,0,0,insects,-6.074746,0.2714312,-0.101243556,0.7962765,-0.32907698,0.25948945,0.36836314,0.02979583,-0.0035405431,0.5746057,0.011824811,-0.00051054277,0.44042638
11.511229,14.096133,9.375393,0,0,0,00:00.0,00:00.0,uploads\f2e6d795-3777-11f0-84b6-581122bb7f2c\20210509T000000+1000_REC_2.wav,False,0,0,0,0,0,0,0,0,0,0,0,0,insects,-6.073157,0.3669495,-0.11444743,0.72206557,-0.28017822,0.15892048,0.4300099,0.0615255,-0.051442284,0.61081505,-0.080020666,0.10589052,0.5017862
11.854559,14.173358,9.654684,0,0,0,00:00.0,00:00.0,uploads\f2e6d795-3777-11f0-84b6-581122bb7f2c\20210509T000000+1000_REC_3.wav,False,0,0,0,0,0,0,0,0,0,0,0,0,insects,-6.0789986,0.2501134,-0.09301555,0.74655116,-0.31537586,0.23951167,0.37900266,0.07648154,-0.042456392,0.55487835,-0.00027216738,-0.05179236,0.47431433
11.347162,15.2121315,8.917265,0,0,0,00:00.0,00:00.0,uploads\f2e6d795-3777-11f0-84b6-581122bb7f2c\20210509T000000+1000_REC_4.wav,False,0,0,0,0,0,0,0,0,0,0,0,0,insects,-6.1079183,0.3322761,0.09196343,0.64184827,-0.21805963,0.12263198,0.3287718,-0.044624045,0.0037024643,0.39300215,0.04196694,-0.048678137,0.46521485
11.948884,14.242372,9.742265,0,0,0,00:00.0,00:00.0,uploads\f2e6d795-3777-11f0-84b6-581122bb7f2c\20210509T000000+1000_REC_5.wav,False,0,0,0,0,0,0,0,0,0,0,0,0,insects,-6.0818214,0.26664928,-0.07406362,0.7568414,-0.3332566,0.21015017,0.36305302,0.09681733,-0.006924369,0.5480311,0.013299213,-0.0030964818,0.4640759
11.65905,14.007906,9.547051,0,0,0,00:00.0,00:00.0,uploads\f2e6d795-3777-11f0-84b6-581122bb7f2c\20210509T000000+1000_REC_6.wav,True,0,0,0,0,1,0,0,0,1,0,0,0,insects,-6.0734353,0.28155047,-0.10025983,0.7654015,-0.3119936,0.21255259,0.40040967,0.07301165,-0.05979441,0.59009606,-0.021652296,0.030771775,0.4949007
11.68681,13.976695,9.589951,0,0,0,00:00.0,00:00.0,uploads\f2e6d795-3777-11f0-84b6-581122bb7f2c\20210509T000000+1000_REC_7.wav,False,0,0,0,0,0,0,0,0,0,0,0,0,insects,-6.06907,0.28357998,-0.122647874,0.774319,-0.34804538,0.2681935,0.40407076,0.073058784,-0.037807003,0.57611144,-0.04556921,-0.01837516,0.46963942
11.723785,13.976839,9.623881,0,0,0,00:00.0,00:00.0,uploads\f2e6d795-3777-11f0-84b6-581122bb7f2c\20210509T000000+1000_REC_8.wav,False,0,0,0,0,0,0,0,0,0,0,0,0,insects,-6.075852,0.33901957,-0.15356125,0.6998561,-0.34893063,0.21993677,0.38577715,0.06624099,-0.05438779,0.5747922,-0.023680009,-0.01904788,0.44749552
11.877956,14.217579,9.662699,0,0,0,00:00.0,00:00.0,uploads\f2e6d795-3777-11f0-84b6-581122bb7f2c\20210509T000000+1000_REC_9.wav,True,0,0,0,0,1,0,0,0,0,0,0,0,insects,-6.0830255,0.22853084,-0.031021785,0.7109821,-0.35531974,0.28943983,0.3627178,0.066679694,0.014150976,0.54821664,0.015291288,-0.07940462,0.46338964
11.932666,14.254927,9.711799,0,0,0,00:00.0,00:00.0,uploads\f2e6d795-3777-11f0-84b6-581122bb7f2c\20210509T000000+1000_REC_10.wav,False,0,0,0,0,0,0,0,0,0,0,0,0,insects,-6.0785794,0.2645832,-0.15255903,0.74603033,-0.34778857,0.28657138,0.3291654,0.027784087,0.002634986,0.510952,-0.0052767834,-0.01806535,0.47287548
11.777989,14.254828,9.569063,0,0,0,00:00.0,00:00.0,uploads\f2e6d795-3777-11f0-84b6-581122bb7f2c\20210509T000000+1000_REC_11.wav,False,0,0,0,0,0,0,0,0,0,0,0,0,insects,-6.0851097,0.31858742,-0.10571126,0.69690657,-0.34376377,0.21320921,0.3754114,0.041978482,0.01218088,0.52114516,0.014172711,-0.022815142,0.45427907
11.873473,14.22287,9.664254,0,0,0,00:00.0,00:00.0,uploads\f2e6d795-3777-11f0-84b6-581122bb7f2c\20210509T000000+1000_REC_12.wav,False,0,0,0,0,0,0,0,0,0,0,0,0,insects,-6.0807548,0.24194144,-0.1133845,0.76364106,-0.3052594,0.24723397,0.38286176,0.0395601,-0.01630121,0.5391925,0.016149053,-0.033404414,0.44468707
11.719803,14.180696,9.529273,0,0,0,00:00.0,00:00.0,uploads\f2e6d795-3777-11f0-84b6-581122bb7f2c\20210509T000000+1000_REC_13.wav,False,0,0,0,0,0,0,0,0,0,0,0,0,insects,-6.083714,0.26516977,-0.15030111,0.72570175,-0.27270463,0.22994302,0.41896513,0.069783635,-0.034882367,0.54317683,0.00016811026,0.007512375,0.44620344
11.9337845,14.247696,9.717321,0,0,0,00:00.0,00:00.0,uploads\f2e6d795-3777-11f0-84b6-581122bb7f2c\20210509T000000+1000_REC_14.wav,False,0,0,0,0,0,0,0,0,0,0,0,0,insects,-6.081231,0.2128318,-0.14604709,0.7623852,-0.2954381,0.26794076,0.36213687,0.075963646,0.00023668326,0.53230655,0.0136259245,-0.024556952,0.46941775
11.849224,14.27517,9.631501,0,0,0,00:00.0,00:00.0,uploads\f2e6d795-3777-11f0-84b6-581122bb7f2c\20210509T000000+1000_REC_15.wav,True,0,0,0,0,1,0,0,0,0,0,0,0,insects,-6.082703,0.19045451,-0.12675849,0.7663509,-0.28938293,0.22420885,0.39167744,0.07650415,-0.033681825,0.5492861,0.011858706,0.00047766324,0.42505854
11.884684,14.1813135,9.686796,0,0,0,00:00.0,00:00.0,uploads\f2e6d795-3777-11f0-84b6-581122bb7f2c\20210509T000000+1000_REC_16.wav,False,0,0,0,0,0,0,0,0,0,0,0,0,insects,-6.0754514,0.25974,-0.11284811,0.8204773,-0.342822,0.2569103,0.35917526,0.07337573,0.021572018,0.54330564,0.018555064,-0.021626808,0.4111176
11.851177,14.1614485,9.660058,0,0,0,00:00.0,00:00.0,uploads\f2e6d795-3777-11f0-84b6-581122bb7f2c\20210509T000000+1000_REC_17.wav,False,0,0,0,0,0,0,0,0,0,0,0,0,insects,-6.0802794,0.32239857,-0.12262572,0.7479608,-0.28673178,0.22482447,0.38756138,0.04855111,-0.011694505,0.5611281,-0.0103355525,-0.034414046,0.43429762
11.740647,14.482123,9.456477,0,0,0,00:00.0,00:00.0,uploads\f2e6d795-3777-11f0-84b6-581122bb7f2c\20210509T000000+1000_REC_18.wav,False,0,0,0,0,0,0,0,0,0,0,0,0,insects,-6.091193,0.2079602,-0.07425424,0.7251748,-0.2831519,0.22460625,0.36848432,0.013863054,-0.01174566,0.50755036,0.020258185,-0.0029464797,0.44438735
11.36975,14.331827,9.11171,0,0,0,00:00.0,00:00.0,uploads\f2e6d795-3777-11f0-84b6-581122bb7f2c\20210509T000000+1000_REC_19.wav,True,0,0,0,0,1,0,1,0,0,0,0,0,insects,-6.0885158,0.24327178,0.02485244,0.70319736,-0.22333454,0.114329144,0.43184438,0.0076668775,-0.07823378,0.56432563,-0.054427784,-0.049411334,0.4365028
12.128716,14.832988,9.536905,0,0,0,00:00.0,00:00.0,uploads\f2e6d795-3777-11f0-84b6-581122bb7f2c\20210509T000000+1000_REC_20.wav,False,0,0,0,0,0,0,0,0,0,0,0,0,insects,-6.097173,0.108844884,-0.031785827,0.6973314,-0.26809978,0.25867495,0.34396994,0.04724903,-0.0043387413,0.46678808,0.06795459,-0.067937724,0.46904588
11.892204,14.177307,9.697059,0,0,0,00:00.0,00:00.0,uploads\f2e6d795-3777-11f0-84b6-581122bb7f2c\20210509T000000+1000_REC_21.wav,False,0,0,0,0,0,0,0,0,0,0,0,0,insects,-6.0704,0.26220712,-0.08789255,0.8054409,-0.41309828,0.23021778,0.32198095,0.051167835,0.015582718,0.5612681,0.04854263,-0.067788094,0.42821896
12.090519,14.720333,9.581277,0,0,0,00:00.0,00:00.0,uploads\f2e6d795-3777-11f0-84b6-581122bb7f2c\20210509T000000+1000_REC_22.wav,False,0,0,0,0,0,0,0,0,0,0,0,0,insects,-6.0869684,0.2371099,-0.060647067,0.7447316,-0.30605757,0.24302904,0.34694764,0.05616675,-0.019063419,0.47576097,0.044818718,-0.10886124,0.4578592
12.038248,14.523278,9.650809,0,0,0,00:00.0,00:00.0,uploads\f2e6d795-3777-11f0-84b6-581122bb7f2c\20210509T000000+1000_REC_23.wav,False,0,0,0,0,0,0,0,0,0,0,0,0,insects,-6.0736055,0.2818225,-0.03657861,0.8146827,-0.37566438,0.2777623,0.31630924,0.07289709,-0.03233422,0.49115157,0.012857719,-0.110584,0.44572684
11.824634,14.278486,9.586522,0,0,0,00:00.0,00:00.0,uploads\f2e6d795-3777-11f0-84b6-581122bb7f2c\20210509T000000+1000_REC_24.wav,True,0,0,0,0,1,0,0,0,0,0,0,0,insects,-6.0795913,0.23635559,-0.11271807,0.79113585,-0.2756245,0.24254961,0.3884667,0.028148668,-0.04329646,0.5305754,0.048658244,-0.0027493779,0.47279707
11.74418,14.475852,9.458279,0,0,0,00:00.0,00:00.0,uploads\f2e6d795-3777-11f0-84b6-581122bb7f2c\20210509T000000+1000_REC_25.wav,False,0,0,0,0,0,0,0,0,0,0,0,0,insects,-6.08895,0.2610398,-0.06359653,0.75944614,-0.2871191,0.19386908,0.37716204,0.054370973,0.025086882,0.4980695,0.01943273,0.00022914559,0.45519823
11.505322,15.238425,8.583968,0,0,0,00:00.0,00:00.0,uploads\f2e6d795-3777-11f0-84b6-581122bb7f2c\20210509T000000+1000_REC_26.wav,False,0,0,0,0,0,0,0,0,0,0,0,0,insects,-6.101308,0.16193847,-0.016458187,0.686383,-0.16413149,0.14954263,0.414017,-0.014429719,-0.005125401,0.5164328,0.04412233,-0.01874501,0.4492699
11.53609,15.236737,8.593439,0,0,0,00:00.0,00:00.0,uploads\f2e6d795-3777-11f0-84b6-581122bb7f2c\20210509T000000+1000_REC_27.wav,False,0,0,0,0,0,0,0,0,0,0,0,0,insects,-6.099606,0.15710302,-0.005560718,0.6752526,-0.19319154,0.16542287,0.4200817,-0.009993207,-0.003966429,0.5156261,0.041623857,-0.03416952,0.46575347
11.92004,14.2408905,9.707216,0,0,0,00:00.0,00:00.0,uploads\f2e6d795-3777-11f0-84b6-581122bb7f2c\20210509T000000+1000_REC_28.wav,False,0,0,0,0,0,0,0,0,0,0,0,0,insects,-6.081953,0.22810262,-0.14018902,0.78469115,-0.26715225,0.21022768,0.3461768,0.026970368,-0.01441251,0.53637314,0.0037058643,0.0023786435,0.4602275
11.401613,14.265337,9.177409,0,0,0,00:00.0,00:00.0,uploads\f2e6d795-3777-11f0-84b6-581122bb7f2c\20210509T000000+1000_REC_29.wav,False,0,0,0,0,0,0,0,0,0,0,0,0,insects,-6.0835514,0.2797122,-0.12889233,0.7413961,-0.2566785,0.1601944,0.41279384,0.04328886,-0.06630497,0.56166375,-0.0037347395,0.022936156,0.42192167
11.87331,14.332054,9.616611,0,0,0,00:00.0,00:00.0,uploads\f2e6d795-3777-11f0-84b6-581122bb7f2c\20210509T000000+1000_REC_30.wav,True,0,0,0,0,1,0,0,0,0,0,0,0,insects,-6.0816274,0.2337508,-0.13483058,0.7938938,-0.28006122,0.22713244,0.38201946,0.046664387,-0.042285502,0.5041622,0.026138157,-0.010651284,0.43721417
12.170269,14.819692,9.580405,0,0,0,00:00.0,00:00.0,uploads\f2e6d795-3777-11f0-84b6-581122bb7f2c\20210509T000000+1000_REC_31.wav,False,0,0,0,0,0,0,0,0,0,0,0,0,insects,-6.089859,0.21343245,-0.008262247,0.7470926,-0.34186432,0.2911398,0.29928544,0.084185146,0.044815414,0.4697143,0.14530595,-0.058279768,0.48101896
11.647572,14.825496,9.315629,0,0,0,00:00.0,00:00.0,uploads\f2e6d795-3777-11f0-84b6-581122bb7f2c\20210509T000000+1000_REC_32.wav,False,0,0,0,0,0,0,0,0,0,0,0,0,insects,-6.0956316,0.2258066,-0.09505536,0.741846,-0.26034272,0.21341772,0.34235546,0.101313576,-0.022492107,0.46025738,0.03243677,0.03169835,0.44629052
11.45453,15.086072,8.819454,0,0,0,00:00.0,00:00.0,uploads\f2e6d795-3777-11f0-84b6-581122bb7f2c\20210509T000000+1000_REC_33.wav,True,0,0,0,0,1,0,0,0,0,0,0,0,insects,-6.1008058,0.10797042,-0.00723927,0.71039253,-0.2249486,0.123502746,0.39017075,0.06735058,-0.003014825,0.48438942,0.03182039,0.0017156875,0.445053
12.122225,14.632733,9.680344,0,0,0,00:00.0,00:00.0,uploads\f2e6d795-3777-11f0-84b6-581122bb7f2c\20210509T000000+1000_REC_34.wav,False,0,0,0,0,0,0,0,0,0,0,0,0,insects,-6.0827565,0.20246464,-0.13154972,0.8102235,-0.25902918,0.25296655,0.28526106,0.057347953,-0.026826752,0.5167549,0.07162831,-0.043879706,0.46294743
11.812109,14.105207,9.65028,0,0,0,00:00.0,00:00.0,uploads\f2e6d795-3777-11f0-84b6-581122bb7f2c\20210509T000000+1000_REC_35.wav,False,0,0,0,0,0,0,0,0,0,0,0,0,insects,-6.0855985,0.29030907,-0.17996524,0.7114186,-0.25941277,0.2300391,0.3486009,0.0359235,0.031146372,0.59922177,0.0025751037,0.02422602,0.41610172
11.766783,14.1958065,9.571749,0,0,0,00:00.0,00:00.0,uploads\f2e6d795-3777-11f0-84b6-581122bb7f2c\20210509T000000+1000_REC_36.wav,False,0,0,0,0,0,0,0,0,0,0,0,0,insects,-6.0859084,0.2651062,-0.14097662,0.7477506,-0.24604593,0.24152555,0.40615216,0.1011773,-0.0067097656,0.51798457,0.0018146274,-0.007763847,0.45767185
11.810669,14.165405,9.613005,0,0,0,00:00.0,00:00.0,uploads\f2e6d795-3777-11f0-84b6-581122bb7f2c\20210509T000000+1000_REC_37.wav,False,0,0,0,0,0,0,0,0,0,0,0,0,insects,-6.077747,0.30867755,-0.17697155,0.76135975,-0.28286102,0.23512517,0.42355677,0.062514596,-0.01156811,0.53519624,0.0054694302,-0.01637456,0.4434462
11.930512,14.2131,9.717406,0,0,0,00:00.0,00:00.0,uploads\f2e6d795-3777-11f0-84b6-581122bb7f2c\20210509T000000+1000_REC_38.wav,False,0,0,0,0,0,0,0,0,0,0,0,0,insects,-6.0829954,0.30468783,-0.13329075,0.75692326,-0.27813125,0.20700057,0.34044683,0.053926438,-0.019959915,0.54543054,0.016306851,-0.039315585,0.43908602
11.813664,14.959707,9.010032,0,0,0,00:00.0,00:00.0,uploads\f2e6d795-3777-11f0-84b6-581122bb7f2c\20210509T000000+1000_REC_39.wav,False,0,0,0,0,0,0,0,0,0,0,0,0,insects,-6.0984054,0.051180054,-0.024377177,0.6787558,-0.25036004,0.18073167,0.37470636,0.069541916,-0.0070019676,0.5240602,0.048507016,-0.01083762,0.45947468
12.128321,14.789576,9.541021,0,0,0,00:00.0,00:00.0,uploads\f2e6d795-3777-11f0-84b6-581122bb7f2c\20210509T000000+1000_REC_40.wav,False,0,0,0,0,0,0,0,0,0,0,0,0,insects,-6.088395,0.1686833,-0.12602517,0.78586507,-0.24398951,0.23654054,0.33615544,0.04363459,-0.008236248,0.47192198,0.046275035,-0.03916964,0.45803133
11.709052,14.324082,9.440114,0,0,0,00:00.0,00:00.0,uploads\f2e6d795-3777-11f0-84b6-581122bb7f2c\20210509T000000+1000_REC_41.wav,False,0,0,0,0,0,0,0,0,0,0,0,0,insects,-6.0866613,0.2542969,-0.15785784,0.71054,-0.2637163,0.21742547,0.40581843,0.02979339,-0.06783364,0.5233933,0.038973913,0.016716763,0.44829726
11.8117695,14.343059,9.553862,0,0,0,00:00.0,00:00.0,uploads\f2e6d795-3777-11f0-84b6-581122bb7f2c\20210509T000000+1000_REC_42.wav,False,0,0,0,0,0,0,0,0,0,0,0,0,insects,-6.0815616,0.27300385,-0.14078812,0.79916304,-0.25787336,0.20310152,0.34707788,0.113943174,-0.060585305,0.5278221,0.0041446197,0.01997396,0.44838014
11.500122,14.104525,9.35996,0,0,0,00:00.0,00:00.0,uploads\f2e6d795-3777-11f0-84b6-581122bb7f2c\20210509T000000+1000_REC_43.wav,False,0,0,0,0,0,0,0,0,0,0,0,0,insects,-6.0745454,0.31159657,-0.16991289,0.7538165,-0.27316937,0.15634812,0.46157128,0.115090355,-0.1029006,0.54556775,-0.036448598,0.08620168,0.46912095
11.899119,14.350687,9.648266,0,0,0,00:00.0,00:00.0,uploads\f2e6d795-3777-11f0-84b6-581122bb7f2c\20210509T000000+1000_REC_44.wav,False,0,0,0,0,0,0,0,0,0,0,0,0,insects,-6.0825415,0.27949423,-0.13725092,0.8037988,-0.2700598,0.19907667,0.35518232,0.06365258,-0.0022411318,0.51255,0.0324585,-0.016080346,0.43541554
11.827887,14.044081,9.694415,0,0,0,00:00.0,00:00.0,uploads\f2e6d795-3777-11f0-84b6-581122bb7f2c\20210509T000000+1000_REC_45.wav,True,0,0,0,0,1,0,0,0,0,0,0,0,insects,-6.075211,0.30806085,-0.17729366,0.8108113,-0.2554396,0.20979235,0.33752313,0.05286735,-0.022087082,0.5863543,-0.012747379,0.026181044,0.43357092
11.864623,13.937229,9.7694435,0,0,0,00:00.0,00:00.0,uploads\f2e6d795-3777-11f0-84b6-581122bb7f2c\20210509T000000+1000_REC_46.wav,False,0,0,0,0,0,0,0,0,0,0,0,0,insects,-6.069253,0.35113803,-0.12548283,0.81401896,-0.3513017,0.19611272,0.3148135,0.041617833,-0.057197016,0.56240743,0.04354504,-0.012189322,0.46274662
12.145707,14.772868,9.606994,0,0,0,00:00.0,00:00.0,uploads\f2e6d795-3777-11f0-84b6-581122bb7f2c\20210509T000000+1000_REC_47.wav,False,0,0,0,0,0,0,0,0,0,0,0,0,insects,-6.093708,0.2592469,-0.1099859,0.7589091,-0.25727442,0.22876552,0.2837995,0.04010684,0.040603224,0.47816452,0.09007393,-0.04413259,0.43325847
12.066965,14.483242,9.710588,0,0,0,00:00.0,00:00.0,uploads\f2e6d795-3777-11f0-84b6-581122bb7f2c\20210509T000000+1000_REC_48.wav,False,0,0,0,0,0,0,0,0,0,0,0,0,insects,-6.0776224,0.19656894,-0.18682371,0.7721758,-0.28558114,0.2930013,0.22936368,0.10652869,-0.08139705,0.5485379,0.04267801,-0.024225146,0.49416134
11.929502,14.663544,9.599182,0,0,0,00:00.0,00:00.0,uploads\f2e6d795-3777-11f0-84b6-581122bb7f2c\20210509T000000+1000_REC_49.wav,False,0,0,0,0,0,0,0,0,0,0,0,0,insects,-6.0793176,0.14700061,-0.11484992,0.79455096,-0.37093487,0.29538465,0.28516087,0.112159066,-0.04719786,0.47088477,0.031410757,-0.0096709095,0.45503867
11.963666,14.294918,9.74095,0,0,0,00:00.0,00:00.0,uploads\f2e6d795-3777-11f0-84b6-581122bb7f2c\20210509T000000+1000_REC_50.wav,False,0,0,0,0,0,0,0,0,0,0,0,0,insects,-6.085345,0.2722407,-0.20051011,0.75053805,-0.2403831,0.24587546,0.3653942,0.12824093,-0.026720388,0.5272345,0.05230981,-0.004332595,0.43887553
11.865549,13.905244,9.778801,0,0,0,00:00.0,00:00.0,uploads\f2e6d795-3777-11f0-84b6-581122bb7f2c\20210509T000000+1000_REC_51.wav,False,0,0,0,0,0,0,0,0,0,0,0,0,insects,-6.0649853,0.5296537,-0.040548664,0.7592655,-0.4083958,0.04915769,0.2844612,0.026866682,-0.034271095,0.5975816,0.024776595,0.022967396,0.4285383
11.981647,14.258307,9.771266,0,0,0,00:00.0,00:00.0,uploads\f2e6d795-3777-11f0-84b6-581122bb7f2c\20210509T000000+1000_REC_52.wav,False,0,0,0,0,0,0,0,0,0,0,0,0,insects,-6.0885596,0.3239275,-0.13284157,0.70278984,-0.31585425,0.1845561,0.35791674,0.12085146,-0.006549941,0.5377881,0.06754134,-0.009348856,0.41904306
12.076926,14.60677,9.656107,0,0,0,00:00.0,00:00.0,uploads\f2e6d795-3777-11f0-84b6-581122bb7f2c\20210509T000000+1000_REC_53.wav,False,0,0,0,0,0,0,0,0,0,0,0,0,insects,-6.0771728,0.2234148,-0.11478,0.7922127,-0.3237492,0.30359876,0.3509095,0.11671742,-0.03763616,0.5057022,0.0842581,-0.086198494,0.46622214
11.876631,13.958084,9.769034,0,0,0,00:00.0,00:00.0,uploads\f2e6d795-3777-11f0-84b6-581122bb7f2c\20210509T000000+1000_REC_54.wav,False,0,0,0,0,0,0,0,0,0,0,0,0,insects,-6.079589,0.3838607,-0.12638827,0.7895398,-0.30674168,0.1632645,0.30882013,0.075513765,-0.04648832,0.5540085,0.042774707,0.025868412,0.39671662
12.144649,14.758538,9.633565,0,0,0,00:00.0,00:00.0,uploads\f2e6d795-3777-11f0-84b6-581122bb7f2c\20210509T000000+1000_REC_55.wav,True,0,0,0,0,1,0,0,0,0,0,0,0,insects,-6.0890484,0.17891188,-0.10419535,0.7797593,-0.28720245,0.2954717,0.2726897,0.09007806,-0.047621958,0.48296154,0.12041124,-0.016233709,0.43310097
11.9479265,14.281966,9.735082,0,0,0,00:00.0,00:00.0,uploads\f2e6d795-3777-11f0-84b6-581122bb7f2c\20210509T000000+1000_REC_56.wav,False,0,0,0,0,0,0,0,0,0,0,0,0,insects,-6.08774,0.22524291,-0.13731103,0.7260435,-0.2917934,0.23636992,0.3727932,0.100584775,-0.05148958,0.5301248,0.023201711,0.00012428967,0.4135264
11.98907,14.335923,9.748743,0,0,0,00:00.0,00:00.0,uploads\f2e6d795-3777-11f0-84b6-581122bb7f2c\20210509T000000+1000_REC_57.wav,False,0,0,0,0,0,0,0,0,0,0,0,0,insects,-6.0836143,0.2513305,-0.12598331,0.74465257,-0.30626848,0.23651193,0.36134124,0.09630361,-0.06958809,0.5180638,0.03873626,-0.012673186,0.45603746
11.870596,13.986425,9.751152,0,0,0,00:00.0,00:00.0,uploads\f2e6d795-3777-11f0-84b6-581122bb7f2c\20210509T000000+1000_REC_58.wav,False,0,0,0,0,0,0,0,0,0,0,0,0,insects,-6.074446,0.28693876,-0.20327201,0.7726199,-0.30758226,0.2319309,0.31340513,0.08199752,-0.053170636,0.5819764,0.031581294,0.008692509,0.45494214
11.84991,13.91905,9.783096,0,0,0,00:00.0,00:00.0,uploads\f2e6d795-3777-11f0-84b6-581122bb7f2c\20210509T000000+1000_REC_59.wav,False,0,0,0,0,0,0,0,0,0,0,0,0,insects,-6.0696683,0.3465577,-0.19295736,0.78307766,-0.30285588,0.23892017,0.34842294,0.06724853,-0.09565008,0.56781054,0.021043954,-0.0241975,0.45806754
11.839751,13.931115,9.752513,0,0,0,00:00.0,00:00.0,uploads\f2e6d795-3777-11f0-84b6-581122bb7f2c\20210509T000000+1000_REC_60.wav,False,0,0,0,0,0,0,0,0,0,0,0,0,insects,-6.0653214,0.24484529,-0.18313251,0.8386225,-0.32811385,0.24475656,0.3536491,0.082386136,-0.10314234,0.57783026,0.035557665,0.02839701,0.45667762
11.546791,14.093283,9.409605,0,0,0,00:00.0,00:00.0,uploads\f2e6d795-3777-11f0-84b6-581122bb7f2c\20210509T000000+1000_REC_61.wav,False,0,0,0,0,0,0,0,0,0,0,0,0,insects,-6.079946,0.3243002,-0.15501277,0.74484396,-0.25072014,0.18005478,0.38809,0.10589069,-0.04477329,0.58259946,-0.037275508,0.0036933077,0.44249514
11.518789,14.260482,9.260058,0,0,0,00:00.0,00:00.0,uploads\f2e6d795-3777-11f0-84b6-581122bb7f2c\20210509T000000+1000_REC_62.wav,False,0,0,0,0,0,0,0,0,0,0,0,0,insects,-6.08895,0.25199464,-0.12447613,0.7409523,-0.21733718,0.18199432,0.35107172,0.044001643,-0.044858143,0.58197176,0.0037505361,0.06783381,0.42815113
11.925136,14.043957,9.750366,0,0,0,00:00.0,00:00.0,uploads\f2e6d795-3777-11f0-84b6-581122bb7f2c\20210509T000000+1000_REC_63.wav,False,0,0,0,0,0,0,0,0,0,0,0,0,insects,-6.074045,0.3746086,-0.038858432,0.84187585,-0.31381035,0.1954136,0.2768079,0.097317405,-0.07340292,0.53742445,-0.0458006,-0.046648026,0.39618924
12.019639,14.63262,9.66389,0,0,0,00:00.0,00:00.0,uploads\f2e6d795-3777-11f0-84b6-581122bb7f2c\20210509T000000+1000_REC_64.wav,False,0,0,0,0,0,0,0,0,0,0,0,0,insects,-6.087393,0.17655462,-0.051731814,0.7476722,-0.3200978,0.20737423,0.29172146,0.100497186,-0.06218283,0.537043,0.09459549,0.008163192,0.47999594
11.829247,14.106179,9.676734,0,0,0,00:00.0,00:00.0,uploads\f2e6d795-3777-11f0-84b6-581122bb7f2c\20210509T000000+1000_REC_65.wav,False,0,0,0,0,0,0,0,0,0,0,0,0,insects,-6.0689945,0.27613363,-0.24154833,0.803012,-0.32665482,0.27742,0.36863497,0.124711834,-0.015478388,0.5150456,-0.010991674,0.006831003,0.4765942
11.973174,14.311716,9.746195,0,0,0,00:00.0,00:00.0,uploads\f2e6d795-3777-11f0-84b6-581122bb7f2c\20210509T000000+1000_REC_66.wav,False,0,0,0,0,0,0,0,0,0,0,0,0,insects,-6.082956,0.3703241,-0.13309202,0.696766,-0.3056761,0.2373232,0.35850808,0.13234767,-0.02871319,0.5118265,0.016187476,-0.04585834,0.4981915
12.053814,14.404469,9.744029,0,0,0,00:00.0,00:00.0,uploads\f2e6d795-3777-11f0-84b6-581122bb7f2c\20210509T000000+1000_REC_67.wav,False,0,0,0,0,0,0,0,0,0,0,0,0,insects,-6.080604,0.28445432,-0.11192259,0.7944749,-0.27248898,0.2631819,0.31288248,0.05817417,-0.055386048,0.51652384,0.028965393,-0.041426923,0.46729833
12.114748,14.6627865,9.6129,0,0,0,00:00.0,00:00.0,uploads\f2e6d795-3777-11f0-84b6-581122bb7f2c\20210509T000000+1000_REC_68.wav,False,0,0,0,0,0,0,0,0,0,0,0,0,insects,-6.085904,0.23251484,-0.11743645,0.7864614,-0.26832795,0.22135769,0.34450182,0.06784623,-0.024875179,0.5191474,0.08101037,-0.03688775,0.42605036
11.898332,14.301591,9.651165,0,0,0,00:00.0,00:00.0,uploads\f2e6d795-3777-11f0-84b6-581122bb7f2c\20210509T000000+1000_REC_69.wav,False,0,0,0,0,0,0,0,0,0,0,0,0,insects,-6.080285,0.22488381,-0.14665784,0.80171776,-0.26771894,0.22495931,0.360195,0.05134501,-0.064604245,0.5350063,0.03261814,-0.00017881293,0.42864498
11.668722,13.926114,9.587822,0,0,0,00:00.0,00:00.0,uploads\f2e6d795-3777-11f0-84b6-581122bb7f2c\20210509T000000+1000_REC_70.wav,False,0,0,0,0,0,0,0,0,0,0,0,0,insects,-6.070029,0.2657908,-0.16928595,0.78395146,-0.32154238,0.22082151,0.38833964,0.08299337,-0.059035726,0.57515556,-0.019883733,-0.027424766,0.46278855
11.828523,13.90505,9.776961,0,0,0,00:00.0,00:00.0,uploads\f2e6d795-3777-11f0-84b6-581122bb7f2c\20210509T000000+1000_REC_71.wav,False,0,0,0,0,0,0,0,0,0,0,0,0,insects,-6.070167,0.33387,-0.22807884,0.77990633,-0.281675,0.23032476,0.34185666,0.088904515,-0.06533674,0.58014745,0.009605172,-0.043457165,0.45242092
11.888305,13.970628,9.767734,0,0,0,00:00.0,00:00.0,uploads\f2e6d795-3777-11f0-84b6-581122bb7f2c\20210509T000000+1000_REC_72.wav,False,0,0,0,0,0,0,0,0,0,0,0,0,insects,-6.0739713,0.36055595,-0.17218435,0.7500573,-0.29579535,0.23432113,0.33006456,0.053304937,-0.08374902,0.5429552,0.018504936,-0.035334844,0.5007577
11.954184,14.26507,9.728012,0,0,0,00:00.0,00:00.0,uploads\f2e6d795-3777-11f0-84b6-581122bb7f2c\20210509T000000+1000_REC_73.wav,True,0,0,0,0,1,0,0,0,0,0,0,0,insects,-6.0771723,0.25760856,-0.17022927,0.7592715,-0.33760205,0.26673025,0.30420163,0.09920394,-0.009914658,0.54943746,0.029621629,-0.014648729,0.4814533
12.077431,14.435876,9.755074,0,0,0,00:00.0,00:00.0,uploads\f2e6d795-3777-11f0-84b6-581122bb7f2c\20210509T000000+1000_REC_74.wav,False,0,0,0,0,0,0,0,0,0,0,0,0,insects,-6.086018,0.26738876,-0.19427308,0.7454983,-0.2281395,0.25106174,0.29338044,0.050969165,-0.0006749689,0.5210346,0.024299126,-0.049077403,0.47104275
11.942585,14.217858,9.728453,0,0,0,00:00.0,00:00.0,uploads\f2e6d795-3777-11f0-84b6-581122bb7f2c\20210509T000000+1000_REC_75.wav,False,0,0,0,0,0,0,0,0,0,0,0,0,insects,-6.084559,0.24578552,-0.13109931,0.74636644,-0.27240703,0.19322418,0.3132997,0.044758398,-0.06439916,0.55236536,0.012026141,-0.01682623,0.45099068
11.75233,13.97326,9.657847,0,0,0,00:00.0,00:00.0,uploads\f2e6d795-3777-11f0-84b6-581122bb7f2c\20210509T000000+1000_REC_76.wav,False,0,0,0,0,0,0,0,0,0,0,0,0,insects,-6.0695157,0.3277329,-0.19649616,0.77212244,-0.3473827,0.21641973,0.38074517,0.10758048,-0.03025696,0.569196,-0.018562995,-0.014429183,0.44286063
11.947595,14.293548,9.717846,0,0,0,00:00.0,00:00.0,uploads\f2e6d795-3777-11f0-84b6-581122bb7f2c\20210509T000000+1000_REC_77.wav,False,0,0,0,0,0,0,0,0,0,0,0,0,insects,-6.083199,0.25774118,-0.16016757,0.75536424,-0.2915321,0.23087169,0.34342566,0.0738858,-0.02536894,0.53121185,0.02286659,-0.0031027696,0.44976702
11.918015,14.315195,9.688336,0,0,0,00:00.0,00:00.0,uploads\f2e6d795-3777-11f0-84b6-581122bb7f2c\20210509T000000+1000_REC_78.wav,False,0,0,0,0,0,0,0,0,0,0,0,0,insects,-6.0834713,0.2836001,-0.16952483,0.7997741,-0.22182874,0.20633161,0.33134556,0.08424536,0.005183184,0.5369615,0.027099993,0.01243249,0.45753044
12.033963,14.392096,9.758566,0,0,0,00:00.0,00:00.0,uploads\f2e6d795-3777-11f0-84b6-581122bb7f2c\20210509T000000+1000_REC_79.wav,False,0,0,0,0,0,0,0,0,0,0,0,0,insects,-6.0856013,0.29272115,-0.13185528,0.7759636,-0.2253491,0.2488029,0.349952,0.07800896,-0.021730004,0.51413083,0.043991376,-0.019010494,0.47232506
12.090996,14.548378,9.702747,0,0,0,00:00.0,00:00.0,uploads\f2e6d795-3777-11f0-84b6-581122bb7f2c\20210509T000000+1000_REC_80.wav,False,0,0,0,0,0,0,0,0,0,0,0,0,insects,-6.0773745,0.2957311,-0.20560263,0.7455428,-0.3187284,0.2816262,0.3306276,0.10290773,-0.061740283,0.5138437,0.07465908,-0.056001652,0.4625091
11.764063,14.8218975,9.302883,0,0,0,00:00.0,00:00.0,uploads\f2e6d795-3777-11f0-84b6-581122bb7f2c\20210509T000000+1000_REC_81.wav,False,0,0,0,0,0,0,0,0,0,0,0,0,insects,-6.0983953,0.22441132,-0.11776484,0.6968593,-0.24159633,0.19824317,0.36181682,0.099224634,-0.01130058,0.48676682,0.03679722,-0.023854077,0.420022
11.484991,14.508704,9.08617,0,0,0,00:00.0,00:00.0,uploads\f2e6d795-3777-11f0-84b6-581122bb7f2c\20210509T000000+1000_REC_82.wav,True,0,0,0,0,1,0,0,0,0,0,0,0,insects,-6.087561,0.23806295,-0.1390165,0.771414,-0.2410704,0.18082973,0.37851402,0.08369467,-0.03055782,0.5249692,-0.0025339732,0.0039244676,0.40393212
11.944583,14.3701515,9.692531,0,0,0,00:00.0,00:00.0,uploads\f2e6d795-3777-11f0-84b6-581122bb7f2c\20210509T000000+1000_REC_83.wav,False,0,0,0,0,0,0,0,0,0,0,0,0,insects,-6.0790553,0.28007054,-0.21798609,0.7728124,-0.31872666,0.24071679,0.33448127,0.11364037,-0.06918486,0.48064804,0.035807263,0.016667401,0.44011578
12.019461,14.418509,9.743609,0,0,0,00:00.0,00:00.0,uploads\f2e6d795-3777-11f0-84b6-581122bb7f2c\20210509T000000+1000_REC_84.wav,False,0,0,0,0,0,0,0,0,0,0,0,0,insects,-6.0808797,0.1878842,-0.17482266,0.788784,-0.26594296,0.20537715,0.32111886,0.10613814,-0.07522651,0.53802675,0.0556136,-0.01936515,0.45352373
12.009804,14.361922,9.7471285,0,0,0,00:00.0,00:00.0,uploads\f2e6d795-3777-11f0-84b6-581122bb7f2c\20210509T000000+1000_REC_85.wav,False,0,0,0,0,0,0,0,0,0,0,0,0,insects,-6.076269,0.24710348,-0.17015621,0.79734606,-0.2903367,0.23373428,0.35665905,0.10278946,-0.080079794,0.51418144,0.03094756,-0.034431405,0.46676984
11.3629055,14.348184,9.089007,0,0,0,00:00.0,00:00.0,uploads\f2e6d795-3777-11f0-84b6-581122bb7f2c\20210509T000000+1000_REC_86.wav,False,0,0,0,0,0,0,0,0,0,0,0,0,insects,-6.0800076,0.26599103,-0.1794956,0.79815227,-0.23214069,0.13435556,0.3867505,0.059783317,-0.102977864,0.53871423,-0.0012398994,0.019038988,0.3871845
11.549227,14.517151,9.12361,0,0,0,00:00.0,00:00.0,uploads\f2e6d795-3777-11f0-84b6-581122bb7f2c\20210509T000000+1000_REC_87.wav,False,0,0,0,0,0,0,0,0,0,0,0,0,insects,-6.0859385,0.19470899,-0.1754882,0.78049445,-0.23398548,0.15043715,0.36610156,0.10192979,-0.05122383,0.53067935,0.03367596,0.025658576,0.42225817
11.531113,14.313002,9.246755,0,0,0,00:00.0,00:00.0,uploads\f2e6d795-3777-11f0-84b6-581122bb7f2c\20210509T000000+1000_REC_88.wav,False,0,0,0,0,0,0,0,0,0,0,0,0,insects,-6.0822315,0.23236276,-0.1919637,0.7924125,-0.2064476,0.15034112,0.3422953,0.077908546,-0.08800901,0.5428554,0.018871034,0.05060445,0.45493573
11.701418,14.581779,9.366642,0,0,0,00:00.0,00:00.0,uploads\f2e6d795-3777-11f0-84b6-581122bb7f2c\20210509T000000+1000_REC_89.wav,False,0,0,0,0,0,0,0,0,0,0,0,0,insects,-6.081947,0.2181103,-0.19961286,0.8276035,-0.264256,0.1727019,0.3517655,0.090445496,-0.018264923,0.48121604,0.03734718,-0.005884574,0.40011448
11.67723,14.80974,9.210233,0,0,0,00:00.0,00:00.0,uploads\f2e6d795-3777-11f0-84b6-581122bb7f2c\20210509T000000+1000_REC_90.wav,True,0,0,0,0,1,0,0,0,0,0,0,0,insects,-6.095971,0.21189596,-0.14354673,0.7209516,-0.22509137,0.1812249,0.35679144,0.07063292,-0.026247047,0.48912033,0.029077182,-0.0032314332,0.42175007
12.047388,14.381488,9.771356,0,0,0,00:00.0,00:00.0,uploads\f2e6d795-3777-11f0-84b6-581122bb7f2c\20210509T000000+1000_REC_91.wav,False,0,0,0,0,0,0,0,0,0,0,0,0,insects,-6.0792193,0.25477853,-0.09723297,0.8440706,-0.23631394,0.2552974,0.3574102,0.09138957,-0.06947558,0.5159914,0.032987624,-0.0583862,0.42145178
11.9775305,14.615317,9.639262,0,0,0,00:00.0,00:00.0,uploads\f2e6d795-3777-11f0-84b6-581122bb7f2c\20210509T000000+1000_REC_92.wav,False,0,0,0,0,0,0,0,0,0,0,0,0,insects,-6.089051,0.23638186,-0.107352145,0.78231287,-0.2495765,0.19166787,0.28294373,0.10464907,-0.05008531,0.48778045,0.043971043,-0.030505376,0.46440712
11.804882,14.849787,9.08898,0,0,0,00:00.0,00:00.0,uploads\f2e6d795-3777-11f0-84b6-581122bb7f2c\20210509T000000+1000_REC_93.wav,False,0,0,0,0,0,0,0,0,0,0,0,0,insects,-6.097766,0.16078426,-0.07220187,0.71225375,-0.22090347,0.18073027,0.34808174,0.07236497,-0.045987535,0.51939523,0.042428378,-0.021155547,0.42820296
11.910319,14.950963,9.050478,0,0,0,00:00.0,00:00.0,uploads\f2e6d795-3777-11f0-84b6-581122bb7f2c\20210509T000000+1000_REC_94.wav,False,0,0,0,0,0,0,0,0,0,0,0,0,insects,-6.0935683,0.12793233,-0.09347831,0.6968684,-0.25782737,0.17359768,0.39859292,0.04613103,-0.030328266,0.5091111,0.02503982,-0.043033347,0.43449038
11.397117,14.755364,8.817696,0,0,0,00:00.0,00:00.0,uploads\f2e6d795-3777-11f0-84b6-581122bb7f2c\20210509T000000+1000_REC_95.wav,False,0,0,0,0,0,0,0,0,0,0,0,0,insects,-6.0952735,0.20325777,-0.1571774,0.7205188,-0.19001517,0.13295093,0.40392354,0.061273485,-0.057122372,0.5003559,0.041296642,0.027965162,0.41522574
11.561534,14.737104,8.845761,0,0,0,00:00.0,00:00.0,uploads\f2e6d795-3777-11f0-84b6-581122bb7f2c\20210509T000000+1000_REC_98.wav,False,0,0,0,0,0,0,0,0,0,0,0,0,insects,-6.09368,0.21577176,-0.11293801,0.69432586,-0.2634511,0.1239038,0.37765372,0.07355082,-0.04630532,0.5446639,0.05515658,-0.021780996,0.39712796
12.132548,14.81061,9.495761,0,0,0,00:00.0,00:00.0,uploads\f2e6d795-3777-11f0-84b6-581122bb7f2c\20210509T000000+1000_REC_99.wav,True,0,0,0,0,1,0,0,0,0,0,0,0,insects,-6.091451,0.14778143,-0.09238168,0.71379447,-0.23625378,0.21397306,0.3377561,0.06455824,-0.031972323,0.5438953,0.050586794,-0.0883507,0.45597672
12.127032,14.84405,9.538605,0,0,0,00:00.0,00:00.0,uploads\f2e6d795-3777-11f0-84b6-581122bb7f2c\20210509T000000+1000_REC_100.wav,False,0,0,0,0,0,0,0,0,0,0,0,0,insects,-6.098737,0.14504722,-0.028712751,0.7196264,-0.26133788,0.23105499,0.2972474,0.036481984,-0.018515674,0.4729375,0.12260135,-0.048159163,0.45163524
12.079222,14.54795,9.713161,0,0,0,00:00.0,00:00.0,uploads\f2e6d795-3777-11f0-84b6-581122bb7f2c\20210509T000000+1000_REC_101.wav,False,0,0,0,0,0,0,0,0,0,0,0,0,insects,-6.0885653,0.25594935,-0.14095059,0.7234388,-0.24939372,0.25619078,0.3162679,0.09537387,-0.08675381,0.5046547,0.053909402,-0.058443733,0.46138763
12.122319,14.749523,9.583095,0,0,0,00:00.0,00:00.0,uploads\f2e6d795-3777-11f0-84b6-581122bb7f2c\20210509T000000+1000_REC_102.wav,False,0,0,0,0,0,0,0,0,0,0,0,0,insects,-6.0913024,0.2628064,-0.08605834,0.7486313,-0.2312109,0.26504588,0.3597827,0.056165617,-0.042424843,0.5072971,0.088494025,-0.057287816,0.42115128
12.056256,14.922136,9.42806,0,0,0,00:00.0,00:00.0,uploads\f2e6d795-3777-11f0-84b6-581122bb7f2c\20210509T000000+1000_REC_103.wav,True,0,0,0,0,1,0,0,0,0,0,0,0,insects,-6.0967402,0.026493387,0.0004506553,0.6906147,-0.27416867,0.20701903,0.26295653,0.1255626,-0.08687803,0.49236766,0.08019177,-0.08573484,0.4520041
11.578848,14.754006,8.84635,0,0,0,00:00.0,00:00.0,uploads\f2e6d795-3777-11f0-84b6-581122bb7f2c\20210509T000000+1000_REC_104.wav,False,0,0,0,0,0,0,0,0,0,0,0,0,insects,-6.097777,0.20360875,-0.04108546,0.6411473,-0.2669958,0.15912993,0.40972647,0.10686796,-0.008661835,0.5778863,0.07696024,-0.046029933,0.4082123
11.703338,15.173072,8.71748,0,0,0,00:00.0,00:00.0,uploads\f2e6d795-3777-11f0-84b6-581122bb7f2c\20210509T000000+1000_REC_105.wav,False,0,0,0,0,0,0,0,0,0,0,0,0,insects,-6.099833,0.14980319,0.009372339,0.68465376,-0.21415137,0.15781365,0.37961712,0.031635392,-0.027311102,0.5226803,0.10428869,-0.06516515,0.45516708
11.974163,14.94773,9.132884,0,0,0,00:00.0,00:00.0,uploads\f2e6d795-3777-11f0-84b6-581122bb7f2c\20210509T000000+1000_REC_106.wav,False,0,0,0,0,0,0,0,0,0,0,0,0,insects,-6.093823,0.1537177,0.007005082,0.7269757,-0.26247022,0.17699929,0.35054132,0.049339868,-0.051101428,0.516986,0.061343007,-0.056480628,0.4528126
12.148752,14.800197,9.52483,0,0,0,00:00.0,00:00.0,uploads\f2e6d795-3777-11f0-84b6-581122bb7f2c\20210509T000000+1000_REC_107.wav,False,0,0,0,0,0,0,0,0,0,0,0,0,insects,-6.09292,0.12953764,-0.09313303,0.72566557,-0.24250287,0.21425669,0.32637143,0.04785636,-0.05445451,0.5067741,0.061456624,-0.05419555,0.4548038
12.118189,14.71647,9.5882015,0,0,0,00:00.0,00:00.0,uploads\f2e6d795-3777-11f0-84b6-581122bb7f2c\20210509T000000+1000_REC_108.wav,False,0,0,0,0,0,0,0,0,0,0,0,0,insects,-6.087398,0.18979423,-0.08219066,0.75843734,-0.2846907,0.21303484,0.33086795,0.06739145,-0.029509474,0.5360208,0.041868113,-0.058781844,0.427899
11.577347,14.568424,9.16347,0,0,0,00:00.0,00:00.0,uploads\f2e6d795-3777-11f0-84b6-581122bb7f2c\20210509T000000+1000_REC_109.wav,False,0,0,0,0,0,0,0,0,0,0,0,0,insects,-6.091317,0.16189118,-0.08710969,0.7152251,-0.22070344,0.20138602,0.4160931,0.064447984,-0.13159187,0.5049195,0.013804546,0.03957321,0.45483777
11.367439,15.07726,8.730563,0,0,0,00:00.0,00:00.0,uploads\f2e6d795-3777-11f0-84b6-581122bb7f2c\20210509T000000+1000_REC_110.wav,False,0,0,0,0,0,0,0,0,0,0,0,0,insects,-6.0983014,0.099541835,0.029657584,0.6962346,-0.22661492,0.123815805,0.4054529,0.036830794,-0.08911134,0.5226073,0.018678384,0.05951017,0.42982525
11.208055,15.320124,8.520828,0,0,0,00:00.0,00:00.0,uploads\f2e6d795-3777-11f0-84b6-581122bb7f2c\20210509T000000+1000_REC_111.wav,False,0,0,0,0,0,0,0,0,0,0,0,0,insects,-6.109369,0.1272801,0.028959243,0.6852813,-0.14717966,0.09685202,0.40453407,0.044078935,-0.02609661,0.4585844,0.031616874,0.022251854,0.4185262
12.073741,14.862708,9.510236,0,0,0,00:00.0,00:00.0,uploads\f2e6d795-3777-11f0-84b6-581122bb7f2c\20210509T000000+1000_REC_112.wav,False,0,0,0,0,0,0,0,0,0,0,0,0,insects,-6.0976496,0.18380764,-0.103275314,0.7190226,-0.21516845,0.21542835,0.35262963,0.055025008,-0.053724363,0.45356598,0.07564365,-0.058244,0.44032788
12.162031,14.761004,9.526724,0,0,0,00:00.0,00:00.0,uploads\f2e6d795-3777-11f0-84b6-581122bb7f2c\20210509T000000+1000_REC_113.wav,False,0,0,0,0,0,0,0,0,0,0,0,0,insects,-6.086789,0.13205813,-0.10582499,0.7644614,-0.24084567,0.23701937,0.3536702,0.047309052,-0.091523826,0.5088475,0.05038531,-0.039493036,0.4511042
12.019002,14.961387,9.395479,0,0,0,00:00.0,00:00.0,uploads\f2e6d795-3777-11f0-84b6-581122bb7f2c\20210509T000000+1000_REC_114.wav,False,0,0,0,0,0,0,0,0,0,0,0,0,insects,-6.104345,0.12402335,-0.059525862,0.71168345,-0.20846385,0.17483401,0.2728049,0.13401645,-0.04377848,0.462468,0.13109666,-0.08008863,0.4074351
11.8958235,14.942253,9.047966,0,0,0,00:00.0,00:00.0,uploads\f2e6d795-3777-11f0-84b6-581122bb7f2c\20210509T000000+1000_REC_115.wav,False,0,0,0,0,0,0,0,0,0,0,0,0,insects,-6.098458,0.08536737,-0.034478176,0.684094,-0.2432223,0.18764989,0.3762438,0.065929584,-0.03358789,0.51446664,0.03871246,-0.06678404,0.41209477
11.56097,15.236075,8.590373,0,0,0,00:00.0,00:00.0,uploads\f2e6d795-3777-11f0-84b6-581122bb7f2c\20210509T000000+1000_REC_116.wav,True,0,0,0,0,1,0,0,0,0,0,0,0,insects,-6.1039476,0.095093325,-0.02553287,0.6662202,-0.16876025,0.14809717,0.38563442,0.03319729,-0.028596468,0.49423912,0.07584421,-0.05008895,0.46233734
11.745633,14.791844,9.1032,0,0,0,00:00.0,00:00.0,uploads\f2e6d795-3777-11f0-84b6-581122bb7f2c\20210509T000000+1000_REC_117.wav,False,0,0,0,0,0,0,0,0,0,0,0,0,insects,-6.096708,0.11847188,-0.12462889,0.66670656,-0.24514826,0.20272289,0.34863463,0.05476603,-0.083224684,0.54600304,0.04568633,0.039245356,0.41197547
12.025312,14.388778,9.759742,0,0,0,00:00.0,00:00.0,uploads\f2e6d795-3777-11f0-84b6-581122bb7f2c\20210509T000000+1000_REC_118.wav,False,0,0,0,0,0,0,0,0,0,0,0,0,insects,-6.086945,0.20454033,-0.16459566,0.72101116,-0.2884803,0.20705432,0.32432327,0.08635471,-0.05466355,0.52507436,0.016606586,-0.025452154,0.44568887
12.068352,14.689721,9.574881,0,0,0,00:00.0,00:00.0,uploads\f2e6d795-3777-11f0-84b6-581122bb7f2c\20210509T000000+1000_REC_119.wav,False,0,0,0,0,0,0,0,0,0,0,0,0,insects,-6.0838604,0.19331962,-0.18812543,0.7690809,-0.24686974,0.23288308,0.3802653,0.07015014,-0.100109614,0.5143137,0.08577746,-0.019887952,0.40399066
11.9394865,14.797514,9.4828825,0,0,0,00:00.0,00:00.0,uploads\f2e6d795-3777-11f0-84b6-581122bb7f2c\20210509T000000+1000_REC_120.wav,False,0,0,0,0,0,0,0,0,0,0,0,0,insects,-6.096367,0.22510986,-0.13008654,0.7115912,-0.22658373,0.22611608,0.33424604,0.09438767,-0.067409866,0.48148432,0.06893584,-0.025940048,0.43507025
12.1423645,14.837305,9.549389,0,0,0,00:00.0,00:00.0,uploads\f2e6d795-3777-11f0-84b6-581122bb7f2c\20210509T000000+1000_REC_121.wav,False,0,0,0,0,0,0,0,0,0,0,0,0,insects,-6.0957184,0.06638884,-0.113757215,0.6972813,-0.25560877,0.26993,0.36949417,0.07990594,-0.019804489,0.46587205,0.12676643,-0.09096946,0.41779527
11.337411,15.284624,8.566114,0,0,0,00:00.0,00:00.0,uploads\f2e6d795-3777-11f0-84b6-581122bb7f2c\20210509T000000+1000_REC_122.wav,True,0,0,0,0,1,0,0,0,0,0,0,0,insects,-6.1017694,0.09782512,-0.08865751,0.66354007,-0.15210949,0.15834723,0.4177948,0.031967517,-0.07537789,0.53065616,0.06710479,-0.015927263,0.39733306
12.072603,14.751767,9.504293,0,0,0,00:00.0,00:00.0,uploads\f2e6d795-3777-11f0-84b6-581122bb7f2c\20210509T000000+1000_REC_123.wav,False,0,0,0,0,0,0,0,0,0,0,0,0,insects,-6.0858088,0.19709279,-0.11493126,0.7932599,-0.23860753,0.18677428,0.3729678,0.049706273,-0.046812374,0.5077133,0.053739224,-0.04031014,0.43538707
11.652588,14.92279,9.255068,0,0,0,00:00.0,00:00.0,uploads\f2e6d795-3777-11f0-84b6-581122bb7f2c\20210509T000000+1000_REC_124.wav,False,0,0,0,0,0,0,0,0,0,0,0,0,insects,-6.0915694,0.19358738,-0.18138215,0.74531907,-0.26269788,0.23593749,0.38016668,0.055423226,-0.02374992,0.48446763,0.07126572,0.019561956,0.3698604
11.412673,14.770729,8.824747,0,0,0,00:00.0,00:00.0,uploads\f2e6d795-3777-11f0-84b6-581122bb7f2c\20210509T000000+1000_REC_125.wav,False,0,0,0,0,0,0,0,0,0,0,0,0,insects,-6.0926175,0.2084455,-0.19103466,0.74499655,-0.18896331,0.16288316,0.394534,0.05703659,0.0092794,0.4926554,0.05470809,0.046314828,0.4544066
11.645589,14.7504225,9.10298,0,0,0,00:00.0,00:00.0,uploads\f2e6d795-3777-11f0-84b6-581122bb7f2c\20210509T000000+1000_REC_126.wav,False,0,0,0,0,0,0,0,0,0,0,0,0,insects,-6.1027164,0.21712406,-0.15415567,0.6927259,-0.16124728,0.1845671,0.3468336,0.08106848,-0.04981103,0.4924091,0.038393814,0.045567222,0.4090179
11.981996,14.981783,9.357022,0,0,0,00:00.0,00:00.0,uploads\f2e6d795-3777-11f0-84b6-581122bb7f2c\20210509T000000+1000_REC_127.wav,False,0,0,0,0,0,0,0,0,0,0,0,0,insects,-6.1051593,0.06712589,-0.062890865,0.6951863,-0.23389997,0.16477601,0.26703808,0.08734908,0.012341714,0.49178934,0.097134896,-0.010285687,0.41376
11.724364,15.16101,9.231663,0,0,0,00:00.0,00:00.0,uploads\f2e6d795-3777-11f0-84b6-581122bb7f2c\20210509T000000+1000_REC_128.wav,False,0,0,0,0,0,0,0,0,0,0,0,0,insects,-6.1011972,0.13908134,-0.106575616,0.68508506,-0.2351919,0.15744968,0.3725461,0.054406267,-0.046013918,0.43023282,0.09113796,-0.05013939,0.4271526
11.692817,15.160375,9.218133,0,0,0,00:00.0,00:00.0,uploads\f2e6d795-3777-11f0-84b6-581122bb7f2c\20210509T000000+1000_REC_129.wav,False,0,0,0,0,0,0,0,0,0,0,0,0,insects,-6.097407,0.16877906,-0.04297484,0.7621281,-0.26084578,0.16779977,0.3463186,0.036296465,-0.019539446,0.4506987,0.110057354,-0.024427608,0.4004816
11.626862,14.712246,8.891559,0,0,0,00:00.0,00:00.0,uploads\f2e6d795-3777-11f0-84b6-581122bb7f2c\20210509T000000+1000_REC_131.wav,False,0,0,0,0,0,0,0,0,0,0,0,0,insects,-6.0896235,0.3054122,-0.25536814,0.68373334,-0.2553499,0.19883935,0.41525692,0.12922126,-0.038548138,0.46330312,0.04966038,-0.012463941,0.40103608
11.505608,14.748735,8.839789,0,0,0,00:00.0,00:00.0,uploads\f2e6d795-3777-11f0-84b6-581122bb7f2c\20210509T000000+1000_REC_132.wav,False,0,0,0,0,0,0,0,0,0,0,0,0,insects,-6.098972,0.1813392,-0.08218359,0.72136873,-0.21333136,0.12716675,0.38598952,0.08276591,-0.04377566,0.5036706,0.07052794,-0.01946736,0.38567725
11.242362,14.889736,8.7465925,0,0,0,00:00.0,00:00.0,uploads\f2e6d795-3777-11f0-84b6-581122bb7f2c\20210509T000000+1000_REC_133.wav,False,0,0,0,0,0,0,0,0,0,0,0,0,insects,-6.105599,0.23693208,-0.1232808,0.68630946,-0.1489316,0.06829097,0.39476964,0.09018562,-0.016866472,0.4687228,0.036278695,0.054055575,0.40197754
11.377398,14.773674,8.831863,0,0,0,00:00.0,00:00.0,uploads\f2e6d795-3777-11f0-84b6-581122bb7f2c\20210509T000000+1000_REC_134.wav,False,0,0,0,0,0,0,0,0,0,0,0,0,insects,-6.105625,0.13646397,-0.05580927,0.694069,-0.23936945,0.09027653,0.41789758,0.16646414,-0.018305,0.43443733,0.04279326,0.017022837,0.3476219
11.785859,14.863716,9.394514,0,0,0,00:00.0,00:00.0,uploads\f2e6d795-3777-11f0-84b6-581122bb7f2c\20210509T000000+1000_REC_135.wav,False,0,0,0,0,0,0,0,0,0,0,0,0,insects,-6.0975695,0.10023799,-0.088418856,0.7426948,-0.24830675,0.20854858,0.35780415,0.1333611,-0.037067115,0.46875066,0.0749443,-0.011474594,0.3958644
11.612135,14.760703,9.152326,0,0,0,00:00.0,00:00.0,uploads\f2e6d795-3777-11f0-84b6-581122bb7f2c\20210509T000000+1000_REC_136.wav,False,0,0,0,0,0,0,0,0,0,0,0,0,insects,-6.106142,0.14662676,-0.13836445,0.6802872,-0.22221436,0.17680544,0.35026228,0.14105777,-0.06919634,0.43733907,0.04733595,0.09636439,0.37104824
11.589988,14.708891,9.098136,0,0,0,00:00.0,00:00.0,uploads\f2e6d795-3777-11f0-84b6-581122bb7f2c\20210509T000000+1000_REC_137.wav,False,0,0,0,0,0,0,0,0,0,0,0,0,insects,-6.0932016,0.24653098,-0.17240636,0.7634352,-0.20294145,0.19733492,0.37682736,0.11632387,-0.04527404,0.48725215,0.027158506,0.04742392,0.3807442
11.243161,15.096106,8.76187,0,0,0,00:00.0,00:00.0,uploads\f2e6d795-3777-11f0-84b6-581122bb7f2c\20210509T000000+1000_REC_138.wav,False,0,0,0,0,0,0,0,0,0,0,0,0,insects,-6.1056094,0.13212913,-0.052140098,0.6420954,-0.19410574,0.14788382,0.4471249,0.057515144,-0.036972236,0.4502178,0.029864723,-0.0070000817,0.43467504
11.279043,14.648169,8.700537,0,0,0,00:00.0,00:00.0,uploads\f2e6d795-3777-11f0-84b6-581122bb7f2c\20210509T000000+1000_REC_139.wav,False,0,0,0,0,0,0,0,0,0,0,0,0,insects,-6.09229,0.14525026,-0.12371614,0.709655,-0.23960443,0.12982339,0.49693483,0.117469326,-0.049092826,0.45431027,0.048416648,-0.024948783,0.42529055
11.432984,14.710742,8.8102255,0,0,0,00:00.0,00:00.0,uploads\f2e6d795-3777-11f0-84b6-581122bb7f2c\20210509T000000+1000_REC_140.wav,False,0,0,0,0,0,0,0,0,0,0,0,0,insects,-6.0932493,0.19472764,-0.11670752,0.76118547,-0.20974843,0.112831146,0.40709814,0.06588008,-0.04797882,0.5003506,0.048106402,0.005500761,0.38468477
11.778816,15.094254,9.313568,0,0,0,00:00.0,00:00.0,uploads\f2e6d795-3777-11f0-84b6-581122bb7f2c\20210509T000000+1000_REC_141.wav,False,0,0,0,0,0,0,0,0,0,0,0,0,insects,-6.0867167,0.1562374,-0.11141199,0.83164203,-0.24849358,0.17447191,0.33465093,0.06490381,-0.035878632,0.45848775,0.12708353,-0.035554357,0.4368695
11.405493,14.752528,8.811238,0,0,0,00:00.0,00:00.0,uploads\f2e6d795-3777-11f0-84b6-581122bb7f2c\20210509T000000+1000_REC_142.wav,False,0,0,0,0,0,0,0,0,0,0,0,0,insects,-6.094636,0.19022386,-0.13133635,0.7382604,-0.22518465,0.12414582,0.4057605,0.06371971,-0.035618853,0.48130396,0.050449543,0.016162166,0.41130078
11.401263,14.709427,8.808829,0,0,0,00:00.0,00:00.0,uploads\f2e6d795-3777-11f0-84b6-581122bb7f2c\20210509T000000+1000_REC_143.wav,False,0,0,0,0,0,0,0,0,0,0,0,0,insects,-6.0942607,0.108893044,-0.088622175,0.7521359,-0.22084936,0.09449347,0.4202107,0.08867757,-0.0689685,0.49931252,0.009607918,0.06970247,0.3756362
11.152907,15.335867,8.460317,0,0,0,00:00.0,00:00.0,uploads\f2e6d795-3777-11f0-84b6-581122bb7f2c\20210509T000000+1000_REC_144.wav,False,0,0,0,0,0,0,0,0,0,0,0,0,insects,-6.0971003,0.15533735,-0.06592521,0.6958859,-0.15476839,0.04782744,0.48808825,0.02658615,-0.052461147,0.5120301,0.03158955,0.04573038,0.42675978
11.303238,14.675019,8.721982,0,0,0,00:00.0,00:00.0,uploads\f2e6d795-3777-11f0-84b6-581122bb7f2c\20210509T000000+1000_REC_145.wav,False,0,0,0,0,0,0,0,0,0,0,0,0,insects,-6.087706,0.13314267,-0.13947318,0.73184675,-0.22558446,0.14688885,0.46621364,0.048054673,-0.08675667,0.5086669,0.07370632,-0.00729049,0.43009198
11.56062,14.713655,8.941401,0,0,0,00:00.0,00:00.0,uploads\f2e6d795-3777-11f0-84b6-581122bb7f2c\20210509T000000+1000_REC_146.wav,False,0,0,0,0,0,0,0,0,0,0,0,0,insects,-6.083119,0.12583956,-0.099785954,0.8162665,-0.27219748,0.15128785,0.39675862,0.089987814,-0.07432694,0.50634235,0.044890754,-0.0026395812,0.40287
11.400414,14.675622,8.805478,0,0,0,00:00.0,00:00.0,uploads\f2e6d795-3777-11f0-84b6-581122bb7f2c\20210509T000000+1000_REC_147.wav,False,0,0,0,0,0,0,0,0,0,0,0,0,insects,-6.0899663,0.19714737,-0.13393931,0.7841887,-0.19631988,0.11225005,0.4124752,0.098781,-0.02966752,0.5187232,0.08245805,0.021308245,0.41937798
11.297452,14.633093,8.823711,0,0,0,00:00.0,00:00.0,uploads\f2e6d795-3777-11f0-84b6-581122bb7f2c\20210509T000000+1000_REC_148.wav,False,0,0,0,0,0,0,0,0,0,0,0,0,insects,-6.0853086,0.25526333,-0.08367014,0.78585297,-0.26195714,0.058738947,0.38597393,0.041753486,-0.076263785,0.49247578,0.067451,0.0398735,0.4584554
11.854734,14.815059,9.497397,0,0,0,00:00.0,00:00.0,uploads\f2e6d795-3777-11f0-84b6-581122bb7f2c\20210509T000000+1000_REC_149.wav,False,0,0,0,0,0,0,0,0,0,0,0,0,insects,-6.0852156,0.1304235,-0.09209102,0.7942632,-0.30725008,0.20471686,0.36923832,0.09130239,-0.023910591,0.46800438,0.050831813,-0.014437561,0.455742
11.291011,15.136029,8.639811,0,0,0,00:00.0,00:00.0,uploads\f2e6d795-3777-11f0-84b6-581122bb7f2c\20210509T000000+1000_REC_150.wav,False,0,0,0,0,0,0,0,0,0,0,0,0,insects,-6.0962152,0.14709976,-0.027640892,0.68560404,-0.21777715,0.026550822,0.41256997,0.029521473,-0.045098033,0.55047935,0.026761638,0.09585025,0.45477188
11.299593,14.719943,8.72526,0,0,0,00:00.0,00:00.0,uploads\f2e6d795-3777-11f0-84b6-581122bb7f2c\20210509T000000+1000_REC_151.wav,False,0,0,0,0,0,0,0,0,0,0,0,0,insects,-6.092483,0.14480579,-0.11603029,0.7268089,-0.22952573,0.10714908,0.45812762,0.025953928,-0.037470102,0.48824218,0.068775915,0.040412765,0.43404558
11.542565,14.760641,8.928367,0,0,0,00:00.0,00:00.0,uploads\f2e6d795-3777-11f0-84b6-581122bb7f2c\20210509T000000+1000_REC_152.wav,False,0,0,0,0,0,0,0,0,0,0,0,0,insects,-6.0894604,0.19970791,-0.103979036,0.79928964,-0.23628199,0.1512861,0.39918205,0.073860906,-0.05160767,0.46103677,0.045140136,-0.012281522,0.4069158
11.5164995,14.585101,9.056889,0,0,0,00:00.0,00:00.0,uploads\f2e6d795-3777-11f0-84b6-581122bb7f2c\20210509T000000+1000_REC_153.wav,False,0,0,0,0,0,0,0,0,0,0,0,0,insects,-6.0866933,0.15357675,-0.16726974,0.758749,-0.2432968,0.13305986,0.39844355,0.0855696,-0.022631759,0.5274464,0.0026686136,0.016678091,0.42679685
12.092091,14.656277,9.614292,0,0,0,00:00.0,00:00.0,uploads\f2e6d795-3777-11f0-84b6-581122bb7f2c\20210509T000000+1000_REC_154.wav,False,0,0,0,0,0,0,0,0,0,0,0,0,insects,-6.0756116,0.1511307,-0.1622284,0.8299702,-0.29668543,0.25682375,0.3524164,0.07433786,-0.052762743,0.5116283,0.12325534,-0.06479037,0.4378279
11.395162,14.708818,8.863323,0,0,0,00:00.0,00:00.0,uploads\f2e6d795-3777-11f0-84b6-581122bb7f2c\20210509T000000+1000_REC_155.wav,False,0,0,0,0,0,0,0,0,0,0,0,0,insects,-6.092417,0.15558046,-0.100199744,0.7185234,-0.26185277,0.15026031,0.41805777,0.07388739,-0.062797904,0.51864296,0.0051036025,0.034795277,0.39514425
11.283488,15.284744,8.570394,0,0,0,00:00.0,00:00.0,uploads\f2e6d795-3777-11f0-84b6-581122bb7f2c\20210509T000000+1000_REC_156.wav,False,0,0,0,0,0,0,0,0,0,0,0,0,insects,-6.106673,0.1196329,-0.027076934,0.68314075,-0.15567747,0.10718492,0.41720572,0.046671864,-0.021900326,0.4836962,0.06485598,0.0066201393,0.4119959
11.520179,15.11084,8.90263,0,0,0,00:00.0,00:00.0,uploads\f2e6d795-3777-11f0-84b6-581122bb7f2c\20210509T000000+1000_REC_157.wav,False,0,0,0,0,0,0,0,0,0,0,0,0,insects,-6.090485,-0.03761827,-0.057534516,0.7713756,-0.27994496,0.124096915,0.4152865,0.077698715,-0.000153144,0.47234902,0.08345641,-0.013962228,0.36777306
11.284275,14.66306,8.7125845,0,0,0,00:00.0,00:00.0,uploads\f2e6d795-3777-11f0-84b6-581122bb7f2c\20210509T000000+1000_REC_158.wav,False,0,0,0,0,0,0,0,0,0,0,0,0,insects,-6.08552,0.22834353,-0.18667634,0.7270933,-0.22699483,0.14613685,0.48625758,0.042510107,-0.04218534,0.5027563,0.0131601775,0.017111879,0.42961526
11.480625,14.733555,8.879614,0,0,0,00:00.0,00:00.0,uploads\f2e6d795-3777-11f0-84b6-581122bb7f2c\20210509T000000+1000_REC_159.wav,False,0,0,0,0,0,0,0,0,0,0,0,0,insects,-6.093471,0.23099336,-0.17971596,0.73893106,-0.24243446,0.1413711,0.38884616,0.088119,-0.043236244,0.46888432,0.057974014,0.021488901,0.38364673
11.704039,14.774442,9.391964,0,0,0,00:00.0,00:00.0,uploads\f2e6d795-3777-11f0-84b6-581122bb7f2c\20210509T000000+1000_REC_160.wav,False,0,0,0,0,0,0,0,0,0,0,0,0,insects,-6.0865536,0.24467725,-0.18824393,0.7111133,-0.3683837,0.23545629,0.3662755,0.12771352,-0.036471758,0.4272633,0.0772941,-0.027378382,0.41654152
11.296971,14.851362,8.776769,0,0,0,00:00.0,00:00.0,uploads\f2e6d795-3777-11f0-84b6-581122bb7f2c\20210509T000000+1000_REC_161.wav,False,0,0,0,0,0,0,0,0,0,0,0,0,insects,-6.10009,0.20938915,-0.078669794,0.7011246,-0.17219822,0.11687649,0.43203568,0.05357259,-0.05771497,0.5081067,-0.016996047,0.01725582,0.3569988
11.267701,15.298861,8.556125,0,0,0,00:00.0,00:00.0,uploads\f2e6d795-3777-11f0-84b6-581122bb7f2c\20210509T000000+1000_REC_162.wav,False,0,0,0,0,0,0,0,0,0,0,0,0,insects,-6.1041026,0.12392868,-0.033085294,0.71300125,-0.1654446,0.08646328,0.41725028,0.03304542,-0.027819028,0.47678897,0.07045704,-0.005335522,0.3828446
11.146312,15.3597555,8.445709,0,0,0,00:00.0,00:00.0,uploads\f2e6d795-3777-11f0-84b6-581122bb7f2c\20210509T000000+1000_REC_163.wav,False,0,0,0,0,0,0,0,0,0,0,0,0,insects,-6.098854,0.11872347,-0.019071922,0.6846795,-0.16157293,0.047876246,0.46314523,0.027127393,-0.020458177,0.55816174,0.008954336,0.02217129,0.39676258
11.281244,14.6527195,8.709679,0,0,0,00:00.0,00:00.0,uploads\f2e6d795-3777-11f0-84b6-581122bb7f2c\20210509T000000+1000_REC_164.wav,False,0,0,0,0,0,0,0,0,0,0,0,0,insects,-6.0899816,0.25170422,-0.22790037,0.645848,-0.21644135,0.13295701,0.4836572,0.0984316,-0.061002027,0.49376813,-0.0063874046,0.0025860982,0.43736658
12.082092,14.612832,9.602389,0,0,0,00:00.0,00:00.0,uploads\f2e6d795-3777-11f0-84b6-581122bb7f2c\20210509T000000+1000_REC_165.wav,True,0,0,0,0,1,0,0,0,0,0,0,0,insects,-6.0774674,0.21730362,-0.15789707,0.8319506,-0.31429583,0.21082716,0.3465843,0.031569794,-0.048583742,0.48604766,0.092551365,-0.03262173,0.41517356
11.484654,14.529411,9.056189,0,0,0,00:00.0,00:00.0,uploads\f2e6d795-3777-11f0-84b6-581122bb7f2c\20210509T000000+1000_REC_166.wav,False,0,0,0,0,0,0,0,0,0,0,0,0,insects,-6.088373,0.252417,-0.15414971,0.7335103,-0.25216797,0.16870128,0.38973176,0.10569219,-0.06856491,0.4975341,-0.021737808,0.015361541,0.43036357
11.7556095,14.953702,9.377481,0,0,0,00:00.0,00:00.0,uploads\f2e6d795-3777-11f0-84b6-581122bb7f2c\20210509T000000+1000_REC_167.wav,False,0,0,0,0,0,0,0,0,0,0,0,0,insects,-6.0917087,0.17633715,-0.06342919,0.7792641,-0.29664207,0.20076998,0.35203746,0.07729248,-0.050077867,0.44164783,0.08847367,-0.025994495,0.41035905
11.327346,14.801982,8.721203,0,0,0,00:00.0,00:00.0,uploads\f2e6d795-3777-11f0-84b6-581122bb7f2c\20210509T000000+1000_REC_168.wav,True,0,0,0,0,1,0,0,0,0,0,0,0,insects,-6.09247,0.25347757,-0.05940973,0.71444017,-0.21412422,0.08266246,0.4169918,0.0042045484,-0.084376335,0.47980842,0.088012,-0.0034651344,0.48901638
11.3453665,15.241233,8.559926,0,0,0,00:00.0,00:00.0,uploads\f2e6d795-3777-11f0-84b6-581122bb7f2c\20210509T000000+1000_REC_169.wav,False,0,0,0,0,0,0,0,0,0,0,0,0,insects,-6.1028624,0.17570698,-0.027339526,0.67385966,-0.16888307,0.082689255,0.4156195,0.02461838,-0.046734713,0.49345365,0.057149917,-0.016250176,0.44457686
11.631631,15.031639,9.193176,0,0,0,00:00.0,00:00.0,uploads\f2e6d795-3777-11f0-84b6-581122bb7f2c\20210509T000000+1000_REC_170.wav,False,0,0,0,0,0,0,0,0,0,0,0,0,insects,-6.094205,0.22773159,-0.1368283,0.70242435,-0.27402613,0.1522273,0.37961313,0.013321661,-0.026907781,0.4473289,0.06506003,-0.024419133,0.43840283
11.581581,14.723624,8.87951,0,0,0,00:00.0,00:00.0,uploads\f2e6d795-3777-11f0-84b6-581122bb7f2c\20210509T000000+1000_REC_171.wav,False,0,0,0,0,0,0,0,0,0,0,0,0,insects,-6.0949183,0.18910496,-0.014614853,0.72233725,-0.26374537,0.1059476,0.35591006,0.11173031,-0.089638606,0.54625565,0.045735717,-0.009785756,0.38175493
11.27122,15.249813,8.589439,0,0,0,00:00.0,00:00.0,uploads\f2e6d795-3777-11f0-84b6-581122bb7f2c\20210509T000000+1000_REC_174.wav,False,0,0,0,0,0,0,0,0,0,0,0,0,insects,-6.0969424,0.2125347,-0.03885778,0.75040865,-0.18174516,0.013886808,0.44979623,0.024941219,-0.107611306,0.39632922,0.13315533,-0.026413485,0.39320093
11.171056,14.953084,8.641678,0,0,0,00:00.0,00:00.0,uploads\f2e6d795-3777-11f0-84b6-581122bb7f2c\20210509T000000+1000_REC_175.wav,False,0,0,0,0,0,0,0,0,0,0,0,0,insects,-6.102223,0.2586892,-0.038717046,0.6770643,-0.24522573,0.05888764,0.44059464,0.02820652,0.022759143,0.43914154,0.06571525,0.035013,0.42791963
11.180109,15.340568,8.487402,0,0,0,00:00.0,00:00.0,uploads\f2e6d795-3777-11f0-84b6-581122bb7f2c\20210509T000000+1000_REC_176.wav,False,0,0,0,0,0,0,0,0,0,0,0,0,insects,-6.102775,0.20912406,-0.055038404,0.67998105,-0.16369805,0.033812407,0.41848305,-0.0393056,-0.018810017,0.48589954,0.062365983,0.03360664,0.41564846
11.47611,15.148014,9.0775175,0,0,0,00:00.0,00:00.0,uploads\f2e6d795-3777-11f0-84b6-581122bb7f2c\20210509T000000+1000_REC_177.wav,False,0,0,0,0,0,0,0,0,0,0,0,0,insects,-6.1026945,0.236964,-0.027218666,0.7282382,-0.21746875,0.14032198,0.32571846,-0.013631865,0.0050783036,0.4209475,0.10230746,-0.0110732,0.45396215
11.233659,15.025753,8.783852,0,0,0,00:00.0,00:00.0,uploads\f2e6d795-3777-11f0-84b6-581122bb7f2c\20210509T000000+1000_REC_178.wav,False,0,0,0,0,0,0,0,0,0,0,0,0,insects,-6.0955644,0.21578208,-0.08298449,0.74806106,-0.23359965,0.13639115,0.3674051,-0.012813237,0.0143232,0.48768055,0.03659719,0.024467172,0.41760904
11.520848,14.72277,9.130135,0,0,0,00:00.0,00:00.0,uploads\f2e6d795-3777-11f0-84b6-581122bb7f2c\20210509T000000+1000_REC_179.wav,False,0,0,0,0,0,0,0,0,0,0,0,0,insects,-6.0904016,0.18163377,-0.091557674,0.8197362,-0.24878834,0.125904,0.3313443,0.053358648,-0.022673074,0.48529258,0.03440516,0.062953316,0.397966
11.445652,15.194286,8.876453,0,0,0,00:00.0,00:00.0,uploads\f2e6d795-3777-11f0-84b6-581122bb7f2c\20210509T000000+1000_REC_180.wav,False,0,0,0,0,0,0,0,0,0,0,0,0,insects,-6.1020894,0.038350508,-0.031912766,0.70109683,-0.25362927,0.13183576,0.39727876,0.05774092,-0.0021653492,0.4539088,0.07964542,0.009915975,0.40428486
11.460239,15.111494,9.065925,0,0,0,00:00.0,00:00.0,uploads\f2e6d795-3777-11f0-84b6-581122bb7f2c\20210509T000000+1000_REC_182.wav,False,0,0,0,0,0,0,0,0,0,0,0,0,insects,-6.096291,0.15300345,-0.12893283,0.78160423,-0.21244012,0.1497769,0.36345392,0.015685227,0.04605738,0.41594434,0.05858237,0.008312778,0.4309446
11.166545,14.850277,8.729488,0,0,0,00:00.0,00:00.0,uploads\f2e6d795-3777-11f0-84b6-581122bb7f2c\20210509T000000+1000_REC_183.wav,False,0,0,0,0,0,0,0,0,0,0,0,0,insects,-6.096904,0.32637063,-0.11678126,0.6723884,-0.27632633,0.09329829,0.39061582,0.059795007,-0.023477115,0.4675386,-0.0012121705,0.07473207,0.40821326
11.102117,14.963994,8.682771,0,0,0,00:00.0,00:00.0,uploads\f2e6d795-3777-11f0-84b6-581122bb7f2c\20210509T000000+1000_REC_184.wav,False,0,0,0,0,0,0,0,0,0,0,0,0,insects,-6.0960393,0.20645092,-0.10130321,0.7535738,-0.18639044,0.10900254,0.38550216,0.033495888,0.021218847,0.4736493,-0.035674468,0.06521909,0.44464165
11.2107115,14.884977,8.794039,0,0,0,00:00.0,00:00.0,uploads\f2e6d795-3777-11f0-84b6-581122bb7f2c\20210509T000000+1000_REC_185.wav,False,0,0,0,0,0,0,0,0,0,0,0,0,insects,-6.094905,0.2972218,-0.08180973,0.74990964,-0.2718596,0.115719035,0.3696934,0.03662254,0.010859033,0.43683153,0.009110738,0.07757385,0.4247128
11.203034,15.328629,8.511072,0,0,0,00:00.0,00:00.0,uploads\f2e6d795-3777-11f0-84b6-581122bb7f2c\20210509T000000+1000_REC_186.wav,False,0,0,0,0,0,0,0,0,0,0,0,0,insects,-6.112107,0.09593996,-0.0053572413,0.6734854,-0.15535289,0.08103829,0.34310615,0.052918483,-0.0010110238,0.43436155,0.005767321,0.07646356,0.4443642
11.205157,14.989436,8.682785,0,0,0,00:00.0,00:00.0,uploads\f2e6d795-3777-11f0-84b6-581122bb7f2c\20210509T000000+1000_REC_188.wav,False,0,0,0,0,0,0,0,0,0,0,0,0,insects,-6.0987744,0.29110897,-0.05923809,0.6657251,-0.2710827,0.034157537,0.3846375,0.011463959,0.0708741,0.49454212,0.06905938,0.002865233,0.43667832
11.584119,15.009775,9.213401,0,0,0,00:00.0,00:00.0,uploads\f2e6d795-3777-11f0-84b6-581122bb7f2c\20210509T000000+1000_REC_189.wav,False,0,0,0,0,0,0,0,0,0,0,0,0,insects,-6.0946274,0.1255041,-0.13872768,0.7955057,-0.23039426,0.18984744,0.31201857,0.059285577,0.043915756,0.45332605,0.042183757,0.017461307,0.4100603
11.091174,14.966888,8.697852,0,0,0,00:00.0,00:00.0,uploads\f2e6d795-3777-11f0-84b6-581122bb7f2c\20210509T000000+1000_REC_190.wav,False,0,0,0,0,0,0,0,0,0,0,0,0,insects,-6.0951357,0.24235135,-0.12155158,0.73868674,-0.18758424,0.10455543,0.38442636,-0.018336112,0.026867174,0.47631565,-0.02334993,0.026949475,0.43324065
11.735975,14.797493,9.367243,0,0,0,00:00.0,00:00.0,uploads\f2e6d795-3777-11f0-84b6-581122bb7f2c\20210509T000000+1000_REC_191.wav,False,0,0,0,0,0,0,0,0,0,0,0,0,insects,-6.103024,0.0058777113,0.03469569,0.7245206,-0.23953718,0.17501019,0.2895707,0.12297598,-0.040407266,0.48777342,-0.019723436,0.056171477,0.37434042
11.211292,15.32811,8.5342655,0,0,0,00:00.0,00:00.0,uploads\f2e6d795-3777-11f0-84b6-581122bb7f2c\20210509T000000+1000_REC_192.wav,False,0,0,0,0,0,0,0,0,0,0,0,0,insects,-6.110639,0.11273304,-0.042239152,0.677355,-0.15369953,0.121142104,0.404285,-0.018036995,0.040200412,0.4431134,0.050640367,0.07583014,0.4063057
11.316334,14.906933,8.772322,0,0,0,00:00.0,00:00.0,uploads\f2e6d795-3777-11f0-84b6-581122bb7f2c\20210509T000000+1000_REC_193.wav,True,0,0,0,0,1,0,0,0,0,0,0,0,insects,-6.1007094,0.16660286,-0.098317,0.72490156,-0.19157553,0.15006514,0.39440084,0.032128144,-0.013331204,0.468022,0.03835758,0.056543805,0.42240313
11.809271,14.761825,9.513991,0,0,0,00:00.0,00:00.0,uploads\f2e6d795-3777-11f0-84b6-581122bb7f2c\20210509T000000+1000_REC_194.wav,False,0,0,0,0,0,0,0,0,0,0,0,0,insects,-6.0902786,0.062720016,-0.07971827,0.760343,-0.32319614,0.22221062,0.30088317,0.10188822,-0.02373282,0.4581386,0.043817524,0.011585507,0.45320836
11.598417,14.88542,9.233793,0,0,0,00:00.0,00:00.0,uploads\f2e6d795-3777-11f0-84b6-581122bb7f2c\20210509T000000+1000_REC_195.wav,False,0,0,0,0,0,0,0,0,0,0,0,0,insects,-6.099912,0.254704,-0.07840058,0.73447704,-0.2294075,0.17591165,0.34490573,0.053450357,-0.010190137,0.42864814,0.03636343,0.025989356,0.446143
11.282313,14.985707,8.783742,0,0,0,00:00.0,00:00.0,uploads\f2e6d795-3777-11f0-84b6-581122bb7f2c\20210509T000000+1000_REC_196.wav,False,0,0,0,0,0,0,0,0,0,0,0,0,insects,-6.1036263,0.15149333,-0.03936664,0.7260904,-0.19340259,0.15855342,0.37214386,0.027067613,-0.011277862,0.4640151,0.0085002035,0.041495267,0.4001235
11.686606,14.804989,9.367877,0,0,0,00:00.0,00:00.0,uploads\f2e6d795-3777-11f0-84b6-581122bb7f2c\20210509T000000+1000_REC_197.wav,False,0,0,0,0,0,0,0,0,0,0,0,0,insects,-6.0883026,0.23198731,-0.11823966,0.77585256,-0.28957966,0.1648875,0.3309338,0.07610665,-0.04183592,0.48250005,0.054881062,0.020590857,0.44262898
11.137803,15.333762,8.452221,0,0,0,00:00.0,00:00.0,uploads\f2e6d795-3777-11f0-84b6-581122bb7f2c\20210509T000000+1000_REC_198.wav,False,0,0,0,0,0,0,0,0,0,0,0,0,insects,-6.0978136,0.21529481,-0.058326025,0.6932677,-0.12702061,0.03667272,0.47732532,-0.05420301,-0.055603005,0.5100626,-0.04273922,0.11789466,0.37387073
11.350038,15.286677,8.604834,0,0,0,00:00.0,00:00.0,uploads\f2e6d795-3777-11f0-84b6-581122bb7f2c\20210509T000000+1000_REC_199.wav,False,0,0,0,0,0,0,0,0,0,0,0,0,insects,-6.1096716,-0.024669496,-0.16189937,0.63353896,-0.1188895,0.1513442,0.3395518,0.059978902,-0.017572705,0.49470446,0.0896731,0.01113341,0.3482603
11.714327,15.170568,9.219868,0,0,0,00:00.0,00:00.0,uploads\f2e6d795-3777-11f0-84b6-581122bb7f2c\20210509T000000+1000_REC_200.wav,False,0,0,0,0,0,0,0,0,0,0,0,0,insects,-6.0960855,0.12094395,-0.022220748,0.7486396,-0.28197175,0.15328538,0.3679695,0.055883154,-0.020352395,0.41361383,0.08394307,-0.049285058,0.44634187
11.197316,14.880482,8.738712,0,0,0,00:00.0,00:00.0,uploads\f2e6d795-3777-11f0-84b6-581122bb7f2c\20210509T000000+1000_REC_201.wav,False,0,0,0,0,0,0,0,0,0,0,0,0,insects,-6.102016,0.3034167,-0.058051135,0.70549345,-0.21181068,0.07246803,0.37383556,0.030518144,-0.008433343,0.5032059,0.06466783,0.071239114,0.37265038
11.668187,14.940406,9.267217,0,0,0,00:00.0,00:00.0,uploads\f2e6d795-3777-11f0-84b6-581122bb7f2c\20210509T000000+1000_REC_202.wav,False,0,0,0,0,0,0,0,0,0,0,0,0,insects,-6.0886655,0.2600914,-0.16533604,0.7533971,-0.2853778,0.1961257,0.38801607,0.03176076,0.009639041,0.4589282,0.0356499,-0.01561091,0.39958638
11.345369,14.433501,9.030239,0,0,0,00:00.0,00:00.0,uploads\f2e6d795-3777-11f0-84b6-581122bb7f2c\20210509T000000+1000_REC_203.wav,False,0,0,0,0,0,0,0,0,0,0,0,0,insects,-6.083407,0.26376686,-0.14759812,0.80633616,-0.2440309,0.10309169,0.38732123,0.038089406,-0.040759414,0.5194805,-0.0038640914,0.05439227,0.3898197
11.731541,14.863386,9.388683,0,0,0,00:00.0,00:00.0,uploads\f2e6d795-3777-11f0-84b6-581122bb7f2c\20210509T000000+1000_REC_204.wav,False,0,0,0,0,0,0,0,0,0,0,0,0,insects,-6.0934443,0.22574443,-0.13743016,0.7507173,-0.27494258,0.19927692,0.34861815,0.087182134,-0.03969004,0.43227848,0.092475645,0.011101719,0.43763757
11.729943,14.700942,9.41308,0,0,0,00:00.0,00:00.0,uploads\f2e6d795-3777-11f0-84b6-581122bb7f2c\20210509T000000+1000_REC_205.wav,False,0,0,0,0,0,0,0,0,0,0,0,0,insects,-6.0819902,0.23420572,-0.153688,0.8111195,-0.33345807,0.2026803,0.32386884,0.12047303,-0.048971288,0.46897113,0.080925874,-0.015078829,0.39849287
11.371549,14.715732,8.769476,0,0,0,00:00.0,00:00.0,uploads\f2e6d795-3777-11f0-84b6-581122bb7f2c\20210509T000000+1000_REC_206.wav,False,0,0,0,0,0,0,0,0,0,0,0,0,insects,-6.095904,0.18802594,-0.096299134,0.7508992,-0.19734316,0.10742662,0.37754416,0.05049728,-0.100380614,0.5145087,0.03508359,0.054506283,0.34972298
11.334041,15.163544,8.669832,0,0,0,00:00.0,00:00.0,uploads\f2e6d795-3777-11f0-84b6-581122bb7f2c\20210509T000000+1000_REC_207.wav,True,0,0,0,0,1,0,0,0,0,0,0,0,insects,-6.106962,-0.018145187,0.029563602,0.63394535,-0.20815651,0.12899238,0.40801272,0.043856155,0.013085215,0.5353397,0.030452793,0.08162724,0.3893582
11.373895,15.226527,8.832506,0,0,0,00:00.0,00:00.0,uploads\f2e6d795-3777-11f0-84b6-581122bb7f2c\20210509T000000+1000_REC_208.wav,False,0,0,0,0,0,0,0,0,0,0,0,0,insects,-6.112031,0.11452071,-0.0024532657,0.6948687,-0.18927874,0.17107804,0.38057923,0.05260208,0.007042884,0.4016051,0.09804133,0.021205084,0.3982157
11.152189,14.803287,8.670855,0,0,0,00:00.0,00:00.0,uploads\f2e6d795-3777-11f0-84b6-581122bb7f2c\20210509T000000+1000_REC_209.wav,False,0,0,0,0,0,0,0,0,0,0,0,0,insects,-6.0949817,0.24477227,-0.11407078,0.6998559,-0.23854391,0.09002131,0.442494,0.05004005,0.0042011375,0.47084302,0.011511443,0.046952147,0.45406362
11.267354,15.098979,8.772529,0,0,0,00:00.0,00:00.0,uploads\f2e6d795-3777-11f0-84b6-581122bb7f2c\20210509T000000+1000_REC_210.wav,False,0,0,0,0,0,0,0,0,0,0,0,0,insects,-6.106472,0.20857258,-0.08064172,0.6840036,-0.15815876,0.11634328,0.4085463,0.041926194,-0.004458002,0.44524404,0.01565321,0.0144396145,0.41385922
11.64194,14.95754,9.272739,0,0,0,00:00.0,00:00.0,uploads\f2e6d795-3777-11f0-84b6-581122bb7f2c\20210509T000000+1000_REC_211.wav,False,0,0,0,0,0,0,0,0,0,0,0,0,insects,-6.0888863,0.30742294,-0.15160672,0.70213336,-0.32706532,0.18052748,0.372039,0.03886612,-0.05232163,0.44668975,0.03788434,0.040921494,0.44531733
11.344133,14.383929,9.052996,0,0,0,00:00.0,00:00.0,uploads\f2e6d795-3777-11f0-84b6-581122bb7f2c\20210509T000000+1000_REC_212.wav,False,0,0,0,0,0,0,0,0,0,0,0,0,insects,-6.0858235,0.21545014,-0.09445214,0.78532064,-0.21543948,0.12729111,0.38602138,0.014559232,-0.07403688,0.5445287,0.004633496,0.025184067,0.4209882
11.671546,14.695479,9.306511,0,0,0,00:00.0,00:00.0,uploads\f2e6d795-3777-11f0-84b6-581122bb7f2c\20210509T000000+1000_REC_213.wav,False,0,0,0,0,0,0,0,0,0,0,0,0,insects,-6.100177,0.2090867,-0.11017135,0.6643079,-0.2284926,0.2248002,0.36662433,0.008475669,-0.0419243,0.46512237,0.035407327,0.02767954,0.46046746
11.256143,15.30478,8.592764,0,0,0,00:00.0,00:00.0,uploads\f2e6d795-3777-11f0-84b6-581122bb7f2c\20210509T000000+1000_REC_214.wav,False,0,0,0,0,0,0,0,0,0,0,0,0,insects,-6.1050963,0.099424474,0.0036275925,0.7110467,-0.18074957,0.11820894,0.4125389,0.0053242734,0.007370763,0.4634542,0.05350745,0.024211494,0.41118443
11.259455,15.284221,8.653995,0,0,0,00:00.0,00:00.0,uploads\f2e6d795-3777-11f0-84b6-581122bb7f2c\20210509T000000+1000_REC_215.wav,True,0,0,0,0,1,0,0,0,0,0,0,0,insects,-6.108465,0.1826146,-0.069756754,0.68103665,-0.13277784,0.096289285,0.4318809,-0.005603559,-0.011301575,0.42302758,0.06443751,0.016968759,0.40474704
11.3790865,15.079031,8.738095,0,0,0,00:00.0,00:00.0,uploads\f2e6d795-3777-11f0-84b6-581122bb7f2c\20210509T000000+1000_REC_216.wav,False,0,0,0,0,0,0,0,0,0,0,0,0,insects,-6.09946,0.08292771,-0.02642946,0.7207377,-0.24584892,0.16286984,0.39295134,0.029637942,-0.010200756,0.48902026,0.0246384,0.058277793,0.40420425
11.452263,14.625409,9.06736,0,0,0,00:00.0,00:00.0,uploads\f2e6d795-3777-11f0-84b6-581122bb7f2c\20210509T000000+1000_REC_217.wav,False,0,0,0,0,0,0,0,0,0,0,0,0,insects,-6.093346,0.26030958,-0.1329027,0.7614514,-0.21398944,0.14949563,0.37452468,0.04727501,-0.025415974,0.48381785,0.0036804467,0.021744922,0.3913796
11.592351,14.920514,9.201163,0,0,0,00:00.0,00:00.0,uploads\f2e6d795-3777-11f0-84b6-581122bb7f2c\20210509T000000+1000_REC_218.wav,False,0,0,0,0,0,0,0,0,0,0,0,0,insects,-6.0952783,0.21930006,-0.16659202,0.7264603,-0.26437336,0.18477306,0.36172998,0.054984767,0.009364643,0.45507228,0.030907376,0.027030632,0.40848824
11.565036,14.76862,9.14528,0,0,0,00:00.0,00:00.0,uploads\f2e6d795-3777-11f0-84b6-581122bb7f2c\20210509T000000+1000_REC_219.wav,False,0,0,0,0,0,0,0,0,0,0,0,0,insects,-6.0972266,0.26050237,-0.12699713,0.7820133,-0.22504085,0.17373303,0.32988587,0.10044085,-0.022052357,0.43330732,0.039362818,0.058702786,0.38367763
11.181657,15.33419,8.491033,0,0,0,00:00.0,00:00.0,uploads\f2e6d795-3777-11f0-84b6-581122bb7f2c\20210509T000000+1000_REC_220.wav,False,0,0,0,0,0,0,0,0,0,0,0,0,insects,-6.106852,0.15931278,0.0039336607,0.6798151,-0.15295653,0.0763108,0.39518026,0.012525892,-0.021977182,0.47608608,0.01493897,0.03351801,0.43767592
11.234697,15.046119,8.737822,0,0,0,00:00.0,00:00.0,uploads\f2e6d795-3777-11f0-84b6-581122bb7f2c\20210509T000000+1000_REC_221.wav,False,0,0,0,0,0,0,0,0,0,0,0,0,insects,-6.1072454,0.16318037,-0.06297244,0.6465223,-0.17381312,0.1302776,0.4322764,0.020656876,0.017529473,0.48161784,-0.009589708,0.016302215,0.3924626
11.196898,15.339143,8.4821205,0,0,0,00:00.0,00:00.0,uploads\f2e6d795-3777-11f0-84b6-581122bb7f2c\20210509T000000+1000_REC_222.wav,False,0,0,0,0,0,0,0,0,0,0,0,0,insects,-6.101664,0.16250543,-0.07603961,0.7005268,-0.12843697,0.046703875,0.4652076,0.037527084,-0.004829339,0.49775445,0.047055494,-0.01851905,0.38510287
11.326954,15.185314,8.860259,0,0,0,00:00.0,00:00.0,uploads\f2e6d795-3777-11f0-84b6-581122bb7f2c\20210509T000000+1000_REC_223.wav,False,0,0,0,0,0,0,0,0,0,0,0,0,insects,-6.10382,0.21760765,-0.06775102,0.72591126,-0.17829819,0.14896604,0.37830403,0.008723175,0.007834491,0.42143363,0.024160312,0.01818449,0.42620385
11.21662,15.03639,8.730947,0,0,0,00:00.0,00:00.0,uploads\f2e6d795-3777-11f0-84b6-581122bb7f2c\20210509T000000+1000_REC_224.wav,False,0,0,0,0,0,0,0,0,0,0,0,0,insects,-6.102022,0.1965473,-0.10703967,0.6778264,-0.18056656,0.12599538,0.40612563,-0.01250922,0.022982687,0.4982677,0.049383316,0.028685829,0.43016914
11.646989,14.667632,9.188435,0,0,0,00:00.0,00:00.0,uploads\f2e6d795-3777-11f0-84b6-581122bb7f2c\20210509T000000+1000_REC_225.wav,False,0,0,0,0,0,0,0,0,0,0,0,0,insects,-6.0920215,0.25173244,-0.10358042,0.7366573,-0.21566504,0.17518473,0.38081443,0.04957548,-0.044212613,0.51383036,0.02652243,0.0023198598,0.45143133
11.186315,15.348518,8.497368,0,0,0,00:00.0,00:00.0,uploads\f2e6d795-3777-11f0-84b6-581122bb7f2c\20210509T000000+1000_REC_227.wav,False,0,0,0,0,0,0,0,0,0,0,0,0,insects,-6.111825,0.16428705,-0.00061023876,0.6371446,-0.12867877,0.09126457,0.4113636,-0.029127752,0.03617662,0.4567149,0.033708856,0.016917758,0.44448984
11.185639,15.338566,8.493185,0,0,0,00:00.0,00:00.0,uploads\f2e6d795-3777-11f0-84b6-581122bb7f2c\20210509T000000+1000_REC_228.wav,False,0,0,0,0,0,0,0,0,0,0,0,0,insects,-6.106716,0.1413742,-0.017136106,0.67964655,-0.18179525,0.06956423,0.39988828,-0.0066027725,0.037326932,0.46128565,0.038866483,0.046514776,0.4429754
11.286393,15.189668,8.799076,0,0,0,00:00.0,00:00.0,uploads\f2e6d795-3777-11f0-84b6-581122bb7f2c\20210509T000000+1000_REC_229.wav,False,0,0,0,0,0,0,0,0,0,0,0,0,insects,-6.101501,0.26279622,-0.071680225,0.71595275,-0.16551788,0.1413511,0.41678736,-0.010271223,0.018606743,0.45404175,0.028757717,-0.00520296,0.4127301
11.082854,14.988551,8.669474,0,0,0,00:00.0,00:00.0,uploads\f2e6d795-3777-11f0-84b6-581122bb7f2c\20210509T000000+1000_REC_230.wav,False,0,0,0,0,0,0,0,0,0,0,0,0,insects,-6.1013684,0.2574933,-0.09066456,0.6825443,-0.16577259,0.09053538,0.40544894,-0.0057272655,-0.008309374,0.47390005,-0.025024503,0.068245836,0.44060722
11.489712,15.084123,9.099643,0,0,0,00:00.0,00:00.0,uploads\f2e6d795-3777-11f0-84b6-581122bb7f2c\20210509T000000+1000_REC_231.wav,True,0,0,0,0,1,0,0,0,0,0,0,0,insects,-6.0946527,0.21709435,-0.092897296,0.7554792,-0.26542574,0.16898721,0.33700415,-0.018874343,0.04292446,0.47241578,0.05069658,0.012281393,0.41548607
11.241496,15.306252,8.51169,0,0,0,00:00.0,00:00.0,uploads\f2e6d795-3777-11f0-84b6-581122bb7f2c\20210509T000000+1000_REC_232.wav,False,0,0,0,0,0,0,0,0,0,0,0,0,insects,-6.1061683,0.12821713,-0.017131768,0.6546245,-0.19062817,0.0583311,0.41554892,0.034472264,-0.014879116,0.48387632,0.051840782,0.020296004,0.43372464
11.164197,15.352663,8.468795,0,0,0,00:00.0,00:00.0,uploads\f2e6d795-3777-11f0-84b6-581122bb7f2c\20210509T000000+1000_REC_233.wav,True,0,0,0,0,1,0,0,0,0,0,0,0,insects,-6.106805,0.13468549,-0.042811073,0.6675427,-0.12236278,0.046889503,0.45512137,0.018688278,0.007659369,0.44643402,0.020507252,0.060001295,0.46031633
11.316712,15.225019,8.802324,0,0,0,00:00.0,00:00.0,uploads\f2e6d795-3777-11f0-84b6-581122bb7f2c\20210509T000000+1000_REC_234.wav,False,0,0,0,0,0,0,0,0,0,0,0,0,insects,-6.109903,0.21082711,-0.04502673,0.67880654,-0.17774995,0.12490374,0.39262414,0.031114306,0.039737415,0.41562805,0.056148894,0.0017824396,0.42379588
11.758898,14.9225645,9.252205,0,0,0,00:00.0,00:00.0,uploads\f2e6d795-3777-11f0-84b6-581122bb7f2c\20210509T000000+1000_REC_235.wav,False,0,0,0,0,0,0,0,0,0,0,0,0,insects,-6.091962,0.29307902,-0.087586835,0.76995736,-0.21430835,0.16077466,0.38401666,0.055804115,-0.014507168,0.46791402,0.068058446,-0.056793436,0.43241024
11.519369,15.260978,8.555472,0,0,0,00:00.0,00:00.0,uploads\f2e6d795-3777-11f0-84b6-581122bb7f2c\20210509T000000+1000_REC_239.wav,False,0,0,0,0,0,0,0,0,0,0,0,0,insects,-6.1012306,0.11919858,-0.008766492,0.69227284,-0.15443116,0.1044362,0.4344985,-0.023469858,-0.013206154,0.46529886,0.08539493,-0.042161167,0.475826
11.156247,15.357144,8.456161,0,0,0,00:00.0,00:00.0,uploads\f2e6d795-3777-11f0-84b6-581122bb7f2c\20210509T000000+1000_REC_240.wav,False,0,0,0,0,0,0,0,0,0,0,0,0,insects,-6.1014338,0.18629393,-0.038410548,0.689991,-0.1257123,0.055602893,0.45437846,-0.028366,0.008867816,0.48990637,0.0018145846,0.022121208,0.44202188
11.357828,14.474232,9.0261,0,0,0,00:00.0,00:00.0,uploads\f2e6d795-3777-11f0-84b6-581122bb7f2c\20210509T000000+1000_REC_242.wav,False,0,0,0,0,0,0,0,0,0,0,0,0,insects,-6.0897074,0.29067618,-0.11414298,0.7682081,-0.2084348,0.1190746,0.39172745,0.066741,-0.024708135,0.51216656,-0.014061428,0.015285509,0.41484526
11.362453,14.587803,8.879176,0,0,0,00:00.0,00:00.0,uploads\f2e6d795-3777-11f0-84b6-581122bb7f2c\20210509T000000+1000_REC_243.wav,True,0,0,0,0,1,0,0,0,0,0,0,0,insects,-6.0842853,0.21275115,-0.1506106,0.78162277,-0.2337137,0.06453935,0.40905493,0.026610838,-0.08524155,0.5318527,0.047561303,0.014471405,0.3725861
11.576344,14.639825,9.130137,0,0,0,00:00.0,00:00.0,uploads\f2e6d795-3777-11f0-84b6-581122bb7f2c\20210509T000000+1000_REC_244.wav,False,0,0,0,0,0,0,0,0,0,0,0,0,insects,-6.08848,0.17223355,-0.10173847,0.7504239,-0.27835685,0.16417758,0.38869408,0.051329054,-0.0345585,0.49635887,0.001647929,0.026447864,0.45377493
11.861471,14.7965355,9.505657,0,0,0,00:00.0,00:00.0,uploads\f2e6d795-3777-11f0-84b6-581122bb7f2c\20210509T000000+1000_REC_245.wav,False,0,0,0,0,0,0,0,0,0,0,0,0,insects,-6.090861,0.18624455,-0.0813833,0.77286285,-0.2571468,0.1628635,0.33749133,0.09644464,-0.06543143,0.4778663,0.06746779,-0.009107393,0.4601004
11.660944,14.960459,9.240357,0,0,0,00:00.0,00:00.0,uploads\f2e6d795-3777-11f0-84b6-581122bb7f2c\20210509T000000+1000_REC_246.wav,False,0,0,0,0,0,0,0,0,0,0,0,0,insects,-6.0901647,0.24414411,-0.105350226,0.767978,-0.27319124,0.19424424,0.36856523,0.036555126,-0.031183865,0.4614462,0.043091968,-0.0065676593,0.42232305
11.167644,14.873257,8.753656,0,0,0,00:00.0,00:00.0,uploads\f2e6d795-3777-11f0-84b6-581122bb7f2c\20210509T000000+1000_REC_247.wav,False,0,0,0,0,0,0,0,0,0,0,0,0,insects,-6.0941515,0.21118142,-0.07624243,0.7030189,-0.22941342,0.12935667,0.42397872,0.044234693,-0.020372866,0.5360636,-0.026227785,0.06303497,0.43243283
11.2568655,15.279687,8.700351,0,0,0,00:00.0,00:00.0,uploads\f2e6d795-3777-11f0-84b6-581122bb7f2c\20210509T000000+1000_REC_248.wav,False,0,0,0,0,0,0,0,0,0,0,0,0,insects,-6.099852,0.14733167,-0.041983217,0.7592332,-0.13470179,0.11889997,0.43568647,-0.00018933363,-0.004830322,0.45620275,0.039241385,-0.011846455,0.40731496
11.132812,15.362409,8.439479,0,0,0,00:00.0,00:00.0,uploads\f2e6d795-3777-11f0-84b6-581122bb7f2c\20210509T000000+1000_REC_249.wav,False,0,0,0,0,0,0,0,0,0,0,0,0,insects,-6.1018286,0.20245351,-0.019342218,0.66821206,-0.14653732,0.043124422,0.4601634,0.019986333,-0.01297408,0.5131986,-0.016732443,0.036774196,0.4336043
11.610871,15.170819,8.967219,0,0,0,00:00.0,00:00.0,uploads\f2e6d795-3777-11f0-84b6-581122bb7f2c\20210509T000000+1000_REC_250.wav,False,0,0,0,0,0,0,0,0,0,0,0,0,insects,-6.090981,0.1315269,-0.10399745,0.77711254,-0.20163251,0.13727543,0.41873127,0.010663683,-0.030840302,0.45904168,0.06877718,-0.048339155,0.43059835
11.62394,15.125224,8.984274,0,0,0,00:00.0,00:00.0,uploads\f2e6d795-3777-11f0-84b6-581122bb7f2c\20210509T000000+1000_REC_251.wav,False,0,0,0,0,0,0,0,0,0,0,0,0,insects,-6.0910215,0.1243913,-0.057970893,0.77362615,-0.27259335,0.11603066,0.40575886,0.05001553,0.020679964,0.45290813,0.05442988,-0.007156713,0.4606994
11.165925,14.911928,8.766224,0,0,0,00:00.0,00:00.0,uploads\f2e6d795-3777-11f0-84b6-581122bb7f2c\20210509T000000+1000_REC_252.wav,True,0,0,0,0,1,0,0,0,0,0,0,0,insects,-6.097322,0.24241522,-0.111649215,0.70663416,-0.19156136,0.108022265,0.38509768,0.01465584,-0.02317869,0.5094641,0.007331304,0.031236593,0.42480692
11.248773,14.966348,8.757103,0,0,0,00:00.0,00:00.0,uploads\f2e6d795-3777-11f0-84b6-581122bb7f2c\20210509T000000+1000_REC_253.wav,False,0,0,0,0,0,0,0,0,0,0,0,0,insects,-6.099439,0.20599025,-0.06456248,0.72086763,-0.1997865,0.10621922,0.3960646,0.041705612,-0.025803575,0.4795256,0.02975506,0.013112396,0.42829987
11.652858,15.221161,9.12924,0,0,0,00:00.0,00:00.0,uploads\f2e6d795-3777-11f0-84b6-581122bb7f2c\20210509T000000+1000_REC_254.wav,False,0,0,0,0,0,0,0,0,0,0,0,0,insects,-6.1032186,0.071920685,0.016370457,0.72668415,-0.23447132,0.15654577,0.37651506,0.050485224,0.009829796,0.4427778,0.10909682,-0.04844664,0.39907935
11.173686,14.900059,8.739694,0,0,0,00:00.0,00:00.0,uploads\f2e6d795-3777-11f0-84b6-581122bb7f2c\20210509T000000+1000_REC_255.wav,False,0,0,0,0,0,0,0,0,0,0,0,0,insects,-6.103609,0.22507322,-0.061121974,0.6989556,-0.13932838,0.092044726,0.38769007,0.021414839,-0.019089106,0.5117654,0.022668341,0.01880565,0.4050661
11.256534,14.585446,8.877113,0,0,0,00:00.0,00:00.0,uploads\f2e6d795-3777-11f0-84b6-581122bb7f2c\20210509T000000+1000_REC_256.wav,False,0,0,0,0,0,0,0,0,0,0,0,0,insects,-6.086117,0.23421025,-0.10037596,0.7841059,-0.2236336,0.092127025,0.40767798,0.0125503475,-0.042700697,0.5112788,0.023412423,0.03327146,0.45131138
11.257007,14.567083,8.890955,0,0,0,00:00.0,00:00.0,uploads\f2e6d795-3777-11f0-84b6-581122bb7f2c\20210509T000000+1000_REC_258.wav,False,0,0,0,0,0,0,0,0,0,0,0,0,insects,-6.082368,0.26070052,-0.069735296,0.77608424,-0.28554398,0.0683185,0.4357281,0.06417366,-0.029866125,0.5216159,-0.016237972,0.041292325,0.44473767
11.34978,14.30464,9.12041,0,0,0,00:00.0,00:00.0,uploads\f2e6d795-3777-11f0-84b6-581122bb7f2c\20210509T000000+1000_REC_259.wav,False,0,0,0,0,0,0,0,0,0,0,0,0,insects,-6.0743423,0.18955083,-0.12443895,0.8121398,-0.28487125,0.1464369,0.42388058,0.029838867,-0.042353436,0.5699121,-0.057108283,0.042534698,0.42042083
11.950431,14.700434,9.575256,0,0,0,00:00.0,00:00.0,uploads\f2e6d795-3777-11f0-84b6-581122bb7f2c\20210509T000000+1000_REC_260.wav,False,0,0,0,0,0,0,0,0,0,0,0,0,insects,-6.077093,0.22508153,-0.101166666,0.7822024,-0.3881001,0.25742012,0.34411797,0.07048148,-0.026358344,0.447796,0.053122543,-0.04812055,0.4943539
11.820677,14.553316,9.558545,0,0,0,00:00.0,00:00.0,uploads\f2e6d795-3777-11f0-84b6-581122bb7f2c\20210509T000000+1000_REC_261.wav,False,0,0,0,0,0,0,0,0,0,0,0,0,insects,-6.0811257,0.17748635,-0.088581294,0.82878,-0.3093558,0.22045876,0.35276532,0.121083274,-0.018475924,0.49809682,-0.009615161,0.004939727,0.42924374
11.776526,14.758956,9.479684,0,0,0,00:00.0,00:00.0,uploads\f2e6d795-3777-11f0-84b6-581122bb7f2c\20210509T000000+1000_REC_262.wav,False,0,0,0,0,0,0,0,0,0,0,0,0,insects,-6.091158,0.12975624,-0.03806843,0.783672,-0.29609388,0.20875081,0.32632878,0.1272649,-0.00746512,0.5025474,0.027199518,0.0021114233,0.41063845
11.362099,15.218161,8.78426,0,0,0,00:00.0,00:00.0,uploads\f2e6d795-3777-11f0-84b6-581122bb7f2c\20210509T000000+1000_REC_263.wav,False,0,0,0,0,0,0,0,0,0,0,0,0,insects,-6.104157,0.11216934,0.02358693,0.69048214,-0.26858157,0.1711584,0.40780947,0.019396307,0.04740292,0.43414396,0.047710568,0.009004866,0.41857937
11.133931,15.3628845,8.43892,0,0,0,00:00.0,00:00.0,uploads\f2e6d795-3777-11f0-84b6-581122bb7f2c\20210509T000000+1000_REC_264.wav,False,0,0,0,0,0,0,0,0,0,0,0,0,insects,-6.104747,0.10081532,0.046233103,0.66322577,-0.16531998,0.062716424,0.47453254,0.015946161,-0.016760558,0.46509567,-0.026196219,0.015199982,0.41728386
11.427884,15.080559,8.761415,0,0,0,00:00.0,00:00.0,uploads\f2e6d795-3777-11f0-84b6-581122bb7f2c\20210509T000000+1000_REC_265.wav,True,0,0,0,0,1,0,0,0,0,0,0,0,insects,-6.092477,0.08956616,-0.022894323,0.738335,-0.24772024,0.15619175,0.40928212,0.0093857,-0.020889888,0.51216877,0.015191093,0.016289722,0.44540596
11.771039,15.092912,9.285929,0,0,0,00:00.0,00:00.0,uploads\f2e6d795-3777-11f0-84b6-581122bb7f2c\20210509T000000+1000_REC_266.wav,False,0,0,0,0,0,0,0,0,0,0,0,0,insects,-6.0870085,0.17335124,-0.07131197,0.785689,-0.3027569,0.18191466,0.37205866,0.036515776,0.012879031,0.46318123,0.09640098,-0.031408995,0.47032595
11.878993,14.241663,9.6663685,0,0,0,00:00.0,00:00.0,uploads\f2e6d795-3777-11f0-84b6-581122bb7f2c\20210509T060000+1000_REC_13.wav,False,0,0,0,0,0,0,0,0,0,0,0,0,insects,-5.9870005,0.933151,-0.21774112,1.1430929,-0.1375325,0.45914188,0.16347902,0.2126205,0.271707,0.4318181,-0.07541878,0.023297587,0.37366557
11.582025,14.708513,8.895286,0,0,0,00:00.0,00:00.0,uploads\f2e6d795-3777-11f0-84b6-581122bb7f2c\20210509T160000+1000_REC_22.wav,False,0,0,0,0,0,0,0,0,0,0,0,0,insects,-5.9717317,-0.33098623,0.412301,1.0684131,-0.5582496,0.36034694,0.13741593,0.6147297,-0.37708533,0.5523592,0.30842876,0.01986337,0.23494418
11.132479,14.827812,8.658143,0,0,0,00:00.0,00:00.0,uploads\f2e6d795-3777-11f0-84b6-581122bb7f2c\20210509T180000+1000_REC_207.wav,False,0,0,0,0,0,0,0,0,0,0,0,0,insects,-5.995373,0.49542692,-0.60840297,0.8680236,0.26866072,-0.17498468,0.21977608,0.30518872,-0.38040432,0.48319745,0.42714673,-0.35998586,0.29609895
7.4954967,6.2757382,7.552451,1,0,0,00:00.0,00:00.0,uploads\f2e6d795-3777-11f0-84b6-581122bb7f2c\20210509T000000+1000_REC_96.wav,False,0,0,0,0,0,0,0,0,0,0,0,0,birds,-6.1257234,0.26729822,0.04855782,0.4761968,-0.19254851,-0.020169023,0.26281643,0.029042445,0.0681034,0.43417978,0.18923004,0.04880287,0.44709146
8.656782,4.3285537,7.5462875,1,0,0,00:00.0,00:00.0,uploads\f2e6d795-3777-11f0-84b6-581122bb7f2c\20210509T000000+1000_REC_181.wav,False,0,0,0,0,0,0,0,0,0,0,0,0,birds,-6.110861,0.12268851,-0.0047800695,0.52922815,-0.29307458,0.13664615,0.3847918,0.099409565,-0.05299511,0.4819073,0.05442221,0.05727019,0.44050097
8.947267,4.9290566,6.6584435,1,0,0,00:00.0,00:00.0,uploads\f2e6d795-3777-11f0-84b6-581122bb7f2c\20210509T000000+1000_REC_241.wav,False,0,0,0,0,0,0,0,0,0,0,0,0,birds,-6.088308,0.50290287,-0.03879512,0.6146602,-0.37920764,0.12305305,0.412462,0.10723796,0.01434421,0.41980037,0.024436362,-0.083461136,0.41761437
8.90518,4.498722,6.254834,1,0,0,00:00.0,00:00.0,uploads\f2e6d795-3777-11f0-84b6-581122bb7f2c\20210509T040000+1000_REC_227.wav,False,0,0,0,0,0,0,0,0,0,0,0,0,birds,-6.0632663,0.24439053,-0.18677528,0.8905198,-0.14966303,0.015751997,0.25669557,0.45587188,-0.25138655,0.24287274,0.49346563,-0.15949464,0.22239499
8.805912,4.628433,6.1298904,1,0,0,00:00.0,00:00.0,uploads\f2e6d795-3777-11f0-84b6-581122bb7f2c\20210509T040000+1000_REC_231.wav,False,0,0,0,0,0,0,0,0,0,0,0,0,birds,-6.070114,0.22862817,-0.17362776,0.8762346,-0.12973379,-0.103514664,0.33639705,0.37300253,-0.25565907,0.3577292,0.35402337,-0.090206675,0.27064806
8.860256,4.493997,6.2720723,1,0,0,00:00.0,00:00.0,uploads\f2e6d795-3777-11f0-84b6-581122bb7f2c\20210509T040000+1000_REC_232.wav,True,0,0,0,0,1,0,0,0,0,0,0,0,birds,-6.068586,0.20382428,-0.18972841,0.88481826,-0.14646506,-0.05831556,0.32873985,0.39305368,-0.24146429,0.26748312,0.4178138,-0.13094458,0.23142911
8.782901,4.6226377,6.1473966,1,0,0,00:00.0,00:00.0,uploads\f2e6d795-3777-11f0-84b6-581122bb7f2c\20210509T040000+1000_REC_233.wav,False,0,0,0,0,0,0,0,0,0,0,0,0,birds,-6.0743933,0.26715258,-0.20606174,0.84308654,-0.12860063,-0.047878582,0.3459008,0.38922325,-0.24262585,0.33112165,0.35430923,-0.101119064,0.24267103
8.920909,4.478521,6.2836113,1,0,0,00:00.0,00:00.0,uploads\f2e6d795-3777-11f0-84b6-581122bb7f2c\20210509T040000+1000_REC_236.wav,False,0,0,0,0,0,0,0,0,0,0,0,0,birds,-6.0583935,0.3014727,-0.16168472,0.9014168,-0.21739343,-0.061227877,0.29789117,0.4720812,-0.24802372,0.28523323,0.42523098,-0.14674884,0.19762494
8.756852,4.60468,6.0943108,1,0,0,00:00.0,00:00.0,uploads\f2e6d795-3777-11f0-84b6-581122bb7f2c\20210509T060000+1000_REC_7.wav,False,0,0,0,0,0,0,0,0,0,0,0,0,birds,-6.0466423,1.0672239,-0.35112366,0.30069944,-0.30696,0.3002848,0.22411393,0.18267286,-0.026398143,0.2911755,-0.038575165,0.025401145,0.28786153
7.500628,6.277404,7.547715,1,0,0,00:00.0,00:00.0,uploads\f2e6d795-3777-11f0-84b6-581122bb7f2c\20210509T060000+1000_REC_11.wav,True,0,1,0,0,0,0,0,0,0,0,0,0,birds,-6.16223,0.19465242,0.16476555,0.1899688,0.098535575,0.083953954,0.15103115,0.11341999,0.14312832,0.23223189,0.19219354,0.19263121,0.23653229
7.497055,6.2741394,7.55924,1,0,0,00:00.0,00:00.0,uploads\f2e6d795-3777-11f0-84b6-581122bb7f2c\20210509T060000+1000_REC_17.wav,False,0,0,0,0,0,0,0,0,0,0,0,0,birds,-6.1553044,0.27468792,0.16013333,0.16315572,-0.0011223209,-0.009417498,0.12630081,0.116036825,0.21242401,0.33253393,0.22883499,0.20311716,0.23213533
7.9369063,6.0575285,7.447003,1,0,0,00:00.0,00:00.0,uploads\f2e6d795-3777-11f0-84b6-581122bb7f2c\20210509T060000+1000_REC_25.wav,False,0,0,0,0,0,0,0,0,0,0,0,0,birds,-6.1135006,0.5385007,0.01645703,0.5630893,-0.08184361,0.16439301,0.36455616,0.09819814,0.04652559,0.44641456,0.12523879,0.016974695,0.42721537
7.4959235,6.2764306,7.5549316,1,0,0,00:00.0,00:00.0,uploads\f2e6d795-3777-11f0-84b6-581122bb7f2c\20210509T060000+1000_REC_27.wav,False,0,0,0,0,0,0,0,0,0,0,0,0,birds,-6.161223,0.19917348,0.16380967,0.22060864,0.10140102,0.07063472,0.15805009,0.094157256,0.11637261,0.23828089,0.1812473,0.17811576,0.26358178
7.5595903,6.235446,7.5619025,1,0,0,00:00.0,00:00.0,uploads\f2e6d795-3777-11f0-84b6-581122bb7f2c\20210509T060000+1000_REC_31.wav,False,0,0,0,0,0,0,0,0,0,0,0,0,birds,-6.138092,0.34704915,0.13075243,0.40418687,-0.16339992,0.0018205375,0.28325018,0.06545975,0.16708167,0.37591064,0.18284227,0.11367549,0.33495855
7.5026407,6.27161,7.546704,1,0,0,00:00.0,00:00.0,uploads\f2e6d795-3777-11f0-84b6-581122bb7f2c\20210509T060000+1000_REC_96.wav,False,0,0,0,0,0,0,0,0,0,0,0,0,birds,-6.147732,-0.042934187,0.10553198,0.40219006,-0.08220395,0.2924053,0.12723157,0.1714141,0.23982331,0.1076626,0.20901348,0.12683423,0.29179353
8.007112,6.4460635,6.891476,1,0,0,00:00.0,00:00.0,uploads\f2e6d795-3777-11f0-84b6-581122bb7f2c\20210509T060000+1000_REC_97.wav,False,0,0,0,0,0,0,0,0,0,0,0,0,birds,-6.088618,0.62397045,0.04523508,0.67779154,-0.38289222,0.16215052,0.3167722,0.07270187,0.09564308,0.37957048,0.042040076,0.026999576,0.3499946
7.898182,6.101919,7.426465,1,0,0,00:00.0,00:00.0,uploads\f2e6d795-3777-11f0-84b6-581122bb7f2c\20210509T060000+1000_REC_103.wav,False,0,0,0,0,0,0,0,0,0,0,0,0,birds,-6.113691,0.66363156,0.033917733,0.44496387,-0.1754771,0.09741031,0.28221372,0.076913826,0.030074513,0.39536786,0.09814606,0.024794854,0.38234052
7.793489,6.3731194,7.145777,1,0,0,00:00.0,00:00.0,uploads\f2e6d795-3777-11f0-84b6-581122bb7f2c\20210509T060000+1000_REC_104.wav,False,0,0,0,0,0,0,0,0,0,0,0,0,birds,-6.128952,0.33278033,0.161396,0.5680386,-0.23563051,0.22101872,0.3257253,-0.011598992,0.27156788,0.20572978,0.10905492,0.13057624,0.26287133
7.8521166,6.382066,7.076075,1,0,0,00:00.0,00:00.0,uploads\f2e6d795-3777-11f0-84b6-581122bb7f2c\20210509T060000+1000_REC_108.wav,False,0,0,0,0,0,0,0,0,0,0,0,0,birds,-6.1041994,0.5678793,0.06567465,0.6053063,-0.32015306,0.26989764,0.35236517,0.010353067,0.22695959,0.28663734,0.015938163,0.12219902,0.32356796
8.048871,6.50119,6.8211536,1,0,0,00:00.0,00:00.0,uploads\f2e6d795-3777-11f0-84b6-581122bb7f2c\20210509T060000+1000_REC_114.wav,False,0,0,0,0,0,0,0,0,0,0,0,0,birds,-6.077859,0.68073875,0.010102707,0.72549653,-0.3856321,0.20233552,0.32043275,0.11763,0.06504799,0.36657858,-0.02584713,0.059921227,0.35445857
7.1658783,6.1455364,8.132576,1,0,0,00:00.0,00:00.0,uploads\f2e6d795-3777-11f0-84b6-581122bb7f2c\20210509T060000+1000_REC_116.wav,False,0,0,0,0,0,0,0,0,0,0,0,0,birds,-6.1387806,0.46792942,0.25460407,0.4126653,0.013664885,0.0838859,0.34361368,0.07313636,0.069918714,0.2855127,0.039888248,0.010280775,0.30597618
7.9860787,6.4465237,6.912687,1,0,0,00:00.0,00:00.0,uploads\f2e6d795-3777-11f0-84b6-581122bb7f2c\20210509T060000+1000_REC_120.wav,False,0,0,0,0,0,0,0,0,0,0,0,0,birds,-6.094338,0.5750954,0.042570263,0.69317657,-0.33257985,0.21796122,0.33963954,0.06366626,0.12715545,0.36240092,0.004431263,0.07569461,0.35176867
7.778044,6.4026456,7.1424522,1,0,0,00:00.0,00:00.0,uploads\f2e6d795-3777-11f0-84b6-581122bb7f2c\20210509T060000+1000_REC_124.wav,False,0,0,0,0,0,0,0,0,0,0,0,0,birds,-6.13439,0.06903819,0.05332967,0.5799945,-0.07191181,0.14522146,0.39630526,-0.0036147614,0.24372047,0.27410698,0.05072803,0.19602059,0.265125
8.092833,6.5557947,6.7382455,1,0,0,00:00.0,00:00.0,uploads\f2e6d795-3777-11f0-84b6-581122bb7f2c\20210509T060000+1000_REC_174.wav,False,0,0,0,0,0,0,0,0,0,0,0,0,birds,-6.0608044,0.6347909,-0.09786768,0.8141104,-0.4328637,0.1958324,0.2914685,0.09565,0.041596353,0.45855972,-0.048723087,0.019940564,0.3416713
8.023265,6.4522023,6.8662295,1,0,0,00:00.0,00:00.0,uploads\f2e6d795-3777-11f0-84b6-581122bb7f2c\20210509T060000+1000_REC_177.wav,False,0,0,0,0,0,0,0,0,0,0,0,0,birds,-6.0931168,0.571929,-0.048677575,0.69723344,-0.4162793,0.1884576,0.25635543,0.08624943,0.11999517,0.26368666,0.062091496,0.040791,0.25964883
8.064531,6.503029,6.8058333,1,0,0,00:00.0,00:00.0,uploads\f2e6d795-3777-11f0-84b6-581122bb7f2c\20210509T060000+1000_REC_179.wav,True,0,1,0,0,1,0,0,0,0,0,0,0,birds,-6.075821,0.69607776,-0.07739654,0.6627694,-0.4433309,0.18578322,0.22454587,0.11669751,0.021597313,0.42352057,-0.016345957,0.054893415,0.274147
8.022719,6.402201,6.914928,1,0,0,00:00.0,00:00.0,uploads\f2e6d795-3777-11f0-84b6-581122bb7f2c\20210509T060000+1000_REC_180.wav,False,0,0,0,0,0,0,0,0,0,0,0,0,birds,-6.09851,0.68866646,-0.028710103,0.57206136,-0.30057922,0.1563052,0.23462595,0.094236575,0.06191387,0.36032116,0.04215374,0.010263917,0.3418106
7.486966,6.2489915,7.6473784,1,0,0,00:00.0,00:00.0,uploads\f2e6d795-3777-11f0-84b6-581122bb7f2c\20210509T060000+1000_REC_193.wav,False,0,0,0,0,0,0,0,0,0,0,0,0,birds,-6.147067,0.30049685,0.20106027,0.45213017,-0.03966994,0.1287314,0.33238333,0.07494323,0.18684898,0.24590915,0.08868886,0.06087548,0.24986546
7.831722,6.185501,7.241697,1,0,0,00:00.0,00:00.0,uploads\f2e6d795-3777-11f0-84b6-581122bb7f2c\20210509T060000+1000_REC_201.wav,False,0,0,0,0,0,0,0,0,0,0,0,0,birds,-6.108092,0.2215631,-0.05373458,0.6907742,-0.37254024,0.33332908,0.22970122,0.0915894,0.20702764,0.20851123,0.055932727,0.08374504,0.33374158
8.030332,6.465756,6.84784,1,0,0,00:00.0,00:00.0,uploads\f2e6d795-3777-11f0-84b6-581122bb7f2c\20210509T060000+1000_REC_214.wav,False,0,0,0,0,0,0,0,0,0,0,0,0,birds,-6.0677366,0.606852,-0.14937401,0.7868125,-0.46198815,0.17387542,0.34681594,-0.001622236,0.04857831,0.31730175,0.110325746,-0.0047278455,0.25888163
7.879406,6.374994,7.0601425,1,0,0,00:00.0,00:00.0,uploads\f2e6d795-3777-11f0-84b6-581122bb7f2c\20210509T060000+1000_REC_224.wav,False,0,0,0,0,0,0,0,0,0,0,0,0,birds,-6.102637,0.6146355,0.08058133,0.604923,-0.31051868,0.2604695,0.3119874,0.025619278,0.19103354,0.3143075,0.0411464,0.13638705,0.3515507
7.925259,6.014207,7.4606433,1,0,0,00:00.0,00:00.0,uploads\f2e6d795-3777-11f0-84b6-581122bb7f2c\20210509T060000+1000_REC_225.wav,False,0,0,0,0,0,0,0,0,0,0,0,0,birds,-6.1188707,0.53345084,0.13617831,0.5140016,-0.2377155,0.1816434,0.25477988,0.10978065,0.122674875,0.30917117,0.12115665,0.0001010936,0.4379507
7.8301067,6.1289444,7.2624426,1,0,0,00:00.0,00:00.0,uploads\f2e6d795-3777-11f0-84b6-581122bb7f2c\20210509T060000+1000_REC_231.wav,False,0,0,0,0,0,0,0,0,0,0,0,0,birds,-6.055346,0.70261407,0.0621979,0.7748228,-0.5563129,0.44360662,0.20723157,0.12280494,0.28553838,0.28029233,0.13686429,0.10835999,0.2975929
7.827844,6.1298966,7.2711763,1,0,0,00:00.0,00:00.0,uploads\f2e6d795-3777-11f0-84b6-581122bb7f2c\20210509T060000+1000_REC_232.wav,True,0,1,0,0,1,0,0,0,0,0,0,0,birds,-6.099367,0.6854836,0.12897296,0.5892756,-0.34916398,0.3573257,0.1992613,0.12244148,0.2563787,0.2240328,0.14056116,0.12986682,0.28273314
7.82449,6.132553,7.2779913,1,0,0,00:00.0,00:00.0,uploads\f2e6d795-3777-11f0-84b6-581122bb7f2c\20210509T060000+1000_REC_233.wav,False,0,0,0,0,0,0,0,0,0,0,0,0,birds,-6.1007757,0.42713085,0.1477112,0.66722506,-0.39178452,0.36463577,0.2852434,0.03186251,0.27391887,0.22034559,0.1536289,0.024550254,0.3678012
7.8519883,6.0660677,7.364501,1,0,0,00:00.0,00:00.0,uploads\f2e6d795-3777-11f0-84b6-581122bb7f2c\20210509T060000+1000_REC_237.wav,False,0,0,0,0,0,0,0,0,0,0,0,0,birds,-6.11447,0.20468737,0.2030657,0.56897295,-0.4027367,0.34190896,0.15919112,0.15724775,0.12820074,0.18031172,0.23174411,-0.09982889,0.34441236
7.821714,6.1196303,7.302319,1,0,0,00:00.0,00:00.0,uploads\f2e6d795-3777-11f0-84b6-581122bb7f2c\20210509T060000+1000_REC_259.wav,False,0,0,0,0,0,0,0,0,0,0,0,0,birds,-6.1126156,0.4272983,0.026496818,0.6020503,-0.36665046,0.29707906,0.27357712,0.113591984,0.21672094,0.12496905,0.15385973,0.046294555,0.34798723
7.961797,5.9439974,7.4689126,1,0,0,00:00.0,00:00.0,uploads\f2e6d795-3777-11f0-84b6-581122bb7f2c\20210509T060000+1000_REC_260.wav,False,0,0,0,0,0,0,0,0,0,0,0,0,birds,-6.1191225,0.58848757,0.076681525,0.48094672,-0.21962167,0.15060288,0.22640936,0.14888324,0.09594623,0.27328968,0.13438623,-0.05836792,0.40258113
8.0134945,5.447854,7.7225046,1,0,0,00:00.0,00:00.0,uploads\f2e6d795-3777-11f0-84b6-581122bb7f2c\20210509T100000+1000_REC_0.wav,False,0,0,0,0,0,0,0,0,0,0,0,0,birds,-6.115546,0.5183129,0.256531,0.6671674,-0.17039883,0.34834543,0.09305162,0.30331096,0.21820188,0.20564526,0.15277448,0.15655664,0.23105824
7.279912,5.910834,8.253333,1,0,0,00:00.0,00:00.0,uploads\f2e6d795-3777-11f0-84b6-581122bb7f2c\20210509T100000+1000_REC_1.wav,False,0,0,0,0,0,0,0,0,0,0,0,0,birds,-6.144014,0.35323164,0.39118868,0.4162666,0.07325721,0.31325865,0.19989869,0.22432745,0.28376237,0.19001095,0.20733057,0.18506363,0.20561242
7.128559,6.1092954,8.21691,1,0,0,00:00.0,00:00.0,uploads\f2e6d795-3777-11f0-84b6-581122bb7f2c\20210509T100000+1000_REC_2.wav,False,0,0,0,0,0,0,0,0,0,0,0,0,birds,-6.145237,0.33198187,0.32695422,0.3188265,0.3082232,0.29603377,0.2825362,0.2688982,0.2552835,0.24232651,0.23042126,0.21937536,0.20970652
8.618981,4.2635236,7.638958,1,0,0,00:00.0,00:00.0,uploads\f2e6d795-3777-11f0-84b6-581122bb7f2c\20210509T100000+1000_REC_3.wav,False,0,0,0,0,0,0,0,0,0,0,0,0,birds,-6.0999136,0.4571741,0.16628942,0.7546806,-0.3099679,0.3656944,-0.017316932,0.36945352,0.10965165,0.2419495,0.11729235,0.20227456,0.17141339
7.674564,5.604031,7.9774756,1,0,0,00:00.0,00:00.0,uploads\f2e6d795-3777-11f0-84b6-581122bb7f2c\20210509T100000+1000_REC_4.wav,False,0,0,0,0,0,0,0,0,0,0,0,0,birds,-6.128849,0.3523545,0.36359084,0.5962574,-0.13063242,0.3376761,0.085206196,0.29119638,0.22188926,0.2016744,0.14334929,0.17182225,0.22690025
7.1421065,6.101221,8.210067,1,0,0,00:00.0,00:00.0,uploads\f2e6d795-3777-11f0-84b6-581122bb7f2c\20210509T100000+1000_REC_5.wav,False,0,0,0,0,0,0,0,0,0,0,0,0,birds,-6.145054,0.3329348,0.32775503,0.3167591,0.29140586,0.29326463,0.27472565,0.2652944,0.26395103,0.2464752,0.24606773,0.2340033,0.22104295
7.3082643,5.8807964,8.258369,1,0,0,00:00.0,00:00.0,uploads\f2e6d795-3777-11f0-84b6-581122bb7f2c\20210509T100000+1000_REC_6.wav,False,0,0,0,0,0,0,0,0,0,0,0,0,birds,-6.148861,0.3224676,0.34159335,0.4109064,0.059760593,0.2835707,0.16691372,0.22027767,0.2531572,0.1609472,0.24254386,0.16192189,0.20922081
8.825983,4.1951127,7.3729315,1,0,0,00:00.0,00:00.0,uploads\f2e6d795-3777-11f0-84b6-581122bb7f2c\20210509T100000+1000_REC_7.wav,True,0,1,0,0,0,0,0,0,0,0,0,1,birds,-6.0550075,0.66242236,0.14708336,0.8111644,-0.46892384,0.4924837,-0.16089407,0.36026365,0.09259496,0.23818909,0.058655005,0.22618961,0.09645317
8.677046,4.3335953,7.1979566,1,0,0,00:00.0,00:00.0,uploads\f2e6d795-3777-11f0-84b6-581122bb7f2c\20210509T100000+1000_REC_8.wav,True,0,1,0,0,0,0,0,0,0,0,0,1,birds,-6.0744834,0.74276805,0.05114807,0.609446,-0.33931795,0.6089762,-0.09984766,0.29488567,0.04989943,0.20264484,0.13768522,0.23054364,0.12942676
8.651199,4.373655,7.5552297,1,0,0,00:00.0,00:00.0,uploads\f2e6d795-3777-11f0-84b6-581122bb7f2c\20210509T100000+1000_REC_9.wav,False,0,0,0,0,0,0,0,0,0,0,0,0,birds,-6.0817285,0.5687675,0.26120672,0.7469252,-0.3698966,0.47990543,-0.0882691,0.3171619,0.12256213,0.23628514,0.06722257,0.2358663,0.1679835
8.809306,4.2096996,7.4050016,1,0,0,00:00.0,00:00.0,uploads\f2e6d795-3777-11f0-84b6-581122bb7f2c\20210509T100000+1000_REC_10.wav,False,0,0,0,0,0,0,0,0,0,0,0,0,birds,-6.049955,0.69383323,0.13331619,0.7423801,-0.5058596,0.553243,-0.16167858,0.3355855,0.023060484,0.23124073,0.020031368,0.29436594,0.17152315
8.604831,4.4782257,7.561625,1,0,0,00:00.0,00:00.0,uploads\f2e6d795-3777-11f0-84b6-581122bb7f2c\20210509T100000+1000_REC_11.wav,False,0,0,0,0,0,0,0,0,0,0,0,0,birds,-6.093674,0.5781816,0.30240235,0.70244044,-0.30956993,0.40984944,-0.09630705,0.28904766,0.12230374,0.21889739,0.1257989,0.23235601,0.1352993
8.598137,4.487603,7.5743365,1,0,0,00:00.0,00:00.0,uploads\f2e6d795-3777-11f0-84b6-581122bb7f2c\20210509T100000+1000_REC_12.wav,False,0,0,0,0,0,0,0,0,0,0,0,0,birds,-6.0923963,0.59052694,0.2904951,0.6954182,-0.33247274,0.41311294,-0.07866521,0.29770264,0.11315439,0.22912158,0.11445601,0.21094352,0.15470956
8.67986,4.336015,7.128919,1,0,0,00:00.0,00:00.0,uploads\f2e6d795-3777-11f0-84b6-581122bb7f2c\20210509T100000+1000_REC_13.wav,False,0,0,0,0,0,0,0,0,0,0,0,0,birds,-6.054315,0.7618321,-0.12338026,0.5528966,-0.4380524,0.66078514,-0.1929203,0.232589,-0.0071020764,0.23398349,0.09497244,0.21089447,0.099203706
8.730774,4.262678,7.4821067,1,0,0,00:00.0,00:00.0,uploads\f2e6d795-3777-11f0-84b6-581122bb7f2c\20210509T100000+1000_REC_14.wav,False,0,0,0,0,0,0,0,0,0,0,0,0,birds,-6.077424,0.46302873,0.10871466,0.78117675,-0.4267695,0.4674513,-0.16619642,0.3434694,0.025159873,0.22580974,0.10504641,0.1935508,0.10248682
9.409165,3.7772944,6.8923426,1,0,0,00:00.0,00:00.0,uploads\f2e6d795-3777-11f0-84b6-581122bb7f2c\20210509T100000+1000_REC_15.wav,False,0,0,0,0,0,0,0,0,0,0,0,0,birds,-6.0123467,0.6066611,0.13614058,0.9350679,-0.6296965,0.5750526,-0.24334167,0.3856924,-0.023382207,0.24430366,-0.015613725,0.2238759,0.072726555
7.654262,5.605405,7.9998455,1,0,0,00:00.0,00:00.0,uploads\f2e6d795-3777-11f0-84b6-581122bb7f2c\20210509T100000+1000_REC_16.wav,False,0,0,0,0,0,0,0,0,0,0,0,0,birds,-6.1312933,0.37768266,0.33626568,0.59153086,-0.07977415,0.33562094,0.15381734,0.29532698,0.21220638,0.18139301,0.19995439,0.17144947,0.20802605
7.733578,5.570617,7.9239473,1,0,0,00:00.0,00:00.0,uploads\f2e6d795-3777-11f0-84b6-581122bb7f2c\20210509T100000+1000_REC_17.wav,False,0,0,0,0,0,0,0,0,0,0,0,0,birds,-6.1088915,0.3170844,0.3089354,0.720929,-0.32120922,0.366597,0.027865801,0.2851665,0.20394683,0.23689198,0.118517645,0.20601287,0.17189044
8.617915,4.349513,7.616941,1,0,0,00:00.0,00:00.0,uploads\f2e6d795-3777-11f0-84b6-581122bb7f2c\20210509T100000+1000_REC_18.wav,False,0,0,0,0,0,0,0,0,0,0,0,0,birds,-6.096291,0.44383198,0.30139303,0.6496089,-0.41861323,0.41987583,-0.044280533,0.32718718,0.15388352,0.27321818,0.056953996,0.21769522,0.20361492
7.343212,5.857441,8.216009,1,0,0,00:00.0,00:00.0,uploads\f2e6d795-3777-11f0-84b6-581122bb7f2c\20210509T100000+1000_REC_19.wav,False,0,0,0,0,0,0,0,0,0,0,0,0,birds,-6.1288443,0.41067052,0.49034673,0.50621694,0.0015087522,0.3724669,0.15943287,0.23889172,0.27200556,0.20665202,0.19744442,0.18214206,0.20000623
9.385948,3.7858953,6.910945,1,0,0,00:00.0,00:00.0,uploads\f2e6d795-3777-11f0-84b6-581122bb7f2c\20210509T100000+1000_REC_20.wav,False,0,0,0,0,0,0,0,0,0,0,0,0,birds,-6.0200214,0.6332132,0.203026,0.8874476,-0.60069793,0.5696678,-0.22535214,0.3650181,0.012268303,0.32363784,-0.015122028,0.27711454,0.10562699
7.8576612,5.3473,7.9396687,1,0,0,00:00.0,00:00.0,uploads\f2e6d795-3777-11f0-84b6-581122bb7f2c\20210509T100000+1000_REC_21.wav,False,0,0,0,0,0,0,0,0,0,0,0,0,birds,-6.1208773,0.45252308,0.27817774,0.6393342,-0.21190807,0.36848,0.048733663,0.21953672,0.16700827,0.20750491,0.1375641,0.1487874,0.19025287
8.670267,4.3384023,7.138883,1,0,0,00:00.0,00:00.0,uploads\f2e6d795-3777-11f0-84b6-581122bb7f2c\20210509T100000+1000_REC_22.wav,True,0,1,0,0,0,0,0,0,0,0,0,1,birds,-6.058685,0.80195326,-0.0034434746,0.7002885,-0.35924658,0.60312134,-0.079946056,0.25014636,0.025068095,0.27842543,0.16777366,0.21698813,0.103100784
9.893082,3.2061014,6.8558435,1,0,0,00:00.0,00:00.0,uploads\f2e6d795-3777-11f0-84b6-581122bb7f2c\20210509T100000+1000_REC_23.wav,False,0,0,0,0,0,0,0,0,0,0,0,0,birds,-5.930243,0.9456163,-0.018423175,1.0445434,-0.7462308,0.6676781,-0.29411113,0.38629326,-0.0139791835,0.3074746,0.03803003,0.3043096,0.0081947
8.694887,4.321291,7.1512265,1,0,0,00:00.0,00:00.0,uploads\f2e6d795-3777-11f0-84b6-581122bb7f2c\20210509T100000+1000_REC_24.wav,False,0,0,0,0,0,0,0,0,0,0,0,0,birds,-6.036637,0.7985878,0.0053398856,0.7954445,-0.5137081,0.55610865,-0.15748097,0.26090494,0.07005375,0.26457286,0.08915281,0.18397571,0.08220665
8.147551,5.444168,7.5815635,1,0,0,00:00.0,00:00.0,uploads\f2e6d795-3777-11f0-84b6-581122bb7f2c\20210509T100000+1000_REC_25.wav,False,0,0,0,0,0,0,0,0,0,0,0,0,birds,-6.101499,0.6195248,0.2380921,0.66975826,-0.20822346,0.42695707,0.042222355,0.32867488,0.21126714,0.21769598,0.21605612,0.14838502,0.21239223
8.454864,4.629477,7.620434,1,0,0,00:00.0,00:00.0,uploads\f2e6d795-3777-11f0-84b6-581122bb7f2c\20210509T100000+1000_REC_26.wav,False,0,0,0,0,0,0,0,0,0,0,0,0,birds,-6.090503,0.64559287,0.12303825,0.68328047,-0.33375344,0.48298442,-0.03804634,0.2607626,0.12505254,0.16370843,0.15705039,0.1961138,0.15751827
8.456834,4.606102,7.6067934,1,0,0,00:00.0,00:00.0,uploads\f2e6d795-3777-11f0-84b6-581122bb7f2c\20210509T100000+1000_REC_27.wav,False,0,0,0,0,0,0,0,0,0,0,0,0,birds,-6.084897,0.67410237,0.13570996,0.71695733,-0.3274779,0.46257922,-0.041610274,0.31976843,0.15050143,0.16631532,0.159035,0.17678954,0.1858908
9.88053,3.294664,6.828108,1,0,0,00:00.0,00:00.0,uploads\f2e6d795-3777-11f0-84b6-581122bb7f2c\20210509T100000+1000_REC_28.wav,False,0,0,0,0,0,0,0,0,0,0,0,0,birds,-5.9036517,1.1639844,-0.051042773,1.01775,-0.7945093,0.5553003,-0.24287024,0.4962451,0.0045777624,0.26905954,0.024170514,0.20895751,0.10603554
8.690325,4.404323,7.1863837,1,0,0,00:00.0,00:00.0,uploads\f2e6d795-3777-11f0-84b6-581122bb7f2c\20210509T100000+1000_REC_29.wav,False,0,0,0,0,0,0,0,0,0,0,0,0,birds,-6.033934,0.834537,0.036490798,0.86246634,-0.52743924,0.44488937,-0.07645408,0.32952607,0.10792012,0.18539955,0.067756146,0.10860125,0.15971915
8.3701,4.7880845,7.647179,1,0,0,00:00.0,00:00.0,uploads\f2e6d795-3777-11f0-84b6-581122bb7f2c\20210509T100000+1000_REC_30.wav,False,0,0,0,0,0,0,0,0,0,0,0,0,birds,-6.090493,0.72850317,0.13930112,0.6802328,-0.32431304,0.3720962,0.011497552,0.2641418,0.15269405,0.15580656,0.13962677,0.14515732,0.19904576
8.691636,4.3470535,7.1566725,1,0,0,00:00.0,00:00.0,uploads\f2e6d795-3777-11f0-84b6-581122bb7f2c\20210509T100000+1000_REC_31.wav,False,0,0,0,0,0,0,0,0,0,0,0,0,birds,-6.047272,0.8925154,-0.037768975,0.71364856,-0.42603144,0.50031173,-0.12183591,0.28199843,0.041356057,0.20301002,0.09852044,0.15874209,0.13993044
9.853159,3.3198094,6.8291206,1,0,0,00:00.0,00:00.0,uploads\f2e6d795-3777-11f0-84b6-581122bb7f2c\20210509T100000+1000_REC_32.wav,False,0,0,0,0,0,0,0,0,0,0,0,0,birds,-5.913585,1.099193,-0.04600853,1.0611416,-0.7171246,0.64605874,-0.26873302,0.42865053,0.027626485,0.26293692,-0.035013787,0.19819313,0.076704085
9.148505,4.241341,6.6053224,1,0,0,00:00.0,00:00.0,uploads\f2e6d795-3777-11f0-84b6-581122bb7f2c\20210509T100000+1000_REC_33.wav,False,0,0,0,0,0,0,0,0,0,0,0,0,birds,-6.018077,0.8226452,-0.026939113,0.887026,-0.53916615,0.46194488,-0.18442117,0.40608135,-0.012441626,0.27511007,0.09363889,0.15266125,0.06504294
9.933605,3.2203932,6.8508315,1,0,0,00:00.0,00:00.0,uploads\f2e6d795-3777-11f0-84b6-581122bb7f2c\20210509T100000+1000_REC_34.wav,False,0,0,0,0,0,0,0,0,0,0,0,0,birds,-5.8463264,1.1226516,-0.06422383,1.2158252,-0.83942765,0.6528378,-0.39169246,0.5182744,-0.12450978,0.23786955,0.00404935,0.13866794,0.02177074
9.099214,4.337721,6.549287,1,0,0,00:00.0,00:00.0,uploads\f2e6d795-3777-11f0-84b6-581122bb7f2c\20210509T100000+1000_REC_35.wav,True,0,1,0,0,0,0,0,0,0,0,0,1,birds,-5.9975433,0.96580034,-0.10199197,0.9655971,-0.48377144,0.44875056,-0.16103508,0.4072875,0.029093575,0.2125943,0.1202062,0.17437437,0.08130828
9.097855,4.3666735,6.535493,1,0,0,00:00.0,00:00.0,uploads\f2e6d795-3777-11f0-84b6-581122bb7f2c\20210509T100000+1000_REC_36.wav,False,0,0,0,0,0,0,0,0,0,0,0,0,birds,-5.9971843,0.97476465,-0.03110999,0.9485844,-0.466955,0.4886374,-0.09324174,0.5035067,0.058322217,0.25626877,0.07261428,0.17538303,0.10356041
9.068332,4.416867,6.5225854,1,0,0,00:00.0,00:00.0,uploads\f2e6d795-3777-11f0-84b6-581122bb7f2c\20210509T100000+1000_REC_37.wav,False,0,0,0,0,0,0,0,0,0,0,0,0,birds,-6.013258,0.9639254,-0.11848493,0.89234716,-0.4316258,0.46054447,-0.066645116,0.44432992,0.049059596,0.23114328,0.114176214,0.14984317,0.11808152
9.080329,4.386405,6.5189133,1,0,0,00:00.0,00:00.0,uploads\f2e6d795-3777-11f0-84b6-581122bb7f2c\20210509T100000+1000_REC_38.wav,False,0,0,0,0,0,0,0,0,0,0,0,0,birds,-5.9921136,0.8632061,-0.07419947,1.0836545,-0.51876575,0.42518333,-0.066273145,0.48115638,0.026551718,0.21538937,0.12515675,0.1156682,0.101510085
9.899348,3.2699816,6.833726,1,0,0,00:00.0,00:00.0,uploads\f2e6d795-3777-11f0-84b6-581122bb7f2c\20210509T100000+1000_REC_39.wav,False,0,0,0,0,0,0,0,0,0,0,0,0,birds,-5.883082,1.256389,-0.119671,1.1427002,-0.6358598,0.53413653,-0.2282399,0.5687837,-0.021057582,0.23293072,0.08835825,0.20480345,-0.025307909
8.420841,4.6572175,7.6219873,1,0,0,00:00.0,00:00.0,uploads\f2e6d795-3777-11f0-84b6-581122bb7f2c\20210509T100000+1000_REC_40.wav,False,0,0,0,0,0,0,0,0,0,0,0,0,birds,-6.090589,0.66934365,0.0818554,0.75423765,-0.26021892,0.38366994,-0.0019288529,0.32558262,0.119263485,0.1881648,0.1655702,0.14352268,0.18481119
7.1254745,6.108277,8.230239,1,0,0,00:00.0,00:00.0,uploads\f2e6d795-3777-11f0-84b6-581122bb7f2c\20210509T100000+1000_REC_41.wav,False,0,0,0,0,0,0,0,0,0,0,0,0,birds,-6.14405,0.32525867,0.3449686,0.39317742,0.23270096,0.31655887,0.26651138,0.22967957,0.29347038,0.20991497,0.23575196,0.23052727,0.19011527
9.111191,4.334913,6.5348115,1,0,0,00:00.0,00:00.0,uploads\f2e6d795-3777-11f0-84b6-581122bb7f2c\20210509T100000+1000_REC_42.wav,False,0,0,0,0,0,0,0,0,0,0,0,0,birds,-6.013688,0.90780884,-0.04207347,0.9213934,-0.43572345,0.45665824,-0.22225392,0.4113737,0.12987113,0.24092354,0.08664699,0.21628311,0.104292974
9.746735,3.4624972,6.814556,1,0,0,00:00.0,00:00.0,uploads\f2e6d795-3777-11f0-84b6-581122bb7f2c\20210509T100000+1000_REC_44.wav,False,0,0,0,0,0,0,0,0,0,0,0,0,birds,-5.9476137,0.90716743,-0.13180934,1.0791627,-0.55395883,0.69436175,-0.3048114,0.38981926,0.10072146,0.33349288,-0.105937794,0.19645277,0.16378923
9.594081,3.6338024,6.8287554,1,0,0,00:00.0,00:00.0,uploads\f2e6d795-3777-11f0-84b6-581122bb7f2c\20210509T100000+1000_REC_45.wav,False,0,0,0,0,0,0,0,0,0,0,0,0,birds,-5.943835,0.7868239,-0.21718897,1.1629262,-0.615016,0.6460759,-0.25600624,0.27016243,0.11916051,0.41333213,-0.12694319,0.22825317,0.17687842
8.638837,4.292208,7.6225758,1,0,0,00:00.0,00:00.0,uploads\f2e6d795-3777-11f0-84b6-581122bb7f2c\20210509T100000+1000_REC_46.wav,False,0,0,0,0,0,0,0,0,0,0,0,0,birds,-6.093179,0.4079545,0.15431793,0.8095595,-0.28545454,0.4446858,-0.033403102,0.3040225,0.18221353,0.29283762,0.0038037596,0.21721572,0.22952944
9.385796,3.784118,6.930581,1,0,0,00:00.0,00:00.0,uploads\f2e6d795-3777-11f0-84b6-581122bb7f2c\20210509T100000+1000_REC_47.wav,False,0,0,0,0,0,0,0,0,0,0,0,0,birds,-6.012345,0.5382979,-0.079341926,1.0320433,-0.51512474,0.5769062,-0.1858429,0.31382135,0.18249758,0.3453532,-0.16289434,0.27280915,0.13085029
9.2154,3.9101887,7.008177,1,0,0,00:00.0,00:00.0,uploads\f2e6d795-3777-11f0-84b6-581122bb7f2c\20210509T100000+1000_REC_48.wav,False,0,0,0,0,0,0,0,0,0,0,0,0,birds,-6.0367465,0.4657761,0.01923418,1.0576631,-0.44462177,0.39153326,-0.12366152,0.485555,0.072431505,0.31742218,0.015082613,0.18170612,0.11019884
8.724279,4.2143483,7.53583,1,0,0,00:00.0,00:00.0,uploads\f2e6d795-3777-11f0-84b6-581122bb7f2c\20210509T100000+1000_REC_49.wav,False,0,0,0,0,0,0,0,0,0,0,0,0,birds,-6.0539722,0.4972351,0.10126548,0.9372746,-0.45630768,0.4468467,-0.19671509,0.3001334,0.11778942,0.2775824,-0.010747112,0.18492043,0.17413457
7.3517246,5.840227,8.223869,1,0,0,00:00.0,00:00.0,uploads\f2e6d795-3777-11f0-84b6-581122bb7f2c\20210509T100000+1000_REC_50.wav,False,0,0,0,0,0,0,0,0,0,0,0,0,birds,-6.139476,0.36548313,0.3793582,0.49038613,0.003617613,0.31284636,0.166562,0.21228379,0.26726973,0.17295323,0.23439854,0.18726087,0.23058277
7.123282,6.114111,8.223432,1,0,0,00:00.0,00:00.0,uploads\f2e6d795-3777-11f0-84b6-581122bb7f2c\20210509T100000+1000_REC_51.wav,False,0,0,0,0,0,0,0,0,0,0,0,0,birds,-6.1394825,0.37397304,0.36787835,0.38013643,0.28400347,0.29976517,0.28524953,0.26760578,0.26629442,0.24507937,0.24895181,0.21614388,0.21259971
8.605262,4.3353214,7.5804396,1,0,0,00:00.0,00:00.0,uploads\f2e6d795-3777-11f0-84b6-581122bb7f2c\20210509T100000+1000_REC_52.wav,False,0,0,0,0,0,0,0,0,0,0,0,0,birds,-6.090561,0.5255165,0.17793463,0.7588854,-0.31199822,0.44205454,-0.041790362,0.38963136,0.14526021,0.23264045,0.17463166,0.20579529,0.15047787
8.968321,4.0747156,7.1905637,1,0,0,00:00.0,00:00.0,uploads\f2e6d795-3777-11f0-84b6-581122bb7f2c\20210509T100000+1000_REC_53.wav,False,0,0,0,0,0,0,0,0,0,0,0,0,birds,-6.0566554,0.6549174,-0.016789049,0.88909954,-0.33875036,0.475401,-0.12398292,0.40065536,0.08521156,0.2885231,0.15903895,0.20408952,0.12771662
8.178176,4.7839904,7.7964535,1,0,0,00:00.0,00:00.0,uploads\f2e6d795-3777-11f0-84b6-581122bb7f2c\20210509T100000+1000_REC_54.wav,False,0,0,0,0,0,0,0,0,0,0,0,0,birds,-6.0936146,0.46112552,-0.016716586,0.7721212,-0.3634161,0.37691915,0.0029548884,0.30380175,0.1934139,0.10858472,0.27485675,0.11726119,0.17370735
8.508227,4.5609417,7.538786,1,0,0,00:00.0,00:00.0,uploads\f2e6d795-3777-11f0-84b6-581122bb7f2c\20210509T100000+1000_REC_55.wav,False,0,0,0,0,0,0,0,0,0,0,0,0,birds,-6.092858,0.6825998,0.07636793,0.69085985,-0.23052053,0.3919126,-0.029986572,0.3872048,0.19584985,0.18334904,0.14155495,0.22649972,0.19143666
8.504074,4.5784655,7.5744452,1,0,0,00:00.0,00:00.0,uploads\f2e6d795-3777-11f0-84b6-581122bb7f2c\20210509T100000+1000_REC_56.wav,False,0,0,0,0,0,0,0,0,0,0,0,0,birds,-6.077786,0.7158488,0.036422983,0.7875983,-0.31440467,0.37544635,0.016658058,0.35044467,0.1918062,0.23307672,0.11010333,0.15557617,0.1799577
8.164542,5.423971,7.568633,1,0,0,00:00.0,00:00.0,uploads\f2e6d795-3777-11f0-84b6-581122bb7f2c\20210509T100000+1000_REC_57.wav,False,0,0,0,0,0,0,0,0,0,0,0,0,birds,-6.108494,0.5609916,0.11090727,0.6960192,-0.21878743,0.3463466,0.07596393,0.30946285,0.18431507,0.25275514,0.19334237,0.15352444,0.21185282
7.9078226,5.4954677,7.8200603,1,0,0,00:00.0,00:00.0,uploads\f2e6d795-3777-11f0-84b6-581122bb7f2c\20210509T100000+1000_REC_58.wav,False,0,0,0,0,0,0,0,0,0,0,0,0,birds,-6.1264863,0.49836776,0.16542466,0.6266616,-0.04057472,0.3185594,0.07821313,0.31227204,0.18177105,0.19547378,0.20323315,0.1325959,0.26248062
7.893092,5.3955393,7.8956037,1,0,0,00:00.0,00:00.0,uploads\f2e6d795-3777-11f0-84b6-581122bb7f2c\20210509T100000+1000_REC_59.wav,False,0,0,0,0,0,0,0,0,0,0,0,0,birds,-6.1243453,0.51741713,0.0887739,0.62096596,-0.123399064,0.32998225,0.122797884,0.21068032,0.18583766,0.2017488,0.20248164,0.06101958,0.27198312
7.9538946,5.311746,7.898665,1,0,0,00:00.0,00:00.0,uploads\f2e6d795-3777-11f0-84b6-581122bb7f2c\20210509T100000+1000_REC_60.wav,False,0,0,0,0,0,0,0,0,0,0,0,0,birds,-6.0999146,0.4825412,0.105415925,0.84177405,-0.23287046,0.24367993,0.27552107,0.15313506,0.23346049,0.24464118,0.122796655,0.20090027,0.26587054
8.609596,4.5863557,7.247311,1,0,0,00:00.0,00:00.0,uploads\f2e6d795-3777-11f0-84b6-581122bb7f2c\20210509T100000+1000_REC_61.wav,False,0,0,0,0,0,0,0,0,0,0,0,0,birds,-6.051884,0.8544834,0.03730552,0.7542519,-0.39254093,0.47312936,-0.08474742,0.39485642,0.14205056,0.17567311,0.13477242,0.17735916,0.21034601
9.039529,4.5303154,6.4192996,1,0,0,00:00.0,00:00.0,uploads\f2e6d795-3777-11f0-84b6-581122bb7f2c\20210509T100000+1000_REC_62.wav,False,0,0,0,0,0,0,0,0,0,0,0,0,birds,-6.0285025,0.7328684,-0.29677173,1.036854,-0.26837224,0.3335934,-0.089716606,0.43819496,0.109719336,0.2091271,0.07170581,0.18404126,0.2131895
8.996192,4.0318465,7.207321,1,0,0,00:00.0,00:00.0,uploads\f2e6d795-3777-11f0-84b6-581122bb7f2c\20210509T100000+1000_REC_63.wav,False,0,0,0,0,0,0,0,0,0,0,0,0,birds,-6.0447087,0.57119817,0.07899969,0.94655323,-0.4174465,0.54220235,-0.14674033,0.42170992,0.15537778,0.26903474,0.083338924,0.23699918,0.15793395
9.269201,3.914047,6.910632,1,0,0,00:00.0,00:00.0,uploads\f2e6d795-3777-11f0-84b6-581122bb7f2c\20210509T100000+1000_REC_64.wav,True,0,1,0,0,0,0,0,0,0,0,0,1,birds,-6.018651,0.7199686,0.0443057,0.9781731,-0.50235116,0.47006187,-0.17625289,0.4743936,0.0761527,0.28749567,0.045351505,0.21874458,0.043775212
7.1281548,6.122955,8.211241,1,0,0,00:00.0,00:00.0,uploads\f2e6d795-3777-11f0-84b6-581122bb7f2c\20210509T100000+1000_REC_65.wav,False,0,0,0,0,0,0,0,0,0,0,0,0,birds,-6.13764,0.36601013,0.3650642,0.39997262,0.30443883,0.31152195,0.30694515,0.26943007,0.26406938,0.25127482,0.22999907,0.21900444,0.20850106
8.882514,4.2298756,7.2026196,1,0,0,00:00.0,00:00.0,uploads\f2e6d795-3777-11f0-84b6-581122bb7f2c\20210509T100000+1000_REC_66.wav,False,0,0,0,0,0,0,0,0,0,0,0,0,birds,-6.0313463,0.8151101,0.07248373,0.83115965,-0.47602174,0.57142603,-0.095340855,0.4071409,0.013627338,0.16816792,-0.0082273735,0.22206305,0.119931035
7.9735775,5.241274,7.8971634,1,0,0,00:00.0,00:00.0,uploads\f2e6d795-3777-11f0-84b6-581122bb7f2c\20210509T100000+1000_REC_67.wav,False,0,0,0,0,0,0,0,0,0,0,0,0,birds,-6.1051207,0.39844468,0.07691307,0.8246684,-0.24905398,0.351205,0.14122358,0.22781666,0.22811654,0.19358446,0.1936139,0.16238955,0.1897101
8.360839,4.48805,7.678974,1,0,0,00:00.0,00:00.0,uploads\f2e6d795-3777-11f0-84b6-581122bb7f2c\20210509T100000+1000_REC_68.wav,False,0,0,0,0,0,0,0,0,0,0,0,0,birds,-6.0905323,0.6114812,0.09038692,0.7837908,-0.2860575,0.37803692,-0.0061223945,0.3377597,0.17427127,0.14992099,0.1639364,0.1870051,0.121675484
8.27642,4.3618646,7.7289786,1,0,0,00:00.0,00:00.0,uploads\f2e6d795-3777-11f0-84b6-581122bb7f2c\20210509T100000+1000_REC_69.wav,False,0,0,0,0,0,0,0,0,0,0,0,0,birds,-6.0744915,0.5490242,-0.078162745,0.8744887,-0.38861087,0.32017565,-0.043315925,0.33849648,0.100492306,0.14117134,0.14521168,0.17129664,0.10750485
8.628918,4.2574735,7.628895,1,0,0,00:00.0,00:00.0,uploads\f2e6d795-3777-11f0-84b6-581122bb7f2c\20210509T100000+1000_REC_70.wav,False,0,0,0,0,0,0,0,0,0,0,0,0,birds,-6.07646,0.56835985,0.1549892,0.8323343,-0.3924324,0.34706387,-0.067124635,0.39212227,0.08211019,0.25271747,0.11676332,0.18678537,0.19584009
9.203625,3.9321105,6.996893,1,0,0,00:00.0,00:00.0,uploads\f2e6d795-3777-11f0-84b6-581122bb7f2c\20210509T100000+1000_REC_71.wav,False,0,0,0,0,0,0,0,0,0,0,0,0,birds,-6.024119,0.65953845,0.17723194,0.93233824,-0.5399952,0.3998739,-0.23875412,0.53173554,0.11921738,0.2130991,0.020331234,0.27466214,0.12158338
7.9686937,5.2302537,7.9085784,1,0,0,00:00.0,00:00.0,uploads\f2e6d795-3777-11f0-84b6-581122bb7f2c\20210509T100000+1000_REC_72.wav,True,0,1,0,0,0,0,0,0,0,0,0,1,birds,-6.096182,0.41243073,0.07614061,0.8103294,-0.39034912,0.3351427,0.04360742,0.24471319,0.14986996,0.21368505,0.12015348,0.14971687,0.16240364
8.265729,4.3649898,7.7328553,1,0,0,00:00.0,00:00.0,uploads\f2e6d795-3777-11f0-84b6-581122bb7f2c\20210509T100000+1000_REC_73.wav,False,0,0,0,0,0,0,0,0,0,0,0,0,birds,-6.0688143,0.4509072,0.0052461238,0.8864507,-0.5078875,0.36757445,-0.026152564,0.2718517,0.10403303,0.14830728,0.10129511,0.23314634,0.040386446
9.9834175,3.1440966,6.8793488,1,0,0,00:00.0,00:00.0,uploads\f2e6d795-3777-11f0-84b6-581122bb7f2c\20210509T100000+1000_REC_74.wav,True,0,1,0,0,0,0,0,0,0,0,0,1,birds,-5.8411913,0.952218,-0.025535433,1.2538897,-0.92513645,0.63138837,-0.44142327,0.5086458,-0.18293542,0.32020164,-0.049688995,0.24411729,-0.026558185
8.293018,4.3850584,7.7167735,1,0,0,00:00.0,00:00.0,uploads\f2e6d795-3777-11f0-84b6-581122bb7f2c\20210509T100000+1000_REC_75.wav,False,0,0,0,0,0,0,0,0,0,0,0,0,birds,-6.0827045,0.58436817,-0.047860257,0.84393,-0.26590306,0.2648392,-0.083798826,0.38553017,0.028740332,0.08878003,0.17084096,0.196308,0.09093439
9.084739,4.329722,6.562808,1,0,0,00:00.0,00:00.0,uploads\f2e6d795-3777-11f0-84b6-581122bb7f2c\20210509T100000+1000_REC_76.wav,False,0,0,0,0,0,0,0,0,0,0,0,0,birds,-6.0332017,0.74602306,-0.10415188,0.93293583,-0.4318359,0.34719908,-0.14919493,0.4542052,-0.041294243,0.18783703,0.12286546,0.21461451,0.05864973
8.23788,4.3222675,7.7521048,1,0,0,00:00.0,00:00.0,uploads\f2e6d795-3777-11f0-84b6-581122bb7f2c\20210509T100000+1000_REC_77.wav,False,0,0,0,0,0,0,0,0,0,0,0,0,birds,-6.076603,0.36106157,-0.2441349,0.9694963,-0.24680863,0.081444755,0.057241313,0.3589026,0.055675,0.14336415,0.23655008,0.17587346,0.21070902
7.985878,5.2133837,7.8989906,1,0,0,00:00.0,00:00.0,uploads\f2e6d795-3777-11f0-84b6-581122bb7f2c\20210509T100000+1000_REC_78.wav,False,0,0,0,0,0,0,0,0,0,0,0,0,birds,-6.100694,0.52903193,0.015950184,0.79906714,-0.26529622,0.27900633,0.0649363,0.2542943,0.15555243,0.19161625,0.14782375,0.177817,0.23818159
8.2797,4.366365,7.7184963,1,0,0,00:00.0,00:00.0,uploads\f2e6d795-3777-11f0-84b6-581122bb7f2c\20210509T100000+1000_REC_79.wav,False,0,0,0,0,0,0,0,0,0,0,0,0,birds,-6.0624104,0.6969001,-0.00014705517,0.8872189,-0.38324133,0.39034173,-0.049876496,0.29752105,0.12764935,0.14448906,0.13275129,0.21789192,0.0981769
8.381932,4.624552,7.6610913,1,0,0,00:00.0,00:00.0,uploads\f2e6d795-3777-11f0-84b6-581122bb7f2c\20210509T100000+1000_REC_80.wav,False,0,0,0,0,0,0,0,0,0,0,0,0,birds,-6.0795274,0.5211963,0.07193726,0.7653704,-0.45158297,0.45207152,-0.09824747,0.3241588,0.14481275,0.13795897,0.15255907,0.113425136,0.17365187
8.415524,4.5994353,7.641704,1,0,0,00:00.0,00:00.0,uploads\f2e6d795-3777-11f0-84b6-581122bb7f2c\20210509T100000+1000_REC_81.wav,True,0,1,0,0,0,0,0,0,0,0,0,1,birds,-6.0914416,0.5685952,0.10476801,0.5987865,-0.3368681,0.4317372,-0.23001434,0.4004074,0.06745089,0.12627131,0.22695263,0.09209644,0.20217995
8.248169,4.3593755,7.74336,1,0,0,00:00.0,00:00.0,uploads\f2e6d795-3777-11f0-84b6-581122bb7f2c\20210509T100000+1000_REC_82.wav,True,0,1,0,0,0,0,0,0,0,0,0,1,birds,-6.063816,0.5821973,-0.09845268,0.8909626,-0.41518816,0.44104913,-0.07881993,0.19945599,0.16068785,0.12692997,0.10517378,0.16887516,0.07078655
8.261065,4.356102,7.7309017,1,0,0,00:00.0,00:00.0,uploads\f2e6d795-3777-11f0-84b6-581122bb7f2c\20210509T100000+1000_REC_83.wav,False,0,0,0,0,0,0,0,0,0,0,0,0,birds,-6.0687447,0.69483215,-0.17694584,0.7877338,-0.37530267,0.4210842,-0.025269404,0.223529,0.11848078,0.17923178,0.16553211,0.15851915,0.07192669
7.823349,5.248216,8.005946,1,0,0,00:00.0,00:00.0,uploads\f2e6d795-3777-11f0-84b6-581122bb7f2c\20210509T100000+1000_REC_84.wav,False,0,0,0,0,0,0,0,0,0,0,0,0,birds,-6.1446524,0.43361336,0.102000214,0.4087639,-0.10715357,0.2921167,0.06871517,0.15668638,0.1536379,0.12718455,0.21697588,0.111650705,0.21689877
7.8731923,5.166598,7.9870486,1,0,0,00:00.0,00:00.0,uploads\f2e6d795-3777-11f0-84b6-581122bb7f2c\20210509T100000+1000_REC_85.wav,False,0,0,0,0,0,0,0,0,0,0,0,0,birds,-6.1307755,0.49887988,0.03653532,0.53382206,-0.18552476,0.26318607,0.026126357,0.17823753,0.19826457,0.13500363,0.18494572,0.113590315,0.16402912
7.8711934,5.1856885,7.9858327,1,0,0,00:00.0,00:00.0,uploads\f2e6d795-3777-11f0-84b6-581122bb7f2c\20210509T100000+1000_REC_86.wav,False,0,0,0,0,0,0,0,0,0,0,0,0,birds,-6.109902,0.43218356,0.14240348,0.6752343,-0.35476533,0.36948732,0.00013022844,0.20679414,0.17621277,0.116891034,0.20851573,0.11998226,0.15427846
8.262865,4.356231,7.7302327,1,0,0,00:00.0,00:00.0,uploads\f2e6d795-3777-11f0-84b6-581122bb7f2c\20210509T100000+1000_REC_87.wav,False,0,0,0,0,0,0,0,0,0,0,0,0,birds,-6.0744576,0.5966883,-0.0660665,0.8254212,-0.36551958,0.45924172,-0.031013448,0.26735488,0.03943147,0.1856848,0.18248338,0.11897807,0.06487671
7.8623414,5.1901293,7.9917746,1,0,0,00:00.0,00:00.0,uploads\f2e6d795-3777-11f0-84b6-581122bb7f2c\20210509T100000+1000_REC_88.wav,True,0,1,0,0,0,0,0,0,0,0,0,1,birds,-6.130659,0.34942928,0.08438566,0.6382298,-0.20019095,0.25145742,0.090362884,0.17965305,0.20225228,0.07184902,0.14927612,0.11481386,0.15758896
9.495315,3.7329485,6.814602,1,0,0,00:00.0,00:00.0,uploads\f2e6d795-3777-11f0-84b6-581122bb7f2c\20210509T100000+1000_REC_89.wav,False,0,0,0,0,0,0,0,0,0,0,0,0,birds,-5.995065,0.88159263,-0.005395514,0.8654181,-0.53767294,0.58664864,-0.26594052,0.50295717,-0.032365836,0.27853808,0.039616436,0.22788374,0.08449398
9.423702,3.8765569,6.7212377,1,0,0,00:00.0,00:00.0,uploads\f2e6d795-3777-11f0-84b6-581122bb7f2c\20210509T100000+1000_REC_90.wav,False,0,0,0,0,0,0,0,0,0,0,0,0,birds,-5.975886,0.9453212,-0.10213031,0.96237683,-0.53385687,0.5642352,-0.23274666,0.51325256,-0.04677233,0.23108655,0.12460591,0.24026105,0.07278232
9.749205,3.4591527,6.7874455,1,0,0,00:00.0,00:00.0,uploads\f2e6d795-3777-11f0-84b6-581122bb7f2c\20210509T100000+1000_REC_91.wav,False,0,0,0,0,0,0,0,0,0,0,0,0,birds,-5.955971,1.0124112,-0.045745138,0.97629917,-0.58430785,0.62246805,-0.28725472,0.45579046,-0.047840577,0.25460276,0.030973515,0.17551848,0.08777633
7.9108973,5.28357,7.9267106,1,0,0,00:00.0,00:00.0,uploads\f2e6d795-3777-11f0-84b6-581122bb7f2c\20210509T100000+1000_REC_92.wav,False,0,0,0,0,0,0,0,0,0,0,0,0,birds,-6.1156936,0.46832418,0.17183764,0.63608974,-0.3259222,0.316007,0.027852897,0.19356482,0.120026216,0.20552744,0.17332545,0.104639284,0.20056815
7.8942676,5.249337,7.952709,1,0,0,00:00.0,00:00.0,uploads\f2e6d795-3777-11f0-84b6-581122bb7f2c\20210509T100000+1000_REC_93.wav,False,0,0,0,0,0,0,0,0,0,0,0,0,birds,-6.1107726,0.49670747,0.15045154,0.6690708,-0.25333723,0.47369894,0.034910943,0.16693729,0.20011427,0.18999207,0.15586993,0.13194095,0.15393466
8.548382,4.5291758,7.584506,1,0,0,00:00.0,00:00.0,uploads\f2e6d795-3777-11f0-84b6-581122bb7f2c\20210509T100000+1000_REC_94.wav,False,0,0,0,0,0,0,0,0,0,0,0,0,birds,-6.0811386,0.7024306,0.2828126,0.7340672,-0.28793064,0.43623218,-0.0646017,0.325411,0.10975575,0.22195564,0.14110026,0.16371968,0.21489547
8.746553,4.2590976,7.447796,1,0,0,00:00.0,00:00.0,uploads\f2e6d795-3777-11f0-84b6-581122bb7f2c\20210509T100000+1000_REC_95.wav,False,0,0,0,0,0,0,0,0,0,0,0,0,birds,-6.064352,0.68261003,0.21690537,0.748795,-0.37504414,0.5527138,-0.1567262,0.3745933,0.087448254,0.22364299,0.1490133,0.19469512,0.16234392
7.6808367,5.514542,8.034717,1,0,0,00:00.0,00:00.0,uploads\f2e6d795-3777-11f0-84b6-581122bb7f2c\20210509T100000+1000_REC_96.wav,False,0,0,0,0,0,0,0,0,0,0,0,0,birds,-6.1276064,0.43714103,0.16306433,0.68502355,0.0618645,0.26650542,0.08876693,0.26215598,0.28226444,0.094916694,0.2263384,0.22750846,0.22663423
8.490503,4.641018,7.6236725,1,0,0,00:00.0,00:00.0,uploads\f2e6d795-3777-11f0-84b6-581122bb7f2c\20210509T100000+1000_REC_97.wav,False,0,0,0,0,0,0,0,0,0,0,0,0,birds,-6.0958676,0.57096386,0.16943504,0.7582488,-0.2950502,0.39056727,-0.0050279857,0.29607192,0.13004918,0.2146205,0.17650834,0.17548113,0.16007614
7.696612,5.4976916,8.0231285,1,0,0,00:00.0,00:00.0,uploads\f2e6d795-3777-11f0-84b6-581122bb7f2c\20210509T100000+1000_REC_98.wav,False,0,0,0,0,0,0,0,0,0,0,0,0,birds,-6.127699,0.519832,0.25810224,0.5755891,-0.023760304,0.3525995,0.096219644,0.29098243,0.20963296,0.14227867,0.2518201,0.14530964,0.2205313
7.915205,5.2263813,7.9357505,1,0,0,00:00.0,00:00.0,uploads\f2e6d795-3777-11f0-84b6-581122bb7f2c\20210509T100000+1000_REC_99.wav,False,0,0,0,0,0,0,0,0,0,0,0,0,birds,-6.102431,0.60149574,0.098748535,0.6692508,-0.23300827,0.47338626,0.054769784,0.21417557,0.2690606,0.14229561,0.23833005,0.21294329,0.14134693
9.119132,4.301914,6.54736,1,0,0,00:00.0,00:00.0,uploads\f2e6d795-3777-11f0-84b6-581122bb7f2c\20210509T100000+1000_REC_100.wav,False,0,0,0,0,0,0,0,0,0,0,0,0,birds,-6.0171094,0.8635774,-0.072728544,0.89123183,-0.42008284,0.5061879,-0.25539,0.44637316,0.02914709,0.21266928,0.10254993,0.15356995,0.08705091
9.221894,4.1544256,6.6148834,1,0,0,00:00.0,00:00.0,uploads\f2e6d795-3777-11f0-84b6-581122bb7f2c\20210509T100000+1000_REC_101.wav,False,0,0,0,0,0,0,0,0,0,0,0,0,birds,-5.991621,0.9609305,-0.06960045,0.9817155,-0.42568353,0.48151988,-0.23884828,0.47030708,-0.007386551,0.22995411,0.1159613,0.17344576,0.0133174015
7.602412,5.5820923,8.092086,1,0,0,00:00.0,00:00.0,uploads\f2e6d795-3777-11f0-84b6-581122bb7f2c\20210509T100000+1000_REC_102.wav,False,0,0,0,0,0,0,0,0,0,0,0,0,birds,-6.1418853,0.4913653,0.22043905,0.45574167,0.015867341,0.28391567,0.13150793,0.21976288,0.2713093,0.14632711,0.2115253,0.13533507,0.2057861
7.7998886,5.346755,7.9942775,1,0,0,00:00.0,00:00.0,uploads\f2e6d795-3777-11f0-84b6-581122bb7f2c\20210509T100000+1000_REC_103.wav,False,0,0,0,0,0,0,0,0,0,0,0,0,birds,-6.100189,0.5020566,0.05097566,0.7342768,-0.18679187,0.5065895,0.15818235,0.16126668,0.34291777,0.080824986,0.30080917,0.20543212,0.18698157
7.9934006,5.2015347,7.8963385,1,0,0,00:00.0,00:00.0,uploads\f2e6d795-3777-11f0-84b6-581122bb7f2c\20210509T100000+1000_REC_104.wav,False,0,0,0,0,0,0,0,0,0,0,0,0,birds,-6.0725136,0.5479257,-0.06261427,0.9332686,-0.3655887,0.33533466,0.14893311,0.2419975,0.22848167,0.15815082,0.21326551,0.1393646,0.23943512
9.027494,4.5431557,6.3832755,1,0,0,00:00.0,00:00.0,uploads\f2e6d795-3777-11f0-84b6-581122bb7f2c\20210509T100000+1000_REC_105.wav,False,0,0,0,0,0,0,0,0,0,0,0,0,birds,-5.9889517,0.5975017,-0.28792334,1.2783228,-0.48620844,0.30074793,0.07471732,0.4071426,0.19320025,0.20430554,0.110757716,0.20408036,0.15444928
7.105147,6.133646,8.21153,1,0,0,00:00.0,00:00.0,uploads\f2e6d795-3777-11f0-84b6-581122bb7f2c\20210509T100000+1000_REC_106.wav,True,0,1,0,0,0,0,0,0,0,0,0,1,birds,-6.1471295,0.3787386,0.28400677,0.39214358,0.2616691,0.19796653,0.23895623,0.29021946,0.23766886,0.17962793,0.26048994,0.2142347,0.15588364
7.12909,6.0964956,8.23354,1,0,0,00:00.0,00:00.0,uploads\f2e6d795-3777-11f0-84b6-581122bb7f2c\20210509T100000+1000_REC_107.wav,False,0,0,0,0,0,0,0,0,0,0,0,0,birds,-6.1416473,0.3795545,0.38748237,0.37133896,0.20849077,0.29594916,0.22475417,0.2604729,0.2799802,0.22520845,0.26559833,0.21354441,0.22632076
7.4696603,5.7435,8.134768,1,0,0,00:00.0,00:00.0,uploads\f2e6d795-3777-11f0-84b6-581122bb7f2c\20210509T100000+1000_REC_108.wav,False,0,0,0,0,0,0,0,0,0,0,0,0,birds,-6.1322165,0.35968328,0.39567944,0.5509325,-0.07397803,0.31943163,0.13002488,0.25778955,0.2736307,0.19575582,0.20391214,0.17750964,0.24654062
7.7394066,5.6248207,7.877953,1,0,0,00:00.0,00:00.0,uploads\f2e6d795-3777-11f0-84b6-581122bb7f2c\20210509T100000+1000_REC_109.wav,False,0,0,0,0,0,0,0,0,0,0,0,0,birds,-6.1159,0.36624664,0.20072103,0.69900465,-0.18062526,0.4132762,0.06695419,0.29721957,0.26325834,0.1922899,0.2592037,0.24726349,0.14646779
7.2414217,5.959901,8.256609,1,0,0,00:00.0,00:00.0,uploads\f2e6d795-3777-11f0-84b6-581122bb7f2c\20210509T100000+1000_REC_110.wav,True,0,1,0,0,0,0,0,0,0,0,0,1,birds,-6.1354346,0.4213563,0.39376476,0.44905752,0.09682514,0.3374683,0.20400946,0.24713954,0.30618566,0.18780242,0.263992,0.21739629,0.23003103
7.7203197,5.4568214,8.021398,1,0,0,00:00.0,00:00.0,uploads\f2e6d795-3777-11f0-84b6-581122bb7f2c\20210509T100000+1000_REC_111.wav,False,0,0,0,0,0,0,0,0,0,0,0,0,birds,-6.1299343,0.45404035,0.14072956,0.5307859,-0.12725729,0.45232412,0.15225023,0.17939897,0.22963162,0.17778213,0.24079001,0.11104166,0.22299673
7.1190104,6.0998793,8.231873,1,0,0,00:00.0,00:00.0,uploads\f2e6d795-3777-11f0-84b6-581122bb7f2c\20210509T100000+1000_REC_112.wav,False,0,0,0,0,0,0,0,0,0,0,0,0,birds,-6.1463017,0.40583447,0.24584259,0.42344677,0.19440691,0.21566437,0.22952382,0.25346202,0.26620266,0.21264061,0.26635554,0.18201171,0.19432645
7.640943,5.5411205,8.057957,1,0,0,00:00.0,00:00.0,uploads\f2e6d795-3777-11f0-84b6-581122bb7f2c\20210509T100000+1000_REC_113.wav,False,0,0,0,0,0,0,0,0,0,0,0,0,birds,-6.1305966,0.5485779,0.09603874,0.5663074,0.056518063,0.24973722,0.14054626,0.29395163,0.23807727,0.139504,0.299349,0.16120292,0.21120258
7.1841683,6.0423093,8.207247,1,0,0,00:00.0,00:00.0,uploads\f2e6d795-3777-11f0-84b6-581122bb7f2c\20210509T100000+1000_REC_114.wav,False,0,0,0,0,0,0,0,0,0,0,0,0,birds,-6.156114,0.34336397,0.18254773,0.23911133,0.25822547,0.27321684,0.20270298,0.19163242,0.22185187,0.23429608,0.24843761,0.17493097,0.1764157
8.326385,5.3126154,7.430943,1,0,0,00:00.0,00:00.0,uploads\f2e6d795-3777-11f0-84b6-581122bb7f2c\20210509T100000+1000_REC_115.wav,False,0,0,0,0,0,0,0,0,0,0,0,0,birds,-6.1137695,0.6553682,0.03672834,0.592246,-0.06885329,0.40360376,0.09052735,0.323879,0.19729377,0.21128128,0.2181693,0.12142256,0.16998121
8.859132,4.3616,6.9302745,1,0,0,00:00.0,00:00.0,uploads\f2e6d795-3777-11f0-84b6-581122bb7f2c\20210509T100000+1000_REC_116.wav,False,0,0,0,0,0,0,0,0,0,0,0,0,birds,-6.0478773,0.9042277,-0.06796041,0.7551664,-0.33918908,0.47501382,-0.064212635,0.39121816,0.050727814,0.168774,0.17717661,0.2081028,0.09180031
9.953046,3.1850805,6.8632455,1,0,0,00:00.0,00:00.0,uploads\f2e6d795-3777-11f0-84b6-581122bb7f2c\20210509T100000+1000_REC_117.wav,True,0,1,0,0,0,0,0,0,0,0,0,1,birds,-5.844222,1.1555572,0.15954801,1.1035956,-0.8823004,0.7385892,-0.48049852,0.44234908,0.0044704964,0.3107355,0.017032495,0.26578242,0.0020414435
8.786825,4.245582,7.3316655,1,0,0,00:00.0,00:00.0,uploads\f2e6d795-3777-11f0-84b6-581122bb7f2c\20210509T100000+1000_REC_118.wav,False,0,0,0,0,0,0,0,0,0,0,0,0,birds,-6.0585485,0.6949024,0.055784296,0.8350147,-0.400705,0.42637643,-0.15744916,0.35810357,0.021189993,0.20938759,0.06946899,0.16317005,0.05049813
9.392653,3.7868788,6.8975096,1,0,0,00:00.0,00:00.0,uploads\f2e6d795-3777-11f0-84b6-581122bb7f2c\20210509T100000+1000_REC_119.wav,False,0,0,0,0,0,0,0,0,0,0,0,0,birds,-5.981384,0.47193792,0.021515962,1.0619123,-0.7299835,0.64839864,-0.2392606,0.44853553,0.023145862,0.28915185,0.03985836,0.21786551,0.029640699
8.935996,4.095479,7.2804346,1,0,0,00:00.0,00:00.0,uploads\f2e6d795-3777-11f0-84b6-581122bb7f2c\20210509T100000+1000_REC_120.wav,True,0,1,0,0,0,0,0,0,0,0,0,1,birds,-6.0507593,0.5482255,0.11919944,0.85085154,-0.5126177,0.519246,-0.13668357,0.40279654,0.10636433,0.25307813,0.03758006,0.2963604,0.11164205
8.572701,4.2556458,7.6601,1,0,0,00:00.0,00:00.0,uploads\f2e6d795-3777-11f0-84b6-581122bb7f2c\20210509T100000+1000_REC_121.wav,False,0,0,0,0,0,0,0,0,0,0,0,0,birds,-6.0862274,0.40745845,-0.08221104,0.8842633,-0.27095988,0.24815507,-0.057881586,0.41557586,0.15537871,0.22151344,0.07928379,0.27110037,0.14172053
9.330605,3.8326178,6.9119377,1,0,0,00:00.0,00:00.0,uploads\f2e6d795-3777-11f0-84b6-581122bb7f2c\20210509T100000+1000_REC_122.wav,False,0,0,0,0,0,0,0,0,0,0,0,0,birds,-6.024268,0.5917048,0.07549845,0.95563495,-0.58034825,0.48818994,-0.15708752,0.44376802,-0.002125959,0.31284612,0.051375892,0.23393491,0.071075656
7.3253093,5.861181,8.269703,1,0,0,00:00.0,00:00.0,uploads\f2e6d795-3777-11f0-84b6-581122bb7f2c\20210509T100000+1000_REC_123.wav,False,0,0,0,0,0,0,0,0,0,0,0,0,birds,-6.1484857,0.29865566,0.35973266,0.4000518,0.08965175,0.3049822,0.19676436,0.20983659,0.26195323,0.1845859,0.2338905,0.18431966,0.21496546
8.63272,4.2802496,7.6179953,1,0,0,00:00.0,00:00.0,uploads\f2e6d795-3777-11f0-84b6-581122bb7f2c\20210509T100000+1000_REC_124.wav,False,0,0,0,0,0,0,0,0,0,0,0,0,birds,-6.0833926,0.63075304,0.18659376,0.75026864,-0.29974702,0.4370106,-0.0304569,0.41479272,0.118365094,0.25461164,0.121084236,0.21678264,0.1758421
8.68037,4.220561,7.5499735,1,0,0,00:00.0,00:00.0,uploads\f2e6d795-3777-11f0-84b6-581122bb7f2c\20210509T100000+1000_REC_125.wav,False,0,0,0,0,0,0,0,0,0,0,0,0,birds,-6.0768447,0.58558184,0.11421474,0.80740535,-0.38359654,0.44876653,-0.04185316,0.34343526,0.08348702,0.26908743,0.08064792,0.18215473,0.13894291
8.648788,4.239374,7.6199374,1,0,0,00:00.0,00:00.0,uploads\f2e6d795-3777-11f0-84b6-581122bb7f2c\20210509T100000+1000_REC_126.wav,False,0,0,0,0,0,0,0,0,0,0,0,0,birds,-6.0860124,0.5211198,0.10509042,0.7831825,-0.36383513,0.425962,-0.038121667,0.34974614,0.118204236,0.28404564,0.11508327,0.20483208,0.17596754
7.8397107,5.471469,7.897218,1,0,0,00:00.0,00:00.0,uploads\f2e6d795-3777-11f0-84b6-581122bb7f2c\20210509T100000+1000_REC_127.wav,False,0,0,0,0,0,0,0,0,0,0,0,0,birds,-6.1316895,0.48652148,0.24679533,0.5393079,-0.13347381,0.3134977,0.12739487,0.25078624,0.22759993,0.2051786,0.19529305,0.14012532,0.19803473
8.348828,4.8492355,7.6337876,1,0,0,00:00.0,00:00.0,uploads\f2e6d795-3777-11f0-84b6-581122bb7f2c\20210509T100000+1000_REC_128.wav,False,0,0,0,0,0,0,0,0,0,0,0,0,birds,-6.1063666,0.6589122,0.094188035,0.67517376,-0.16774872,0.36702546,0.034964107,0.28988585,0.13596943,0.17535591,0.1832784,0.15522693,0.18816644
8.907444,4.141841,7.207671,1,0,0,00:00.0,00:00.0,uploads\f2e6d795-3777-11f0-84b6-581122bb7f2c\20210509T100000+1000_REC_129.wav,False,0,0,0,0,0,0,0,0,0,0,0,0,birds,-6.019443,0.7113934,0.016600827,0.9492423,-0.5888119,0.5475433,-0.10301841,0.36862373,0.07378778,0.24915701,0.109075435,0.16193984,0.13997045
8.520836,4.5839534,7.601976,1,0,0,00:00.0,00:00.0,uploads\f2e6d795-3777-11f0-84b6-581122bb7f2c\20210509T100000+1000_REC_130.wav,True,0,1,0,0,0,0,0,0,0,0,0,1,birds,-6.0926723,0.6633556,0.18643896,0.6805287,-0.3079118,0.42854708,-0.025865579,0.30106682,0.10089028,0.21536376,0.12714931,0.17363617,0.17625801
8.154333,5.4322243,7.5902133,1,0,0,00:00.0,00:00.0,uploads\f2e6d795-3777-11f0-84b6-581122bb7f2c\20210509T100000+1000_REC_131.wav,False,0,0,0,0,0,0,0,0,0,0,0,0,birds,-6.1104183,0.60846496,0.27992982,0.634659,-0.1725499,0.37997827,0.01156059,0.29123393,0.16450697,0.18672058,0.17820618,0.18894616,0.19368461
8.537129,4.5643725,7.6098647,1,0,0,00:00.0,00:00.0,uploads\f2e6d795-3777-11f0-84b6-581122bb7f2c\20210509T100000+1000_REC_132.wav,False,0,0,0,0,0,0,0,0,0,0,0,0,birds,-6.0852733,0.621856,0.25733024,0.73859006,-0.3284938,0.45768714,-0.059461277,0.31013614,0.14051835,0.18878925,0.15915109,0.2221539,0.16155659
9.411648,3.7982023,6.8831806,1,0,0,00:00.0,00:00.0,uploads\f2e6d795-3777-11f0-84b6-581122bb7f2c\20210509T100000+1000_REC_133.wav,False,0,0,0,0,0,0,0,0,0,0,0,0,birds,-6.0048323,0.82750136,0.043447882,0.86516273,-0.5663038,0.6308976,-0.25857607,0.36188665,-0.004375834,0.21685453,0.050149385,0.22143817,0.05228327
9.442345,3.757536,6.857919,1,0,0,00:00.0,00:00.0,uploads\f2e6d795-3777-11f0-84b6-581122bb7f2c\20210509T100000+1000_REC_134.wav,False,0,0,0,0,0,0,0,0,0,0,0,0,birds,-6.013694,0.7356176,0.051879447,0.89152926,-0.5239191,0.6063192,-0.22708163,0.4745191,-0.03399551,0.2594362,0.062338125,0.21338645,0.058837805
9.4538145,3.742324,6.869517,1,0,0,00:00.0,00:00.0,uploads\f2e6d795-3777-11f0-84b6-581122bb7f2c\20210509T100000+1000_REC_135.wav,False,0,0,0,0,0,0,0,0,0,0,0,0,birds,-5.924911,0.6655423,0.03480612,1.1358652,-0.8656072,0.6313121,-0.24979918,0.5234122,-0.11071109,0.3197918,-0.04094621,0.17825818,-0.003771142
9.449439,3.7550108,6.8609633,1,0,0,00:00.0,00:00.0,uploads\f2e6d795-3777-11f0-84b6-581122bb7f2c\20210509T100000+1000_REC_136.wav,False,0,0,0,0,0,0,0,0,0,0,0,0,birds,-5.981916,0.70748514,0.1286642,0.93649864,-0.69246024,0.6408005,-0.26111466,0.52161455,-0.028027156,0.2866305,0.009077825,0.18183072,0.0394862
10.016082,3.1116743,6.907941,1,0,0,00:00.0,00:00.0,uploads\f2e6d795-3777-11f0-84b6-581122bb7f2c\20210509T100000+1000_REC_137.wav,False,0,0,0,0,0,0,0,0,0,0,0,0,birds,-5.814994,1.0005553,0.08527965,1.2202638,-1.0299678,0.66455567,-0.5059731,0.5466287,-0.102862716,0.3217174,-0.07920814,0.25992092,0.05241516
9.430241,3.7750323,6.873832,1,0,0,00:00.0,00:00.0,uploads\f2e6d795-3777-11f0-84b6-581122bb7f2c\20210509T100000+1000_REC_138.wav,False,0,0,0,0,0,0,0,0,0,0,0,0,birds,-5.9915724,0.7370573,0.12368104,0.9834194,-0.62138253,0.5255065,-0.29299247,0.4198645,-0.06044172,0.25276354,0.030920545,0.29389724,0.008861334
7.8973017,5.0386705,7.9732122,1,0,0,00:00.0,00:00.0,uploads\f2e6d795-3777-11f0-84b6-581122bb7f2c\20210509T100000+1000_REC_139.wav,True,0,1,0,0,0,0,0,0,0,0,0,1,birds,-6.128025,0.47739378,-0.17295082,0.42749333,-0.09183855,0.41111162,-0.030891681,0.23015802,0.16398402,0.15290757,0.1835247,0.10131149,0.21455026
10.001588,3.1256118,6.8901277,1,0,0,00:00.0,00:00.0,uploads\f2e6d795-3777-11f0-84b6-581122bb7f2c\20210509T100000+1000_REC_140.wav,False,0,0,0,0,0,0,0,0,0,0,0,0,birds,-5.7736683,1.13827,-0.036223363,1.3009053,-0.94044715,0.8214658,-0.50626504,0.5754683,-0.13093525,0.28739217,0.02527366,0.31059954,-0.007369592
8.678662,4.335581,7.131775,1,0,0,00:00.0,00:00.0,uploads\f2e6d795-3777-11f0-84b6-581122bb7f2c\20210509T100000+1000_REC_141.wav,False,0,0,0,0,0,0,0,0,0,0,0,0,birds,-6.049351,0.75013554,-0.13995162,0.65282255,-0.41651207,0.7047862,-0.099054955,0.22353885,-0.027372114,0.2707825,0.17797676,0.19328102,0.12410688
9.887797,3.2790446,6.8220015,1,0,0,00:00.0,00:00.0,uploads\f2e6d795-3777-11f0-84b6-581122bb7f2c\20210509T100000+1000_REC_142.wav,False,0,0,0,0,0,0,0,0,0,0,0,0,birds,-5.8832293,1.1510265,-0.009895782,1.0654721,-0.7892291,0.6825791,-0.31188583,0.5082298,0.03001368,0.27881747,-0.012803427,0.19705223,0.014278409
8.745588,4.323556,7.234636,1,0,0,00:00.0,00:00.0,uploads\f2e6d795-3777-11f0-84b6-581122bb7f2c\20210509T100000+1000_REC_143.wav,True,0,1,0,0,0,0,0,0,0,0,0,1,birds,-6.0577626,0.7829502,0.03701409,0.80279064,-0.3934042,0.48209292,-0.027476206,0.34524047,0.093283735,0.20146072,0.1051038,0.19594112,0.08131811
8.507975,4.575366,7.6157737,1,0,0,00:00.0,00:00.0,uploads\f2e6d795-3777-11f0-84b6-581122bb7f2c\20210509T100000+1000_REC_144.wav,False,0,0,0,0,0,0,0,0,0,0,0,0,birds,-6.0991926,0.5750533,0.21039313,0.5984218,-0.34123358,0.44490442,-0.12748714,0.31205097,0.08352471,0.16990668,0.12375835,0.18391056,0.13167666
8.729582,4.370136,7.4592705,1,0,0,00:00.0,00:00.0,uploads\f2e6d795-3777-11f0-84b6-581122bb7f2c\20210509T100000+1000_REC_145.wav,False,0,0,0,0,0,0,0,0,0,0,0,0,birds,-6.0773625,0.5514263,0.2283091,0.7910189,-0.3881373,0.43578106,-0.13859202,0.3304798,0.08959395,0.22114137,0.11260785,0.26622963,0.1405427
9.457333,3.7529,6.8586006,1,0,0,00:00.0,00:00.0,uploads\f2e6d795-3777-11f0-84b6-581122bb7f2c\20210509T100000+1000_REC_146.wav,False,0,0,0,0,0,0,0,0,0,0,0,0,birds,-5.992128,0.77203417,0.08271468,0.8836179,-0.61182356,0.6111596,-0.36970714,0.44049808,-0.04041388,0.24148889,0.031673916,0.24615374,0.092172004
8.558048,4.401811,7.5277395,1,0,0,00:00.0,00:00.0,uploads\f2e6d795-3777-11f0-84b6-581122bb7f2c\20210509T100000+1000_REC_147.wav,False,0,0,0,0,0,0,0,0,0,0,0,0,birds,-6.0780787,0.70335513,0.100486666,0.7250293,-0.31996393,0.39313775,-0.12321492,0.42189515,0.10062946,0.17491314,0.17967445,0.21992227,0.106827274
9.207835,4.128564,6.673978,1,0,0,00:00.0,00:00.0,uploads\f2e6d795-3777-11f0-84b6-581122bb7f2c\20210509T100000+1000_REC_148.wav,False,0,0,0,0,0,0,0,0,0,0,0,0,birds,-6.0103807,0.92211014,0.11487206,0.5308163,-0.7130516,0.29141974,-0.10748504,0.56674504,0.32821864,0.3437743,0.12574212,-0.033209853,-0.12484116
8.5745,4.4579706,7.456014,1,0,0,00:00.0,00:00.0,uploads\f2e6d795-3777-11f0-84b6-581122bb7f2c\20210509T100000+1000_REC_149.wav,False,0,0,0,0,0,0,0,0,0,0,0,0,birds,-6.0765486,0.73551774,0.086485736,0.7146502,-0.3337533,0.43282452,-0.070020415,0.3770853,0.06506492,0.20037355,0.16830812,0.21278265,0.17279464
9.85605,3.268429,6.8482037,1,0,0,00:00.0,00:00.0,uploads\f2e6d795-3777-11f0-84b6-581122bb7f2c\20210509T100000+1000_REC_150.wav,False,0,0,0,0,0,0,0,0,0,0,0,0,birds,-5.9161325,0.8553181,0.089675546,1.0902822,-0.7873367,0.739005,-0.37079027,0.45758802,0.015283589,0.28828898,-0.015627021,0.26385313,0.06283028
8.573846,4.398115,7.530233,1,0,0,00:00.0,00:00.0,uploads\f2e6d795-3777-11f0-84b6-581122bb7f2c\20210509T100000+1000_REC_151.wav,False,0,0,0,0,0,0,0,0,0,0,0,0,birds,-6.0894217,0.6164801,0.12721226,0.75955427,-0.26631925,0.4180515,-0.061761007,0.37312537,0.118639134,0.20343181,0.14189991,0.1829736,0.11484438
7.258385,5.952776,8.189653,1,0,0,00:00.0,00:00.0,uploads\f2e6d795-3777-11f0-84b6-581122bb7f2c\20210509T100000+1000_REC_152.wav,False,0,0,0,0,0,0,0,0,0,0,0,0,birds,-6.1393137,0.5007164,0.23187613,0.40205437,0.049278125,0.4081737,0.22676024,0.1856117,0.17169349,0.20282048,0.27243704,0.16417462,0.20379129
7.6928964,5.4982038,8.030482,1,0,0,00:00.0,00:00.0,uploads\f2e6d795-3777-11f0-84b6-581122bb7f2c\20210509T100000+1000_REC_153.wav,False,0,0,0,0,0,0,0,0,0,0,0,0,birds,-6.1316476,0.4811019,0.22159034,0.5731677,-0.1208633,0.28668445,0.08923006,0.27306452,0.16703439,0.12799367,0.19670533,0.12691614,0.21145843
8.156854,5.46526,7.5877852,1,0,0,00:00.0,00:00.0,uploads\f2e6d795-3777-11f0-84b6-581122bb7f2c\20210509T100000+1000_REC_154.wav,False,0,0,0,0,0,0,0,0,0,0,0,0,birds,-6.107388,0.7117207,0.32257628,0.51415217,-0.19782735,0.34228548,0.13428992,0.3076748,0.22228977,0.15878598,0.20127672,0.22545183,0.25202158
8.2701025,4.9044814,7.708638,1,0,0,00:00.0,00:00.0,uploads\f2e6d795-3777-11f0-84b6-581122bb7f2c\20210509T100000+1000_REC_155.wav,False,0,0,0,0,0,0,0,0,0,0,0,0,birds,-6.111236,0.7684367,0.112672254,0.30017307,-0.29588708,0.37674275,0.122142896,0.22703941,0.12314643,0.10388136,0.22477266,0.16008914,0.16955708
8.565203,5.0639505,7.2083006,1,0,0,00:00.0,00:00.0,uploads\f2e6d795-3777-11f0-84b6-581122bb7f2c\20210509T100000+1000_REC_158.wav,True,0,1,0,0,0,0,0,0,0,0,0,1,birds,-6.090043,0.8184037,0.10417713,0.623734,-0.16057256,0.46015283,0.0033757677,0.28701308,0.17522393,0.2063153,0.16909762,0.1527505,0.18996191
8.686491,4.3615637,7.113786,1,0,0,00:00.0,00:00.0,uploads\f2e6d795-3777-11f0-84b6-581122bb7f2c\20210509T100000+1000_REC_159.wav,False,0,0,0,0,0,0,0,0,0,0,0,0,birds,-6.0468802,0.9892884,-0.15800142,0.64323765,-0.20797132,0.5929003,-0.113647275,0.25911003,0.06863111,0.22243652,0.14473832,0.17783116,0.1040172
9.091997,4.374989,6.5353236,1,0,0,00:00.0,00:00.0,uploads\f2e6d795-3777-11f0-84b6-581122bb7f2c\20210509T100000+1000_REC_160.wav,False,0,0,0,0,0,0,0,0,0,0,0,0,birds,-5.968417,1.2062385,-0.041152205,0.88534665,-0.47862163,0.52784014,-0.13768503,0.425805,0.055848863,0.17122252,0.04638301,0.17131996,0.14914598
9.04531,4.512833,6.429489,1,0,0,00:00.0,00:00.0,uploads\f2e6d795-3777-11f0-84b6-581122bb7f2c\20210509T100000+1000_REC_161.wav,False,0,0,0,0,0,0,0,0,0,0,0,0,birds,-6.012211,0.8859642,-0.2687656,1.049323,-0.2871491,0.33312693,-0.08858479,0.40482122,0.06526524,0.23901062,0.10114962,0.15581593,0.13730979
9.884091,3.2895384,6.828244,1,0,0,00:00.0,00:00.0,uploads\f2e6d795-3777-11f0-84b6-581122bb7f2c\20210509T100000+1000_REC_163.wav,False,0,0,0,0,0,0,0,0,0,0,0,0,birds,-5.895187,1.2771767,-0.060485207,1.1069559,-0.63341314,0.6191275,-0.15773933,0.44298017,0.03440915,0.24910724,0.11862539,0.12304053,0.049960896
9.020073,4.3383574,6.6100607,1,0,0,00:00.0,00:00.0,uploads\f2e6d795-3777-11f0-84b6-581122bb7f2c\20210509T100000+1000_REC_164.wav,False,0,0,0,0,0,0,0,0,0,0,0,0,birds,-6.0256143,0.7658436,-0.14872217,1.0339897,-0.42124277,0.31466374,0.007857621,0.3846624,0.026823211,0.18183443,0.25652757,0.22182883,0.017637653
9.772392,3.4297845,6.8052807,1,0,0,00:00.0,00:00.0,uploads\f2e6d795-3777-11f0-84b6-581122bb7f2c\20210509T100000+1000_REC_165.wav,False,0,0,0,0,0,0,0,0,0,0,0,0,birds,-5.9675727,0.9911159,-0.02380865,0.9841647,-0.57050836,0.61593366,-0.22806683,0.38062945,0.0042829243,0.31606644,0.052096006,0.20914674,0.107729115
9.347288,3.795008,6.9315057,1,0,0,00:00.0,00:00.0,uploads\f2e6d795-3777-11f0-84b6-581122bb7f2c\20210509T100000+1000_REC_166.wav,False,0,0,0,0,0,0,0,0,0,0,0,0,birds,-6.0263577,0.7398247,0.08035346,0.8673768,-0.5130811,0.58785534,-0.149539,0.41635507,0.06099989,0.30308744,0.05540748,0.2535277,0.11955352
8.663016,4.3075805,7.3621626,1,0,0,00:00.0,00:00.0,uploads\f2e6d795-3777-11f0-84b6-581122bb7f2c\20210509T100000+1000_REC_167.wav,False,0,0,0,0,0,0,0,0,0,0,0,0,birds,-6.08122,0.64784074,0.13358511,0.69338316,-0.33614373,0.562716,-0.06487627,0.28353262,0.06380909,0.26001358,0.08537452,0.1976967,0.13377772
9.376923,3.7815056,6.912237,1,0,0,00:00.0,00:00.0,uploads\f2e6d795-3777-11f0-84b6-581122bb7f2c\20210509T100000+1000_REC_168.wav,False,0,0,0,0,0,0,0,0,0,0,0,0,birds,-6.0149283,0.7446113,0.058747556,0.8703813,-0.5725343,0.601864,-0.18350263,0.41922325,0.039444085,0.29507685,0.001780594,0.26075873,0.10837867
10.010774,3.1058202,6.89661,1,0,0,00:00.0,00:00.0,uploads\f2e6d795-3777-11f0-84b6-581122bb7f2c\20210509T100000+1000_REC_169.wav,False,0,0,0,0,0,0,0,0,0,0,0,0,birds,-5.732584,1.0837874,0.11626974,1.383242,-1.1683633,0.7590845,-0.44342735,0.51478493,-0.095275946,0.2610564,-0.22727096,0.23705868,-0.07712724
9.381084,3.789841,6.9050174,1,0,0,00:00.0,00:00.0,uploads\f2e6d795-3777-11f0-84b6-581122bb7f2c\20210509T100000+1000_REC_170.wav,False,0,0,0,0,0,0,0,0,0,0,0,0,birds,-6.001328,0.70059943,0.14927171,0.94794184,-0.6315027,0.5931156,-0.19599795,0.42031687,0.020055473,0.32625046,-0.004173175,0.23973249,0.058152847
7.2135663,5.98873,8.253214,1,0,0,00:00.0,00:00.0,uploads\f2e6d795-3777-11f0-84b6-581122bb7f2c\20210509T100000+1000_REC_171.wav,False,0,0,0,0,0,0,0,0,0,0,0,0,birds,-6.1362405,0.40624118,0.3346374,0.51935625,0.068015225,0.30588722,0.23621844,0.2626787,0.2857703,0.20599103,0.23676422,0.16367349,0.21956618
7.1233606,6.0736003,8.255964,1,0,0,00:00.0,00:00.0,uploads\f2e6d795-3777-11f0-84b6-581122bb7f2c\20210509T100000+1000_REC_172.wav,False,0,0,0,0,0,0,0,0,0,0,0,0,birds,-6.133404,0.41065907,0.363715,0.47297472,0.09049881,0.3842115,0.25403374,0.25056025,0.30052152,0.2344711,0.2561135,0.1761908,0.21462487
7.331615,5.862257,8.22586,1,0,0,00:00.0,00:00.0,uploads\f2e6d795-3777-11f0-84b6-581122bb7f2c\20210509T100000+1000_REC_173.wav,False,0,0,0,0,0,0,0,0,0,0,0,0,birds,-6.143193,0.43916163,0.31143168,0.4297726,0.018908693,0.31290025,0.19287981,0.2161068,0.2430944,0.16754791,0.20116077,0.13437086,0.23278946
7.0913615,6.117709,8.2612,1,0,0,00:00.0,00:00.0,uploads\f2e6d795-3777-11f0-84b6-581122bb7f2c\20210509T100000+1000_REC_174.wav,False,0,0,0,0,0,0,0,0,0,0,0,0,birds,-6.1368647,0.50278723,0.33611202,0.32088047,-0.09270358,0.10193111,0.1310438,0.22327437,0.32358477,0.31494883,0.31769446,0.15976049,0.15539843
7.105291,6.083676,8.261483,1,0,0,00:00.0,00:00.0,uploads\f2e6d795-3777-11f0-84b6-581122bb7f2c\20210509T100000+1000_REC_175.wav,False,0,0,0,0,0,0,0,0,0,0,0,0,birds,-6.112948,0.52042985,0.45297158,0.57400197,0.24157809,0.33054075,0.32477346,0.2909218,0.26019615,0.24706925,0.3006555,0.13879578,0.19440554
7.141849,6.042396,8.259142,1,0,0,00:00.0,00:00.0,uploads\f2e6d795-3777-11f0-84b6-581122bb7f2c\20210509T100000+1000_REC_176.wav,False,0,0,0,0,0,0,0,0,0,0,0,0,birds,-6.146151,0.42857766,0.34000972,0.34185937,0.12413134,0.26863277,0.23527035,0.21723087,0.28316247,0.21089485,0.21942896,0.20073234,0.20812538
8.948579,4.8884907,6.5598555,1,0,0,00:00.0,00:00.0,uploads\f2e6d795-3777-11f0-84b6-581122bb7f2c\20210509T100000+1000_REC_177.wav,False,0,0,0,0,0,0,0,0,0,0,0,0,birds,-6.007386,0.97353685,-0.10409031,0.95401245,-0.38887057,0.44769517,0.024672505,0.44048902,-0.009072785,0.32006717,0.16637273,0.11712164,0.1741189
7.918824,5.543527,7.8066487,1,0,0,00:00.0,00:00.0,uploads\f2e6d795-3777-11f0-84b6-581122bb7f2c\20210509T100000+1000_REC_178.wav,False,0,0,0,0,0,0,0,0,0,0,0,0,birds,-6.129708,0.5786734,0.22493498,0.5148446,-0.041298535,0.29267424,0.17019048,0.24001634,0.24964796,0.2184366,0.21277264,0.11436525,0.2522366
8.485926,5.2341685,7.23599,1,0,0,00:00.0,00:00.0,uploads\f2e6d795-3777-11f0-84b6-581122bb7f2c\20210509T100000+1000_REC_179.wav,False,0,0,0,0,0,0,0,0,0,0,0,0,birds,-6.097403,0.66898173,-6.69768e-05,0.67390084,-0.20011413,0.3840279,0.07354494,0.36546296,0.15032409,0.23939611,0.29772574,0.14325546,0.14598562
7.48559,5.69181,8.125515,1,0,0,00:00.0,00:00.0,uploads\f2e6d795-3777-11f0-84b6-581122bb7f2c\20210509T100000+1000_REC_180.wav,False,0,0,0,0,0,0,0,0,0,0,0,0,birds,-6.1381774,0.48147386,-0.020513017,0.42999566,0.011292735,0.28263626,0.25810254,0.27382234,0.27936262,0.1264624,0.18009727,0.20185094,0.29673752
8.20329,5.4158187,7.53426,1,0,0,00:00.0,00:00.0,uploads\f2e6d795-3777-11f0-84b6-581122bb7f2c\20210509T100000+1000_REC_181.wav,False,0,0,0,0,0,0,0,0,0,0,0,0,birds,-6.106405,0.6736214,0.21216513,0.633977,-0.1460664,0.4134901,0.086498484,0.27930188,0.22486874,0.21219485,0.16028622,0.1560218,0.20787176
8.459147,4.6633105,7.570428,1,0,0,00:00.0,00:00.0,uploads\f2e6d795-3777-11f0-84b6-581122bb7f2c\20210509T100000+1000_REC_182.wav,False,0,0,0,0,0,0,0,0,0,0,0,0,birds,-6.0920787,0.7487935,0.104995,0.72041476,-0.063322425,0.39469254,0.025350574,0.3743708,0.21835814,0.16057713,0.14904056,0.19427806,0.228679
8.581209,5.1692176,7.1415796,1,0,0,00:00.0,00:00.0,uploads\f2e6d795-3777-11f0-84b6-581122bb7f2c\20210509T100000+1000_REC_183.wav,False,0,0,0,0,0,0,0,0,0,0,0,0,birds,-6.0889935,0.79349005,0.15339155,0.6348274,-0.18949251,0.46565616,0.03791606,0.31436518,0.19547123,0.21209563,0.16487738,0.18082549,0.21398288
8.815924,5.2128944,6.6874566,1,0,0,00:00.0,00:00.0,uploads\f2e6d795-3777-11f0-84b6-581122bb7f2c\20210509T100000+1000_REC_184.wav,False,0,0,0,0,0,0,0,0,0,0,0,0,birds,-6.051033,0.9086259,0.0464648,0.7273155,-0.3478119,0.5039173,-0.051071234,0.3317074,0.11535907,0.27972394,0.08636418,0.22834492,0.18803298
9.761753,3.4447916,6.8148613,1,0,0,00:00.0,00:00.0,uploads\f2e6d795-3777-11f0-84b6-581122bb7f2c\20210509T100000+1000_REC_185.wav,False,0,0,0,0,0,0,0,0,0,0,0,0,birds,-5.92017,1.1175512,-0.026390357,1.0264177,-0.64233226,0.7127464,-0.1907147,0.45378143,0.13655318,0.36185962,0.0039686523,0.2357046,0.15883495
7.674308,5.5286083,8.032209,1,0,0,00:00.0,00:00.0,uploads\f2e6d795-3777-11f0-84b6-581122bb7f2c\20210509T100000+1000_REC_186.wav,False,0,0,0,0,0,0,0,0,0,0,0,0,birds,-6.13163,0.41630265,0.17727758,0.62287325,-0.045519177,0.33042344,0.12633608,0.2812233,0.24980569,0.145948,0.20118634,0.17483436,0.21670496
9.716607,3.4918544,6.8225775,1,0,0,00:00.0,00:00.0,uploads\f2e6d795-3777-11f0-84b6-581122bb7f2c\20210509T100000+1000_REC_187.wav,True,0,0,0,0,0,0,0,0,0,0,0,1,birds,-5.9647393,0.86336756,0.096582845,1.0206158,-0.5894089,0.7034365,-0.22375163,0.46696156,0.11674454,0.33242577,-0.028760387,0.2519,0.16455537
8.5867405,4.443543,7.565533,1,0,0,00:00.0,00:00.0,uploads\f2e6d795-3777-11f0-84b6-581122bb7f2c\20210509T100000+1000_REC_188.wav,False,0,0,0,0,0,0,0,0,0,0,0,0,birds,-6.0982785,0.55539757,0.17880598,0.7040773,-0.27396172,0.4810347,0.01641938,0.3241387,0.14999592,0.22885102,0.095427655,0.20609248,0.13257651
8.599011,4.4735336,7.546648,1,0,0,00:00.0,00:00.0,uploads\f2e6d795-3777-11f0-84b6-581122bb7f2c\20210509T100000+1000_REC_189.wav,False,0,0,0,0,0,0,0,0,0,0,0,0,birds,-6.0843306,0.63751936,0.18315314,0.75035197,-0.28866982,0.49608698,-0.015512777,0.35012263,0.21209912,0.19003855,0.09713155,0.18841447,0.13305701
8.587787,4.486663,7.5608306,1,0,0,00:00.0,00:00.0,uploads\f2e6d795-3777-11f0-84b6-581122bb7f2c\20210509T100000+1000_REC_190.wav,False,0,0,0,0,0,0,0,0,0,0,0,0,birds,-6.0927153,0.66563946,0.1678385,0.6799893,-0.20669839,0.47788304,-0.046718184,0.35560638,0.2133846,0.23463227,0.13532609,0.20607181,0.1671129
8.859974,4.2010365,7.224958,1,0,0,00:00.0,00:00.0,uploads\f2e6d795-3777-11f0-84b6-581122bb7f2c\20210509T100000+1000_REC_191.wav,False,0,0,0,0,0,0,0,0,0,0,0,0,birds,-6.048117,0.7420455,0.043943644,0.8884866,-0.38057417,0.5148478,-0.025723552,0.41471088,0.09687023,0.22980219,0.101763256,0.19016133,0.1267665
8.533697,5.1904078,7.1843743,1,0,0,00:00.0,00:00.0,uploads\f2e6d795-3777-11f0-84b6-581122bb7f2c\20210509T100000+1000_REC_192.wav,False,0,0,0,0,0,0,0,0,0,0,0,0,birds,-6.071613,0.6308656,0.112687744,0.874503,-0.30491203,0.42559028,0.094448924,0.39992014,0.13702959,0.23944007,0.2669374,0.15596198,0.16852051
8.2358465,5.446392,7.4908986,1,0,0,00:00.0,00:00.0,uploads\f2e6d795-3777-11f0-84b6-581122bb7f2c\20210509T100000+1000_REC_193.wav,False,0,0,0,0,0,0,0,0,0,0,0,0,birds,-6.1186566,0.65081644,0.15428004,0.54098296,-0.1148624,0.34539685,0.19322848,0.3167468,0.1745153,0.20286553,0.22781318,0.13702784,0.2129945
8.760634,5.0964766,6.8509116,1,0,0,00:00.0,00:00.0,uploads\f2e6d795-3777-11f0-84b6-581122bb7f2c\20210509T100000+1000_REC_194.wav,False,0,0,0,0,0,0,0,0,0,0,0,0,birds,-6.0593443,0.92130375,-0.009838,0.61504954,-0.23207465,0.5591629,-0.014979422,0.4100941,0.18035014,0.20643727,0.099166185,0.21195135,0.29424462
8.830183,5.2375827,6.672267,1,0,0,00:00.0,00:00.0,uploads\f2e6d795-3777-11f0-84b6-581122bb7f2c\20210509T100000+1000_REC_195.wav,True,0,1,0,0,0,0,0,0,0,0,0,1,birds,-5.988739,1.1089723,0.015336458,0.8395155,-0.4248101,0.65686965,-0.03908908,0.36426935,0.19292207,0.29648402,0.1304432,0.16684692,0.2295794
8.680151,4.451976,7.299148,1,0,0,00:00.0,00:00.0,uploads\f2e6d795-3777-11f0-84b6-581122bb7f2c\20210509T100000+1000_REC_196.wav,False,0,0,0,0,0,0,0,0,0,0,0,0,birds,-6.0585628,0.8067902,0.08726622,0.7593908,-0.36300856,0.54908526,0.012032376,0.3342241,0.24524786,0.17829932,0.13237719,0.21848334,0.095703535
8.483698,5.2905407,7.2196546,1,0,0,00:00.0,00:00.0,uploads\f2e6d795-3777-11f0-84b6-581122bb7f2c\20210509T100000+1000_REC_197.wav,False,0,0,0,0,0,0,0,0,0,0,0,0,birds,-6.0875907,0.61382335,-0.16047122,0.46535072,-0.43042347,0.43803233,0.14266591,0.41998854,0.25186977,0.3005458,0.2544377,0.0996616,0.19956535
7.3119645,5.875635,8.240276,1,0,0,00:00.0,00:00.0,uploads\f2e6d795-3777-11f0-84b6-581122bb7f2c\20210509T100000+1000_REC_198.wav,True,0,1,0,0,0,0,0,0,0,0,0,1,birds,-6.1463113,0.44308034,0.24857011,0.39888343,0.05153156,0.23369156,0.20141709,0.17145538,0.2832726,0.17072853,0.15451477,0.23505953,0.27674904
8.542604,5.258516,7.1459174,1,0,0,00:00.0,00:00.0,uploads\f2e6d795-3777-11f0-84b6-581122bb7f2c\20210509T100000+1000_REC_199.wav,False,0,0,0,0,0,0,0,0,0,0,0,0,birds,-6.0903606,0.71926045,0.15245613,0.64533126,-0.19223823,0.491738,0.06703976,0.3186018,0.24753973,0.22333682,0.27077943,0.22034134,0.22992274
8.589143,5.2910824,7.074624,1,0,0,00:00.0,00:00.0,uploads\f2e6d795-3777-11f0-84b6-581122bb7f2c\20210509T100000+1000_REC_200.wav,False,0,0,0,0,0,0,0,0,0,0,0,0,birds,-6.080479,0.74666286,0.15499887,0.76749486,-0.20807265,0.39851314,0.11546203,0.3564889,0.11661274,0.25969467,0.24037601,0.15468618,0.26030993
7.1275873,6.1010833,8.218555,1,0,0,00:00.0,00:00.0,uploads\f2e6d795-3777-11f0-84b6-581122bb7f2c\20210509T100000+1000_REC_201.wav,False,0,0,0,0,0,0,0,0,0,0,0,0,birds,-6.1433363,0.17672291,-0.048669457,0.4689914,0.3356884,0.0060597523,0.2646596,0.3170598,0.12013661,0.24117492,0.28129223,0.13293202,0.20461375
8.823055,5.226079,6.6985626,1,0,0,00:00.0,00:00.0,uploads\f2e6d795-3777-11f0-84b6-581122bb7f2c\20210509T100000+1000_REC_202.wav,False,0,0,0,0,0,0,0,0,0,0,0,0,birds,-6.040754,0.96012294,0.060685117,0.7682631,-0.34079278,0.4684006,0.050748754,0.32042524,0.18623935,0.3186823,0.13169424,0.28428808,0.24765976
8.60081,5.3585725,7.0087833,1,0,0,00:00.0,00:00.0,uploads\f2e6d795-3777-11f0-84b6-581122bb7f2c\20210509T100000+1000_REC_203.wav,False,0,0,0,0,0,0,0,0,0,0,0,0,birds,-6.096399,0.7525444,0.16975394,0.5990955,-0.1829027,0.42879984,0.08398232,0.28270736,0.2565394,0.26514915,0.22854495,0.15159115,0.24210756
8.649586,5.3506145,6.9561963,1,0,0,00:00.0,00:00.0,uploads\f2e6d795-3777-11f0-84b6-581122bb7f2c\20210509T100000+1000_REC_204.wav,False,0,0,0,0,0,0,0,0,0,0,0,0,birds,-6.0836964,0.98682773,0.10569387,0.47135246,-0.1633179,0.34482488,0.09115102,0.28220618,0.18970974,0.21577284,0.19116065,0.20535932,0.24069701
8.054709,5.8013444,7.6288505,1,0,0,00:00.0,00:00.0,uploads\f2e6d795-3777-11f0-84b6-581122bb7f2c\20210509T100000+1000_REC_205.wav,False,0,0,0,0,0,0,0,0,0,0,0,0,birds,-6.1208143,0.7340102,0.08899748,0.3638075,0.045668833,0.40865758,0.15629712,0.15857673,0.26618567,0.28218997,0.25280932,0.15453087,0.25119025
8.625163,5.3663774,6.987034,1,0,0,00:00.0,00:00.0,uploads\f2e6d795-3777-11f0-84b6-581122bb7f2c\20210509T100000+1000_REC_206.wav,True,0,1,0,0,0,0,0,0,0,0,0,1,birds,-6.0866013,0.8453468,0.08352044,0.60395646,-0.19362251,0.41406912,0.10110011,0.29600173,0.2043061,0.27487922,0.1669873,0.19542149,0.2600579
8.616468,5.2980595,7.0199995,1,0,0,00:00.0,00:00.0,uploads\f2e6d795-3777-11f0-84b6-581122bb7f2c\20210509T100000+1000_REC_207.wav,False,0,0,0,0,0,0,0,0,0,0,0,0,birds,-6.0898075,0.75875604,0.13047394,0.632215,-0.20900506,0.4666526,0.049434856,0.32731932,0.19095883,0.2615292,0.22660057,0.11631353,0.2407235
7.7111177,5.4703617,8.027209,1,0,0,00:00.0,00:00.0,uploads\f2e6d795-3777-11f0-84b6-581122bb7f2c\20210509T100000+1000_REC_208.wav,False,0,0,0,0,0,0,0,0,0,0,0,0,birds,-6.1077185,0.53955334,0.26579306,0.57808864,-0.23032397,0.51267016,0.046101786,0.24785472,0.30047178,0.1340234,0.2617811,0.11798557,0.25507826
8.804845,5.1615086,6.729092,1,0,0,00:00.0,00:00.0,uploads\f2e6d795-3777-11f0-84b6-581122bb7f2c\20210509T100000+1000_REC_209.wav,False,0,0,0,0,0,0,0,0,0,0,0,0,birds,-6.0048156,1.0989671,-0.0077258274,0.7901017,-0.31452397,0.68447626,-0.003917453,0.3425101,0.16195205,0.286656,0.15172449,0.17404641,0.16841654
8.862678,5.1387672,6.6822386,1,0,0,00:00.0,00:00.0,uploads\f2e6d795-3777-11f0-84b6-581122bb7f2c\20210509T100000+1000_REC_210.wav,True,0,1,0,0,0,0,0,0,0,0,0,1,birds,-5.9835424,1.2643994,0.11555312,0.8017587,-0.36191657,0.55955786,0.01213174,0.3526734,0.17364453,0.2640725,0.080075674,0.12089158,0.14124143
8.800164,5.2112126,6.736815,1,0,0,00:00.0,00:00.0,uploads\f2e6d795-3777-11f0-84b6-581122bb7f2c\20210509T100000+1000_REC_211.wav,False,0,0,0,0,0,0,0,0,0,0,0,0,birds,-6.0512714,0.9355164,0.15850298,0.7064075,-0.25964606,0.5391203,0.0022158662,0.3844467,0.10307031,0.29426718,0.14479412,0.18878469,0.24904023
8.863794,5.2397256,6.6450806,1,0,0,00:00.0,00:00.0,uploads\f2e6d795-3777-11f0-84b6-581122bb7f2c\20210509T100000+1000_REC_212.wav,False,0,0,0,0,0,0,0,0,0,0,0,0,birds,-6.0393753,1.0100455,-0.24842136,0.5831081,0.023427885,0.6031856,-0.1400661,0.37234458,0.28801134,0.356805,0.09821039,0.11881024,0.2463179
7.937909,5.303558,7.910692,1,0,0,00:00.0,00:00.0,uploads\f2e6d795-3777-11f0-84b6-581122bb7f2c\20210509T100000+1000_REC_213.wav,True,0,1,0,0,0,0,0,0,0,0,0,1,birds,-6.1219454,0.4325194,-0.06854495,0.71221155,-0.02565938,0.20494188,0.17601205,0.18636566,0.3292919,0.23674843,0.15016885,0.1282172,0.25159764
8.6137295,5.0569425,7.1580386,1,0,0,00:00.0,00:00.0,uploads\f2e6d795-3777-11f0-84b6-581122bb7f2c\20210509T100000+1000_REC_214.wav,False,0,0,0,0,0,0,0,0,0,0,0,0,birds,-6.064495,0.7498425,0.08624175,0.808165,-0.29078072,0.5344669,0.02523988,0.27880898,0.2866579,0.23664874,0.122609004,0.24990325,0.18910988
8.798495,5.229681,6.739939,1,0,0,00:00.0,00:00.0,uploads\f2e6d795-3777-11f0-84b6-581122bb7f2c\20210509T100000+1000_REC_215.wav,False,0,0,0,0,0,0,0,0,0,0,0,0,birds,-6.031801,0.87563443,0.04241781,0.81292653,-0.3384112,0.61081266,-0.0441871,0.42508686,0.1411774,0.2931738,0.1401641,0.13616866,0.33642665
8.818807,5.2256675,6.702303,1,0,0,00:00.0,00:00.0,uploads\f2e6d795-3777-11f0-84b6-581122bb7f2c\20210509T100000+1000_REC_216.wav,False,0,0,0,0,0,0,0,0,0,0,0,0,birds,-6.018473,1.0077574,0.08456486,0.8227557,-0.36708018,0.5388564,-0.045362018,0.38326436,0.1769591,0.32975602,0.17524628,0.21019901,0.23451671
7.172543,6.0561323,8.2072935,1,0,0,00:00.0,00:00.0,uploads\f2e6d795-3777-11f0-84b6-581122bb7f2c\20210509T100000+1000_REC_217.wav,False,0,0,0,0,0,0,0,0,0,0,0,0,birds,-6.155629,0.2630784,0.2584945,0.2530579,0.2478231,0.24457353,0.2423194,0.23969668,0.23642562,0.23274368,0.22803323,0.22382782,0.22022323
7.2514544,5.9699106,8.1874275,1,0,0,00:00.0,00:00.0,uploads\f2e6d795-3777-11f0-84b6-581122bb7f2c\20210509T100000+1000_REC_218.wav,False,0,0,0,0,0,0,0,0,0,0,0,0,birds,-6.14326,0.47038072,0.029741481,0.42561543,0.11352458,0.34289393,0.19427082,0.08656336,0.21112676,0.26316643,0.25076136,0.11223336,0.13612665
7.1207175,6.0807667,8.25082,1,0,0,00:00.0,00:00.0,uploads\f2e6d795-3777-11f0-84b6-581122bb7f2c\20210509T100000+1000_REC_219.wav,False,0,0,0,0,0,0,0,0,0,0,0,0,birds,-6.14316,0.44324812,0.2672679,0.37128094,0.09755034,0.29629228,0.23504294,0.22494182,0.30845428,0.24339458,0.263722,0.18788718,0.22884049
8.755748,5.2316184,6.8161016,1,0,0,00:00.0,00:00.0,uploads\f2e6d795-3777-11f0-84b6-581122bb7f2c\20210509T100000+1000_REC_220.wav,False,0,0,0,0,0,0,0,0,0,0,0,0,birds,-6.0630617,0.7436004,0.076619714,0.7553,-0.32547307,0.58522296,-0.002296115,0.34173462,0.20336872,0.2678934,0.17581847,0.13351448,0.27025315
8.731717,5.1944704,6.862459,1,0,0,00:00.0,00:00.0,uploads\f2e6d795-3777-11f0-84b6-581122bb7f2c\20210509T100000+1000_REC_221.wav,True,0,1,0,0,0,0,0,0,0,0,0,1,birds,-6.0680947,0.8775906,0.11169925,0.68773216,-0.19667463,0.5355267,-0.0013990512,0.32356703,0.181002,0.2533273,0.1694454,0.16580237,0.22776026
7.2097473,6.02139,8.188443,1,0,0,00:00.0,00:00.0,uploads\f2e6d795-3777-11f0-84b6-581122bb7f2c\20210509T100000+1000_REC_222.wav,False,0,0,0,0,0,0,0,0,0,0,0,0,birds,-6.149362,0.3234648,0.05971711,0.02714944,0.23090701,0.39361063,0.30416924,0.10197437,0.05431372,0.20275965,0.3125188,0.2532035,0.14179176
8.796155,5.1698246,6.7710934,1,0,0,00:00.0,00:00.0,uploads\f2e6d795-3777-11f0-84b6-581122bb7f2c\20210509T100000+1000_REC_223.wav,False,0,0,0,0,0,0,0,0,0,0,0,0,birds,-6.0558686,0.9171901,0.056848206,0.75464535,-0.23022597,0.4894371,0.061881647,0.38691708,0.13318531,0.23986572,0.17687175,0.2170198,0.20130865
9.03864,4.5337224,6.421278,1,0,0,00:00.0,00:00.0,uploads\f2e6d795-3777-11f0-84b6-581122bb7f2c\20210509T100000+1000_REC_224.wav,False,0,0,0,0,0,0,0,0,0,0,0,0,birds,-5.993139,0.9088822,-0.26716504,1.128603,-0.2428536,0.41477394,-0.010217384,0.42608738,0.24777624,0.24471767,0.08352555,0.1882039,0.27283302
8.574836,5.197178,7.116859,1,0,0,00:00.0,00:00.0,uploads\f2e6d795-3777-11f0-84b6-581122bb7f2c\20210509T100000+1000_REC_225.wav,False,0,0,0,0,0,0,0,0,0,0,0,0,birds,-6.0848217,0.7748535,0.072614126,0.7258477,-0.16913201,0.36086914,0.0783992,0.40657058,0.13296509,0.22194684,0.24514957,0.14487632,0.21285872
8.739093,5.276556,6.82951,1,0,0,00:00.0,00:00.0,uploads\f2e6d795-3777-11f0-84b6-581122bb7f2c\20210509T100000+1000_REC_227.wav,False,0,0,0,0,0,0,0,0,0,0,0,0,birds,-6.0646577,0.9574853,0.103724025,0.64947486,-0.19104978,0.471766,0.092802435,0.32359248,0.19133446,0.2770048,0.18097617,0.21919283,0.22710758
7.452553,5.707847,8.13758,1,0,0,00:00.0,00:00.0,uploads\f2e6d795-3777-11f0-84b6-581122bb7f2c\20210509T100000+1000_REC_229.wav,False,0,0,0,0,0,0,0,0,0,0,0,0,birds,-6.123404,0.3355798,-0.21913004,-0.008199083,0.33078256,0.29653984,0.12188321,0.40092272,0.43170884,0.04158024,-0.09766429,0.19573505,0.3803483
8.628649,5.3624706,6.985196,1,0,0,00:00.0,00:00.0,uploads\f2e6d795-3777-11f0-84b6-581122bb7f2c\20210509T100000+1000_REC_230.wav,False,0,0,0,0,0,0,0,0,0,0,0,0,birds,-6.0903645,0.841329,0.12999469,0.58979714,-0.118811764,0.42494518,0.14897864,0.31059647,0.23539789,0.27629048,0.16928823,0.20197475,0.21823262
7.1208634,6.0959435,8.238188,1,0,0,00:00.0,00:00.0,uploads\f2e6d795-3777-11f0-84b6-581122bb7f2c\20210509T100000+1000_REC_231.wav,False,0,0,0,0,0,0,0,0,0,0,0,0,birds,-6.148321,0.46688116,0.1803084,0.31059092,0.15421091,0.051196855,0.14278102,0.18295139,0.22125396,0.2769461,0.2845413,0.267499,0.23272884
8.870114,5.11637,6.6758666,1,0,0,00:00.0,00:00.0,uploads\f2e6d795-3777-11f0-84b6-581122bb7f2c\20210509T100000+1000_REC_232.wav,False,0,0,0,0,0,0,0,0,0,0,0,0,birds,-6.0197024,1.0814649,0.027159693,0.84960794,-0.28252256,0.42955726,0.085435845,0.3953438,0.1098257,0.31412315,0.16672117,0.15496874,0.21014169
8.746139,5.2576275,6.8275456,1,0,0,00:00.0,00:00.0,uploads\f2e6d795-3777-11f0-84b6-581122bb7f2c\20210509T100000+1000_REC_233.wav,False,0,0,0,0,0,0,0,0,0,0,0,0,birds,-6.063463,0.9840855,0.20120023,0.6209818,-0.15765546,0.49657986,0.100311115,0.37366593,0.17885903,0.22646709,0.15745233,0.18568282,0.18093029
8.822894,4.9881754,6.7828093,1,0,0,00:00.0,00:00.0,uploads\f2e6d795-3777-11f0-84b6-581122bb7f2c\20210509T100000+1000_REC_235.wav,False,0,0,0,0,0,0,0,0,0,0,0,0,birds,-6.04443,1.0147194,-0.04495778,0.79857844,-0.080754705,0.3779188,0.06079891,0.4876788,0.16743822,0.20152807,0.14868046,0.18236387,0.15979046
8.785814,5.019652,6.833606,1,0,0,00:00.0,00:00.0,uploads\f2e6d795-3777-11f0-84b6-581122bb7f2c\20210509T100000+1000_REC_236.wav,False,0,0,0,0,0,0,0,0,0,0,0,0,birds,-6.057187,0.8351587,-0.07942628,0.83749115,-0.14923547,0.44092742,0.030095432,0.45927888,0.17660509,0.19953431,0.18387692,0.1497963,0.25477257
8.828212,5.2073627,6.7066493,1,0,0,00:00.0,00:00.0,uploads\f2e6d795-3777-11f0-84b6-581122bb7f2c\20210509T100000+1000_REC_237.wav,False,0,0,0,0,0,0,0,0,0,0,0,0,birds,-6.0274906,0.8959526,0.065161854,0.9063367,-0.3621989,0.54675597,0.052192353,0.36381382,0.18889521,0.29910275,0.12186416,0.20350952,0.2197419
8.823371,5.2358713,6.69423,1,0,0,00:00.0,00:00.0,uploads\f2e6d795-3777-11f0-84b6-581122bb7f2c\20210509T100000+1000_REC_238.wav,False,0,0,0,0,0,0,0,0,0,0,0,0,birds,-6.0639977,0.89383745,0.123047106,0.67825514,-0.2331106,0.48687643,-0.022842152,0.37297153,0.09661625,0.33503392,0.13858919,0.2044387,0.20272116
8.365126,5.4163613,7.346858,1,0,0,00:00.0,00:00.0,uploads\f2e6d795-3777-11f0-84b6-581122bb7f2c\20210509T100000+1000_REC_239.wav,False,0,0,0,0,0,0,0,0,0,0,0,0,birds,-6.1203732,0.58322406,-0.12773898,0.4569982,0.07635814,0.41548094,0.24121377,0.36005828,0.2228686,0.24342692,0.18337691,0.12583752,0.30912817
8.775624,5.1202216,6.8169727,1,0,0,00:00.0,00:00.0,uploads\f2e6d795-3777-11f0-84b6-581122bb7f2c\20210509T100000+1000_REC_240.wav,False,0,0,0,0,0,0,0,0,0,0,0,0,birds,-6.05387,0.87694365,0.075440355,0.75194186,-0.20910577,0.55015177,-0.020769669,0.4261483,0.2241262,0.24014872,0.1318211,0.23254837,0.23152095
7.3531523,5.8332167,8.173648,1,0,0,00:00.0,00:00.0,uploads\f2e6d795-3777-11f0-84b6-581122bb7f2c\20210509T100000+1000_REC_241.wav,False,0,0,0,0,0,0,0,0,0,0,0,0,birds,-6.159314,0.26152208,0.17270915,0.11509785,0.13834992,0.22604771,0.2848403,0.27032346,0.18857442,0.114709534,0.116792485,0.18459043,0.2596181
7.188144,6.050592,8.197963,1,0,0,00:00.0,00:00.0,uploads\f2e6d795-3777-11f0-84b6-581122bb7f2c\20210509T100000+1000_REC_243.wav,False,0,0,0,0,0,0,0,0,0,0,0,0,birds,-6.1537642,0.30860534,0.08672351,0.041368995,0.18650822,0.33013585,0.28441367,0.12950984,0.082745,0.19143258,0.30075064,0.27977768,0.16653009
8.823006,5.1943974,6.718412,1,0,0,00:00.0,00:00.0,uploads\f2e6d795-3777-11f0-84b6-581122bb7f2c\20210509T100000+1000_REC_244.wav,False,0,0,0,0,0,0,0,0,0,0,0,0,birds,-6.04751,0.9630542,0.13320898,0.63266677,-0.29422483,0.53290105,0.039457858,0.4733633,0.19037688,0.3091839,0.10965296,0.19338755,0.24608907
8.769476,5.25003,6.781994,1,0,0,00:00.0,00:00.0,uploads\f2e6d795-3777-11f0-84b6-581122bb7f2c\20210509T100000+1000_REC_246.wav,False,0,0,0,0,0,0,0,0,0,0,0,0,birds,-6.0629215,0.88800853,0.06279039,0.7036949,-0.22971211,0.47206262,0.11907512,0.37448534,0.14806283,0.3291674,0.2398,0.13385531,0.25064352
8.818295,5.193307,6.7269793,1,0,0,00:00.0,00:00.0,uploads\f2e6d795-3777-11f0-84b6-581122bb7f2c\20210509T100000+1000_REC_247.wav,False,0,0,0,0,0,0,0,0,0,0,0,0,birds,-6.0537553,0.96768355,0.06444164,0.68338746,-0.26591024,0.44791037,0.07524234,0.4159208,0.17011882,0.28433037,0.19654563,0.19287977,0.22008239
8.805825,5.163249,6.7313676,1,0,0,00:00.0,00:00.0,uploads\f2e6d795-3777-11f0-84b6-581122bb7f2c\20210509T100000+1000_REC_248.wav,False,0,0,0,0,0,0,0,0,0,0,0,0,birds,-6.03075,1.1887226,-0.16277353,0.39903113,-0.20689361,0.6161504,0.108742476,0.2709276,0.055893637,0.3132029,0.12239186,0.20753133,0.1757179
8.059476,5.6795073,7.606901,1,0,0,00:00.0,00:00.0,uploads\f2e6d795-3777-11f0-84b6-581122bb7f2c\20210509T100000+1000_REC_249.wav,True,0,1,0,0,0,0,0,0,0,0,0,1,birds,-6.1156373,0.48786306,0.18650183,0.59069526,-0.18180645,0.43266293,0.033958383,0.32643017,0.17840788,0.25328112,0.25601685,0.04125114,0.29855382
8.544965,5.4067497,7.1189966,1,0,0,00:00.0,00:00.0,uploads\f2e6d795-3777-11f0-84b6-581122bb7f2c\20210509T100000+1000_REC_250.wav,False,0,0,0,0,0,0,0,0,0,0,0,0,birds,-6.0916452,0.7328703,0.04637676,0.69947785,-0.052563652,0.37640944,0.1763718,0.38859436,0.2470517,0.28180528,0.2194239,0.22408096,0.23097321
8.615505,5.366696,7.0027204,1,0,0,00:00.0,00:00.0,uploads\f2e6d795-3777-11f0-84b6-581122bb7f2c\20210509T100000+1000_REC_251.wav,False,0,0,0,0,0,0,0,0,0,0,0,0,birds,-6.0875645,0.77339196,0.12382037,0.6741362,-0.19404855,0.42966807,0.14329705,0.31477094,0.20366287,0.2981216,0.18996753,0.18136781,0.20663898
8.058561,5.7323728,7.602186,1,0,0,00:00.0,00:00.0,uploads\f2e6d795-3777-11f0-84b6-581122bb7f2c\20210509T100000+1000_REC_252.wav,False,0,0,0,0,0,0,0,0,0,0,0,0,birds,-6.116315,0.5909314,0.2345029,0.5614999,-0.109908536,0.35707462,0.19213359,0.31502265,0.246333,0.23900233,0.27680293,0.0989388,0.29036278
8.60973,5.376031,7.0050883,1,0,0,00:00.0,00:00.0,uploads\f2e6d795-3777-11f0-84b6-581122bb7f2c\20210509T100000+1000_REC_253.wav,False,0,0,0,0,0,0,0,0,0,0,0,0,birds,-6.1023607,0.76529586,0.15613216,0.5681067,-0.06947935,0.4238825,0.12526365,0.28817973,0.1541793,0.2991699,0.18862744,0.13815111,0.2812545
8.052311,5.793081,7.5861754,1,0,0,00:00.0,00:00.0,uploads\f2e6d795-3777-11f0-84b6-581122bb7f2c\20210509T100000+1000_REC_254.wav,False,0,0,0,0,0,0,0,0,0,0,0,0,birds,-6.1204543,0.54764664,0.28991023,0.5105936,-0.07001385,0.4127102,0.1794163,0.3022565,0.2602085,0.23178369,0.28853193,0.14112999,0.2894244
8.059676,5.7975044,7.5905414,1,0,0,00:00.0,00:00.0,uploads\f2e6d795-3777-11f0-84b6-581122bb7f2c\20210509T100000+1000_REC_255.wav,False,0,0,0,0,0,0,0,0,0,0,0,0,birds,-6.12593,0.58634305,0.28144187,0.44530243,0.048013188,0.38449866,0.20714153,0.27283347,0.25496343,0.2525337,0.2612515,0.16892953,0.28927276
8.082974,5.8128796,7.602441,1,0,0,00:00.0,00:00.0,uploads\f2e6d795-3777-11f0-84b6-581122bb7f2c\20210509T100000+1000_REC_256.wav,False,0,0,0,0,0,0,0,0,0,0,0,0,birds,-6.1237564,0.62905586,0.3252378,0.44213942,0.10207752,0.3305553,0.20425202,0.2743259,0.29620683,0.20901726,0.25700417,0.20614493,0.2623792
8.5918,5.397813,7.0272536,1,0,0,00:00.0,00:00.0,uploads\f2e6d795-3777-11f0-84b6-581122bb7f2c\20210509T100000+1000_REC_257.wav,False,0,0,0,0,0,0,0,0,0,0,0,0,birds,-6.0962987,0.6827642,0.14025293,0.6916246,-0.112181075,0.44010288,0.16036965,0.25801906,0.22110921,0.28978518,0.15498313,0.26389375,0.28598574
8.082877,5.8079057,7.604549,1,0,0,00:00.0,00:00.0,uploads\f2e6d795-3777-11f0-84b6-581122bb7f2c\20210509T100000+1000_REC_258.wav,False,0,0,0,0,0,0,0,0,0,0,0,0,birds,-6.1171064,0.657383,0.33719328,0.42916858,0.1542294,0.386302,0.27431086,0.26725343,0.28067136,0.2387557,0.27139053,0.18274716,0.26958224
8.084956,5.806554,7.601372,1,0,0,00:00.0,00:00.0,uploads\f2e6d795-3777-11f0-84b6-581122bb7f2c\20210509T100000+1000_REC_259.wav,False,0,0,0,0,0,0,0,0,0,0,0,0,birds,-6.109027,0.71734285,0.2620316,0.55690277,0.06436374,0.3755521,0.22275479,0.28436568,0.25417742,0.22325252,0.22713234,0.1675014,0.28741622
8.105985,5.8297024,7.6266384,1,0,0,00:00.0,00:00.0,uploads\f2e6d795-3777-11f0-84b6-581122bb7f2c\20210509T100000+1000_REC_260.wav,False,0,0,0,0,0,0,0,0,0,0,0,0,birds,-6.1154413,0.6878502,0.3163635,0.5049815,0.06885562,0.330197,0.25567302,0.23342341,0.30418313,0.24817187,0.23480646,0.17414078,0.2349015
8.094048,5.8099346,7.6001115,1,0,0,00:00.0,00:00.0,uploads\f2e6d795-3777-11f0-84b6-581122bb7f2c\20210509T100000+1000_REC_261.wav,False,0,0,0,0,0,0,0,0,0,0,0,0,birds,-6.1095886,0.7035747,0.3328697,0.5206463,0.11200429,0.3933601,0.22402395,0.2679823,0.28629375,0.21002,0.27616903,0.17965484,0.23907003
7.0864534,6.111219,8.262098,1,0,0,00:00.0,00:00.0,uploads\f2e6d795-3777-11f0-84b6-581122bb7f2c\20210509T100000+1000_REC_262.wav,False,0,0,0,0,0,0,0,0,0,0,0,0,birds,-6.1352744,0.5164638,0.2948187,0.41174686,0.18065156,0.29045564,0.31002063,0.23577291,0.25522122,0.26128444,0.27373475,0.16777842,0.2089219
7.1912236,6.0404067,8.198775,1,0,0,00:00.0,00:00.0,uploads\f2e6d795-3777-11f0-84b6-581122bb7f2c\20210509T100000+1000_REC_263.wav,False,0,0,0,0,0,0,0,0,0,0,0,0,birds,-6.157711,0.2788643,0.17483474,0.15497209,0.23415178,0.3015102,0.2697894,0.1850285,0.15608992,0.20733619,0.25571552,0.23307644,0.17573999
8.091542,5.804682,7.596378,1,0,0,00:00.0,00:00.0,uploads\f2e6d795-3777-11f0-84b6-581122bb7f2c\20210509T100000+1000_REC_264.wav,False,0,0,0,0,0,0,0,0,0,0,0,0,birds,-6.1047535,0.70928943,0.27934793,0.5752361,0.020838507,0.43073687,0.20966992,0.31721324,0.2663706,0.16892608,0.26635483,0.11436166,0.26129195
8.718252,5.288896,6.8619523,1,0,0,00:00.0,00:00.0,uploads\f2e6d795-3777-11f0-84b6-581122bb7f2c\20210509T100000+1000_REC_265.wav,False,0,0,0,0,0,0,0,0,0,0,0,0,birds,-6.0715084,0.9462219,0.17973286,0.6644388,-0.078712225,0.46420553,0.11220993,0.32294217,0.1754447,0.23868033,0.15366496,0.19546574,0.19813423
8.787799,5.204235,6.7707257,1,0,0,00:00.0,00:00.0,uploads\f2e6d795-3777-11f0-84b6-581122bb7f2c\20210509T100000+1000_REC_266.wav,False,0,0,0,0,0,0,0,0,0,0,0,0,birds,-6.0377436,1.0110939,0.036414485,0.7618796,-0.25233656,0.5683325,0.10742688,0.33891428,0.16577253,0.23024699,0.16486366,0.21892728,0.17191996
8.685223,4.4523325,7.2430587,1,0,0,00:00.0,00:00.0,uploads\f2e6d795-3777-11f0-84b6-581122bb7f2c\20210509T120000+1000_REC_158.wav,False,0,0,0,0,0,0,0,0,0,0,0,0,birds,-6.0631886,0.6464883,0.2975296,0.78905183,-0.41907123,0.5350105,-0.103235856,0.33027792,0.09631727,0.19881125,0.06391463,0.1240667,0.06817029
9.044802,4.513311,6.436111,1,0,0,00:00.0,00:00.0,uploads\f2e6d795-3777-11f0-84b6-581122bb7f2c\20210509T120000+1000_REC_166.wav,False,0,0,0,0,0,0,0,0,0,0,0,0,birds,-6.031608,0.69747746,0.21808074,0.95168954,-0.4647633,0.47660634,-0.13723324,0.4519749,0.008791448,0.24425876,0.04979789,0.17367339,0.07375659
9.345572,3.71393,6.949243,1,0,0,00:00.0,00:00.0,uploads\f2e6d795-3777-11f0-84b6-581122bb7f2c\20210509T120000+1000_REC_170.wav,False,0,0,0,0,0,0,0,0,0,0,0,0,birds,-6.011521,0.49380088,0.35929456,0.96097094,-0.57035613,0.6551486,-0.16026816,0.49789825,0.011431683,0.30289307,0.008569437,0.23802993,0.045800842
8.6506195,4.1733136,7.6613545,1,0,0,00:00.0,00:00.0,uploads\f2e6d795-3777-11f0-84b6-581122bb7f2c\20210509T120000+1000_REC_196.wav,False,0,0,0,0,0,0,0,0,0,0,0,0,birds,-6.071047,0.159619,0.33971706,0.5846959,-0.53680634,0.4614823,-0.26545087,0.4435311,-0.09236107,0.3316686,0.00051467656,0.2022626,0.13628267
7.905347,4.963861,7.962707,1,0,0,00:00.0,00:00.0,uploads\f2e6d795-3777-11f0-84b6-581122bb7f2c\20210509T120000+1000_REC_201.wav,False,0,0,0,0,0,0,0,0,0,0,0,0,birds,-6.094101,0.19799834,0.2571795,0.6381509,-0.48708108,0.46011844,-0.1364381,0.3120892,0.02230745,0.21149583,0.15483622,0.11189715,0.13121644
8.876977,4.0066524,7.377476,1,0,0,00:00.0,00:00.0,uploads\f2e6d795-3777-11f0-84b6-581122bb7f2c\20210509T120000+1000_REC_220.wav,False,0,0,0,0,0,0,0,0,0,0,0,0,birds,-6.0562744,0.1375872,0.38877645,0.67108744,-0.5363977,0.64324003,-0.27698797,0.4659899,0.012020868,0.2622097,0.11968883,0.17656894,0.12071588
7.1785727,6.0584083,8.18883,1,0,0,00:00.0,00:00.0,uploads\f2e6d795-3777-11f0-84b6-581122bb7f2c\20210509T180000+1000_REC_117.wav,False,0,0,0,0,0,0,0,0,0,0,0,0,birds,-6.00547,-0.027549202,-0.6677381,0.7188693,0.25265777,-0.017588321,0.36591828,0.24629568,-0.38636506,0.56584686,0.5376869,-0.3320681,0.2620108
7.1911035,6.0413384,8.184062,1,0,0,00:00.0,00:00.0,uploads\f2e6d795-3777-11f0-84b6-581122bb7f2c\20210509T180000+1000_REC_119.wav,False,0,0,0,0,0,0,0,0,0,0,0,0,birds,-6.009866,-0.038350984,-0.63484156,0.72128314,0.23179491,0.0007769523,0.3596982,0.20269637,-0.33808148,0.5404931,0.55112064,-0.38533726,0.3199612
15.112355,1.779618,0.1949213,2,0,0,00:00.0,00:00.0,uploads\f2e6d795-3777-11f0-84b6-581122bb7f2c\20210509T000000+1000_REC_97.wav,True,0,1,0,0,1,0,0,0,0,0,0,0,insects,-6.085792,0.42430013,-0.13741474,0.5098716,-0.42864236,-0.003143185,0.3526163,0.220788,0.25460553,0.45620173,-0.026152808,-0.10007944,0.46762842
15.169533,1.8919877,0.0944359,2,0,0,00:00.0,00:00.0,uploads\f2e6d795-3777-11f0-84b6-581122bb7f2c\20210509T180000+1000_REC_215.wav,False,0,0,0,0,0,0,0,0,0,0,0,0,insects,-5.9868546,0.8289722,-0.5344125,0.83649766,0.19934641,-0.28634012,0.24762908,0.30717024,-0.27167094,0.35128778,0.37968305,-0.39980134,0.26958257
15.102322,1.753932,0.24151675,2,0,0,00:00.0,00:00.0,uploads\f2e6d795-3777-11f0-84b6-581122bb7f2c\20210509T200000+1000_REC_31.wav,False,0,0,0,0,0,0,0,0,0,0,0,0,insects,-5.991107,0.80800027,-0.7589616,1.0105909,0.31012923,-0.00544583,0.22465797,0.39506972,0.24242897,0.233406,0.031843606,0.15939951,0.0997727
15.283681,1.6464182,-0.12519501,2,0,0,00:00.0,00:00.0,uploads\f2e6d795-3777-11f0-84b6-581122bb7f2c\20210509T220000+1000_REC_10.wav,False,0,0,0,0,0,0,0,0,0,0,0,0,insects,-6.0133615,0.43869808,-0.18151657,0.9395349,-0.21730521,0.5158102,0.31278798,-0.01781094,0.009573101,0.7969419,0.0886201,-0.19699931,0.54406816
15.282125,1.6498162,-0.12676589,2,0,0,00:00.0,00:00.0,uploads\f2e6d795-3777-11f0-84b6-581122bb7f2c\20210509T220000+1000_REC_15.wav,False,0,0,0,0,0,0,0,0,0,0,0,0,insects,-6.020777,0.44658315,-0.11269104,0.9873289,-0.254,0.55434644,0.3077894,0.048704505,0.054897483,0.68834525,0.11815484,-0.15724064,0.5233675
15.280933,1.652812,-0.12766929,2,0,0,00:00.0,00:00.0,uploads\f2e6d795-3777-11f0-84b6-581122bb7f2c\20210509T220000+1000_REC_49.wav,True,0,0,1,0,1,0,0,0,0,0,0,0,insects,-6.023438,0.5270681,-0.11474483,0.9862322,-0.15964264,0.4711725,0.3584395,0.051125333,0.009378369,0.73301244,0.051955648,-0.08817217,0.49741116
14.915839,1.7807144,-0.51390177,2,0,0,00:00.0,00:00.0,uploads\f2e6d795-3777-11f0-84b6-581122bb7f2c\20210509T220000+1000_REC_70.wav,False,0,0,0,0,0,0,0,0,0,0,0,0,insects,-6.0583878,0.596599,0.022846334,0.8400613,-0.02977506,0.36911312,0.44925582,0.10556825,0.07009079,0.6562113,0.04742225,0.08491421,0.47078696
14.928715,1.7894149,-0.49883464,2,0,0,00:00.0,00:00.0,uploads\f2e6d795-3777-11f0-84b6-581122bb7f2c\20210509T220000+1000_REC_71.wav,False,0,0,0,0,0,0,0,0,0,0,0,0,insects,-6.0549183,0.5908639,-0.030629968,0.8391147,-0.055308394,0.4021786,0.4374875,0.06804035,0.06662523,0.6771495,0.05588234,0.046887394,0.46437582
14.913192,1.7776101,-0.5177976,2,0,0,00:00.0,00:00.0,uploads\f2e6d795-3777-11f0-84b6-581122bb7f2c\20210509T220000+1000_REC_72.wav,False,0,0,0,0,0,0,0,0,0,0,0,0,insects,-6.0650253,0.57135355,0.02779269,0.80632913,-0.060740415,0.3666991,0.39586988,0.13634157,0.06542115,0.67309004,0.119017154,-0.00052003225,0.45837262
14.936976,1.7981361,-0.4781786,2,0,0,00:00.0,00:00.0,uploads\f2e6d795-3777-11f0-84b6-581122bb7f2c\20210509T220000+1000_REC_74.wav,False,0,0,0,0,0,0,0,0,0,0,0,0,insects,-6.040339,0.5993476,-0.05722356,0.846392,-0.12593876,0.41763467,0.43151778,0.100324936,0.06989666,0.740018,0.10267593,0.03166914,0.5192978
15.051864,1.8515128,-0.24812467,2,0,0,00:00.0,00:00.0,uploads\f2e6d795-3777-11f0-84b6-581122bb7f2c\20210509T220000+1000_REC_82.wav,False,0,0,0,0,0,0,0,0,0,0,0,0,insects,-6.0392046,0.60619664,-0.045610897,0.8780894,-0.092623726,0.40952876,0.41964862,0.060120884,0.062459044,0.7428487,0.035474014,-0.022743488,0.48244917
14.912115,1.777446,-0.52128476,2,0,0,00:00.0,00:00.0,uploads\f2e6d795-3777-11f0-84b6-581122bb7f2c\20210509T220000+1000_REC_90.wav,False,0,0,0,0,0,0,0,0,0,0,0,0,insects,-6.0663114,0.5422363,0.0129039185,0.8016379,-0.020517165,0.44225624,0.39913833,0.10925883,0.07983062,0.6577834,0.11783427,-0.013833744,0.45275676
14.920635,1.7848014,-0.50489783,2,0,0,00:00.0,00:00.0,uploads\f2e6d795-3777-11f0-84b6-581122bb7f2c\20210509T220000+1000_REC_91.wav,False,0,0,0,0,0,0,0,0,0,0,0,0,insects,-6.0575395,0.5831032,-0.046851818,0.82342786,-0.083581164,0.37958696,0.40219843,0.07867894,0.053908575,0.6867681,0.05005011,0.026763862,0.47194508
15.165528,1.9245158,0.007532476,2,0,0,00:00.0,00:00.0,uploads\f2e6d795-3777-11f0-84b6-581122bb7f2c\20210509T220000+1000_REC_116.wav,False,0,0,0,0,0,0,0,0,0,0,0,0,insects,-6.0006375,0.6956551,-0.10666385,0.9379763,-0.11120916,0.44500718,0.46837303,-0.006676593,0.032302145,0.8388108,-0.0055918796,-0.033506103,0.5234175
15.15858,1.9243884,0.015598535,2,0,0,00:00.0,00:00.0,uploads\f2e6d795-3777-11f0-84b6-581122bb7f2c\20210509T220000+1000_REC_141.wav,False,0,0,0,0,0,0,0,0,0,0,0,0,insects,-6.0197945,0.6330772,-0.11088148,0.9224571,-0.034237035,0.4247188,0.47554517,-0.013325264,0.023810068,0.8231987,0.026613655,-0.019383103,0.42582753
14.912165,1.7777901,-0.516734,2,0,0,00:00.0,00:00.0,uploads\f2e6d795-3777-11f0-84b6-581122bb7f2c\20210509T220000+1000_REC_155.wav,False,0,0,0,0,0,0,0,0,0,0,0,0,insects,-6.0629196,0.4320702,0.05549085,0.7586789,-0.08316201,0.42510247,0.35228232,0.09381898,0.034086514,0.8319931,0.075745516,0.024626413,0.43566445
14.906115,1.7773649,-0.5266215,2,0,0,00:00.0,00:00.0,uploads\f2e6d795-3777-11f0-84b6-581122bb7f2c\20210509T220000+1000_REC_182.wav,True,0,0,0,0,1,0,0,0,0,1,0,0,insects,-6.0789332,0.5497661,0.07960175,0.7348324,0.13578783,0.3984326,0.45767054,0.058309723,0.14252813,0.6258413,0.10474384,-0.009809451,0.40501317
15.076017,1.857511,-0.1861971,2,0,0,00:00.0,00:00.0,uploads\f2e6d795-3777-11f0-84b6-581122bb7f2c\20210509T220000+1000_REC_199.wav,False,0,0,0,0,0,0,0,0,0,0,0,0,insects,-6.037496,0.5761624,-0.11535969,0.79139143,-0.108594626,0.4075789,0.40664405,0.066957876,0.048006613,0.8375873,0.0511891,-0.042320047,0.5089331
15.104336,1.9619308,-0.039144974,2,0,0,00:00.0,00:00.0,uploads\f2e6d795-3777-11f0-84b6-581122bb7f2c\20210509T220000+1000_REC_217.wav,False,0,0,0,0,0,0,0,0,0,0,0,0,insects,-6.003672,0.66416943,-0.18418165,0.9567428,-0.04582268,0.5184886,0.40673918,-0.04091766,0.032575376,0.82768226,0.00856305,-0.08731451,0.43719295
15.2767725,1.6470004,-0.14145242,2,0,0,00:00.0,00:00.0,uploads\f2e6d795-3777-11f0-84b6-581122bb7f2c\20210509T220000+1000_REC_220.wav,False,0,0,0,0,0,0,0,0,0,0,0,0,insects,-6.0208645,0.5461457,-0.11405136,0.9072534,-0.14299661,0.5137143,0.38958427,0.08695989,0.06251289,0.7939535,0.08950854,-0.08822523,0.5410811
15.266871,1.6585114,-0.14474593,2,0,0,00:00.0,00:00.0,uploads\f2e6d795-3777-11f0-84b6-581122bb7f2c\20210509T220000+1000_REC_221.wav,False,0,0,0,0,0,0,0,0,0,0,0,0,insects,-6.012643,0.60078615,-0.04701279,0.9582493,-0.12470922,0.454123,0.38736504,0.06930308,-1.4353259e-05,0.80146164,0.044317532,-0.05375114,0.57517135
15.274937,1.6405563,-0.14864033,2,0,0,00:00.0,00:00.0,uploads\f2e6d795-3777-11f0-84b6-581122bb7f2c\20210509T220000+1000_REC_222.wav,False,0,0,0,0,0,0,0,0,0,0,0,0,insects,-6.033398,0.54349715,-0.036987487,0.8952217,-0.09837044,0.5131558,0.35747722,0.10592164,0.033515017,0.753118,0.10651728,-0.08864865,0.5235027
14.918485,1.7777128,-0.51093775,2,0,0,00:00.0,00:00.0,uploads\f2e6d795-3777-11f0-84b6-581122bb7f2c\20210509T220000+1000_REC_223.wav,False,0,0,0,0,0,0,0,0,0,0,0,0,insects,-6.0597777,0.5365218,-0.0417791,0.7914707,-0.0565698,0.39647162,0.3846272,0.12273924,0.039070774,0.731576,0.06684916,-0.029889202,0.47901785
14.916202,1.7778535,-0.5144675,2,0,0,00:00.0,00:00.0,uploads\f2e6d795-3777-11f0-84b6-581122bb7f2c\20210509T220000+1000_REC_224.wav,False,0,0,0,0,0,0,0,0,0,0,0,0,insects,-6.053626,0.59434056,-0.028003348,0.8257286,-0.06945056,0.46791565,0.37953943,0.09950442,0.07639456,0.68025553,0.10674911,-0.010441596,0.47786126
15.291399,1.6220167,-0.15665306,2,0,0,00:00.0,00:00.0,uploads\f2e6d795-3777-11f0-84b6-581122bb7f2c\20210509T220000+1000_REC_225.wav,False,0,0,0,0,0,0,0,0,0,0,0,0,insects,-6.006811,0.6895752,-0.10416211,0.9109939,-0.20530654,0.5180418,0.31624666,0.0710489,-0.026571479,0.73922575,0.03872924,-0.15329647,0.5910133
15.277754,1.6707757,-0.11516854,2,0,0,00:00.0,00:00.0,uploads\f2e6d795-3777-11f0-84b6-581122bb7f2c\20210509T220000+1000_REC_226.wav,False,0,0,0,0,0,0,0,0,0,0,0,0,insects,-6.028926,0.56153536,-0.11353833,0.8783274,-0.12860511,0.46718037,0.36878318,0.023923218,-0.030518616,0.7830792,0.061836995,-0.08935038,0.51840055
15.084149,1.8600938,-0.17985417,2,0,0,00:00.0,00:00.0,uploads\f2e6d795-3777-11f0-84b6-581122bb7f2c\20210509T220000+1000_REC_227.wav,False,0,0,0,0,0,0,0,0,0,0,0,0,insects,-6.0371675,0.53948665,-0.10464489,0.88191694,-0.0536614,0.4472977,0.41304874,0.036870457,0.053267106,0.77787447,0.018121902,-0.030010058,0.48351783
15.1033535,1.8691516,-0.15312459,2,0,0,00:00.0,00:00.0,uploads\f2e6d795-3777-11f0-84b6-581122bb7f2c\20210509T220000+1000_REC_228.wav,False,0,0,0,0,0,0,0,0,0,0,0,0,insects,-6.0314674,0.5223958,-0.095181614,0.8931201,-0.058666006,0.41826496,0.4048476,0.039583325,0.0016719324,0.8477899,-0.0010223049,0.022764407,0.47582644
15.227636,1.9015667,0.003670888,2,0,0,00:00.0,00:00.0,uploads\f2e6d795-3777-11f0-84b6-581122bb7f2c\20210509T220000+1000_REC_229.wav,False,0,0,0,0,0,0,0,0,0,0,0,0,insects,-6.0312533,0.55896705,-0.16922012,0.8700161,-0.117227316,0.36721647,0.41929293,-0.01704808,-0.0156247895,0.8026384,0.011114625,-0.04939888,0.4831925
15.268124,1.717659,-0.06077392,2,0,0,00:00.0,00:00.0,uploads\f2e6d795-3777-11f0-84b6-581122bb7f2c\20210509T220000+1000_REC_230.wav,False,0,0,0,0,0,0,0,0,0,0,0,0,insects,-6.032906,0.5418713,-0.15491101,0.87700826,-0.20870209,0.40468186,0.36300215,0.011475564,0.009072466,0.75807995,0.032626905,-0.0995371,0.4951372
15.229667,1.8726542,0.048339542,2,0,0,00:00.0,00:00.0,uploads\f2e6d795-3777-11f0-84b6-581122bb7f2c\20210509T220000+1000_REC_231.wav,False,0,0,0,0,0,0,0,0,0,0,0,0,insects,-6.029823,0.59236234,-0.21222508,0.8787111,-0.18100046,0.3294561,0.41306427,-0.035115633,-0.022117577,0.74732584,-0.04059172,-0.05814312,0.46092483
15.197973,1.881455,-0.019229565,2,0,0,00:00.0,00:00.0,uploads\f2e6d795-3777-11f0-84b6-581122bb7f2c\20210509T220000+1000_REC_232.wav,False,0,0,0,0,0,0,0,0,0,0,0,0,insects,-6.0328884,0.5807531,-0.18078591,0.88876057,-0.11033798,0.35117385,0.4149465,0.033324756,0.024980914,0.7615505,-0.012955561,-0.062046807,0.486763
15.115231,1.8769069,-0.1337116,2,0,0,00:00.0,00:00.0,uploads\f2e6d795-3777-11f0-84b6-581122bb7f2c\20210509T220000+1000_REC_233.wav,False,0,0,0,0,0,0,0,0,0,0,0,0,insects,-6.0212755,0.66071725,-0.084320195,0.9564167,-0.11019695,0.32910684,0.41687676,0.05316306,0.04433804,0.7873157,0.02169514,-0.0069148685,0.4807963
15.23176,1.9217168,-0.056252092,2,0,0,00:00.0,00:00.0,uploads\f2e6d795-3777-11f0-84b6-581122bb7f2c\20210509T220000+1000_REC_234.wav,False,0,0,0,0,0,0,0,0,0,0,0,0,insects,-6.0335145,0.52024025,-0.08355512,0.9062006,-0.1678513,0.39939055,0.4142588,0.033863015,-0.0042111347,0.7927723,0.016998056,-0.040245928,0.4555672
15.252054,1.776641,-0.037560243,2,0,0,00:00.0,00:00.0,uploads\f2e6d795-3777-11f0-84b6-581122bb7f2c\20210509T220000+1000_REC_235.wav,False,0,0,0,0,0,0,0,0,0,0,0,0,insects,-6.0480886,0.5687207,-0.078425735,0.8416542,-0.16641559,0.3921841,0.36005563,0.032046683,0.034606114,0.7218304,0.027426634,-0.043426212,0.47525254
15.145074,1.881049,-0.08342482,2,0,0,00:00.0,00:00.0,uploads\f2e6d795-3777-11f0-84b6-581122bb7f2c\20210509T220000+1000_REC_236.wav,False,0,0,0,0,0,0,0,0,0,0,0,0,insects,-6.044136,0.575956,-0.14451443,0.8331521,-0.07350846,0.40105578,0.41982153,-0.0024370989,0.020840222,0.7409621,0.00619624,-0.017546924,0.4751642
15.065747,1.8725291,-0.21704909,2,0,0,00:00.0,00:00.0,uploads\f2e6d795-3777-11f0-84b6-581122bb7f2c\20210509T220000+1000_REC_237.wav,False,0,0,0,0,0,0,0,0,0,0,0,0,insects,-6.037243,0.58074915,-0.08352467,0.88064873,-0.0905219,0.4335484,0.4172099,0.05593121,0.025624007,0.75904465,0.03860458,-0.018907012,0.4767782
14.935383,1.7960967,-0.48072326,2,0,0,00:00.0,00:00.0,uploads\f2e6d795-3777-11f0-84b6-581122bb7f2c\20210509T220000+1000_REC_238.wav,False,0,0,0,0,0,0,0,0,0,0,0,0,insects,-6.044253,0.570429,-0.09813075,0.87048036,-0.13972504,0.38586438,0.44564062,0.08745942,0.026488557,0.6960821,0.05181874,0.034665126,0.49707136
15.192103,1.9000533,0.06275352,2,0,0,00:00.0,00:00.0,uploads\f2e6d795-3777-11f0-84b6-581122bb7f2c\20210509T220000+1000_REC_239.wav,False,0,0,0,0,0,0,0,0,0,0,0,0,insects,-6.0271006,0.6614207,-0.12772533,0.89223075,-0.10904783,0.361022,0.42999205,-0.012442869,-0.019106427,0.7612023,-0.010123361,-0.039040603,0.4694905
15.118341,1.8578858,-0.16622564,2,0,0,00:00.0,00:00.0,uploads\f2e6d795-3777-11f0-84b6-581122bb7f2c\20210509T220000+1000_REC_240.wav,False,0,0,0,0,0,0,0,0,0,0,0,0,insects,-6.0273895,0.56732225,-0.107112706,0.91799855,-0.11330862,0.38063377,0.39408645,0.033091165,0.0378204,0.80739605,0.0071381936,-0.035500214,0.50981575
15.223687,1.9012232,0.04058277,2,0,0,00:00.0,00:00.0,uploads\f2e6d795-3777-11f0-84b6-581122bb7f2c\20210509T220000+1000_REC_241.wav,False,0,0,0,0,0,0,0,0,0,0,0,0,insects,-6.0276165,0.57760495,-0.093913265,0.9080051,-0.17962526,0.37907055,0.46355426,0.05526723,-0.006480278,0.7568425,0.0028437113,-0.04466344,0.49973708
15.22681,1.891089,0.01998673,2,0,0,00:00.0,00:00.0,uploads\f2e6d795-3777-11f0-84b6-581122bb7f2c\20210509T220000+1000_REC_242.wav,False,0,0,0,0,0,0,0,0,0,0,0,0,insects,-6.0308356,0.54614186,-0.1654541,0.89233536,-0.20198014,0.3968673,0.41546327,-0.01425843,0.052264083,0.7641539,0.021841183,-0.035123315,0.47785833
15.273636,1.9395015,0.015582648,2,0,0,00:00.0,00:00.0,uploads\f2e6d795-3777-11f0-84b6-581122bb7f2c\20210509T220000+1000_REC_243.wav,False,0,0,0,0,0,0,0,0,0,0,0,0,insects,-6.0465097,0.5385996,-0.12498612,0.8644729,-0.122105375,0.34645036,0.41514835,-0.022861095,-0.01694978,0.70885235,-0.0361039,-0.010898214,0.46854004
15.263164,1.9185401,0.045870364,2,0,0,00:00.0,00:00.0,uploads\f2e6d795-3777-11f0-84b6-581122bb7f2c\20210509T220000+1000_REC_244.wav,False,0,0,0,0,0,0,0,0,0,0,0,0,insects,-6.038454,0.53023654,-0.12960277,0.8735792,-0.16009896,0.3834389,0.41840467,0.010169803,-0.007303379,0.73830557,-0.053738333,-0.052435905,0.478567
15.162815,1.86669,0.078803495,2,0,0,00:00.0,00:00.0,uploads\f2e6d795-3777-11f0-84b6-581122bb7f2c\20210509T220000+1000_REC_245.wav,False,0,0,0,0,0,0,0,0,0,0,0,0,insects,-6.0256457,0.61179906,-0.16817372,0.9218241,-0.15480536,0.3989966,0.44152585,0.012793548,0.0075345016,0.73834485,-0.010354036,-0.023403076,0.46572006
15.207436,1.8695834,0.03276869,2,0,0,00:00.0,00:00.0,uploads\f2e6d795-3777-11f0-84b6-581122bb7f2c\20210509T220000+1000_REC_246.wav,True,0,0,0,0,1,0,0,0,0,0,0,0,insects,-6.0408983,0.4924795,-0.16294318,0.87855256,-0.16166848,0.3961561,0.41738346,0.0035746892,0.04332442,0.72762156,0.003890272,-0.035581082,0.49290168
15.217263,1.8750888,0.049432017,2,0,0,00:00.0,00:00.0,uploads\f2e6d795-3777-11f0-84b6-581122bb7f2c\20210509T220000+1000_REC_247.wav,False,0,0,0,0,0,0,0,0,0,0,0,0,insects,-6.0281334,0.59831405,-0.16597115,0.87603384,-0.14796811,0.33973178,0.41238016,-0.015619597,0.025700692,0.8090781,-0.029726313,-0.06021422,0.46023414
15.175714,1.9141201,0.019191775,2,0,0,00:00.0,00:00.0,uploads\f2e6d795-3777-11f0-84b6-581122bb7f2c\20210509T220000+1000_REC_248.wav,False,0,0,0,0,0,0,0,0,0,0,0,0,insects,-6.028691,0.62875295,-0.095289156,0.9016198,-0.0879234,0.4222614,0.44789138,0.013474507,0.037949186,0.7442335,-0.035011653,-0.0039767264,0.49119458
15.174303,1.8274014,0.114302814,2,0,0,00:00.0,00:00.0,uploads\f2e6d795-3777-11f0-84b6-581122bb7f2c\20210509T220000+1000_REC_249.wav,False,0,0,0,0,0,0,0,0,0,0,0,0,insects,-6.038657,0.5780683,-0.14073521,0.8197751,-0.1659231,0.34385347,0.40743503,0.030306594,0.07282442,0.7927296,-0.043050744,-0.08845547,0.4614065
15.266997,1.7636646,-0.020034004,2,0,0,00:00.0,00:00.0,uploads\f2e6d795-3777-11f0-84b6-581122bb7f2c\20210509T220000+1000_REC_250.wav,False,0,0,0,0,0,0,0,0,0,0,0,0,insects,-6.0342546,0.545754,-0.14876933,0.9130071,-0.18495677,0.3822001,0.34630492,-0.03802912,-0.001315322,0.73274857,0.0075479574,-0.053585228,0.48501906
15.262087,1.8751593,0.04862101,2,0,0,00:00.0,00:00.0,uploads\f2e6d795-3777-11f0-84b6-581122bb7f2c\20210509T220000+1000_REC_251.wav,False,0,0,0,0,0,0,0,0,0,0,0,0,insects,-6.0430408,0.5641099,-0.17074847,0.8505745,-0.12836765,0.33756924,0.37291327,-0.008875163,0.03214181,0.75398415,-0.025382083,-0.043765407,0.45990452
15.256065,1.7753625,-0.06845204,2,0,0,00:00.0,00:00.0,uploads\f2e6d795-3777-11f0-84b6-581122bb7f2c\20210509T220000+1000_REC_252.wav,False,0,0,0,0,0,0,0,0,0,0,0,0,insects,-6.059362,0.5099535,-0.13274686,0.77891004,-0.18622212,0.34034675,0.34243798,0.05232669,0.012142644,0.70983756,0.051523898,-0.02622538,0.50057924
15.1573,1.8120034,0.12558866,2,0,0,00:00.0,00:00.0,uploads\f2e6d795-3777-11f0-84b6-581122bb7f2c\20210509T220000+1000_REC_253.wav,False,0,0,0,0,0,0,0,0,0,0,0,0,insects,-6.033152,0.60078824,-0.16738836,0.82888776,-0.21702328,0.29571286,0.44401744,0.031590756,0.069097035,0.79982746,-0.033805884,-0.079808086,0.43301234
15.241273,1.86384,0.044159036,2,0,0,00:00.0,00:00.0,uploads\f2e6d795-3777-11f0-84b6-581122bb7f2c\20210509T220000+1000_REC_254.wav,False,0,0,0,0,0,0,0,0,0,0,0,0,insects,-6.047781,0.57242614,-0.1187858,0.81587076,-0.14614654,0.34855452,0.38758016,-0.006513335,0.02303596,0.7512413,-0.00527059,-0.07853351,0.43658593
15.283281,1.8456161,0.069071084,2,0,0,00:00.0,00:00.0,uploads\f2e6d795-3777-11f0-84b6-581122bb7f2c\20210509T220000+1000_REC_255.wav,True,0,0,0,0,1,0,0,0,0,0,0,0,insects,-6.040386,0.57997227,-0.17919627,0.8258839,-0.12298996,0.39686397,0.38343298,-0.036124643,0.002551689,0.7407739,-0.029412683,-0.07285778,0.47153485
15.228704,1.8811203,0.034653895,2,0,0,00:00.0,00:00.0,uploads\f2e6d795-3777-11f0-84b6-581122bb7f2c\20210509T220000+1000_REC_256.wav,False,0,0,0,0,0,0,0,0,0,0,0,0,insects,-6.0364866,0.5498516,-0.18322599,0.84983563,-0.14865659,0.34406197,0.42850408,-0.0073727383,0.020438025,0.7860855,-0.020514885,-0.043172058,0.45963183
15.282589,1.8758556,0.04768889,2,0,0,00:00.0,00:00.0,uploads\f2e6d795-3777-11f0-84b6-581122bb7f2c\20210509T220000+1000_REC_257.wav,False,0,0,0,0,0,0,0,0,0,0,0,0,insects,-6.0396237,0.5420851,-0.13698824,0.8339515,-0.15800385,0.39391822,0.41021204,0.018420894,-0.016618265,0.7526439,-0.023069788,-0.072181575,0.49787906
15.245216,1.9085084,0.027630031,2,0,0,00:00.0,00:00.0,uploads\f2e6d795-3777-11f0-84b6-581122bb7f2c\20210509T220000+1000_REC_258.wav,False,0,0,0,0,0,0,0,0,0,0,0,0,insects,-6.0445657,0.57169783,-0.15512209,0.8723754,-0.10295814,0.32810423,0.40356547,0.02323992,0.02419684,0.72512925,-0.024681095,-0.052753817,0.44279644
15.229748,1.9093962,0.031621583,2,0,0,00:00.0,00:00.0,uploads\f2e6d795-3777-11f0-84b6-581122bb7f2c\20210509T220000+1000_REC_259.wav,False,0,0,0,0,0,0,0,0,0,0,0,0,insects,-6.037745,0.57772195,-0.12539174,0.8855213,-0.10062506,0.34150374,0.43789488,0.0409062,0.014208559,0.7455746,-0.04393056,-0.03347125,0.47572917
15.228868,1.867828,0.06016404,2,0,0,00:00.0,00:00.0,uploads\f2e6d795-3777-11f0-84b6-581122bb7f2c\20210509T220000+1000_REC_260.wav,False,0,0,0,0,0,0,0,0,0,0,0,0,insects,-6.0213695,0.71060205,-0.12372927,0.872421,-0.20132117,0.30887598,0.38461754,-0.027058683,-0.015782522,0.76798666,-0.073919274,-0.062036984,0.48093697
15.291174,1.8096598,0.047769565,2,0,0,00:00.0,00:00.0,uploads\f2e6d795-3777-11f0-84b6-581122bb7f2c\20210509T220000+1000_REC_261.wav,False,0,0,0,0,0,0,0,0,0,0,0,0,insects,-6.0284877,0.6051548,-0.18085739,0.86607015,-0.19788402,0.33790663,0.37862068,0.038468692,-0.028417679,0.766059,-0.0032509696,-0.10028673,0.506799
15.33215,2.0047505,0.015716089,2,0,0,00:00.0,00:00.0,uploads\f2e6d795-3777-11f0-84b6-581122bb7f2c\20210509T220000+1000_REC_262.wav,False,0,0,0,0,0,0,0,0,0,0,0,0,insects,-6.0554547,0.48770335,-0.11467874,0.85079604,-0.19275205,0.29023534,0.42898175,0.06039706,-0.012804153,0.688096,-0.018188028,0.005894575,0.440335
15.290064,1.9339951,0.04000005,2,0,0,00:00.0,00:00.0,uploads\f2e6d795-3777-11f0-84b6-581122bb7f2c\20210509T220000+1000_REC_263.wav,True,0,0,0,0,1,0,0,0,0,0,0,0,insects,-6.0456862,0.5118298,-0.15245716,0.87853885,-0.15749447,0.37624887,0.40181857,0.07358798,-0.04552251,0.68146193,-0.015882991,-0.050137665,0.47813106
15.220347,1.9027026,0.049784053,2,0,0,00:00.0,00:00.0,uploads\f2e6d795-3777-11f0-84b6-581122bb7f2c\20210509T220000+1000_REC_264.wav,True,0,0,0,0,1,0,0,0,0,0,0,0,insects,-6.032239,0.609849,-0.15258904,0.90675443,-0.123335116,0.3480754,0.44871673,0.05323952,-0.017452005,0.7429192,-0.009221373,-0.043141358,0.43772212
15.243295,1.9234498,0.045893293,2,0,0,00:00.0,00:00.0,uploads\f2e6d795-3777-11f0-84b6-581122bb7f2c\20210509T220000+1000_REC_265.wav,False,0,0,0,0,0,0,0,0,0,0,0,0,insects,-6.0493035,0.5836141,-0.11546245,0.8895135,-0.07411127,0.3575522,0.3806763,0.029438382,-0.042807594,0.68912536,-0.023278821,-0.04216595,0.38620347
15.307433,1.9892782,0.005121365,2,0,0,00:00.0,00:00.0,uploads\f2e6d795-3777-11f0-84b6-581122bb7f2c\20210509T220000+1000_REC_266.wav,False,0,0,0,0,0,0,0,0,0,0,0,0,insects,-6.0422883,0.4755339,-0.17749414,0.8894857,-0.19830422,0.32284132,0.3942145,0.029194605,-0.051002275,0.75931835,0.014652589,0.0024925172,0.42265406
8.701459,-0.68246835,5.477773,3,0,0,00:00.0,00:00.0,uploads\f2e6d795-3777-11f0-84b6-581122bb7f2c\20210509T000000+1000_REC_130.wav,False,0,0,0,0,0,0,0,0,0,0,0,0,birds,-6.093116,0.5307382,0.0011971021,0.6246225,-0.3896065,0.01942737,0.25095448,0.044021804,0.026840609,0.3847389,0.124936804,-0.008079732,0.43648487
8.733731,-0.6812553,5.481811,3,0,0,00:00.0,00:00.0,uploads\f2e6d795-3777-11f0-84b6-581122bb7f2c\20210509T000000+1000_REC_257.wav,False,0,0,0,0,0,0,0,0,0,0,0,0,birds,-6.095455,0.37701836,-0.16243313,0.6217494,-0.34266967,0.101076186,0.34700373,0.090149984,0.044243727,0.4049513,0.07925792,0.004964982,0.480066
8.690575,-0.6332606,5.5048976,3,0,0,00:00.0,00:00.0,uploads\f2e6d795-3777-11f0-84b6-581122bb7f2c\20210509T040000+1000_REC_115.wav,False,0,0,0,0,0,0,0,0,0,0,0,0,birds,-6.0603957,0.2581218,-0.17369372,0.92757297,-0.09705065,-0.25452077,0.32005712,0.39587265,-0.23067018,0.26225013,0.41795996,-0.05170027,0.1926297
8.6377945,-0.77750903,5.491738,3,0,0,00:00.0,00:00.0,uploads\f2e6d795-3777-11f0-84b6-581122bb7f2c\20210509T080000+1000_REC_72.wav,False,0,0,0,0,0,0,0,0,0,0,0,0,birds,-5.9308605,1.128156,0.059042167,0.74478555,-0.8077281,0.48104677,-0.39887586,0.49324992,-0.012087215,0.15597838,-0.15758295,0.21102554,0.04672317
8.888982,-1.2205279,5.0340385,3,0,0,00:00.0,00:00.0,uploads\f2e6d795-3777-11f0-84b6-581122bb7f2c\20210509T080000+1000_REC_213.wav,False,0,0,0,0,0,0,0,0,0,0,0,0,birds,-5.9241185,1.4192249,0.10699984,0.8121215,-0.6304291,0.44881472,-0.22146547,0.29862222,0.014896539,0.19696185,-0.030634452,0.17529087,0.13463932
8.797866,-0.37839106,5.812219,3,0,0,00:00.0,00:00.0,uploads\f2e6d795-3777-11f0-84b6-581122bb7f2c\20210509T080000+1000_REC_215.wav,False,0,0,0,0,0,0,0,0,0,0,0,0,birds,-5.894264,1.3549587,0.17607236,0.9146661,-0.76081544,0.5153477,-0.26074955,0.42536348,-0.02741983,0.27785704,0.034040317,0.1602755,0.058933016
8.704103,-0.6965448,5.5261254,3,0,0,00:00.0,00:00.0,uploads\f2e6d795-3777-11f0-84b6-581122bb7f2c\20210509T100000+1000_REC_43.wav,False,0,0,0,0,0,0,0,0,0,0,0,0,birds,-6.040176,0.7016245,0.024580818,0.9208893,-0.35219136,0.50467396,-0.20279308,0.40591475,0.2611738,0.18142883,0.025983505,0.29786596,0.18112484
8.8670845,-2.7326283,5.282199,3,0,0,00:00.0,00:00.0,uploads\f2e6d795-3777-11f0-84b6-581122bb7f2c\20210509T120000+1000_REC_152.wav,False,0,0,0,0,0,0,0,0,0,0,0,0,birds,-6.098505,-0.16691656,0.70904684,0.16123949,0.07106629,0.4580131,-0.09586227,0.50996155,-0.03539287,0.40158272,0.048754614,0.28107396,0.16928548
7.3476834,-3.4822042,3.9367132,3,0,0,00:00.0,00:00.0,uploads\f2e6d795-3777-11f0-84b6-581122bb7f2c\20210509T140000+1000_REC_0.wav,False,0,0,0,0,0,0,0,0,0,0,0,0,birds,-6.1115856,0.26937342,0.49335447,0.21635456,-0.16232662,0.5047307,-0.14614128,0.4114802,0.15123315,0.07036385,0.3684045,-0.06488703,0.37551212
7.332845,-3.4667149,3.9613163,3,0,0,00:00.0,00:00.0,uploads\f2e6d795-3777-11f0-84b6-581122bb7f2c\20210509T140000+1000_REC_1.wav,True,0,1,0,0,0,0,0,0,0,0,0,0,birds,-6.114684,0.21543576,0.53899044,0.21986799,-0.11062346,0.5043569,-0.13074985,0.39065853,0.113851026,0.07669263,0.36481965,-0.04030817,0.36914548
7.3284564,-3.490554,3.9527419,3,0,0,00:00.0,00:00.0,uploads\f2e6d795-3777-11f0-84b6-581122bb7f2c\20210509T140000+1000_REC_2.wav,True,0,0,0,0,1,0,0,0,0,0,0,0,birds,-6.116824,0.20657542,0.4374713,0.14921883,-0.13435625,0.5245833,-0.12712122,0.38498607,0.12100713,0.11069597,0.4214551,-0.05242885,0.36637768
7.333414,-3.4904008,3.949571,3,0,0,00:00.0,00:00.0,uploads\f2e6d795-3777-11f0-84b6-581122bb7f2c\20210509T140000+1000_REC_3.wav,False,0,0,0,0,0,0,0,0,0,0,0,0,birds,-6.113978,0.19066948,0.4556587,0.2800074,-0.102008864,0.4388614,-0.09829206,0.44578472,0.07504908,0.10329464,0.46667588,-0.0944602,0.39417842
7.3553157,-3.4713223,3.945698,3,0,0,00:00.0,00:00.0,uploads\f2e6d795-3777-11f0-84b6-581122bb7f2c\20210509T140000+1000_REC_4.wav,False,0,0,0,0,0,0,0,0,0,0,0,0,birds,-6.109948,0.2564293,0.5371217,0.20508659,-0.14344622,0.52615565,-0.11912809,0.42420492,0.10302972,0.06027454,0.343297,-0.07045387,0.3770974
7.383008,-3.4253645,4.0447955,3,0,0,00:00.0,00:00.0,uploads\f2e6d795-3777-11f0-84b6-581122bb7f2c\20210509T140000+1000_REC_5.wav,False,0,0,0,0,0,0,0,0,0,0,0,0,birds,-6.1138306,0.28989083,0.51461643,0.17617927,-0.16580047,0.5391229,-0.06616357,0.38568515,0.11607377,0.06653926,0.37752643,0.0036009867,0.368827
7.435621,-3.3457303,4.1257834,3,0,0,00:00.0,00:00.0,uploads\f2e6d795-3777-11f0-84b6-581122bb7f2c\20210509T140000+1000_REC_6.wav,False,0,0,0,0,0,0,0,0,0,0,0,0,birds,-6.114013,0.2893601,0.5095508,0.20450376,-0.11850941,0.51941687,-0.06477162,0.42211553,0.1657858,0.11380535,0.39291567,0.017649489,0.40529338
7.4446173,-3.3329911,4.1243362,3,0,0,00:00.0,00:00.0,uploads\f2e6d795-3777-11f0-84b6-581122bb7f2c\20210509T140000+1000_REC_7.wav,False,0,0,0,0,0,0,0,0,0,0,0,0,birds,-6.1078486,0.29894575,0.52543545,0.21892807,-0.08853869,0.55463433,-0.041979373,0.44801137,0.16815087,0.13482046,0.42096013,0.008747188,0.4317203
7.436478,-3.3461199,4.1297026,3,0,0,00:00.0,00:00.0,uploads\f2e6d795-3777-11f0-84b6-581122bb7f2c\20210509T140000+1000_REC_8.wav,False,0,0,0,0,0,0,0,0,0,0,0,0,birds,-6.110152,0.32987517,0.5200144,0.23078074,-0.0865073,0.56126374,0.006265734,0.41825372,0.1811346,0.1022095,0.40749866,0.040490754,0.43172753
7.464371,-3.3143811,4.0920796,3,0,0,00:00.0,00:00.0,uploads\f2e6d795-3777-11f0-84b6-581122bb7f2c\20210509T140000+1000_REC_9.wav,False,0,0,0,0,0,0,0,0,0,0,0,0,birds,-6.102938,0.24264754,0.53634095,0.2870241,-0.1896799,0.58941865,-0.073971234,0.42370006,0.16316149,0.11354871,0.39619038,0.030641455,0.41646886
7.4669876,-3.443929,3.7554808,3,0,0,00:00.0,00:00.0,uploads\f2e6d795-3777-11f0-84b6-581122bb7f2c\20210509T140000+1000_REC_10.wav,False,0,0,0,0,0,0,0,0,0,0,0,0,birds,-6.1076126,0.16697071,0.3836452,0.39000523,-0.25881445,0.5352998,-0.025691168,0.38143495,0.11022247,0.15583304,0.4161574,-0.036001462,0.4529284
7.408459,-3.3815024,4.1064396,3,0,0,00:00.0,00:00.0,uploads\f2e6d795-3777-11f0-84b6-581122bb7f2c\20210509T140000+1000_REC_11.wav,False,0,0,0,0,0,0,0,0,0,0,0,0,birds,-6.119417,0.26921797,0.4620665,0.2822681,-0.108063154,0.50669295,-0.040319826,0.35595942,0.20147741,0.079854436,0.42519414,0.0038003086,0.37786016
7.4246206,-3.362676,4.137356,3,0,0,00:00.0,00:00.0,uploads\f2e6d795-3777-11f0-84b6-581122bb7f2c\20210509T140000+1000_REC_12.wav,False,0,0,0,0,0,0,0,0,0,0,0,0,birds,-6.1120167,0.31634358,0.4805247,0.30862993,-0.061851718,0.55554014,0.020938408,0.3944365,0.18337473,0.12089198,0.4428002,0.035415374,0.42673406
7.323427,-3.4912553,3.9768176,3,0,0,00:00.0,00:00.0,uploads\f2e6d795-3777-11f0-84b6-581122bb7f2c\20210509T140000+1000_REC_16.wav,False,0,0,0,0,0,0,0,0,0,0,0,0,birds,-6.1194525,0.14036286,0.3542156,0.33799347,-0.20425911,0.46224022,-0.03321054,0.37326744,0.080620974,0.09497527,0.45147112,-0.05129854,0.3675352
7.4860163,-3.3990924,3.7790215,3,0,0,00:00.0,00:00.0,uploads\f2e6d795-3777-11f0-84b6-581122bb7f2c\20210509T140000+1000_REC_18.wav,False,0,0,0,0,0,0,0,0,0,0,0,0,birds,-6.1109343,0.1968097,0.5085993,0.25333863,-0.18180813,0.51088464,-0.11243372,0.39336702,0.14809622,0.12537792,0.35883164,-0.061440628,0.42288202
7.485885,-3.4006703,3.7996356,3,0,0,00:00.0,00:00.0,uploads\f2e6d795-3777-11f0-84b6-581122bb7f2c\20210509T140000+1000_REC_19.wav,False,0,0,0,0,0,0,0,0,0,0,0,0,birds,-6.1123166,0.20786016,0.5067719,0.269431,-0.14970538,0.52252525,-0.086858496,0.3971862,0.1483383,0.15654223,0.3656356,-0.032607883,0.43215954
7.6287365,-2.9853685,4.1028285,3,0,0,00:00.0,00:00.0,uploads\f2e6d795-3777-11f0-84b6-581122bb7f2c\20210509T140000+1000_REC_20.wav,False,0,0,0,0,0,0,0,0,0,0,0,0,birds,-6.089878,0.38228124,0.51459754,0.353605,-0.30929375,0.58239484,-0.09966094,0.43288353,0.13297176,0.21607089,0.3026441,0.0088848015,0.4668418
7.603315,-3.035871,4.0687227,3,0,0,00:00.0,00:00.0,uploads\f2e6d795-3777-11f0-84b6-581122bb7f2c\20210509T140000+1000_REC_21.wav,False,0,0,0,0,0,0,0,0,0,0,0,0,birds,-6.084049,0.42581293,0.6084326,0.28513572,-0.30509907,0.5999784,-0.08364907,0.47668356,0.13925447,0.19489618,0.3086538,-0.055940486,0.36395165
7.454984,-4.442671,3.176814,3,0,0,00:00.0,00:00.0,uploads\f2e6d795-3777-11f0-84b6-581122bb7f2c\20210509T140000+1000_REC_22.wav,False,0,0,0,0,0,0,0,0,0,0,0,0,birds,-6.050363,0.4985241,0.47375163,0.42103475,-0.5253507,0.5760101,-0.13497959,0.53516924,0.05992328,0.23333749,0.370136,-0.094659485,0.49697632
7.446635,-4.4319563,3.172494,3,0,0,00:00.0,00:00.0,uploads\f2e6d795-3777-11f0-84b6-581122bb7f2c\20210509T140000+1000_REC_23.wav,False,0,0,0,0,0,0,0,0,0,0,0,0,birds,-6.0455055,0.47832868,0.46700034,0.34365568,-0.5751911,0.6253202,-0.10361923,0.56604594,0.02558652,0.1656588,0.42463458,-0.07676131,0.46378297
7.456182,-4.4479895,3.1707735,3,0,0,00:00.0,00:00.0,uploads\f2e6d795-3777-11f0-84b6-581122bb7f2c\20210509T140000+1000_REC_24.wav,False,0,0,0,0,0,0,0,0,0,0,0,0,birds,-6.046246,0.42488834,0.6660629,0.32951108,-0.43773395,0.60632026,-0.18018714,0.49447736,0.02130533,0.24650583,0.39766607,-0.11865461,0.5266771
7.467876,-4.4473114,3.1853998,3,0,0,00:00.0,00:00.0,uploads\f2e6d795-3777-11f0-84b6-581122bb7f2c\20210509T140000+1000_REC_25.wav,False,0,0,0,0,0,0,0,0,0,0,0,0,birds,-6.0561075,0.40532106,0.5390079,0.41133672,-0.41842297,0.56635785,-0.18449566,0.5699596,-0.009912878,0.13512298,0.3470227,-0.15958469,0.49613905
7.491881,-4.1790476,3.297828,3,0,0,00:00.0,00:00.0,uploads\f2e6d795-3777-11f0-84b6-581122bb7f2c\20210509T140000+1000_REC_26.wav,True,0,1,0,0,1,0,0,0,0,0,0,0,birds,-6.0787854,0.3249034,0.5275214,0.29215768,-0.3543045,0.5829077,-0.17651255,0.4636091,0.104185574,0.19748594,0.3357229,-0.08919777,0.51355904
7.3351355,-4.3784866,3.1544492,3,0,0,00:00.0,00:00.0,uploads\f2e6d795-3777-11f0-84b6-581122bb7f2c\20210509T140000+1000_REC_27.wav,False,0,0,0,0,0,0,0,0,0,0,0,0,birds,-6.071403,0.31651753,0.5980458,0.29174286,-0.3229203,0.6082091,-0.23514877,0.45470634,0.06576587,0.1367266,0.35846823,-0.1625927,0.45602804
7.3379154,-4.393014,3.1361384,3,0,0,00:00.0,00:00.0,uploads\f2e6d795-3777-11f0-84b6-581122bb7f2c\20210509T140000+1000_REC_28.wav,False,0,0,0,0,0,0,0,0,0,0,0,0,birds,-6.053947,0.27228773,0.5914982,0.33905277,-0.4480382,0.6633609,-0.20330489,0.4689969,0.06428313,0.1576479,0.39377534,-0.15414794,0.5051884
7.313652,-4.433087,3.0592523,3,0,0,00:00.0,00:00.0,uploads\f2e6d795-3777-11f0-84b6-581122bb7f2c\20210509T140000+1000_REC_29.wav,False,0,0,0,0,0,0,0,0,0,0,0,0,birds,-6.069079,0.3321333,0.50570786,0.35898653,-0.39856493,0.6863541,-0.13738784,0.4212392,0.057354562,0.18428515,0.44041163,-0.051507436,0.46467847
7.4242897,-4.3872356,3.1836054,3,0,0,00:00.0,00:00.0,uploads\f2e6d795-3777-11f0-84b6-581122bb7f2c\20210509T140000+1000_REC_30.wav,False,0,0,0,0,0,0,0,0,0,0,0,0,birds,-6.063246,0.28342536,0.57298917,0.32222405,-0.40975672,0.60633963,-0.22389434,0.51601267,0.08960437,0.13390195,0.33107993,-0.08133145,0.53813267
7.3765774,-4.4469414,3.1213746,3,0,0,00:00.0,00:00.0,uploads\f2e6d795-3777-11f0-84b6-581122bb7f2c\20210509T140000+1000_REC_31.wav,False,0,0,0,0,0,0,0,0,0,0,0,0,birds,-6.053304,0.3618824,0.595251,0.3250319,-0.4033789,0.63146996,-0.28668627,0.4885179,0.06908766,0.09103677,0.37484527,-0.12912804,0.5133425
7.4582496,-4.453635,3.1773067,3,0,0,00:00.0,00:00.0,uploads\f2e6d795-3777-11f0-84b6-581122bb7f2c\20210509T140000+1000_REC_34.wav,False,0,0,0,0,0,0,0,0,0,0,0,0,birds,-6.0370936,0.43679821,0.65077347,0.44896364,-0.48252591,0.576739,-0.13710427,0.49574584,0.059714444,0.20324129,0.3623393,-0.17039797,0.59763324
9.7091055,-1.5915765,4.854363,3,0,0,00:00.0,00:00.0,uploads\f2e6d795-3777-11f0-84b6-581122bb7f2c\20210509T140000+1000_REC_35.wav,False,0,0,0,0,0,0,0,0,0,0,0,0,birds,-6.039022,0.390768,0.5203674,0.42494214,-0.5295535,0.8373955,-0.22233634,0.2907743,0.0814985,0.20475625,0.38009202,-0.041743707,0.459225
7.4150295,-4.418474,3.175775,3,0,0,00:00.0,00:00.0,uploads\f2e6d795-3777-11f0-84b6-581122bb7f2c\20210509T140000+1000_REC_36.wav,False,0,0,0,0,0,0,0,0,0,0,0,0,birds,-6.047332,0.37285638,0.54954207,0.4971934,-0.4795572,0.56470686,-0.17788741,0.52887344,-0.010429377,0.1423052,0.41522148,-0.18493049,0.4688734
7.6207967,-3.3506167,3.6679237,3,0,0,00:00.0,00:00.0,uploads\f2e6d795-3777-11f0-84b6-581122bb7f2c\20210509T140000+1000_REC_37.wav,False,0,0,0,0,0,0,0,0,0,0,0,0,birds,-6.0776577,0.31560332,0.4892158,0.40939468,-0.38787794,0.65178865,-0.20153175,0.35828122,0.17403875,0.16481362,0.38515282,-0.036356207,0.41974765
7.54448,-3.403116,3.6728446,3,0,0,00:00.0,00:00.0,uploads\f2e6d795-3777-11f0-84b6-581122bb7f2c\20210509T140000+1000_REC_38.wav,False,0,0,0,0,0,0,0,0,0,0,0,0,birds,-6.093229,0.25196302,0.47452816,0.31848574,-0.3109099,0.59436035,-0.17637621,0.40839738,0.10913753,0.13923189,0.35403815,-0.040687416,0.44507796
7.632252,-3.1355987,3.8808591,3,0,0,00:00.0,00:00.0,uploads\f2e6d795-3777-11f0-84b6-581122bb7f2c\20210509T140000+1000_REC_39.wav,False,0,0,0,0,0,0,0,0,0,0,0,0,birds,-6.102432,0.23282716,0.49261013,0.31385165,-0.33413604,0.5686982,-0.14621016,0.3173343,0.17351387,0.07659569,0.3241415,0.007900536,0.3736247
7.548137,-3.169876,3.7774305,3,0,0,00:00.0,00:00.0,uploads\f2e6d795-3777-11f0-84b6-581122bb7f2c\20210509T140000+1000_REC_40.wav,False,0,0,0,0,0,0,0,0,0,0,0,0,birds,-6.097543,0.25683385,0.39232117,0.22881551,-0.30541342,0.6236973,-0.17864294,0.32258788,0.06954837,0.15660343,0.4773728,-0.053306483,0.3591862
7.508697,-3.3864346,3.74581,3,0,0,00:00.0,00:00.0,uploads\f2e6d795-3777-11f0-84b6-581122bb7f2c\20210509T140000+1000_REC_41.wav,False,0,0,0,0,0,0,0,0,0,0,0,0,birds,-6.107614,0.24430768,0.3944259,0.3156342,-0.2874612,0.51063323,-0.13269246,0.42126918,0.14540766,0.12048575,0.34117994,-0.079698846,0.38934308
7.5058346,-3.3856068,3.6827118,3,0,0,00:00.0,00:00.0,uploads\f2e6d795-3777-11f0-84b6-581122bb7f2c\20210509T140000+1000_REC_42.wav,False,0,0,0,0,0,0,0,0,0,0,0,0,birds,-6.102949,0.22483578,0.43795428,0.29761177,-0.2912103,0.5306767,-0.15834813,0.4083127,0.08341096,0.09760623,0.3469033,-0.065372124,0.42078298
7.5104737,-3.366219,3.7625222,3,0,0,00:00.0,00:00.0,uploads\f2e6d795-3777-11f0-84b6-581122bb7f2c\20210509T140000+1000_REC_43.wav,False,0,0,0,0,0,0,0,0,0,0,0,0,birds,-6.1050606,0.19349982,0.49838707,0.3085881,-0.3107955,0.52215004,-0.13312493,0.37993848,0.14555807,0.118197374,0.32475024,-0.02852307,0.38328603
7.389781,-1.6504836,4.755532,3,0,0,00:00.0,00:00.0,uploads\f2e6d795-3777-11f0-84b6-581122bb7f2c\20210509T140000+1000_REC_44.wav,False,0,0,0,0,0,0,0,0,0,0,0,0,birds,-6.134561,0.2967123,0.3300969,0.17907894,-0.18752454,0.4724429,0.02028939,0.27111444,0.087319635,0.08844191,0.30356175,0.09109821,0.35622337
7.7516837,-2.1421661,4.426098,3,0,0,00:00.0,00:00.0,uploads\f2e6d795-3777-11f0-84b6-581122bb7f2c\20210509T140000+1000_REC_45.wav,False,0,0,0,0,0,0,0,0,0,0,0,0,birds,-6.1122904,0.52312046,0.40283138,0.33617136,-0.24469796,0.46518722,-0.05023693,0.3250806,0.08590586,0.12396195,0.28663877,-0.07074519,0.2991668
7.687049,-2.1437116,4.4289913,3,0,0,00:00.0,00:00.0,uploads\f2e6d795-3777-11f0-84b6-581122bb7f2c\20210509T140000+1000_REC_46.wav,False,0,0,0,0,0,0,0,0,0,0,0,0,birds,-6.116794,0.4252227,0.33529204,0.25423357,-0.22861849,0.5099688,-0.039658397,0.4030678,0.14160223,0.18946072,0.28058752,-0.023821076,0.3839997
7.673893,-2.1176133,4.4117484,3,0,0,00:00.0,00:00.0,uploads\f2e6d795-3777-11f0-84b6-581122bb7f2c\20210509T140000+1000_REC_47.wav,False,0,0,0,0,0,0,0,0,0,0,0,0,birds,-6.105671,0.35514137,0.48602784,0.28414443,-0.35737818,0.54223657,-0.031457648,0.38314325,0.21281642,0.1677565,0.28131896,0.050837457,0.3275894
7.428383,-4.4766936,3.1483288,3,0,0,00:00.0,00:00.0,uploads\f2e6d795-3777-11f0-84b6-581122bb7f2c\20210509T140000+1000_REC_48.wav,False,0,0,0,0,0,0,0,0,0,0,0,0,birds,-6.019401,0.52430487,0.6530868,0.27449232,-0.58051723,0.6982678,-0.27244723,0.47905415,0.04783236,0.15606599,0.32337677,-0.102324575,0.55762464
7.416264,-4.428762,3.1646898,3,0,0,00:00.0,00:00.0,uploads\f2e6d795-3777-11f0-84b6-581122bb7f2c\20210509T140000+1000_REC_49.wav,False,0,0,0,0,0,0,0,0,0,0,0,0,birds,-6.030912,0.3539837,0.5034338,0.34354082,-0.6381519,0.67677104,-0.1851199,0.49753678,0.09128926,0.17585996,0.34983712,-0.16446462,0.5822468
7.4413276,-4.474732,3.1538367,3,0,0,00:00.0,00:00.0,uploads\f2e6d795-3777-11f0-84b6-581122bb7f2c\20210509T140000+1000_REC_50.wav,False,0,0,0,0,0,0,0,0,0,0,0,0,birds,-6.029743,0.5240005,0.56090873,0.21025066,-0.53716063,0.7324847,-0.1893731,0.4544829,-0.010263673,0.14968787,0.3449266,-0.15377347,0.58449817
7.208593,-4.507918,2.9390275,3,0,0,00:00.0,00:00.0,uploads\f2e6d795-3777-11f0-84b6-581122bb7f2c\20210509T140000+1000_REC_51.wav,False,0,0,0,0,0,0,0,0,0,0,0,0,birds,-6.06619,0.4808433,0.55437684,0.20414731,-0.4949904,0.5914266,-0.17894906,0.4303856,0.12049422,0.13016307,0.2947038,-0.057800785,0.4532829
7.2411847,-4.4665,2.9615352,3,0,0,00:00.0,00:00.0,uploads\f2e6d795-3777-11f0-84b6-581122bb7f2c\20210509T140000+1000_REC_52.wav,False,0,0,0,0,0,0,0,0,0,0,0,0,birds,-6.0525446,0.35443363,0.7479005,0.21564561,-0.44100985,0.63758475,-0.24029139,0.42354497,0.11061057,0.083061494,0.36325583,-0.068140455,0.43345985
7.621462,-3.0562446,3.9275813,3,0,0,00:00.0,00:00.0,uploads\f2e6d795-3777-11f0-84b6-581122bb7f2c\20210509T140000+1000_REC_53.wav,True,0,1,0,0,1,0,0,0,0,0,0,0,birds,-6.0898943,0.37201837,0.5369992,0.24930859,-0.35296425,0.59514296,-0.117773026,0.37029055,0.02806236,0.14614874,0.39348108,-0.042456336,0.3617519
7.570048,-3.1869283,3.817036,3,0,0,00:00.0,00:00.0,uploads\f2e6d795-3777-11f0-84b6-581122bb7f2c\20210509T140000+1000_REC_54.wav,False,0,0,0,0,0,0,0,0,0,0,0,0,birds,-6.096572,0.2954046,0.49842176,0.25693184,-0.3364201,0.5345913,-0.14945078,0.40211663,0.09232586,0.146968,0.41359955,-0.04815057,0.37526527
7.61834,-3.0180285,4.0120687,3,0,0,00:00.0,00:00.0,uploads\f2e6d795-3777-11f0-84b6-581122bb7f2c\20210509T140000+1000_REC_55.wav,False,0,0,0,0,0,0,0,0,0,0,0,0,birds,-6.0982547,0.3830628,0.46307552,0.23908013,-0.3412423,0.5694934,-0.11128998,0.38943145,0.10609445,0.14471026,0.33756357,-0.005715069,0.4075799
7.6237154,-3.056986,3.949299,3,0,0,00:00.0,00:00.0,uploads\f2e6d795-3777-11f0-84b6-581122bb7f2c\20210509T140000+1000_REC_56.wav,False,0,0,0,0,0,0,0,0,0,0,0,0,birds,-6.097845,0.36750716,0.49408588,0.2773957,-0.27363113,0.547923,-0.19120896,0.39310792,0.10815078,0.14310399,0.30222636,-0.059397966,0.4208911
7.6218367,-3.054249,3.9476993,3,0,0,00:00.0,00:00.0,uploads\f2e6d795-3777-11f0-84b6-581122bb7f2c\20210509T140000+1000_REC_57.wav,False,0,0,0,0,0,0,0,0,0,0,0,0,birds,-6.1049376,0.31961998,0.4774785,0.25904164,-0.2593227,0.5505694,-0.16564848,0.3648383,0.08203202,0.15557677,0.34725767,-0.005990687,0.39429688
7.628419,-3.0482433,3.9261112,3,0,0,00:00.0,00:00.0,uploads\f2e6d795-3777-11f0-84b6-581122bb7f2c\20210509T140000+1000_REC_58.wav,False,0,0,0,0,0,0,0,0,0,0,0,0,birds,-6.1029005,0.32187146,0.4872639,0.2919614,-0.32611322,0.52840704,-0.13392796,0.3496852,0.10346588,0.124724686,0.3563044,-0.026593205,0.36466676
7.662743,-2.0741298,4.424454,3,0,0,00:00.0,00:00.0,uploads\f2e6d795-3777-11f0-84b6-581122bb7f2c\20210509T140000+1000_REC_60.wav,False,0,0,0,0,0,0,0,0,0,0,0,0,birds,-6.110828,0.37806046,0.44023156,0.38944614,-0.29897246,0.47297212,-0.028427577,0.37783444,0.14400302,0.18263128,0.30573487,0.059319064,0.37228677
7.5760922,-1.9193497,4.4260974,3,0,0,00:00.0,00:00.0,uploads\f2e6d795-3777-11f0-84b6-581122bb7f2c\20210509T140000+1000_REC_61.wav,False,0,0,0,0,0,0,0,0,0,0,0,0,birds,-6.1163,0.40779194,0.4545338,0.3544601,-0.25036925,0.45373872,-0.07066488,0.29523304,0.17951752,0.19429342,0.31601456,0.14684229,0.35579914
7.3183208,-1.5846419,4.4344745,3,0,0,00:00.0,00:00.0,uploads\f2e6d795-3777-11f0-84b6-581122bb7f2c\20210509T140000+1000_REC_62.wav,False,0,0,0,0,0,0,0,0,0,0,0,0,birds,-6.125464,0.2345131,0.15326206,0.65021807,-0.19329327,0.29123387,0.15614058,0.35051262,0.17476824,0.255335,0.25148362,0.13508278,0.31379783
7.342131,-1.6310983,4.394283,3,0,0,00:00.0,00:00.0,uploads\f2e6d795-3777-11f0-84b6-581122bb7f2c\20210509T140000+1000_REC_63.wav,False,0,0,0,0,0,0,0,0,0,0,0,0,birds,-6.1301966,0.3860545,0.1450048,0.52945703,-0.17573434,0.30339956,0.051331133,0.37650487,0.15440433,0.17724676,0.25544438,0.17692637,0.30863523
7.1734343,-1.5261021,4.705192,3,0,0,00:00.0,00:00.0,uploads\f2e6d795-3777-11f0-84b6-581122bb7f2c\20210509T140000+1000_REC_64.wav,False,0,0,0,0,0,0,0,0,0,0,0,0,birds,-6.133136,0.2722772,0.37213817,0.3915345,-0.05314142,0.3983945,0.09752942,0.3583504,0.20486966,0.2360209,0.3285253,0.027270867,0.36803988
7.4085946,-1.5340174,4.7947617,3,0,0,00:00.0,00:00.0,uploads\f2e6d795-3777-11f0-84b6-581122bb7f2c\20210509T140000+1000_REC_65.wav,False,0,0,0,0,0,0,0,0,0,0,0,0,birds,-6.123669,0.34894246,0.43973166,0.3463952,-0.1358441,0.47791788,0.028393256,0.31941348,0.23142722,0.14613889,0.34777772,0.059519265,0.36853886
7.530534,-3.1466603,4.128022,3,0,0,00:00.0,00:00.0,uploads\f2e6d795-3777-11f0-84b6-581122bb7f2c\20210509T140000+1000_REC_66.wav,False,0,0,0,0,0,0,0,0,0,0,0,0,birds,-6.0970817,0.336844,0.5376714,0.33465546,-0.24845465,0.5811099,-0.09396238,0.41408926,0.19275205,0.16896725,0.37074634,0.027728166,0.4063828
7.2578573,-1.5134437,4.7748833,3,0,0,00:00.0,00:00.0,uploads\f2e6d795-3777-11f0-84b6-581122bb7f2c\20210509T140000+1000_REC_67.wav,True,0,1,0,0,1,0,0,0,0,0,0,0,birds,-6.139567,0.22257112,0.38283336,0.27191624,0.0010657612,0.39866996,0.042200416,0.35439122,0.20050801,0.13019712,0.3520457,0.039788906,0.3514066
7.5031047,-3.2095368,4.130441,3,0,0,00:00.0,00:00.0,uploads\f2e6d795-3777-11f0-84b6-581122bb7f2c\20210509T140000+1000_REC_68.wav,False,0,0,0,0,0,0,0,0,0,0,0,0,birds,-6.1048074,0.3273991,0.53232235,0.28616238,-0.1891017,0.54787123,-0.085014954,0.44083723,0.18028188,0.13935645,0.36584398,0.009044437,0.38877878
7.456739,-3.3323379,4.1078944,3,0,0,00:00.0,00:00.0,uploads\f2e6d795-3777-11f0-84b6-581122bb7f2c\20210509T140000+1000_REC_69.wav,False,0,0,0,0,0,0,0,0,0,0,0,0,birds,-6.1138463,0.21601655,0.51571774,0.30593583,-0.18747458,0.5301728,-0.048179187,0.39460313,0.21562447,0.13983712,0.32558385,0.0045516365,0.37915528
8.633356,-2.590973,5.1033206,3,0,0,00:00.0,00:00.0,uploads\f2e6d795-3777-11f0-84b6-581122bb7f2c\20210509T140000+1000_REC_70.wav,False,0,0,0,0,0,0,0,0,0,0,0,0,birds,-6.112359,0.33628154,0.51794803,0.31293207,-0.2452744,0.4477668,-0.101766445,0.44461206,0.06411456,0.2701082,0.27451882,0.14315054,0.2906818
7.4339986,-1.7245648,4.4082136,3,0,0,00:00.0,00:00.0,uploads\f2e6d795-3777-11f0-84b6-581122bb7f2c\20210509T140000+1000_REC_71.wav,True,0,1,0,0,0,0,0,0,0,0,0,0,birds,-6.1324873,0.40843847,0.41743115,0.29934403,-0.12980983,0.39891058,0.008547244,0.30792865,0.18974696,0.18776079,0.25958693,0.10893132,0.33249077
7.630998,-2.0298817,4.4287663,3,0,0,00:00.0,00:00.0,uploads\f2e6d795-3777-11f0-84b6-581122bb7f2c\20210509T140000+1000_REC_72.wav,True,0,1,0,0,1,0,0,0,0,0,0,1,birds,-6.11688,0.41585103,0.41183326,0.34591177,-0.25204137,0.4593374,-0.04980894,0.39916995,0.21300457,0.1900981,0.27533197,0.11237265,0.3202187
6.5269313,-1.3032854,4.336178,3,0,0,00:00.0,00:00.0,uploads\f2e6d795-3777-11f0-84b6-581122bb7f2c\20210509T140000+1000_REC_73.wav,False,0,0,0,0,0,0,0,0,0,0,0,0,birds,-6.1437707,0.317099,0.32266152,0.31476387,0.29961085,0.30513322,0.28135246,0.28390798,0.27043062,0.2556636,0.25654802,0.23166046,0.23264813
7.4273686,-1.7084142,4.4077415,3,0,0,00:00.0,00:00.0,uploads\f2e6d795-3777-11f0-84b6-581122bb7f2c\20210509T140000+1000_REC_74.wav,False,0,0,0,0,0,0,0,0,0,0,0,0,birds,-6.131096,0.45372534,0.3917772,0.3061555,-0.0877927,0.42591813,0.02523867,0.32587048,0.20454712,0.19661988,0.27375567,0.10573854,0.32061496
7.6534595,-2.0758674,4.41776,3,0,0,00:00.0,00:00.0,uploads\f2e6d795-3777-11f0-84b6-581122bb7f2c\20210509T140000+1000_REC_75.wav,True,0,1,0,0,0,0,0,0,0,0,0,0,birds,-6.1117783,0.44700977,0.40823632,0.40031242,-0.2696701,0.41658282,-0.030000757,0.42736328,0.13063368,0.23064001,0.29482576,0.056961127,0.35128596
7.2166677,-1.5626813,4.446299,3,0,0,00:00.0,00:00.0,uploads\f2e6d795-3777-11f0-84b6-581122bb7f2c\20210509T140000+1000_REC_76.wav,True,0,1,0,0,0,0,0,0,0,0,0,1,birds,-6.133416,0.3010003,0.22853449,0.5333218,-0.02767088,0.23770285,0.12613888,0.43002754,0.16715522,0.17678529,0.3757431,0.11154483,0.31419256
6.9035234,-1.4140192,4.583652,3,0,0,00:00.0,00:00.0,uploads\f2e6d795-3777-11f0-84b6-581122bb7f2c\20210509T140000+1000_REC_77.wav,True,0,1,0,0,1,0,0,0,0,0,0,1,birds,-6.1312523,0.33848786,0.42803264,0.3611947,0.037086096,0.41369846,0.11976889,0.3605721,0.26252845,0.1879795,0.34345296,0.10477529,0.35049987
6.5289598,-1.3076636,4.3392444,3,0,0,00:00.0,00:00.0,uploads\f2e6d795-3777-11f0-84b6-581122bb7f2c\20210509T140000+1000_REC_78.wav,False,0,0,0,0,0,0,0,0,0,0,0,0,birds,-6.156752,0.25649068,0.25542173,0.22936387,0.21112898,0.26331726,0.22979996,0.25651675,0.22292262,0.21261896,0.2373658,0.20555148,0.23536088
6.5359116,-1.3099964,4.343549,3,0,0,00:00.0,00:00.0,uploads\f2e6d795-3777-11f0-84b6-581122bb7f2c\20210509T140000+1000_REC_79.wav,False,0,0,0,0,0,0,0,0,0,0,0,0,birds,-6.146496,0.24825664,0.31082985,0.3177042,0.25711104,0.3396843,0.21991543,0.30573407,0.27339774,0.2220493,0.28281718,0.199836,0.26327917
6.9287786,-1.4158267,4.5939164,3,0,0,00:00.0,00:00.0,uploads\f2e6d795-3777-11f0-84b6-581122bb7f2c\20210509T140000+1000_REC_80.wav,False,0,0,0,0,0,0,0,0,0,0,0,0,birds,-6.1319942,0.288734,0.3970391,0.3739256,0.045080993,0.42955765,0.09397063,0.37416986,0.26241007,0.17701969,0.36870134,0.09178248,0.34241572
7.594803,-2.970148,4.1132035,3,0,0,00:00.0,00:00.0,uploads\f2e6d795-3777-11f0-84b6-581122bb7f2c\20210509T140000+1000_REC_81.wav,False,0,0,0,0,0,0,0,0,0,0,0,0,birds,-6.10333,0.4249448,0.44638655,0.31781006,-0.26684076,0.5319673,-0.085959025,0.40099433,0.15891711,0.1371992,0.36429206,0.012101586,0.39991474
7.666053,-2.6231034,4.195955,3,0,0,00:00.0,00:00.0,uploads\f2e6d795-3777-11f0-84b6-581122bb7f2c\20210509T140000+1000_REC_82.wav,False,0,0,0,0,0,0,0,0,0,0,0,0,birds,-6.104532,0.3636846,0.41186795,0.3648273,-0.3201516,0.5563211,-0.07853226,0.38824153,0.13379158,0.09271398,0.3455936,0.0394611,0.35230377
7.734889,-2.2257075,4.3893647,3,0,0,00:00.0,00:00.0,uploads\f2e6d795-3777-11f0-84b6-581122bb7f2c\20210509T140000+1000_REC_83.wav,True,0,1,0,0,1,0,0,0,0,0,0,0,birds,-6.105242,0.38754326,0.34978703,0.38343593,-0.34480426,0.5633347,-0.06910226,0.37274778,0.118424185,0.12633798,0.31103876,0.007984916,0.3321648
7.385105,-1.669829,4.4214115,3,0,0,00:00.0,00:00.0,uploads\f2e6d795-3777-11f0-84b6-581122bb7f2c\20210509T140000+1000_REC_84.wav,False,0,0,0,0,0,0,0,0,0,0,0,0,birds,-6.134785,0.37690508,0.33432177,0.3462593,-0.1355349,0.41167,0.027802989,0.2987825,0.17741685,0.20953318,0.28655186,0.08545964,0.32546008
7.4721293,-1.7053773,4.387358,3,0,0,00:00.0,00:00.0,uploads\f2e6d795-3777-11f0-84b6-581122bb7f2c\20210509T140000+1000_REC_85.wav,False,0,0,0,0,0,0,0,0,0,0,0,0,birds,-6.11801,0.48909098,0.32473266,0.32970414,-0.28758574,0.4878942,0.013796553,0.35894257,0.120735854,0.08042232,0.25092617,0.12615697,0.2970354
9.21607,-1.1675097,4.9519224,3,0,0,00:00.0,00:00.0,uploads\f2e6d795-3777-11f0-84b6-581122bb7f2c\20210509T140000+1000_REC_86.wav,False,0,0,0,0,0,0,0,0,0,0,0,0,birds,-6.059105,0.5063711,0.417386,0.60618234,-0.5343404,0.5925249,-0.20058618,0.35528195,0.16327637,0.123989075,0.30096143,0.06956933,0.36013356
7.3244667,-1.6063983,4.582621,3,0,0,00:00.0,00:00.0,uploads\f2e6d795-3777-11f0-84b6-581122bb7f2c\20210509T140000+1000_REC_87.wav,False,0,0,0,0,0,0,0,0,0,0,0,0,birds,-6.1112,0.39323515,0.25586116,0.47405615,-0.32327774,0.4794638,0.116048306,0.38114426,0.07825539,0.21871161,0.25844258,0.107296385,0.41953188
7.371784,-1.6426842,4.4164124,3,0,0,00:00.0,00:00.0,uploads\f2e6d795-3777-11f0-84b6-581122bb7f2c\20210509T140000+1000_REC_88.wav,False,0,0,0,0,0,0,0,0,0,0,0,0,birds,-6.130573,0.4062048,0.3335803,0.41543752,-0.13421991,0.42560512,0.053252008,0.32748213,0.20951545,0.2014376,0.27384686,0.1350575,0.30123255
7.269469,-1.5594399,4.5499935,3,0,0,00:00.0,00:00.0,uploads\f2e6d795-3777-11f0-84b6-581122bb7f2c\20210509T140000+1000_REC_89.wav,True,0,1,0,0,1,0,0,0,0,0,0,0,birds,-6.1249976,0.32316214,0.19973771,0.528712,-0.14010237,0.45215172,0.14023311,0.31123585,0.14908688,0.22889152,0.34215832,0.10279642,0.3835872
7.2309184,-1.5635179,4.448863,3,0,0,00:00.0,00:00.0,uploads\f2e6d795-3777-11f0-84b6-581122bb7f2c\20210509T140000+1000_REC_90.wav,False,0,0,0,0,0,0,0,0,0,0,0,0,birds,-6.118887,0.20494644,0.20314114,0.71180385,-0.041068267,0.3418259,0.19801544,0.3794411,0.27237415,0.16557468,0.33611915,0.11264857,0.34490559
6.7955832,-1.3691417,4.538579,3,0,0,00:00.0,00:00.0,uploads\f2e6d795-3777-11f0-84b6-581122bb7f2c\20210509T140000+1000_REC_91.wav,False,0,0,0,0,0,0,0,0,0,0,0,0,birds,-6.136805,0.22983573,0.3927974,0.36847728,0.14770034,0.42349896,0.15461946,0.34455365,0.27733776,0.19238149,0.35806876,0.12221249,0.29690397
6.802793,-1.3722682,4.538368,3,0,0,00:00.0,00:00.0,uploads\f2e6d795-3777-11f0-84b6-581122bb7f2c\20210509T140000+1000_REC_92.wav,False,0,0,0,0,0,0,0,0,0,0,0,0,birds,-6.138271,0.28484216,0.38300908,0.33235252,0.050523315,0.423199,0.14924027,0.3040375,0.25631467,0.15788782,0.3531558,0.16470504,0.332527
6.7989087,-1.3730491,4.5338507,3,0,0,00:00.0,00:00.0,uploads\f2e6d795-3777-11f0-84b6-581122bb7f2c\20210509T140000+1000_REC_93.wav,False,0,0,0,0,0,0,0,0,0,0,0,0,birds,-6.1305013,0.3021739,0.43585142,0.39110962,0.100487985,0.4431616,0.15689027,0.33480573,0.28603745,0.19545771,0.3545536,0.12488745,0.31583968
6.5523615,-1.3154639,4.3519187,3,0,0,00:00.0,00:00.0,uploads\f2e6d795-3777-11f0-84b6-581122bb7f2c\20210509T140000+1000_REC_94.wav,False,0,0,0,0,0,0,0,0,0,0,0,0,birds,-6.146864,0.29467806,0.35783815,0.32371804,0.16780886,0.33077216,0.19584823,0.28718364,0.268675,0.20761754,0.28134006,0.17172082,0.26063436
7.433531,-1.6687722,4.3982873,3,0,0,00:00.0,00:00.0,uploads\f2e6d795-3777-11f0-84b6-581122bb7f2c\20210509T140000+1000_REC_95.wav,False,0,0,0,0,0,0,0,0,0,0,0,0,birds,-6.12081,0.472498,0.24860907,0.44581494,-0.29913983,0.43764752,0.025291165,0.30027243,0.121212944,0.18276489,0.2340177,0.14362185,0.27764392
7.431689,-1.6590859,4.400424,3,0,0,00:00.0,00:00.0,uploads\f2e6d795-3777-11f0-84b6-581122bb7f2c\20210509T140000+1000_REC_96.wav,False,0,0,0,0,0,0,0,0,0,0,0,0,birds,-6.110422,0.45545414,0.3166283,0.5294365,-0.275018,0.5156654,0.07336209,0.31617928,0.16572906,0.13591172,0.2514689,0.20582052,0.33015725
9.349514,-1.2079643,4.8995404,3,0,0,00:00.0,00:00.0,uploads\f2e6d795-3777-11f0-84b6-581122bb7f2c\20210509T140000+1000_REC_100.wav,False,0,0,0,0,0,0,0,0,0,0,0,0,birds,-6.015086,0.51343477,0.40162495,0.8346756,-0.76116496,0.54207796,-0.2140237,0.3347293,0.13181144,0.089437045,0.24530791,0.028465314,0.29837802
7.8168855,-1.8211596,4.5464253,3,0,0,00:00.0,00:00.0,uploads\f2e6d795-3777-11f0-84b6-581122bb7f2c\20210509T140000+1000_REC_101.wav,False,0,0,0,0,0,0,0,0,0,0,0,0,birds,-6.086091,0.57165056,0.23380746,0.56457585,-0.45579496,0.41732743,-0.138134,0.36762714,0.07794308,0.124149285,0.25067407,0.033321425,0.32879367
8.72355,-0.68866193,5.4954743,3,0,0,00:00.0,00:00.0,uploads\f2e6d795-3777-11f0-84b6-581122bb7f2c\20210509T140000+1000_REC_102.wav,False,0,0,0,0,0,0,0,0,0,0,0,0,birds,-6.093589,0.37205896,0.30643842,0.49637944,-0.3621694,0.4899723,-0.11388099,0.50259584,0.10232121,0.15489165,0.39621115,0.05856317,0.36317107
8.723636,-0.6922375,5.496643,3,0,0,00:00.0,00:00.0,uploads\f2e6d795-3777-11f0-84b6-581122bb7f2c\20210509T140000+1000_REC_103.wav,False,0,0,0,0,0,0,0,0,0,0,0,0,birds,-6.0948396,0.34836915,0.37147477,0.5106636,-0.33109516,0.56367755,-0.101035975,0.38626808,0.10419915,0.15658516,0.32117197,-0.020383775,0.41132724
7.5473332,-1.728614,4.408873,3,0,0,00:00.0,00:00.0,uploads\f2e6d795-3777-11f0-84b6-581122bb7f2c\20210509T140000+1000_REC_104.wav,False,0,0,0,0,0,0,0,0,0,0,0,0,birds,-6.099133,0.53290546,0.2465629,0.5148617,-0.3651739,0.50038266,-0.017419256,0.3757941,0.058533553,0.15412365,0.27265722,0.11759194,0.33511475
7.3537745,-1.6099894,4.414709,3,0,0,00:00.0,00:00.0,uploads\f2e6d795-3777-11f0-84b6-581122bb7f2c\20210509T140000+1000_REC_105.wav,False,0,0,0,0,0,0,0,0,0,0,0,0,birds,-6.125039,0.39110702,0.346685,0.52361834,-0.1694826,0.4112025,0.038138226,0.3032244,0.21626402,0.20548767,0.25567344,0.122828074,0.29084465
6.7281685,-1.3708929,4.410281,3,0,0,00:00.0,00:00.0,uploads\f2e6d795-3777-11f0-84b6-581122bb7f2c\20210509T140000+1000_REC_106.wav,False,0,0,0,0,0,0,0,0,0,0,0,0,birds,-6.1279573,0.37388274,0.45399013,0.4871563,0.04391795,0.4142001,0.19484715,0.28112227,0.3002161,0.19458516,0.25569177,0.1721787,0.27292427
6.7645483,-1.3831497,4.415543,3,0,0,00:00.0,00:00.0,uploads\f2e6d795-3777-11f0-84b6-581122bb7f2c\20210509T140000+1000_REC_107.wav,False,0,0,0,0,0,0,0,0,0,0,0,0,birds,-6.1293883,0.41179842,0.44066703,0.49864683,0.022930244,0.38501528,0.16528815,0.25164872,0.26495522,0.20543909,0.24985671,0.1677226,0.2770071
7.138473,-1.5322626,4.4032083,3,0,0,00:00.0,00:00.0,uploads\f2e6d795-3777-11f0-84b6-581122bb7f2c\20210509T140000+1000_REC_108.wav,False,0,0,0,0,0,0,0,0,0,0,0,0,birds,-6.122802,0.42012224,0.34370622,0.60047823,-0.08926667,0.40495452,0.08200535,0.2982729,0.22171733,0.2172512,0.2714416,0.14423731,0.2444787
6.57907,-1.3235464,4.3583975,3,0,0,00:00.0,00:00.0,uploads\f2e6d795-3777-11f0-84b6-581122bb7f2c\20210509T140000+1000_REC_109.wav,False,0,0,0,0,0,0,0,0,0,0,0,0,birds,-6.1311502,0.3932707,0.43746734,0.40052956,0.28802288,0.37467498,0.2496437,0.29901195,0.27645427,0.2170661,0.27404055,0.18117863,0.23302422
6.581378,-1.325202,4.360189,3,0,0,00:00.0,00:00.0,uploads\f2e6d795-3777-11f0-84b6-581122bb7f2c\20210509T140000+1000_REC_110.wav,False,0,0,0,0,0,0,0,0,0,0,0,0,birds,-6.131419,0.37439618,0.42946944,0.40208787,0.2908642,0.37696832,0.25006515,0.30991873,0.26906508,0.22507863,0.2827421,0.17605446,0.2442008
6.608245,-1.3321139,4.3757753,3,0,0,00:00.0,00:00.0,uploads\f2e6d795-3777-11f0-84b6-581122bb7f2c\20210509T140000+1000_REC_111.wav,False,0,0,0,0,0,0,0,0,0,0,0,0,birds,-6.1279173,0.36778545,0.47006783,0.42096716,0.19938073,0.41837358,0.2031871,0.321908,0.295187,0.20275709,0.30528492,0.14915214,0.2634228
6.7874537,-1.3912174,4.4182663,3,0,0,00:00.0,00:00.0,uploads\f2e6d795-3777-11f0-84b6-581122bb7f2c\20210509T140000+1000_REC_112.wav,False,0,0,0,0,0,0,0,0,0,0,0,0,birds,-6.122771,0.3744213,0.44115293,0.53139573,0.032154534,0.4473012,0.1663006,0.2982903,0.30182156,0.16446365,0.31074584,0.124940254,0.2741308
6.6859202,-1.3356907,4.4690404,3,0,0,00:00.0,00:00.0,uploads\f2e6d795-3777-11f0-84b6-581122bb7f2c\20210509T140000+1000_REC_113.wav,False,0,0,0,0,0,0,0,0,0,0,0,0,birds,-6.129421,0.33792177,0.43729526,0.4040229,0.20223278,0.4199737,0.20358813,0.3429398,0.28098872,0.207257,0.3271214,0.13416187,0.3042054
7.3321733,-1.5469575,4.5074615,3,0,0,00:00.0,00:00.0,uploads\f2e6d795-3777-11f0-84b6-581122bb7f2c\20210509T140000+1000_REC_114.wav,False,0,0,0,0,0,0,0,0,0,0,0,0,birds,-6.119754,0.30119982,0.38015702,0.5047636,-0.17559114,0.46058366,0.07906277,0.36090064,0.2366349,0.20636895,0.30340284,0.11913562,0.36463526
7.683229,-2.0217507,4.452654,3,0,0,00:00.0,00:00.0,uploads\f2e6d795-3777-11f0-84b6-581122bb7f2c\20210509T140000+1000_REC_115.wav,False,0,0,0,0,0,0,0,0,0,0,0,0,birds,-6.1071076,0.3744951,0.3632697,0.52736497,-0.28123176,0.46836534,-0.04167864,0.39501768,0.16521066,0.19475982,0.33396563,0.031995587,0.34113252
8.726552,-0.69942933,5.491976,3,0,0,00:00.0,00:00.0,uploads\f2e6d795-3777-11f0-84b6-581122bb7f2c\20210509T140000+1000_REC_116.wav,False,0,0,0,0,0,0,0,0,0,0,0,0,birds,-6.085601,0.24761565,0.34271792,0.5026585,-0.4468484,0.5673197,-0.11687617,0.45420066,0.17062809,0.1550776,0.336169,-0.008712121,0.3997507
8.725213,-0.6906013,5.496265,3,0,0,00:00.0,00:00.0,uploads\f2e6d795-3777-11f0-84b6-581122bb7f2c\20210509T140000+1000_REC_118.wav,False,0,0,0,0,0,0,0,0,0,0,0,0,birds,-6.089687,0.34695828,0.4024162,0.50008285,-0.36260566,0.52452767,-0.1172101,0.45242503,0.11337137,0.16208997,0.34460676,-0.050984204,0.3997166
8.721261,-0.6920997,5.4974427,3,0,0,00:00.0,00:00.0,uploads\f2e6d795-3777-11f0-84b6-581122bb7f2c\20210509T140000+1000_REC_119.wav,False,0,0,0,0,0,0,0,0,0,0,0,0,birds,-6.0962386,0.31704435,0.28985217,0.4177418,-0.4510539,0.48126096,-0.14447851,0.37912363,0.072312616,0.14591564,0.3482129,0.0011432046,0.40468878
8.717814,-0.70616734,5.495015,3,0,0,00:00.0,00:00.0,uploads\f2e6d795-3777-11f0-84b6-581122bb7f2c\20210509T140000+1000_REC_120.wav,False,0,0,0,0,0,0,0,0,0,0,0,0,birds,-6.090185,0.30308655,0.29744422,0.52013934,-0.44388545,0.5146839,-0.16479175,0.3978058,0.11042796,0.16726764,0.29386887,-0.037764303,0.37452698
8.71794,-0.69940686,5.49881,3,0,0,00:00.0,00:00.0,uploads\f2e6d795-3777-11f0-84b6-581122bb7f2c\20210509T140000+1000_REC_121.wav,False,0,0,0,0,0,0,0,0,0,0,0,0,birds,-6.082919,0.25882524,0.3174945,0.5441301,-0.51141363,0.5491981,-0.10595366,0.39843372,0.1312587,0.15644036,0.30138573,-0.033319347,0.374458
8.718025,-0.7060358,5.4938188,3,0,0,00:00.0,00:00.0,uploads\f2e6d795-3777-11f0-84b6-581122bb7f2c\20210509T140000+1000_REC_122.wav,False,0,0,0,0,0,0,0,0,0,0,0,0,birds,-6.0929236,0.21965513,0.32223397,0.5029919,-0.45476002,0.5207414,-0.13434428,0.39563328,0.14915675,0.18086828,0.32422015,0.010551325,0.36732957
7.3517637,-1.5714694,4.469469,3,0,0,00:00.0,00:00.0,uploads\f2e6d795-3777-11f0-84b6-581122bb7f2c\20210509T140000+1000_REC_123.wav,False,0,0,0,0,0,0,0,0,0,0,0,0,birds,-6.123223,0.33195528,0.34137928,0.47840807,-0.19358501,0.42868987,0.023204695,0.36089215,0.20875508,0.20787475,0.31051633,0.115096204,0.3396602
8.784228,-0.91720814,5.255541,3,0,0,00:00.0,00:00.0,uploads\f2e6d795-3777-11f0-84b6-581122bb7f2c\20210509T140000+1000_REC_124.wav,False,0,0,0,0,0,0,0,0,0,0,0,0,birds,-6.0792956,0.31671223,0.30166203,0.5267087,-0.5730606,0.5266203,-0.16874833,0.33901778,0.15925297,0.14490655,0.32047993,0.092208065,0.36179152
9.034464,-1.4909087,5.000111,3,0,0,00:00.0,00:00.0,uploads\f2e6d795-3777-11f0-84b6-581122bb7f2c\20210509T140000+1000_REC_125.wav,False,0,0,0,0,0,0,0,0,0,0,0,0,birds,-6.0765696,0.29026636,0.07038496,0.6447025,-0.49749997,0.56682765,-0.21696587,0.27647853,0.31157795,0.10326498,0.10701899,0.2104068,0.39197758
7.3461595,-1.5296363,4.542787,3,0,0,00:00.0,00:00.0,uploads\f2e6d795-3777-11f0-84b6-581122bb7f2c\20210509T140000+1000_REC_126.wav,False,0,0,0,0,0,0,0,0,0,0,0,0,birds,-6.1293354,0.33611345,0.33963153,0.4381819,-0.15367876,0.43207163,0.033355616,0.33210877,0.22944608,0.13696048,0.30378342,0.08193559,0.31373137
7.967472,-2.0223858,4.6062193,3,0,0,00:00.0,00:00.0,uploads\f2e6d795-3777-11f0-84b6-581122bb7f2c\20210509T140000+1000_REC_127.wav,True,0,1,0,0,1,0,0,0,0,0,0,1,birds,-6.091556,0.4090485,0.33031672,0.5958153,-0.36706704,0.5594284,-0.118088365,0.40410888,0.1091621,0.13915788,0.2456807,0.015161865,0.2724355
7.1767926,-1.4931856,4.481321,3,0,0,00:00.0,00:00.0,uploads\f2e6d795-3777-11f0-84b6-581122bb7f2c\20210509T140000+1000_REC_128.wav,False,0,0,0,0,0,0,0,0,0,0,0,0,birds,-6.1262836,0.3108017,0.39758322,0.49273428,-0.040996466,0.47415012,0.10786124,0.33908704,0.27367854,0.16397296,0.2972618,0.063879065,0.29982954
7.401658,-1.5072407,4.483234,3,0,0,00:00.0,00:00.0,uploads\f2e6d795-3777-11f0-84b6-581122bb7f2c\20210509T140000+1000_REC_129.wav,False,0,0,0,0,0,0,0,0,0,0,0,0,birds,-6.113161,0.30872655,0.32706186,0.57984424,-0.28764814,0.48659837,-0.008473052,0.3304482,0.21522035,0.16767581,0.25156832,0.13885656,0.28527528
6.731433,-1.3464267,4.4596014,3,0,0,00:00.0,00:00.0,uploads\f2e6d795-3777-11f0-84b6-581122bb7f2c\20210509T140000+1000_REC_130.wav,False,0,0,0,0,0,0,0,0,0,0,0,0,birds,-6.131813,0.2140783,0.33971694,0.49610195,0.022636794,0.44202873,0.15692271,0.23956105,0.35078436,0.23261155,0.22294188,0.16759422,0.38018396
7.0956063,-1.4732285,4.677707,3,0,0,00:00.0,00:00.0,uploads\f2e6d795-3777-11f0-84b6-581122bb7f2c\20210509T140000+1000_REC_132.wav,False,0,0,0,0,0,0,0,0,0,0,0,0,birds,-6.128499,0.24846959,0.38795027,0.3955329,0.004756132,0.46777037,0.07189339,0.33850572,0.2866315,0.18608798,0.36157882,0.061301053,0.39188316
6.527643,-1.3074791,4.338517,3,0,0,00:00.0,00:00.0,uploads\f2e6d795-3777-11f0-84b6-581122bb7f2c\20210509T140000+1000_REC_133.wav,False,0,0,0,0,0,0,0,0,0,0,0,0,birds,-6.1477084,0.28778285,0.31511214,0.2959098,0.27304786,0.30143806,0.24753922,0.2855188,0.24862827,0.24879326,0.2589573,0.21477659,0.25146446
6.694832,-1.3340054,4.477563,3,0,0,00:00.0,00:00.0,uploads\f2e6d795-3777-11f0-84b6-581122bb7f2c\20210509T140000+1000_REC_134.wav,False,0,0,0,0,0,0,0,0,0,0,0,0,birds,-6.140187,0.32860625,0.25251558,0.3401601,0.2139149,0.38123426,0.13556603,0.33668402,0.21228799,0.25875488,0.4044806,0.107738465,0.28358683
6.547141,-1.3160764,4.343729,3,0,0,00:00.0,00:00.0,uploads\f2e6d795-3777-11f0-84b6-581122bb7f2c\20210509T140000+1000_REC_135.wav,True,0,1,0,0,1,0,0,0,0,0,0,1,birds,-6.137302,0.26674345,0.38544306,0.4562301,0.16756845,0.38549143,0.21844444,0.31594592,0.2692267,0.17534006,0.31862575,0.17079139,0.22083409
6.664474,-1.3296058,4.4547963,3,0,0,00:00.0,00:00.0,uploads\f2e6d795-3777-11f0-84b6-581122bb7f2c\20210509T140000+1000_REC_136.wav,False,0,0,0,0,0,0,0,0,0,0,0,0,birds,-6.138788,0.28287366,0.37825564,0.33459243,0.25023133,0.3772619,0.21344526,0.34258926,0.25467625,0.23975493,0.3071955,0.16158743,0.29963794
6.536973,-1.3107332,4.343535,3,0,0,00:00.0,00:00.0,uploads\f2e6d795-3777-11f0-84b6-581122bb7f2c\20210509T140000+1000_REC_137.wav,False,0,0,0,0,0,0,0,0,0,0,0,0,birds,-6.1421614,0.2201597,0.3204844,0.4173644,0.19647221,0.3451314,0.25170523,0.30804685,0.2626921,0.240627,0.29494107,0.20849457,0.26802984
6.694693,-1.3348501,4.475358,3,0,0,00:00.0,00:00.0,uploads\f2e6d795-3777-11f0-84b6-581122bb7f2c\20210509T140000+1000_REC_138.wav,False,0,0,0,0,0,0,0,0,0,0,0,0,birds,-6.1382117,0.31522006,0.41479418,0.3466036,0.17948121,0.36924642,0.17297001,0.32913098,0.23576307,0.23001944,0.30362564,0.13786551,0.32893965
6.684359,-1.3315536,4.471477,3,0,0,00:00.0,00:00.0,uploads\f2e6d795-3777-11f0-84b6-581122bb7f2c\20210509T140000+1000_REC_139.wav,False,0,0,0,0,0,0,0,0,0,0,0,0,birds,-6.1424694,0.29503888,0.29670182,0.33088413,0.23471019,0.36267817,0.16219974,0.34983772,0.2553369,0.23968352,0.31088334,0.14070083,0.3143095
6.7496805,-1.3485284,4.5223804,3,0,0,00:00.0,00:00.0,uploads\f2e6d795-3777-11f0-84b6-581122bb7f2c\20210509T140000+1000_REC_140.wav,False,0,0,0,0,0,0,0,0,0,0,0,0,birds,-6.140813,0.2985804,0.38979664,0.31960747,0.09239475,0.35396972,0.15130086,0.32752332,0.25143284,0.21904446,0.3261092,0.10995016,0.34149197
7.4581823,-1.7305897,4.770713,3,0,0,00:00.0,00:00.0,uploads\f2e6d795-3777-11f0-84b6-581122bb7f2c\20210509T140000+1000_REC_141.wav,False,0,0,0,0,0,0,0,0,0,0,0,0,birds,-6.1216807,0.4262986,0.42478293,0.30324757,-0.1694593,0.41905874,0.027396973,0.34941337,0.16095847,0.1903314,0.2671997,0.045523774,0.45768395
7.426284,-1.7482631,4.7672205,3,0,0,00:00.0,00:00.0,uploads\f2e6d795-3777-11f0-84b6-581122bb7f2c\20210509T140000+1000_REC_142.wav,False,0,0,0,0,0,0,0,0,0,0,0,0,birds,-6.1200933,0.35398442,0.45775345,0.33954337,-0.17453578,0.42838904,0.041810486,0.36571014,0.12866205,0.24352778,0.3067524,0.050788086,0.43994808
7.341452,-1.6689463,4.756575,3,0,0,00:00.0,00:00.0,uploads\f2e6d795-3777-11f0-84b6-581122bb7f2c\20210509T140000+1000_REC_143.wav,False,0,0,0,0,0,0,0,0,0,0,0,0,birds,-6.1310844,0.29044256,0.4316131,0.3459472,-0.076268844,0.4157428,0.07632901,0.34563017,0.18364413,0.22204436,0.3029031,0.06878573,0.4009957
7.4095674,-1.4947654,4.485575,3,0,0,00:00.0,00:00.0,uploads\f2e6d795-3777-11f0-84b6-581122bb7f2c\20210509T140000+1000_REC_144.wav,True,0,1,0,0,1,0,0,0,0,0,0,0,birds,-6.118136,0.23989648,0.3995269,0.51467425,-0.26570272,0.43633017,0.06428008,0.37884057,0.2474365,0.14078622,0.3040141,0.15545279,0.28551078
7.403478,-1.6872464,4.7643676,3,0,0,00:00.0,00:00.0,uploads\f2e6d795-3777-11f0-84b6-581122bb7f2c\20210509T140000+1000_REC_145.wav,False,0,0,0,0,0,0,0,0,0,0,0,0,birds,-6.128395,0.35253173,0.3723003,0.20784013,-0.11765873,0.49378002,0.120702855,0.33058226,0.071665674,0.17951691,0.36209056,0.12174074,0.41701132
6.9429107,-3.1796637,2.8994539,3,0,0,00:00.0,00:00.0,uploads\f2e6d795-3777-11f0-84b6-581122bb7f2c\20210509T140000+1000_REC_146.wav,False,0,0,0,0,0,0,0,0,0,0,0,0,birds,-6.092966,0.4169088,-0.27192336,0.0812833,0.35704637,0.7196261,-0.18996452,0.26608005,0.18784048,0.2784556,0.35991418,0.008293994,0.4014534
6.9434834,-3.1817925,2.8985267,3,0,0,00:00.0,00:00.0,uploads\f2e6d795-3777-11f0-84b6-581122bb7f2c\20210509T140000+1000_REC_147.wav,False,0,0,0,0,0,0,0,0,0,0,0,0,birds,-6.077984,0.51094395,-0.015650606,0.04134601,0.12664382,0.7182595,-0.27604303,0.22815147,0.36488885,0.47018048,0.17974558,-0.25777775,0.44649634
7.7429743,-1.2497774,4.5226398,3,0,0,00:00.0,00:00.0,uploads\f2e6d795-3777-11f0-84b6-581122bb7f2c\20210509T140000+1000_REC_148.wav,False,0,0,0,0,0,0,0,0,0,0,0,0,birds,-6.102701,0.094812766,0.32227015,0.68036526,-0.39871073,0.4527811,0.14129321,0.3369262,0.21651198,0.09866941,0.31418175,0.15509984,0.15737243
7.474882,-1.8209162,4.7612996,3,0,0,00:00.0,00:00.0,uploads\f2e6d795-3777-11f0-84b6-581122bb7f2c\20210509T140000+1000_REC_149.wav,False,0,0,0,0,0,0,0,0,0,0,0,0,birds,-6.1203766,0.2904897,0.49229577,0.3338527,-0.14259137,0.4635053,-0.013791978,0.3562147,0.14916071,0.2456983,0.29666921,-0.0055688233,0.40435156
7.6887856,-2.8950086,4.177732,3,0,0,00:00.0,00:00.0,uploads\f2e6d795-3777-11f0-84b6-581122bb7f2c\20210509T140000+1000_REC_150.wav,False,0,0,0,0,0,0,0,0,0,0,0,0,birds,-6.100361,0.37684563,0.58477,0.34331742,-0.25902477,0.48507702,-0.052604206,0.35921952,0.07052183,0.20010632,0.2993183,-0.046338707,0.4405956
7.405897,-1.6946386,4.7687755,3,0,0,00:00.0,00:00.0,uploads\f2e6d795-3777-11f0-84b6-581122bb7f2c\20210509T140000+1000_REC_151.wav,False,0,0,0,0,0,0,0,0,0,0,0,0,birds,-6.128772,0.34751028,0.44178072,0.27902645,-0.111178406,0.4508897,0.082908474,0.34624246,0.14718086,0.17153904,0.29043403,0.029003834,0.3968694
7.444573,-1.7575815,4.766052,3,0,0,00:00.0,00:00.0,uploads\f2e6d795-3777-11f0-84b6-581122bb7f2c\20210509T140000+1000_REC_152.wav,False,0,0,0,0,0,0,0,0,0,0,0,0,birds,-6.126292,0.33442733,0.4675752,0.29697254,-0.13192539,0.41119182,0.008249754,0.3475159,0.124965854,0.18876791,0.27035245,-0.011418296,0.41494137
7.647348,-2.930033,4.127784,3,0,0,00:00.0,00:00.0,uploads\f2e6d795-3777-11f0-84b6-581122bb7f2c\20210509T140000+1000_REC_153.wav,False,0,0,0,0,0,0,0,0,0,0,0,0,birds,-6.108357,0.32597297,0.4296433,0.35128072,-0.25570345,0.5166142,-0.055677395,0.3855045,0.10387326,0.23731284,0.28054002,-0.027278347,0.45703962
7.641811,-2.9656465,4.046054,3,0,0,00:00.0,00:00.0,uploads\f2e6d795-3777-11f0-84b6-581122bb7f2c\20210509T140000+1000_REC_154.wav,False,0,0,0,0,0,0,0,0,0,0,0,0,birds,-6.100073,0.3602697,0.4359321,0.2678609,-0.31078902,0.604895,-0.009448369,0.36135158,-0.032102473,0.11027437,0.29472697,0.02640995,0.47858694
7.484526,-3.434766,3.7178886,3,0,0,00:00.0,00:00.0,uploads\f2e6d795-3777-11f0-84b6-581122bb7f2c\20210509T140000+1000_REC_155.wav,False,0,0,0,0,0,0,0,0,0,0,0,0,birds,-6.093324,0.29465944,0.5427075,0.32351866,-0.2779615,0.527332,-0.12345941,0.4799196,0.087526105,0.14999539,0.38265288,-0.05892767,0.41558522
7.431001,-3.5608716,3.6262178,3,0,0,00:00.0,00:00.0,uploads\f2e6d795-3777-11f0-84b6-581122bb7f2c\20210509T140000+1000_REC_156.wav,False,0,0,0,0,0,0,0,0,0,0,0,0,birds,-6.0863323,0.27806357,0.57159203,0.30308837,-0.27689323,0.5562113,-0.20296028,0.49715903,0.10317089,0.11640661,0.36633646,-0.116344504,0.37127617
7.6364026,-2.998839,3.9898427,3,0,0,00:00.0,00:00.0,uploads\f2e6d795-3777-11f0-84b6-581122bb7f2c\20210509T140000+1000_REC_157.wav,True,0,1,0,0,1,0,0,0,0,0,0,0,birds,-6.0914764,0.34080172,0.44640353,0.22280696,-0.36589873,0.6695243,-0.06156248,0.31872866,-0.009628351,0.20390001,0.36076823,-0.0045795226,0.43406725
7.4248977,-4.390588,3.1850019,3,0,0,00:00.0,00:00.0,uploads\f2e6d795-3777-11f0-84b6-581122bb7f2c\20210509T140000+1000_REC_158.wav,False,0,0,0,0,0,0,0,0,0,0,0,0,birds,-6.067062,0.31976575,0.59554654,0.33802196,-0.45108148,0.537359,-0.17291622,0.44888934,0.04630868,0.17218067,0.31247643,-0.1509282,0.5035928
7.586302,-3.1267874,3.9463274,3,0,0,00:00.0,00:00.0,uploads\f2e6d795-3777-11f0-84b6-581122bb7f2c\20210509T140000+1000_REC_159.wav,True,0,1,0,0,1,0,0,0,0,0,0,0,birds,-6.1126623,0.25293368,0.4666512,0.26407635,-0.25637218,0.46806073,-0.084545866,0.40365747,0.10893139,0.18592444,0.27834705,-0.06612925,0.43025896
7.4695807,-3.6136413,3.5144932,3,0,0,00:00.0,00:00.0,uploads\f2e6d795-3777-11f0-84b6-581122bb7f2c\20210509T140000+1000_REC_160.wav,False,0,0,0,0,0,0,0,0,0,0,0,0,birds,-6.087644,0.22851622,0.45294377,0.28764048,-0.35624713,0.62443435,-0.1591027,0.4007513,0.088401616,0.17036787,0.34667128,-0.09255961,0.47821933
7.5057096,-3.5827405,3.5733619,3,0,0,00:00.0,00:00.0,uploads\f2e6d795-3777-11f0-84b6-581122bb7f2c\20210509T140000+1000_REC_161.wav,False,0,0,0,0,0,0,0,0,0,0,0,0,birds,-6.0922637,0.18089403,0.49407172,0.31935737,-0.34015363,0.55752105,-0.16293202,0.40553007,0.09106187,0.16466857,0.33653766,-0.06839468,0.47435352
7.554383,-3.2882113,3.7233872,3,0,0,00:00.0,00:00.0,uploads\f2e6d795-3777-11f0-84b6-581122bb7f2c\20210509T140000+1000_REC_162.wav,False,0,0,0,0,0,0,0,0,0,0,0,0,birds,-6.1021485,0.15297443,0.40630522,0.28877288,-0.28152525,0.64717543,-0.10648562,0.3346161,0.047507085,0.1394923,0.3901129,-0.026714275,0.4118761
7.497052,-3.4222329,3.716026,3,0,0,00:00.0,00:00.0,uploads\f2e6d795-3777-11f0-84b6-581122bb7f2c\20210509T140000+1000_REC_163.wav,False,0,0,0,0,0,0,0,0,0,0,0,0,birds,-6.1040616,0.09806374,0.45463285,0.38726953,-0.3105326,0.5057831,-0.09527511,0.39119598,0.07563122,0.15608835,0.33479863,-0.042411566,0.42810258
7.4923835,-3.4162285,3.713142,3,0,0,00:00.0,00:00.0,uploads\f2e6d795-3777-11f0-84b6-581122bb7f2c\20210509T140000+1000_REC_164.wav,False,0,0,0,0,0,0,0,0,0,0,0,0,birds,-6.0997868,0.15577352,0.46566743,0.36642146,-0.31029928,0.51566017,-0.14786044,0.41957185,0.114601105,0.14219658,0.35584742,-0.08534093,0.40211132
7.5365,-3.369557,3.691946,3,0,0,00:00.0,00:00.0,uploads\f2e6d795-3777-11f0-84b6-581122bb7f2c\20210509T140000+1000_REC_165.wav,False,0,0,0,0,0,0,0,0,0,0,0,0,birds,-6.1010284,0.2532727,0.41042945,0.29905844,-0.33630365,0.544829,-0.13458979,0.4034275,0.09131536,0.1312607,0.3543498,-0.046349663,0.42929715
7.491019,-3.4227414,3.7176125,3,0,0,00:00.0,00:00.0,uploads\f2e6d795-3777-11f0-84b6-581122bb7f2c\20210509T140000+1000_REC_166.wav,False,0,0,0,0,0,0,0,0,0,0,0,0,birds,-6.1043954,0.20200565,0.43311036,0.34034985,-0.29842058,0.5200488,-0.09974969,0.4299937,0.09989285,0.15440212,0.3594953,-0.06653218,0.40639
7.486941,-3.4317224,3.706619,3,0,0,00:00.0,00:00.0,uploads\f2e6d795-3777-11f0-84b6-581122bb7f2c\20210509T140000+1000_REC_167.wav,False,0,0,0,0,0,0,0,0,0,0,0,0,birds,-6.0995674,0.2703881,0.43072298,0.28943315,-0.3543708,0.49072176,-0.10505662,0.4637174,0.1485237,0.1498141,0.35282248,-0.10122067,0.4089603
7.4378133,-3.4848957,3.6845582,3,0,0,00:00.0,00:00.0,uploads\f2e6d795-3777-11f0-84b6-581122bb7f2c\20210509T140000+1000_REC_168.wav,False,0,0,0,0,0,0,0,0,0,0,0,0,birds,-6.097563,0.179196,0.50247914,0.24580234,-0.24765107,0.54688036,-0.1874859,0.4677585,0.11806319,0.13370547,0.39017972,-0.09820962,0.3901389
7.4853287,-3.3609858,3.7873664,3,0,0,00:00.0,00:00.0,uploads\f2e6d795-3777-11f0-84b6-581122bb7f2c\20210509T140000+1000_REC_169.wav,False,0,0,0,0,0,0,0,0,0,0,0,0,birds,-6.106249,0.21569091,0.47274688,0.27249196,-0.25872725,0.51059765,-0.13067828,0.424612,0.12245783,0.115490004,0.38046405,-0.05889886,0.39649424
7.5483828,-3.2607155,3.751358,3,0,0,00:00.0,00:00.0,uploads\f2e6d795-3777-11f0-84b6-581122bb7f2c\20210509T140000+1000_REC_170.wav,False,0,0,0,0,0,0,0,0,0,0,0,0,birds,-6.099689,0.2587338,0.44276896,0.23189752,-0.267151,0.6325541,-0.12587462,0.41382438,0.081529155,0.10003846,0.4028553,-0.01526094,0.39247262
7.4615335,-3.3277814,4.0934777,3,0,0,00:00.0,00:00.0,uploads\f2e6d795-3777-11f0-84b6-581122bb7f2c\20210509T140000+1000_REC_171.wav,False,0,0,0,0,0,0,0,0,0,0,0,0,birds,-6.10462,0.17987576,0.46592575,0.4033476,-0.25307745,0.55422485,-0.093938604,0.40157163,0.21993339,0.12882152,0.36984438,0.037029438,0.39944693
6.9949713,-3.2309823,2.9585097,3,0,0,00:00.0,00:00.0,uploads\f2e6d795-3777-11f0-84b6-581122bb7f2c\20210509T140000+1000_REC_173.wav,False,0,0,0,0,0,0,0,0,0,0,0,0,birds,-6.09328,0.25430226,0.17211136,0.20000425,-0.25569648,0.75338113,-0.103136,0.34678528,0.10599156,0.19252862,0.39004722,-0.15271948,0.4649636
7.5054073,-3.414531,3.713441,3,0,0,00:00.0,00:00.0,uploads\f2e6d795-3777-11f0-84b6-581122bb7f2c\20210509T140000+1000_REC_174.wav,False,0,0,0,0,0,0,0,0,0,0,0,0,birds,-6.104123,0.14137113,0.47516614,0.29732922,-0.27375662,0.52931195,-0.11650424,0.4106552,0.11815082,0.10809071,0.34355044,-0.08258072,0.42917332
7.446401,-3.4804184,3.7559392,3,0,0,00:00.0,00:00.0,uploads\f2e6d795-3777-11f0-84b6-581122bb7f2c\20210509T140000+1000_REC_175.wav,False,0,0,0,0,0,0,0,0,0,0,0,0,birds,-6.1001306,0.18499507,0.4907433,0.36559552,-0.26983833,0.53862154,-0.08480136,0.40766504,0.160558,0.17588264,0.376325,-0.04822849,0.46195856
6.9668617,-3.2198565,2.9227262,3,0,0,00:00.0,00:00.0,uploads\f2e6d795-3777-11f0-84b6-581122bb7f2c\20210509T140000+1000_REC_176.wav,False,0,0,0,0,0,0,0,0,0,0,0,0,birds,-6.0927973,0.30120942,0.11505583,0.11896314,-0.12207212,0.7966788,-0.23072612,0.28534463,0.12579621,0.20228925,0.40163788,-0.07880421,0.47226906
7.5144396,-3.427706,3.7105937,3,0,0,00:00.0,00:00.0,uploads\f2e6d795-3777-11f0-84b6-581122bb7f2c\20210509T140000+1000_REC_177.wav,False,0,0,0,0,0,0,0,0,0,0,0,0,birds,-6.097828,0.19451614,0.52672035,0.3155794,-0.27841488,0.56115484,-0.12259768,0.4112593,0.14402907,0.14050081,0.35378113,-0.048690036,0.4446087
6.9550424,-3.2079039,2.9109364,3,0,0,00:00.0,00:00.0,uploads\f2e6d795-3777-11f0-84b6-581122bb7f2c\20210509T140000+1000_REC_178.wav,False,0,0,0,0,0,0,0,0,0,0,0,0,birds,-6.0847554,0.44534975,0.16843624,0.07489463,-0.13787979,0.8384308,-0.14436178,0.30902988,0.19329716,0.20707195,0.43161896,-0.03459357,0.47956032
7.4794235,-3.321891,4.0179176,3,0,0,00:00.0,00:00.0,uploads\f2e6d795-3777-11f0-84b6-581122bb7f2c\20210509T140000+1000_REC_179.wav,False,0,0,0,0,0,0,0,0,0,0,0,0,birds,-6.0931106,0.24949569,0.528961,0.32497707,-0.23250002,0.6367656,-0.096801035,0.41327733,0.19334555,0.14921762,0.40898842,0.004843235,0.4444679
6.906562,-3.2184873,2.8621318,3,0,0,00:00.0,00:00.0,uploads\f2e6d795-3777-11f0-84b6-581122bb7f2c\20210509T140000+1000_REC_180.wav,False,0,0,0,0,0,0,0,0,0,0,0,0,birds,-6.090544,0.3729439,0.091569446,0.052358326,-0.09500829,0.8394885,-0.111660324,0.2745933,0.17221282,0.25611702,0.47370055,-0.01730558,0.45533863
7.432914,-3.359629,4.111731,3,0,0,00:00.0,00:00.0,uploads\f2e6d795-3777-11f0-84b6-581122bb7f2c\20210509T140000+1000_REC_181.wav,False,0,0,0,0,0,0,0,0,0,0,0,0,birds,-6.1197104,0.2157549,0.452202,0.29396817,-0.05542654,0.51656026,-0.022745756,0.37259713,0.21501763,0.14803402,0.42134017,-0.015175455,0.4142988
7.474659,-3.3109581,4.1318946,3,0,0,00:00.0,00:00.0,uploads\f2e6d795-3777-11f0-84b6-581122bb7f2c\20210509T140000+1000_REC_182.wav,True,0,1,0,0,1,0,0,0,0,0,0,0,birds,-6.1057596,0.18241985,0.49268395,0.28514814,-0.22488756,0.58634955,-0.058895476,0.4088652,0.25457793,0.12954538,0.38565388,-0.023867995,0.3821007
7.476647,-3.4325652,3.7408535,3,0,0,00:00.0,00:00.0,uploads\f2e6d795-3777-11f0-84b6-581122bb7f2c\20210509T140000+1000_REC_183.wav,False,0,0,0,0,0,0,0,0,0,0,0,0,birds,-6.099667,0.22513579,0.5041836,0.25252518,-0.19623975,0.6451426,-0.10570202,0.35703942,0.18844745,0.15948029,0.39987966,-0.045073114,0.44337076
7.4657426,-3.4525037,3.6833715,3,0,0,00:00.0,00:00.0,uploads\f2e6d795-3777-11f0-84b6-581122bb7f2c\20210509T140000+1000_REC_184.wav,False,0,0,0,0,0,0,0,0,0,0,0,0,birds,-6.0903025,0.22481751,0.5503427,0.23847938,-0.23155253,0.630506,-0.19200157,0.4163843,0.16038004,0.15219179,0.41773552,-0.07288213,0.40762073
6.995846,-3.2793412,2.945379,3,0,0,00:00.0,00:00.0,uploads\f2e6d795-3777-11f0-84b6-581122bb7f2c\20210509T140000+1000_REC_185.wav,False,0,0,0,0,0,0,0,0,0,0,0,0,birds,-6.0893126,0.29838583,0.33714065,0.14666927,-0.11362,0.7397315,-0.34461272,0.28149465,0.18199548,0.16965076,0.39599845,-0.12283223,0.4222743
6.9522104,-3.177186,2.9126172,3,0,0,00:00.0,00:00.0,uploads\f2e6d795-3777-11f0-84b6-581122bb7f2c\20210509T140000+1000_REC_186.wav,False,0,0,0,0,0,0,0,0,0,0,0,0,birds,-6.11359,0.28756094,0.23837984,0.09306918,-0.10521004,0.67883843,-0.118951395,0.2227381,0.16872586,0.19585758,0.35484946,-0.116398185,0.42526925
7.2383494,-4.4560013,2.9661753,3,0,0,00:00.0,00:00.0,uploads\f2e6d795-3777-11f0-84b6-581122bb7f2c\20210509T140000+1000_REC_187.wav,False,0,0,0,0,0,0,0,0,0,0,0,0,birds,-6.0620713,0.26518908,0.7054378,0.2656116,-0.36328784,0.66341543,-0.23090138,0.40315127,0.11814439,0.10404012,0.3854602,-0.0698644,0.46266606
7.2500343,-4.480794,2.9647677,3,0,0,00:00.0,00:00.0,uploads\f2e6d795-3777-11f0-84b6-581122bb7f2c\20210509T140000+1000_REC_188.wav,False,0,0,0,0,0,0,0,0,0,0,0,0,birds,-6.058772,0.36102107,0.613921,0.2509412,-0.40662232,0.69774735,-0.21643162,0.42490903,0.07777691,0.104580574,0.37618476,-0.11400124,0.468829
7.2405415,-4.419126,3.015133,3,0,0,00:00.0,00:00.0,uploads\f2e6d795-3777-11f0-84b6-581122bb7f2c\20210509T140000+1000_REC_189.wav,True,0,1,0,0,1,0,0,0,0,0,0,0,birds,-6.068609,0.24029751,0.5890735,0.29282066,-0.43589634,0.6679594,-0.21913569,0.38872713,0.13905393,0.12177353,0.37162226,-0.11221858,0.3918544
7.280872,-3.3475695,3.3370898,3,0,0,00:00.0,00:00.0,uploads\f2e6d795-3777-11f0-84b6-581122bb7f2c\20210509T140000+1000_REC_190.wav,False,0,0,0,0,0,0,0,0,0,0,0,0,birds,-6.0976524,0.23156895,0.47043088,0.19130597,-0.27186382,0.5789878,-0.19397895,0.30160925,0.11248883,0.16023096,0.3845815,-0.15596828,0.43221736
6.9822946,-3.2312741,2.9388351,3,0,0,00:00.0,00:00.0,uploads\f2e6d795-3777-11f0-84b6-581122bb7f2c\20210509T140000+1000_REC_191.wav,False,0,0,0,0,0,0,0,0,0,0,0,0,birds,-6.096204,0.34690824,-0.05924699,0.050973546,-0.04035354,0.7431353,-0.21994185,0.322105,0.12103713,0.040429424,0.44409508,-0.05169379,0.42306662
6.9162416,-3.1615121,2.8787293,3,0,0,00:00.0,00:00.0,uploads\f2e6d795-3777-11f0-84b6-581122bb7f2c\20210509T140000+1000_REC_192.wav,False,0,0,0,0,0,0,0,0,0,0,0,0,birds,-6.126326,0.40620187,0.099572144,0.020399205,-0.013913885,0.5542022,-0.10153781,0.19540793,0.10882889,0.15991141,0.32640174,-0.020732554,0.43702176
8.103692,-1.3314089,4.74647,3,0,0,00:00.0,00:00.0,uploads\f2e6d795-3777-11f0-84b6-581122bb7f2c\20210509T140000+1000_REC_193.wav,False,0,0,0,0,0,0,0,0,0,0,0,0,birds,-6.1167088,0.1716387,0.32483336,0.2460945,-0.2903977,0.6471125,-0.042157,0.1610694,0.12881283,0.15462913,0.3441818,0.004422763,0.31686094
7.2408137,-4.4707074,2.961659,3,0,0,00:00.0,00:00.0,uploads\f2e6d795-3777-11f0-84b6-581122bb7f2c\20210509T140000+1000_REC_194.wav,False,0,0,0,0,0,0,0,0,0,0,0,0,birds,-6.0474114,0.35156175,0.77821654,0.2383051,-0.40130684,0.6835171,-0.2533219,0.38833085,0.083302304,0.10368552,0.37989846,-0.120512545,0.42505455
6.946046,-3.187278,2.9013245,3,0,0,00:00.0,00:00.0,uploads\f2e6d795-3777-11f0-84b6-581122bb7f2c\20210509T140000+1000_REC_195.wav,False,0,0,0,0,0,0,0,0,0,0,0,0,birds,-6.100917,0.41382733,0.03004857,-0.030750243,0.011370066,0.72082776,-0.2721988,0.16662014,0.22451307,0.21339665,0.3415749,-0.07774914,0.40481937
6.949711,-3.1961355,2.904622,3,0,0,00:00.0,00:00.0,uploads\f2e6d795-3777-11f0-84b6-581122bb7f2c\20210509T140000+1000_REC_196.wav,False,0,0,0,0,0,0,0,0,0,0,0,0,birds,-6.0872684,0.36964756,0.024318144,-0.066945344,-0.096225046,0.8109421,-0.24707726,0.15044506,0.20784244,0.19799002,0.3743897,-0.088511035,0.45496497
6.9516096,-3.1973379,2.9073563,3,0,0,00:00.0,00:00.0,uploads\f2e6d795-3777-11f0-84b6-581122bb7f2c\20210509T140000+1000_REC_197.wav,False,0,0,0,0,0,0,0,0,0,0,0,0,birds,-6.104178,0.34935898,0.022727797,-0.03418445,-0.079866484,0.71543986,-0.15636112,0.18561316,0.16907017,0.15831056,0.39950475,-0.116866134,0.41448128
7.0164266,-3.2464786,2.9837167,3,0,0,00:00.0,00:00.0,uploads\f2e6d795-3777-11f0-84b6-581122bb7f2c\20210509T140000+1000_REC_198.wav,False,0,0,0,0,0,0,0,0,0,0,0,0,birds,-6.1048546,0.24850945,0.33539227,0.13911377,-0.17313744,0.66041255,-0.21068247,0.27631217,0.13870876,0.11477702,0.41151607,-0.09057615,0.41577578
7.5081854,-3.3831193,3.7222683,3,0,0,00:00.0,00:00.0,uploads\f2e6d795-3777-11f0-84b6-581122bb7f2c\20210509T140000+1000_REC_199.wav,False,0,0,0,0,0,0,0,0,0,0,0,0,birds,-6.098132,0.11515315,0.52878034,0.30905184,-0.29069006,0.5440737,-0.16783313,0.35487276,0.16882305,0.06322495,0.41395152,-0.060860753,0.37978703
7.323406,-3.502529,3.9080844,3,0,0,00:00.0,00:00.0,uploads\f2e6d795-3777-11f0-84b6-581122bb7f2c\20210509T140000+1000_REC_200.wav,True,0,1,0,0,1,0,0,0,0,0,0,0,birds,-6.132533,0.235187,0.24973032,0.30531433,-0.02052422,0.45832732,-0.13527524,0.36103535,0.1314961,0.1274018,0.3716687,-0.054797526,0.30170047
6.902959,-3.1585796,2.8728182,3,0,0,00:00.0,00:00.0,uploads\f2e6d795-3777-11f0-84b6-581122bb7f2c\20210509T140000+1000_REC_201.wav,False,0,0,0,0,0,0,0,0,0,0,0,0,birds,-6.124136,0.35679412,0.0403985,0.112550884,-0.14386116,0.5898286,-0.09100206,0.25696838,0.13827492,0.28302196,0.26578757,0.008029997,0.3854595
7.2124753,-4.3497515,2.9395852,3,0,0,00:00.0,00:00.0,uploads\f2e6d795-3777-11f0-84b6-581122bb7f2c\20210509T140000+1000_REC_202.wav,False,0,0,0,0,0,0,0,0,0,0,0,0,birds,-6.0649695,0.40397608,0.47984383,0.18620029,-0.41651082,0.6757775,-0.2781759,0.3346696,0.09124097,0.1737053,0.36966038,-0.13640752,0.50142133
6.920312,-3.1531544,2.879533,3,0,0,00:00.0,00:00.0,uploads\f2e6d795-3777-11f0-84b6-581122bb7f2c\20210509T140000+1000_REC_203.wav,False,0,0,0,0,0,0,0,0,0,0,0,0,birds,-6.112479,0.35776165,-0.14454767,0.0791689,0.05947392,0.5901587,-0.27164435,0.14258263,0.35047057,0.22670761,0.28264728,-0.008866626,0.38223636
7.2969217,-4.4545665,3.0015006,3,0,0,00:00.0,00:00.0,uploads\f2e6d795-3777-11f0-84b6-581122bb7f2c\20210509T140000+1000_REC_204.wav,False,0,0,0,0,0,0,0,0,0,0,0,0,birds,-6.0519505,0.36048988,0.68558323,0.2465589,-0.3854688,0.67538255,-0.23954315,0.41269195,0.10554442,0.15144548,0.31950995,-0.15960181,0.53806984
7.338972,-4.3826995,3.1420848,3,0,0,00:00.0,00:00.0,uploads\f2e6d795-3777-11f0-84b6-581122bb7f2c\20210509T140000+1000_REC_205.wav,False,0,0,0,0,0,0,0,0,0,0,0,0,birds,-6.0523157,0.19027133,0.66086,0.37504062,-0.4608226,0.67619246,-0.11888171,0.413043,0.11072159,0.1848827,0.381822,-0.12126724,0.54469407
6.924721,-3.148899,2.887789,3,0,0,00:00.0,00:00.0,uploads\f2e6d795-3777-11f0-84b6-581122bb7f2c\20210509T140000+1000_REC_206.wav,False,0,0,0,0,0,0,0,0,0,0,0,0,birds,-6.1247663,0.28818607,0.17502643,0.13156804,-0.09550266,0.60830677,-0.16505449,0.15614861,0.25885504,0.20240964,0.31303963,-0.00079338497,0.3757966
7.291046,-4.334132,3.167052,3,0,0,00:00.0,00:00.0,uploads\f2e6d795-3777-11f0-84b6-581122bb7f2c\20210509T140000+1000_REC_207.wav,False,0,0,0,0,0,0,0,0,0,0,0,0,birds,-6.0726366,0.19369721,0.6197223,0.37186548,-0.36867905,0.57739,-0.14717555,0.43799683,0.07467461,0.09997582,0.40455577,-0.11571293,0.48121423
7.25896,-4.3526797,3.1105926,3,0,0,00:00.0,00:00.0,uploads\f2e6d795-3777-11f0-84b6-581122bb7f2c\20210509T140000+1000_REC_208.wav,False,0,0,0,0,0,0,0,0,0,0,0,0,birds,-6.0786595,0.17223519,0.6285983,0.29554772,-0.350323,0.63144463,-0.15584444,0.41264716,0.13164164,0.124316245,0.3508811,-0.0862948,0.4363621
6.9251204,-3.1425486,2.8882933,3,0,0,00:00.0,00:00.0,uploads\f2e6d795-3777-11f0-84b6-581122bb7f2c\20210509T140000+1000_REC_209.wav,True,0,1,0,0,1,0,0,0,0,0,0,0,birds,-6.1296086,0.26748204,0.1391863,0.12817451,0.029750364,0.5250282,-0.19028561,0.21832122,0.251445,0.1956186,0.30507106,-0.06767388,0.41491798
7.269899,-4.2660065,3.202255,3,0,0,00:00.0,00:00.0,uploads\f2e6d795-3777-11f0-84b6-581122bb7f2c\20210509T140000+1000_REC_210.wav,False,0,0,0,0,0,0,0,0,0,0,0,0,birds,-6.0858784,0.16676168,0.5637951,0.1773128,-0.23817626,0.59517556,-0.2145806,0.46025002,0.09716501,0.1293982,0.40046144,-0.110259615,0.47142926
7.2573586,-4.281169,3.1994398,3,0,0,00:00.0,00:00.0,uploads\f2e6d795-3777-11f0-84b6-581122bb7f2c\20210509T140000+1000_REC_211.wav,False,0,0,0,0,0,0,0,0,0,0,0,0,birds,-6.084685,0.19256504,0.5256505,0.2125274,-0.28986302,0.5553877,-0.16006623,0.5071192,0.074463494,0.16096336,0.3787383,-0.1721014,0.4856558
7.275033,-4.3161917,3.1747875,3,0,0,00:00.0,00:00.0,uploads\f2e6d795-3777-11f0-84b6-581122bb7f2c\20210509T140000+1000_REC_212.wav,False,0,0,0,0,0,0,0,0,0,0,0,0,birds,-6.063858,0.16610645,0.60519326,0.24968213,-0.34610474,0.6639609,-0.22773153,0.40742928,0.050760094,0.16071047,0.4405027,-0.17466825,0.50299144
7.3120813,-4.3756323,3.1272507,3,0,0,00:00.0,00:00.0,uploads\f2e6d795-3777-11f0-84b6-581122bb7f2c\20210509T140000+1000_REC_213.wav,True,0,1,0,0,1,0,0,0,0,0,0,0,birds,-6.057186,0.19011226,0.6781327,0.31726304,-0.41834295,0.60966456,-0.22737595,0.41478544,0.124488026,0.16418645,0.3498151,-0.18848169,0.51355135
6.967721,-3.2160568,2.9239664,3,0,0,00:00.0,00:00.0,uploads\f2e6d795-3777-11f0-84b6-581122bb7f2c\20210509T140000+1000_REC_214.wav,True,0,1,0,0,1,0,0,0,0,0,0,0,birds,-6.102264,0.32087192,0.17843366,-0.03169531,-0.14162773,0.6885109,-0.22540364,0.29790044,0.19028413,0.18594907,0.35528973,-0.08226878,0.4443829
7.2709327,-4.2992506,3.1841323,3,0,0,00:00.0,00:00.0,uploads\f2e6d795-3777-11f0-84b6-581122bb7f2c\20210509T140000+1000_REC_216.wav,False,0,0,0,0,0,0,0,0,0,0,0,0,birds,-6.0749583,0.08582004,0.4805315,0.3413954,-0.3613824,0.58969283,-0.15212503,0.46201137,0.055575926,0.20252766,0.41372585,-0.19809894,0.5090119
7.28851,-4.33951,3.153749,3,0,0,00:00.0,00:00.0,uploads\f2e6d795-3777-11f0-84b6-581122bb7f2c\20210509T140000+1000_REC_217.wav,False,0,0,0,0,0,0,0,0,0,0,0,0,birds,-6.068086,0.24053656,0.6105417,0.2335361,-0.38076383,0.6299894,-0.21055098,0.4281379,0.08638015,0.13463362,0.3957406,-0.15324345,0.47473946
7.242634,-4.2660604,3.1799612,3,0,0,00:00.0,00:00.0,uploads\f2e6d795-3777-11f0-84b6-581122bb7f2c\20210509T140000+1000_REC_218.wav,False,0,0,0,0,0,0,0,0,0,0,0,0,birds,-6.0785117,0.18622999,0.5548975,0.26243675,-0.3086047,0.6509929,-0.22071232,0.41335154,0.10587998,0.12404132,0.39437315,-0.09027975,0.4839842
6.9746776,-3.2251017,2.931195,3,0,0,00:00.0,00:00.0,uploads\f2e6d795-3777-11f0-84b6-581122bb7f2c\20210509T140000+1000_REC_219.wav,False,0,0,0,0,0,0,0,0,0,0,0,0,birds,-6.089278,0.19885048,0.2830792,0.16264413,-0.22846359,0.8337617,-0.23053886,0.23607078,0.19596359,0.14425813,0.30921915,-0.041414846,0.46353602
7.2566667,-4.466855,3.0063202,3,0,0,00:00.0,00:00.0,uploads\f2e6d795-3777-11f0-84b6-581122bb7f2c\20210509T140000+1000_REC_220.wav,False,0,0,0,0,0,0,0,0,0,0,0,0,birds,-6.0800056,0.24172297,0.6050373,0.25231707,-0.3805591,0.60378706,-0.17403449,0.40154535,0.15992743,0.08935991,0.2960637,-0.114843756,0.44191486
7.229077,-4.475519,2.9590893,3,0,0,00:00.0,00:00.0,uploads\f2e6d795-3777-11f0-84b6-581122bb7f2c\20210509T140000+1000_REC_221.wav,False,0,0,0,0,0,0,0,0,0,0,0,0,birds,-6.0457287,0.1714896,0.7138323,0.3862925,-0.48724595,0.6585263,-0.24873824,0.3889788,0.1675568,0.09031692,0.3843178,-0.10923518,0.46907148
7.2353177,-4.463887,2.9749174,3,0,0,00:00.0,00:00.0,uploads\f2e6d795-3777-11f0-84b6-581122bb7f2c\20210509T140000+1000_REC_222.wav,False,0,0,0,0,0,0,0,0,0,0,0,0,birds,-6.059575,0.23292509,0.67394817,0.3055707,-0.37024277,0.6679959,-0.2638823,0.42052937,0.14057456,0.08862914,0.33827904,-0.14650951,0.4605002
9.023099,-1.362066,4.6201215,3,0,0,00:00.0,00:00.0,uploads\f2e6d795-3777-11f0-84b6-581122bb7f2c\20210509T140000+1000_REC_223.wav,False,0,0,0,0,0,0,0,0,0,0,0,0,birds,-6.046101,0.008908302,0.56492585,0.5322041,-0.5798336,0.7764868,-0.16151601,0.22954452,0.3012941,0.057939157,0.28382814,0.040656988,0.3834854
8.073541,-1.2751718,4.6982236,3,0,0,00:00.0,00:00.0,uploads\f2e6d795-3777-11f0-84b6-581122bb7f2c\20210509T140000+1000_REC_224.wav,False,0,0,0,0,0,0,0,0,0,0,0,0,birds,-6.10676,0.14901493,0.2195174,0.3397518,-0.35369524,0.7022064,-0.02402785,0.11766774,0.31038293,0.09056566,0.31341812,0.122475185,0.35468197
7.257449,-4.2893453,3.1873994,3,0,0,00:00.0,00:00.0,uploads\f2e6d795-3777-11f0-84b6-581122bb7f2c\20210509T140000+1000_REC_225.wav,False,0,0,0,0,0,0,0,0,0,0,0,0,birds,-6.0699434,0.16546209,0.66693133,0.281716,-0.3358721,0.6397606,-0.19336398,0.44634312,0.068857946,0.15431762,0.3859728,-0.102203704,0.44881698
6.917595,-3.1627393,2.87803,3,0,0,00:00.0,00:00.0,uploads\f2e6d795-3777-11f0-84b6-581122bb7f2c\20210509T140000+1000_REC_226.wav,False,0,0,0,0,0,0,0,0,0,0,0,0,birds,-6.122312,0.36446452,-0.017551973,-0.0069222017,-0.04342235,0.62305087,-0.07116523,0.15798259,0.16106687,0.12441165,0.290258,0.023644937,0.4486516
7.2488523,-4.5011735,2.9818218,3,0,0,00:00.0,00:00.0,uploads\f2e6d795-3777-11f0-84b6-581122bb7f2c\20210509T140000+1000_REC_227.wav,False,0,0,0,0,0,0,0,0,0,0,0,0,birds,-6.0497847,0.2557441,0.7028089,0.31475523,-0.4325458,0.6598384,-0.2373719,0.43087322,0.12902252,0.10180082,0.41588974,-0.1549675,0.45342427
6.934702,-3.1722448,2.894036,3,0,0,00:00.0,00:00.0,uploads\f2e6d795-3777-11f0-84b6-581122bb7f2c\20210509T140000+1000_REC_228.wav,True,0,1,0,0,1,0,0,0,0,0,0,0,birds,-6.1148653,0.3726781,0.20567118,0.07651333,-0.1905096,0.62768704,-0.122499876,0.25867894,0.18089032,0.11806294,0.32531583,-0.048917007,0.41084385
7.308016,-4.286165,3.2050881,3,0,0,00:00.0,00:00.0,uploads\f2e6d795-3777-11f0-84b6-581122bb7f2c\20210509T140000+1000_REC_229.wav,False,0,0,0,0,0,0,0,0,0,0,0,0,birds,-6.071557,0.11758435,0.4817703,0.46672767,-0.48024198,0.5716128,-0.1463198,0.37527928,0.122384444,0.1545586,0.4412029,-0.07939691,0.4696533
7.221111,-4.513027,2.9481056,3,0,0,00:00.0,00:00.0,uploads\f2e6d795-3777-11f0-84b6-581122bb7f2c\20210509T140000+1000_REC_230.wav,False,0,0,0,0,0,0,0,0,0,0,0,0,birds,-6.069932,0.35117042,0.55473405,0.25483096,-0.4245478,0.66994727,-0.16848266,0.4263078,0.17902814,0.12328966,0.35189793,-0.072041646,0.4560243
7.227854,-4.481193,2.9749064,3,0,0,00:00.0,00:00.0,uploads\f2e6d795-3777-11f0-84b6-581122bb7f2c\20210509T140000+1000_REC_231.wav,True,0,1,0,0,1,0,0,0,0,0,0,0,birds,-6.066026,0.28906175,0.6288408,0.24115221,-0.388712,0.6386534,-0.24506447,0.39198634,0.11460395,0.08144909,0.38597885,-0.11414607,0.46973786
7.2160597,-4.3973536,2.9515433,3,0,0,00:00.0,00:00.0,uploads\f2e6d795-3777-11f0-84b6-581122bb7f2c\20210509T140000+1000_REC_232.wav,False,0,0,0,0,0,0,0,0,0,0,0,0,birds,-6.0663915,0.2667143,0.6125743,0.1769283,-0.33506602,0.6737344,-0.3377925,0.3174606,0.10304769,0.107609,0.3894,-0.090089954,0.48058084
7.2093167,-4.460211,2.9386733,3,0,0,00:00.0,00:00.0,uploads\f2e6d795-3777-11f0-84b6-581122bb7f2c\20210509T140000+1000_REC_233.wav,False,0,0,0,0,0,0,0,0,0,0,0,0,birds,-6.054714,0.22054194,0.60742074,0.28956416,-0.42427126,0.7189508,-0.24478069,0.40882438,0.1530902,0.084958866,0.3841844,-0.10626706,0.51897955
7.1821475,-4.2818556,2.9166527,3,0,0,00:00.0,00:00.0,uploads\f2e6d795-3777-11f0-84b6-581122bb7f2c\20210509T140000+1000_REC_234.wav,False,0,0,0,0,0,0,0,0,0,0,0,0,birds,-6.064924,0.38051173,0.4444107,0.078024395,-0.30969793,0.8320861,-0.28742835,0.32082614,0.11476613,0.10663436,0.3972444,-0.11999064,0.41516173
7.249239,-4.822103,2.9137049,3,0,0,00:00.0,00:00.0,uploads\f2e6d795-3777-11f0-84b6-581122bb7f2c\20210509T140000+1000_REC_236.wav,False,0,0,0,0,0,0,0,0,0,0,0,0,birds,-6.048762,0.28620937,0.58095527,0.5548394,-0.5331215,0.56414473,-0.26267788,0.41612282,0.1692815,0.047144517,0.4222846,-0.08313555,0.39370084
7.3113103,-4.416985,3.11677,3,0,0,00:00.0,00:00.0,uploads\f2e6d795-3777-11f0-84b6-581122bb7f2c\20210509T140000+1000_REC_237.wav,False,0,0,0,0,0,0,0,0,0,0,0,0,birds,-6.064435,0.28676146,0.6118197,0.29040012,-0.41220817,0.588506,-0.21308231,0.45898414,0.0803811,0.1161674,0.42174158,-0.14240962,0.46562627
7.254263,-4.726034,2.916634,3,0,0,00:00.0,00:00.0,uploads\f2e6d795-3777-11f0-84b6-581122bb7f2c\20210509T140000+1000_REC_238.wav,False,0,0,0,0,0,0,0,0,0,0,0,0,birds,-6.0477724,0.36432654,0.6095803,0.37212348,-0.53120047,0.6093751,-0.25740385,0.39128706,0.057424,0.058083538,0.41182685,-0.14556651,0.44013393
7.2483425,-4.8148546,2.919715,3,0,0,00:00.0,00:00.0,uploads\f2e6d795-3777-11f0-84b6-581122bb7f2c\20210509T140000+1000_REC_239.wav,False,0,0,0,0,0,0,0,0,0,0,0,0,birds,-6.0662074,0.26535714,0.5025165,0.51115483,-0.49477884,0.52661073,-0.16427231,0.41737857,0.08385067,0.05489223,0.42151988,-0.1393204,0.4096937
6.916988,-3.1449661,2.8798323,3,0,0,00:00.0,00:00.0,uploads\f2e6d795-3777-11f0-84b6-581122bb7f2c\20210509T140000+1000_REC_240.wav,False,0,0,0,0,0,0,0,0,0,0,0,0,birds,-6.141148,0.28050432,-0.019821055,0.06117757,0.13294044,0.44874358,-0.11344436,0.22540703,0.24255483,0.11047867,0.32920748,0.030558852,0.29779804
7.2495346,-4.4789553,2.9732876,3,0,0,00:00.0,00:00.0,uploads\f2e6d795-3777-11f0-84b6-581122bb7f2c\20210509T140000+1000_REC_241.wav,False,0,0,0,0,0,0,0,0,0,0,0,0,birds,-6.067509,0.3219737,0.6034124,0.28813,-0.38843954,0.6698282,-0.17502995,0.41161096,0.15584332,0.13935365,0.38434926,-0.06358269,0.48709503
7.264168,-4.49885,2.9667563,3,0,0,00:00.0,00:00.0,uploads\f2e6d795-3777-11f0-84b6-581122bb7f2c\20210509T140000+1000_REC_242.wav,False,0,0,0,0,0,0,0,0,0,0,0,0,birds,-6.0563636,0.35159972,0.6820367,0.29260388,-0.3916219,0.68097675,-0.20666772,0.40893668,0.122128665,0.07601497,0.36163104,-0.062077418,0.5125134
7.264791,-4.731497,2.9350052,3,0,0,00:00.0,00:00.0,uploads\f2e6d795-3777-11f0-84b6-581122bb7f2c\20210509T140000+1000_REC_243.wav,False,0,0,0,0,0,0,0,0,0,0,0,0,birds,-6.0403914,0.44144285,0.6300289,0.32308093,-0.48944443,0.7239479,-0.24268875,0.4198964,0.20081095,0.091275826,0.39157,-0.094523475,0.4683688
7.267211,-4.776761,2.9277878,3,0,0,00:00.0,00:00.0,uploads\f2e6d795-3777-11f0-84b6-581122bb7f2c\20210509T140000+1000_REC_244.wav,False,0,0,0,0,0,0,0,0,0,0,0,0,birds,-6.052585,0.3590519,0.59767544,0.29338315,-0.5125764,0.6231549,-0.22553635,0.42753503,0.17882091,0.031873677,0.4198944,-0.08348667,0.48140484
7.2671003,-4.7818727,2.9298296,3,0,0,00:00.0,00:00.0,uploads\f2e6d795-3777-11f0-84b6-581122bb7f2c\20210509T140000+1000_REC_245.wav,False,0,0,0,0,0,0,0,0,0,0,0,0,birds,-6.058803,0.33370528,0.57090175,0.28125796,-0.43051437,0.65403736,-0.25073016,0.46943533,0.20542337,0.034161184,0.4410965,-0.108723745,0.4142603
7.254362,-4.7881327,2.9202027,3,0,0,00:00.0,00:00.0,uploads\f2e6d795-3777-11f0-84b6-581122bb7f2c\20210509T140000+1000_REC_246.wav,False,0,0,0,0,0,0,0,0,0,0,0,0,birds,-6.0517154,0.35023472,0.63909346,0.28665516,-0.41453752,0.68717355,-0.27887672,0.44417801,0.15262236,0.05347034,0.44059935,-0.11442458,0.40851998
7.2463403,-4.7818284,2.9227233,3,0,0,00:00.0,00:00.0,uploads\f2e6d795-3777-11f0-84b6-581122bb7f2c\20210509T140000+1000_REC_247.wav,False,0,0,0,0,0,0,0,0,0,0,0,0,birds,-6.06322,0.32213035,0.60247797,0.3398398,-0.40224552,0.64560544,-0.18783006,0.47693726,0.13025509,0.096656494,0.43896452,-0.10358801,0.40678576
7.2491307,-4.825656,2.9133198,3,0,0,00:00.0,00:00.0,uploads\f2e6d795-3777-11f0-84b6-581122bb7f2c\20210509T140000+1000_REC_248.wav,False,0,0,0,0,0,0,0,0,0,0,0,0,birds,-6.0762396,0.27788213,0.50192934,0.39668873,-0.35748577,0.51753235,-0.31214923,0.5163857,0.12954521,0.026388992,0.39649296,0.014197462,0.41493592
7.2149963,-4.5503902,2.9484303,3,0,0,00:00.0,00:00.0,uploads\f2e6d795-3777-11f0-84b6-581122bb7f2c\20210509T140000+1000_REC_249.wav,False,0,0,0,0,0,0,0,0,0,0,0,0,birds,-6.07037,0.3438506,0.63095564,0.26158825,-0.40667975,0.60783523,-0.14970368,0.45536742,0.12153252,0.12801707,0.3744027,-0.11489033,0.41295493
7.332242,-4.378867,3.1363451,3,0,0,00:00.0,00:00.0,uploads\f2e6d795-3777-11f0-84b6-581122bb7f2c\20210509T140000+1000_REC_250.wav,False,0,0,0,0,0,0,0,0,0,0,0,0,birds,-6.0452857,0.22970264,0.6144155,0.39453682,-0.5640152,0.6151374,-0.17531486,0.4706914,0.07499301,0.16959195,0.38770956,-0.1448565,0.49992833
7.7110505,-3.0646317,3.8396819,3,0,0,00:00.0,00:00.0,uploads\f2e6d795-3777-11f0-84b6-581122bb7f2c\20210509T140000+1000_REC_251.wav,True,0,1,0,0,1,0,0,0,0,0,0,0,birds,-6.0835733,0.29979056,0.49374723,0.4044895,-0.3959978,0.6101549,-0.18522699,0.35362417,0.17458713,0.017111072,0.37987387,-0.017056784,0.36796865
7.4372196,-4.434748,3.1964104,3,0,0,00:00.0,00:00.0,uploads\f2e6d795-3777-11f0-84b6-581122bb7f2c\20210509T140000+1000_REC_252.wav,False,0,0,0,0,0,0,0,0,0,0,0,0,birds,-6.062195,0.2908345,0.37607303,0.44263807,-0.409678,0.42355272,-0.07973902,0.61039335,-0.095592625,0.092961825,0.5126931,-0.22570555,0.519643
7.2496233,-4.809042,2.917441,3,0,0,00:00.0,00:00.0,uploads\f2e6d795-3777-11f0-84b6-581122bb7f2c\20210509T140000+1000_REC_253.wav,False,0,0,0,0,0,0,0,0,0,0,0,0,birds,-6.0604544,0.43150946,0.5470657,0.35103184,-0.45461297,0.5870618,-0.18892276,0.45442557,0.12422452,0.066814095,0.476245,-0.1215409,0.41024455
7.3171935,-4.689748,2.9871569,3,0,0,00:00.0,00:00.0,uploads\f2e6d795-3777-11f0-84b6-581122bb7f2c\20210509T140000+1000_REC_254.wav,True,0,0,0,0,1,0,0,0,0,0,0,0,birds,-6.0547743,0.47919622,0.5031581,0.24189906,-0.4929418,0.54565877,-0.32568777,0.47262233,0.039353166,-0.02925658,0.36930406,-0.07510095,0.45508763
7.3099647,-4.7216296,2.975874,3,0,0,00:00.0,00:00.0,uploads\f2e6d795-3777-11f0-84b6-581122bb7f2c\20210509T140000+1000_REC_255.wav,False,0,0,0,0,0,0,0,0,0,0,0,0,birds,-6.051489,0.5865766,0.46471632,0.21051556,-0.51534116,0.5991067,-0.24447475,0.3741387,0.14131886,-0.0016336034,0.44398376,-0.070963345,0.48622262
8.077215,-1.2732353,4.696276,3,0,0,00:00.0,00:00.0,uploads\f2e6d795-3777-11f0-84b6-581122bb7f2c\20210509T140000+1000_REC_256.wav,False,0,0,0,0,0,0,0,0,0,0,0,0,birds,-6.1046586,0.16369809,0.3755469,0.4369678,-0.4553501,0.5339078,-0.045857474,0.21252255,0.30439436,0.03411312,0.29519528,0.08185787,0.211639
7.2182817,-4.857908,2.8824716,3,0,0,00:00.0,00:00.0,uploads\f2e6d795-3777-11f0-84b6-581122bb7f2c\20210509T140000+1000_REC_257.wav,True,0,1,0,0,1,0,0,0,0,0,0,0,birds,-6.0718093,0.29981676,0.46672907,0.41897285,-0.4410662,0.5565359,-0.16328163,0.46628174,0.14633462,0.075207554,0.43682453,-0.14121433,0.43289748
7.549092,-3.353765,3.665825,3,0,0,00:00.0,00:00.0,uploads\f2e6d795-3777-11f0-84b6-581122bb7f2c\20210509T140000+1000_REC_259.wav,False,0,0,0,0,0,0,0,0,0,0,0,0,birds,-6.0995293,0.23524192,0.49489662,0.3079527,-0.30173242,0.52945834,-0.16503805,0.3689861,0.12071258,0.1346917,0.37370417,-0.060040995,0.42630088
7.245155,-4.836419,2.9080284,3,0,0,00:00.0,00:00.0,uploads\f2e6d795-3777-11f0-84b6-581122bb7f2c\20210509T140000+1000_REC_260.wav,False,0,0,0,0,0,0,0,0,0,0,0,0,birds,-6.067034,0.27227086,0.4573342,0.42360017,-0.46274465,0.58723855,-0.17934868,0.46249154,0.09886317,0.05206065,0.48481378,-0.075123094,0.44601172
7.256735,-4.7861943,2.922539,3,0,0,00:00.0,00:00.0,uploads\f2e6d795-3777-11f0-84b6-581122bb7f2c\20210509T140000+1000_REC_261.wav,False,0,0,0,0,0,0,0,0,0,0,0,0,birds,-6.049576,0.37791187,0.5567984,0.29652706,-0.50596905,0.6942937,-0.24409637,0.3801676,0.16811483,0.069582425,0.4647257,-0.15498962,0.40468407
7.227263,-4.4854064,2.9632995,3,0,0,00:00.0,00:00.0,uploads\f2e6d795-3777-11f0-84b6-581122bb7f2c\20210509T140000+1000_REC_262.wav,False,0,0,0,0,0,0,0,0,0,0,0,0,birds,-6.050144,0.22651748,0.6205073,0.33940554,-0.46421155,0.67437345,-0.27122745,0.37335026,0.10786804,0.08777768,0.43476713,-0.16159363,0.47527012
7.2619653,-4.4028897,3.0899518,3,0,0,00:00.0,00:00.0,uploads\f2e6d795-3777-11f0-84b6-581122bb7f2c\20210509T140000+1000_REC_263.wav,False,0,0,0,0,0,0,0,0,0,0,0,0,birds,-6.0579705,0.17432569,0.5499794,0.45908102,-0.43716028,0.5956719,-0.19519892,0.44247752,0.052706957,0.08571403,0.44934642,-0.1955116,0.47856674
8.994742,-1.3652542,4.6200976,3,0,0,00:00.0,00:00.0,uploads\f2e6d795-3777-11f0-84b6-581122bb7f2c\20210509T140000+1000_REC_264.wav,False,0,0,0,0,0,0,0,0,0,0,0,0,birds,-6.057413,0.16166103,0.5267359,0.38226056,-0.58250475,0.727711,-0.16770855,0.29015526,0.36301503,-0.018433634,0.40732118,0.053778272,0.23424204
7.250474,-4.834686,2.9129474,3,0,0,00:00.0,00:00.0,uploads\f2e6d795-3777-11f0-84b6-581122bb7f2c\20210509T140000+1000_REC_265.wav,False,0,0,0,0,0,0,0,0,0,0,0,0,birds,-6.061371,0.25591615,0.38361242,0.5076742,-0.5368927,0.5652124,-0.2754034,0.4064333,0.15977387,0.0031449925,0.4243117,-0.045245055,0.42523956
7.2499585,-4.811731,2.910595,3,0,0,00:00.0,00:00.0,uploads\f2e6d795-3777-11f0-84b6-581122bb7f2c\20210509T140000+1000_REC_266.wav,False,0,0,0,0,0,0,0,0,0,0,0,0,birds,-6.05672,0.31374872,0.49859202,0.39828426,-0.51839346,0.6204442,-0.2518508,0.4377871,0.14384237,0.057433352,0.38393292,-0.13649134,0.43973553
8.608254,-2.5322762,5.049135,3,0,0,00:00.0,00:00.0,uploads\f2e6d795-3777-11f0-84b6-581122bb7f2c\20210509T160000+1000_REC_0.wav,False,0,0,0,0,0,0,0,0,0,0,0,0,birds,-6.0726304,0.07781175,0.5120203,0.64146864,-0.43413258,0.6684028,-0.09683394,0.37169066,0.16202503,0.2715036,0.19403628,0.14290242,0.30709952
8.775968,-1.2937155,4.773445,3,0,0,00:00.0,00:00.0,uploads\f2e6d795-3777-11f0-84b6-581122bb7f2c\20210509T160000+1000_REC_1.wav,False,0,0,0,0,0,0,0,0,0,0,0,0,birds,-6.022117,0.5807404,0.37106854,0.7136272,-0.67816055,0.7098081,-0.08869104,0.32991785,0.2779174,0.13209613,0.2632785,0.037745897,0.40680957
8.150976,-1.3478276,4.933773,3,0,0,00:00.0,00:00.0,uploads\f2e6d795-3777-11f0-84b6-581122bb7f2c\20210509T160000+1000_REC_2.wav,False,0,0,0,0,0,0,0,0,0,0,0,0,birds,-6.0687385,0.21902533,0.27240068,0.69418615,-0.52835685,0.6731188,-0.043399792,0.2544927,0.31639555,0.11924176,0.24868731,0.048717864,0.3719173
8.051411,-1.3594112,4.948767,3,0,0,00:00.0,00:00.0,uploads\f2e6d795-3777-11f0-84b6-581122bb7f2c\20210509T160000+1000_REC_3.wav,False,0,0,0,0,0,0,0,0,0,0,0,0,birds,-6.0833883,0.35503453,0.2699786,0.6705286,-0.404485,0.62268907,0.035199005,0.21418434,0.37322292,0.15909433,0.26122022,0.06076381,0.37601256
8.319439,-1.3211603,4.933277,3,0,0,00:00.0,00:00.0,uploads\f2e6d795-3777-11f0-84b6-581122bb7f2c\20210509T160000+1000_REC_4.wav,False,0,0,0,0,0,0,0,0,0,0,0,0,birds,-6.0591893,0.23288228,0.22471061,0.70536363,-0.56607,0.6945528,-0.036478207,0.29427135,0.3122087,0.14927535,0.27877924,0.07392922,0.4215457
7.700818,-1.204734,5.339343,3,0,0,00:00.0,00:00.0,uploads\f2e6d795-3777-11f0-84b6-581122bb7f2c\20210509T160000+1000_REC_6.wav,False,0,0,0,0,0,0,0,0,0,0,0,0,birds,-6.11859,0.23865187,0.33706513,0.51047045,-0.20759667,0.50765884,0.13608909,0.22844894,0.3245622,0.18362644,0.34631917,0.11244547,0.3665666
7.699559,-1.2033299,5.341197,3,0,0,00:00.0,00:00.0,uploads\f2e6d795-3777-11f0-84b6-581122bb7f2c\20210509T160000+1000_REC_7.wav,False,0,0,0,0,0,0,0,0,0,0,0,0,birds,-6.1173315,0.25812066,0.3656722,0.5413007,-0.21121423,0.46507388,0.1872257,0.23148555,0.34296206,0.17721573,0.31689966,0.111629486,0.36857635
8.330092,-1.2689872,5.0680113,3,0,0,00:00.0,00:00.0,uploads\f2e6d795-3777-11f0-84b6-581122bb7f2c\20210509T160000+1000_REC_9.wav,False,0,0,0,0,0,0,0,0,0,0,0,0,birds,-6.0686135,0.13550794,0.12244641,0.7839727,-0.4357551,0.62566495,0.02589279,0.11205431,0.46252477,0.24744394,0.030586034,0.20533687,0.4318907
7.677653,-1.195575,5.3651657,3,0,0,00:00.0,00:00.0,uploads\f2e6d795-3777-11f0-84b6-581122bb7f2c\20210509T160000+1000_REC_10.wav,False,0,0,0,0,0,0,0,0,0,0,0,0,birds,-6.138854,0.116377674,0.3198406,0.39909035,0.100696295,0.43948945,0.13813242,0.28014648,0.29198834,0.27364665,0.2600796,0.11650893,0.38228023
8.782103,-2.694683,5.221872,3,0,0,00:00.0,00:00.0,uploads\f2e6d795-3777-11f0-84b6-581122bb7f2c\20210509T160000+1000_REC_11.wav,False,0,0,0,0,0,0,0,0,0,0,0,0,birds,-6.0271473,-0.551732,0.61915994,0.5558277,-0.43718338,0.75578916,-0.10008781,0.3239646,0.20178053,0.26011863,0.16039921,0.17042488,0.29893273
8.068475,-1.3906415,4.9255157,3,0,0,00:00.0,00:00.0,uploads\f2e6d795-3777-11f0-84b6-581122bb7f2c\20210509T160000+1000_REC_12.wav,False,0,0,0,0,0,0,0,0,0,0,0,0,birds,-6.075943,0.34987605,0.29513916,0.6718361,-0.4937121,0.6256204,0.016501617,0.26926258,0.23681216,0.2405186,0.25756362,0.08594389,0.38492057
7.683397,-1.1926423,5.3602343,3,0,0,00:00.0,00:00.0,uploads\f2e6d795-3777-11f0-84b6-581122bb7f2c\20210509T160000+1000_REC_13.wav,False,0,0,0,0,0,0,0,0,0,0,0,0,birds,-6.127716,0.3348716,0.37575558,0.45891225,-0.10692117,0.4233656,0.18235517,0.22336276,0.35205463,0.18668565,0.3263835,0.09933578,0.32164204
8.041952,-1.3613148,4.949669,3,0,0,00:00.0,00:00.0,uploads\f2e6d795-3777-11f0-84b6-581122bb7f2c\20210509T160000+1000_REC_15.wav,False,0,0,0,0,0,0,0,0,0,0,0,0,birds,-6.08474,0.3161921,0.2950346,0.6841913,-0.4018077,0.6178476,0.057606507,0.25667992,0.3166844,0.15765192,0.2796934,0.09325212,0.37657443
7.771353,-1.2492056,5.2461557,3,0,0,00:00.0,00:00.0,uploads\f2e6d795-3777-11f0-84b6-581122bb7f2c\20210509T160000+1000_REC_16.wav,False,0,0,0,0,0,0,0,0,0,0,0,0,birds,-6.099148,0.3161076,0.36879528,0.57829285,-0.3018674,0.54691803,0.10243235,0.22996363,0.30054465,0.21497187,0.3414017,0.09380814,0.44682473
8.689413,-1.2495654,4.8166976,3,0,0,00:00.0,00:00.0,uploads\f2e6d795-3777-11f0-84b6-581122bb7f2c\20210509T160000+1000_REC_17.wav,False,0,0,0,0,0,0,0,0,0,0,0,0,birds,-6.043093,0.41381535,0.27325833,0.7557173,-0.60313535,0.6689074,-0.042371903,0.24533401,0.25332788,0.19786476,0.32561585,0.003109958,0.46293068
8.357138,-1.4634963,4.835387,3,0,0,00:00.0,00:00.0,uploads\f2e6d795-3777-11f0-84b6-581122bb7f2c\20210509T160000+1000_REC_18.wav,False,0,0,0,0,0,0,0,0,0,0,0,0,birds,-6.0494275,0.18239036,0.48646995,0.6666409,-0.59685326,0.7424367,0.016771464,0.25221786,0.30036122,0.22611915,0.27707052,0.09057456,0.37211847
8.597335,-2.4834347,5.0056744,3,0,0,00:00.0,00:00.0,uploads\f2e6d795-3777-11f0-84b6-581122bb7f2c\20210509T160000+1000_REC_19.wav,False,0,0,0,0,0,0,0,0,0,0,0,0,birds,-6.0422077,0.18255681,0.52011514,0.6803166,-0.60519665,0.7573403,-0.06544255,0.34049428,0.2575843,0.29004428,0.21365382,0.13694112,0.31537715
8.773847,-2.7136955,5.2337213,3,0,0,00:00.0,00:00.0,uploads\f2e6d795-3777-11f0-84b6-581122bb7f2c\20210509T160000+1000_REC_20.wav,False,0,0,0,0,0,0,0,0,0,0,0,0,birds,-6.0763025,-0.13695623,0.6130625,0.4013835,-0.3402038,0.5583621,-0.16384569,0.5018748,-0.02393508,0.3911528,0.023045877,0.2460275,0.23063847
8.627969,-2.446222,5.002601,3,0,0,00:00.0,00:00.0,uploads\f2e6d795-3777-11f0-84b6-581122bb7f2c\20210509T160000+1000_REC_21.wav,False,0,0,0,0,0,0,0,0,0,0,0,0,birds,-6.053126,0.12856816,0.36220053,0.6824726,-0.6033224,0.7213429,-0.12594509,0.34233442,0.15188698,0.30663604,0.20313735,0.08129649,0.30520985
8.143457,-1.3845958,4.927745,3,0,0,00:00.0,00:00.0,uploads\f2e6d795-3777-11f0-84b6-581122bb7f2c\20210509T160000+1000_REC_23.wav,False,0,0,0,0,0,0,0,0,0,0,0,0,birds,-6.0713067,0.2900561,0.32724,0.65894276,-0.5108609,0.6757385,0.019609828,0.22104152,0.32126153,0.17413868,0.3149154,0.093851,0.36014974
8.996826,-1.2882676,4.685447,3,0,0,00:00.0,00:00.0,uploads\f2e6d795-3777-11f0-84b6-581122bb7f2c\20210509T160000+1000_REC_24.wav,False,0,0,0,0,0,0,0,0,0,0,0,0,birds,-6.01252,0.3243127,0.3157023,0.8708686,-0.7507523,0.7265243,-0.027290627,0.21943754,0.2794845,0.100234605,0.3318195,-0.010273228,0.372396
9.047046,-1.2979182,4.637803,3,0,0,00:00.0,00:00.0,uploads\f2e6d795-3777-11f0-84b6-581122bb7f2c\20210509T160000+1000_REC_25.wav,False,0,0,0,0,0,0,0,0,0,0,0,0,birds,-6.0029607,0.27006808,0.29219726,0.8154732,-0.78737515,0.81687415,-0.106267124,0.23189895,0.32214272,0.13560872,0.3083368,0.072763674,0.40797433
8.706172,-2.7145858,5.2329125,3,0,0,00:00.0,00:00.0,uploads\f2e6d795-3777-11f0-84b6-581122bb7f2c\20210509T160000+1000_REC_26.wav,True,0,1,0,0,1,0,0,0,0,0,0,0,birds,-6.1261005,-0.21834016,0.41172114,0.12945253,0.044587992,0.39315638,-0.09145914,0.4249961,-0.03676764,0.32501724,0.092465684,0.17828599,0.21928076
8.807397,-1.328522,4.719279,3,0,0,00:00.0,00:00.0,uploads\f2e6d795-3777-11f0-84b6-581122bb7f2c\20210509T160000+1000_REC_27.wav,False,0,0,0,0,0,0,0,0,0,0,0,0,birds,-6.0326414,0.2820178,0.3699898,0.7432244,-0.71544176,0.73657835,-0.04815121,0.16374885,0.31210908,0.13108487,0.2652738,0.023320809,0.34263417
9.1755085,-2.0094216,5.0270395,3,0,0,00:00.0,00:00.0,uploads\f2e6d795-3777-11f0-84b6-581122bb7f2c\20210509T160000+1000_REC_28.wav,False,0,0,0,0,0,0,0,0,0,0,0,0,birds,-6.017939,0.018703412,0.36205804,0.7333604,-0.62767375,0.88865644,-0.22450416,0.3773043,0.11543016,0.27134424,0.19714515,0.13009986,0.39488184
8.570113,-2.4768777,4.984155,3,0,0,00:00.0,00:00.0,uploads\f2e6d795-3777-11f0-84b6-581122bb7f2c\20210509T160000+1000_REC_29.wav,False,0,0,0,0,0,0,0,0,0,0,0,0,birds,-6.0549445,0.1276744,0.510315,0.64177835,-0.5552786,0.73551565,-0.08777314,0.32337642,0.1720432,0.19770242,0.21139021,0.11097384,0.3823595
8.958988,-1.389367,4.591559,3,0,0,00:00.0,00:00.0,uploads\f2e6d795-3777-11f0-84b6-581122bb7f2c\20210509T160000+1000_REC_30.wav,False,0,0,0,0,0,0,0,0,0,0,0,0,birds,-6.006705,0.21322034,0.36889708,0.7931979,-0.7053651,0.891688,-0.12793939,0.33262244,0.23480624,0.12816623,0.32538956,0.09322481,0.36761326
9.045915,-1.3580891,4.641385,3,0,0,00:00.0,00:00.0,uploads\f2e6d795-3777-11f0-84b6-581122bb7f2c\20210509T160000+1000_REC_31.wav,False,0,0,0,0,0,0,0,0,0,0,0,0,birds,-6.002147,0.14811294,0.17802933,0.9517551,-0.72893786,0.8193867,-0.14521843,0.23019348,0.30388382,0.057715315,0.29283193,0.107503,0.2540034
8.692118,-2.6453273,5.166364,3,0,0,00:00.0,00:00.0,uploads\f2e6d795-3777-11f0-84b6-581122bb7f2c\20210509T160000+1000_REC_32.wav,False,0,0,0,0,0,0,0,0,0,0,0,0,birds,-6.0709753,-0.15790647,0.633447,0.4553407,-0.46219605,0.6536014,-0.08325972,0.3028212,0.1466484,0.29315758,0.13096268,0.17019406,0.30997247
8.917439,-2.5959952,5.232813,3,0,0,00:00.0,00:00.0,uploads\f2e6d795-3777-11f0-84b6-581122bb7f2c\20210509T160000+1000_REC_33.wav,False,0,0,0,0,0,0,0,0,0,0,0,0,birds,-5.995596,-0.1286153,0.6284405,0.5155804,-0.6562419,0.8701888,-0.3191273,0.4850307,-0.030146101,0.45124313,0.05839073,0.20389763,0.32194608
8.625362,-2.5984628,5.130184,3,0,0,00:00.0,00:00.0,uploads\f2e6d795-3777-11f0-84b6-581122bb7f2c\20210509T160000+1000_REC_34.wav,True,0,1,0,0,1,0,0,0,0,0,0,0,birds,-6.1053004,-0.09584368,0.36170608,0.5802041,-0.33819112,0.49051988,-0.07931499,0.3355399,0.16615109,0.21503648,0.12210313,0.16020775,0.25769913
9.456646,-1.847167,5.0467186,3,0,0,00:00.0,00:00.0,uploads\f2e6d795-3777-11f0-84b6-581122bb7f2c\20210509T160000+1000_REC_35.wav,False,0,0,0,0,0,0,0,0,0,0,0,0,birds,-5.9722776,0.2013571,0.40210932,1.0101655,-0.7504005,0.79788065,-0.24916199,0.44342503,0.16964844,0.24873555,0.0094264485,0.17261848,0.39346483
9.59133,-1.414241,4.7753134,3,0,0,00:00.0,00:00.0,uploads\f2e6d795-3777-11f0-84b6-581122bb7f2c\20210509T160000+1000_REC_36.wav,False,0,0,0,0,0,0,0,0,0,0,0,0,birds,-5.9520316,0.5041864,0.4009711,0.9716581,-0.83231866,0.9362763,-0.10733113,0.106791615,0.21877079,0.11662451,0.2531688,-0.025957901,0.37582543
8.752804,-2.7095528,5.219705,3,0,0,00:00.0,00:00.0,uploads\f2e6d795-3777-11f0-84b6-581122bb7f2c\20210509T160000+1000_REC_37.wav,False,0,0,0,0,0,0,0,0,0,0,0,0,birds,-6.0721636,-0.28046465,0.50309366,0.4564253,-0.38952354,0.6402739,-0.11369782,0.45769203,0.038908277,0.33870867,0.15962392,0.13815646,0.2680046
8.616758,-2.6325438,5.186281,3,0,0,00:00.0,00:00.0,uploads\f2e6d795-3777-11f0-84b6-581122bb7f2c\20210509T160000+1000_REC_38.wav,False,0,0,0,0,0,0,0,0,0,0,0,0,birds,-6.12119,-0.06620514,0.47388437,0.39582697,-0.12517229,0.51719093,-0.05019863,0.3640576,0.10093698,0.25223476,0.20163973,0.11870369,0.29803255
8.948965,-2.526057,5.196235,3,0,0,00:00.0,00:00.0,uploads\f2e6d795-3777-11f0-84b6-581122bb7f2c\20210509T160000+1000_REC_39.wav,False,0,0,0,0,0,0,0,0,0,0,0,0,birds,-6.009954,-0.07159113,0.66037834,0.64464474,-0.62358254,0.85889846,-0.1162283,0.44543108,0.07329225,0.35552555,0.17700087,0.13360623,0.36378598
8.896872,-2.5874884,5.205445,3,0,0,00:00.0,00:00.0,uploads\f2e6d795-3777-11f0-84b6-581122bb7f2c\20210509T160000+1000_REC_40.wav,False,0,0,0,0,0,0,0,0,0,0,0,0,birds,-6.011672,-0.19294931,0.7058579,0.53923213,-0.5860634,0.85220903,-0.19991146,0.4214987,0.05975477,0.39620283,0.11470955,0.18827131,0.295215
8.8687935,-1.3632053,4.735942,3,0,0,00:00.0,00:00.0,uploads\f2e6d795-3777-11f0-84b6-581122bb7f2c\20210509T160000+1000_REC_41.wav,False,0,0,0,0,0,0,0,0,0,0,0,0,birds,-6.0248427,0.35666284,0.37624103,0.75919193,-0.6641781,0.7922913,-0.14612067,0.2874468,0.24173017,0.2249325,0.27528086,0.07785999,0.3525458
8.08902,-1.4783648,4.803513,3,0,0,00:00.0,00:00.0,uploads\f2e6d795-3777-11f0-84b6-581122bb7f2c\20210509T160000+1000_REC_42.wav,False,0,0,0,0,0,0,0,0,0,0,0,0,birds,-6.039431,0.8011774,0.15640745,0.45629802,-0.7045485,0.50922036,-0.032584023,0.26071382,0.34917906,0.16049494,0.26500997,-0.047249723,0.367426
8.759716,-1.0572567,5.0384917,3,0,0,00:00.0,00:00.0,uploads\f2e6d795-3777-11f0-84b6-581122bb7f2c\20210509T160000+1000_REC_43.wav,True,0,1,0,0,1,0,0,0,0,0,0,0,birds,-6.017509,0.29280683,0.16312459,0.9305577,-0.7056699,0.6658424,-0.05697895,0.3464733,0.2643219,0.18014663,0.37319976,0.1039488,0.34843543
8.966504,-1.3807653,4.9005704,3,0,0,00:00.0,00:00.0,uploads\f2e6d795-3777-11f0-84b6-581122bb7f2c\20210509T160000+1000_REC_44.wav,False,0,0,0,0,0,0,0,0,0,0,0,0,birds,-6.01736,0.3177154,0.1765979,0.91003126,-0.65357375,0.769813,-0.0729925,0.12601283,0.34399512,0.17293668,0.1362813,0.03831051,0.44925922
8.375865,-1.3743995,4.8064055,3,0,0,00:00.0,00:00.0,uploads\f2e6d795-3777-11f0-84b6-581122bb7f2c\20210509T160000+1000_REC_45.wav,False,0,0,0,0,0,0,0,0,0,0,0,0,birds,-6.0492516,0.14655162,0.30863294,0.72636634,-0.64487433,0.73742276,-0.05239205,0.23250084,0.31269863,0.19387034,0.24353284,0.09053721,0.28012004
8.801925,-2.707255,5.2359996,3,0,0,00:00.0,00:00.0,uploads\f2e6d795-3777-11f0-84b6-581122bb7f2c\20210509T160000+1000_REC_46.wav,False,0,0,0,0,0,0,0,0,0,0,0,0,birds,-6.009928,-0.8424296,0.69670063,0.4152157,-0.29234025,0.6140706,0.0059972135,0.2434263,0.13048942,0.37467882,-0.038155038,0.36510658,0.11334708
8.840618,-1.330427,4.7008934,3,0,0,00:00.0,00:00.0,uploads\f2e6d795-3777-11f0-84b6-581122bb7f2c\20210509T160000+1000_REC_47.wav,False,0,0,0,0,0,0,0,0,0,0,0,0,birds,-6.0292087,0.19814198,0.37970012,0.7396742,-0.70467925,0.77481073,-0.07165034,0.25644082,0.25337923,0.16517746,0.23151223,0.05050657,0.4166633
8.819843,-2.7035725,5.2439065,3,0,0,00:00.0,00:00.0,uploads\f2e6d795-3777-11f0-84b6-581122bb7f2c\20210509T160000+1000_REC_48.wav,False,0,0,0,0,0,0,0,0,0,0,0,0,birds,-6.0203285,-0.4289545,0.46004993,0.2364854,-0.31973937,0.9558619,-0.30816856,0.33353263,-0.027335126,0.5674109,0.018839307,0.29322207,0.23427236
9.215196,-1.803427,4.9923363,3,0,0,00:00.0,00:00.0,uploads\f2e6d795-3777-11f0-84b6-581122bb7f2c\20210509T160000+1000_REC_49.wav,True,0,1,0,0,1,0,0,0,0,0,0,0,birds,-5.9867215,0.0370339,0.37364128,0.7827383,-0.75558305,0.9272609,-0.21776025,0.22860536,0.25434786,0.31131777,0.09907242,0.047471628,0.50931007
8.783404,-2.735052,5.253553,3,0,0,00:00.0,00:00.0,uploads\f2e6d795-3777-11f0-84b6-581122bb7f2c\20210509T160000+1000_REC_50.wav,False,0,0,0,0,0,0,0,0,0,0,0,0,birds,-6.0165186,-0.8245807,0.6931217,0.29695365,-0.22676422,0.6452299,-0.07317958,0.3390636,0.047413163,0.3941363,0.04081556,0.31136364,0.16294281
7.362884,-1.1058407,5.5839005,3,0,0,00:00.0,00:00.0,uploads\f2e6d795-3777-11f0-84b6-581122bb7f2c\20210509T160000+1000_REC_51.wav,False,0,0,0,0,0,0,0,0,0,0,0,0,birds,-6.13949,0.07189556,0.1707383,0.49254653,-0.09679632,0.28865248,0.0954577,0.22619438,0.2151491,0.108721144,0.31894726,0.012195927,0.38096175
8.740346,-0.6442586,5.536786,3,0,0,00:00.0,00:00.0,uploads\f2e6d795-3777-11f0-84b6-581122bb7f2c\20210509T160000+1000_REC_52.wav,False,0,0,0,0,0,0,0,0,0,0,0,0,birds,-6.0384493,0.11565646,0.2665891,0.8403219,-0.59457844,0.64735293,-0.117231436,0.43098474,0.06940757,0.23129126,0.27055362,-0.012621654,0.4246866
7.1146045,-1.1481886,5.5749426,3,0,0,00:00.0,00:00.0,uploads\f2e6d795-3777-11f0-84b6-581122bb7f2c\20210509T160000+1000_REC_53.wav,False,0,0,0,0,0,0,0,0,0,0,0,0,birds,-6.12094,-0.19216181,0.22584958,0.62841326,-0.18341187,0.27726677,0.18953925,0.31916195,0.09154553,0.28008664,0.23372422,0.11404,0.27001864
8.731047,-2.7442145,5.2419386,3,0,0,00:00.0,00:00.0,uploads\f2e6d795-3777-11f0-84b6-581122bb7f2c\20210509T160000+1000_REC_54.wav,False,0,0,0,0,0,0,0,0,0,0,0,0,birds,-6.0760384,-0.5454371,0.6291057,0.107992694,-0.018380238,0.51045537,-0.15302545,0.43899655,-0.0040876125,0.3018389,0.09170597,0.23664139,0.14502755
8.797096,-1.2387592,4.8202777,3,0,0,00:00.0,00:00.0,uploads\f2e6d795-3777-11f0-84b6-581122bb7f2c\20210509T160000+1000_REC_56.wav,False,0,0,0,0,0,0,0,0,0,0,0,0,birds,-6.0300975,0.34050557,0.38530144,0.81932425,-0.54671115,0.7766433,-0.0015460019,0.3800229,0.26840907,0.23230813,0.29473016,0.00830601,0.4129059
6.9598484,-3.104284,2.93987,3,0,0,00:00.0,00:00.0,uploads\f2e6d795-3777-11f0-84b6-581122bb7f2c\20210509T160000+1000_REC_57.wav,False,0,0,0,0,0,0,0,0,0,0,0,0,birds,-6.1030416,0.22653025,0.06966296,0.5178931,-0.26088956,0.6968063,-0.05170129,0.23015392,0.20424004,0.28548554,0.30465624,0.05883974,0.3780746
8.794378,-0.39144307,5.803017,3,0,0,00:00.0,00:00.0,uploads\f2e6d795-3777-11f0-84b6-581122bb7f2c\20210509T160000+1000_REC_58.wav,False,0,0,0,0,0,0,0,0,0,0,0,0,birds,-6.017964,0.18287988,0.40682808,0.85950357,-0.7232935,0.62766004,-0.065329514,0.45944026,0.14852376,0.33497104,0.30876544,0.0992345,0.34713832
8.796427,-0.37370828,5.814588,3,0,0,00:00.0,00:00.0,uploads\f2e6d795-3777-11f0-84b6-581122bb7f2c\20210509T160000+1000_REC_59.wav,False,0,0,0,0,0,0,0,0,0,0,0,0,birds,-6.0073476,0.21389836,0.35171455,1.0570517,-0.5880325,0.6438432,0.0134744635,0.4729235,0.022890024,0.28879082,0.38095012,-0.009249518,0.31625
7.377695,-1.0693598,5.617879,3,0,0,00:00.0,00:00.0,uploads\f2e6d795-3777-11f0-84b6-581122bb7f2c\20210509T160000+1000_REC_60.wav,False,0,0,0,0,0,0,0,0,0,0,0,0,birds,-6.122944,0.029166413,-0.02231297,0.7126153,-0.032051016,0.29512143,0.17076044,0.19978522,0.23511687,0.1859417,0.36239013,0.058861125,0.35768807
8.89437,-1.2268907,4.7759194,3,0,0,00:00.0,00:00.0,uploads\f2e6d795-3777-11f0-84b6-581122bb7f2c\20210509T160000+1000_REC_61.wav,False,0,0,0,0,0,0,0,0,0,0,0,0,birds,-6.0286007,0.3962108,0.37256625,0.77336186,-0.60646194,0.7403822,-0.07785494,0.35206115,0.25449973,0.14813042,0.30326203,-0.032289654,0.44651014
6.925895,-3.1305344,2.8932867,3,0,0,00:00.0,00:00.0,uploads\f2e6d795-3777-11f0-84b6-581122bb7f2c\20210509T160000+1000_REC_62.wav,False,0,0,0,0,0,0,0,0,0,0,0,0,birds,-6.072054,0.23198353,-0.18276553,0.57995546,-0.19332512,0.7997656,-0.27169114,0.25730005,0.2290193,0.26863945,0.28570294,-0.006419092,0.40740132
8.7976265,-1.2977006,4.774121,3,0,0,00:00.0,00:00.0,uploads\f2e6d795-3777-11f0-84b6-581122bb7f2c\20210509T160000+1000_REC_64.wav,True,0,1,0,0,1,0,0,0,0,0,0,0,birds,-6.0422688,0.25948268,0.22594573,0.78744936,-0.57579154,0.69126135,-0.16570055,0.3056768,0.17554566,0.11925123,0.33399212,-0.010628874,0.45956725
8.861501,-1.3502384,4.7369347,3,0,0,00:00.0,00:00.0,uploads\f2e6d795-3777-11f0-84b6-581122bb7f2c\20210509T160000+1000_REC_65.wav,False,0,0,0,0,0,0,0,0,0,0,0,0,birds,-6.038461,0.19051172,0.31269655,0.69053704,-0.6621591,0.7591227,-0.13551809,0.28543827,0.24086393,0.19452892,0.25786507,-0.0093484465,0.42507148
8.74957,-1.3322419,4.7580695,3,0,0,00:00.0,00:00.0,uploads\f2e6d795-3777-11f0-84b6-581122bb7f2c\20210509T160000+1000_REC_66.wav,False,0,0,0,0,0,0,0,0,0,0,0,0,birds,-6.0304184,0.33802736,0.39300767,0.6932863,-0.7051761,0.7717374,-0.079585254,0.2337908,0.26950583,0.199563,0.26830867,0.032223362,0.37610462
9.170838,-1.2640347,4.6281886,3,0,0,00:00.0,00:00.0,uploads\f2e6d795-3777-11f0-84b6-581122bb7f2c\20210509T160000+1000_REC_67.wav,False,0,0,0,0,0,0,0,0,0,0,0,0,birds,-5.9848437,0.36231038,0.36365533,0.7747202,-0.8548187,0.8288136,-0.13652606,0.19205877,0.2508976,0.17164996,0.3247566,-0.06292162,0.474239
9.284845,-1.2565826,4.5982757,3,0,0,00:00.0,00:00.0,uploads\f2e6d795-3777-11f0-84b6-581122bb7f2c\20210509T160000+1000_REC_68.wav,False,0,0,0,0,0,0,0,0,0,0,0,0,birds,-5.993216,0.3507608,0.2251375,0.83156955,-0.66162425,0.9107089,-0.17479436,0.27294162,0.46370062,0.12860951,0.24982148,0.09612771,0.48505664
7.983418,-1.4105377,4.917122,3,0,0,00:00.0,00:00.0,uploads\f2e6d795-3777-11f0-84b6-581122bb7f2c\20210509T160000+1000_REC_69.wav,False,0,0,0,0,0,0,0,0,0,0,0,0,birds,-6.0934024,0.24570496,0.21474563,0.5325121,-0.47164598,0.5789281,-0.014350263,0.2503994,0.37173527,0.13077773,0.21120533,0.044811122,0.3996994
9.00395,-1.3119867,4.6503744,3,0,0,00:00.0,00:00.0,uploads\f2e6d795-3777-11f0-84b6-581122bb7f2c\20210509T160000+1000_REC_70.wav,True,0,1,0,0,1,0,0,0,0,0,0,0,birds,-6.0028005,0.19793898,0.3705042,0.6892879,-0.8209855,0.8487832,-0.17226294,0.27877727,0.2207009,0.17279884,0.27660474,0.03563189,0.44017947
9.159318,-1.2748034,4.7542777,3,0,0,00:00.0,00:00.0,uploads\f2e6d795-3777-11f0-84b6-581122bb7f2c\20210509T160000+1000_REC_71.wav,True,0,1,0,0,1,0,0,0,0,0,0,0,birds,-6.0059752,0.39934513,0.22596812,0.9241099,-0.7540672,0.7296235,-0.08017894,0.28806293,0.27086735,0.13476737,0.2625694,0.03706563,0.3277635
9.073332,-1.2458552,4.6914115,3,0,0,00:00.0,00:00.0,uploads\f2e6d795-3777-11f0-84b6-581122bb7f2c\20210509T160000+1000_REC_72.wav,True,0,1,0,0,1,0,0,0,0,0,0,0,birds,-5.98692,0.27869287,0.20287614,0.95557886,-0.78731686,0.7709335,-0.11800361,0.30875242,0.2734134,0.152875,0.3450144,-0.077569276,0.40672904
9.059376,-1.3000776,4.666966,3,0,0,00:00.0,00:00.0,uploads\f2e6d795-3777-11f0-84b6-581122bb7f2c\20210509T160000+1000_REC_73.wav,False,0,0,0,0,0,0,0,0,0,0,0,0,birds,-6.0095515,0.24676721,0.3178485,0.8502717,-0.7768809,0.7529718,-0.14055946,0.2617222,0.20581387,0.11351347,0.23683764,0.029605066,0.3901488
9.081518,-1.2952757,4.6651163,3,0,0,00:00.0,00:00.0,uploads\f2e6d795-3777-11f0-84b6-581122bb7f2c\20210509T160000+1000_REC_74.wav,False,0,0,0,0,0,0,0,0,0,0,0,0,birds,-5.990447,0.5080007,0.3445259,0.625204,-0.8604244,0.8171929,-0.14624044,0.32533127,0.28754023,0.23139367,0.26806092,0.024333104,0.48819354
8.577739,-2.4666262,4.981621,3,0,0,00:00.0,00:00.0,uploads\f2e6d795-3777-11f0-84b6-581122bb7f2c\20210509T160000+1000_REC_75.wav,False,0,0,0,0,0,0,0,0,0,0,0,0,birds,-6.0562425,0.109532624,0.35707384,0.6706083,-0.6340626,0.6836133,-0.06554379,0.31739047,0.17550081,0.2587344,0.22483808,0.0873273,0.3565632
7.5147095,-3.7410274,3.495182,3,0,0,00:00.0,00:00.0,uploads\f2e6d795-3777-11f0-84b6-581122bb7f2c\20210509T160000+1000_REC_76.wav,False,0,0,0,0,0,0,0,0,0,0,0,0,birds,-6.0392933,0.13318244,0.43988106,0.57333285,-0.5508119,0.7903026,-0.21877128,0.436101,0.17808154,0.32349965,0.16968639,0.05484094,0.5081221
9.493234,-1.8669218,5.030142,3,0,0,00:00.0,00:00.0,uploads\f2e6d795-3777-11f0-84b6-581122bb7f2c\20210509T160000+1000_REC_77.wav,False,0,0,0,0,0,0,0,0,0,0,0,0,birds,-5.9469686,0.14645956,0.6401392,0.80559576,-0.672639,1.0222138,-0.28722167,0.532697,0.11025367,0.4002852,-0.009872198,0.14491235,0.47821388
7.7662883,-2.1514375,4.4215837,3,0,0,00:00.0,00:00.0,uploads\f2e6d795-3777-11f0-84b6-581122bb7f2c\20210509T160000+1000_REC_78.wav,True,0,1,0,0,1,0,0,0,0,0,0,0,birds,-6.0323663,0.83881825,0.44635677,0.52744067,-0.609861,0.5381978,-0.12964325,0.25411463,0.15667285,0.26141706,0.3679883,-0.08071024,0.2141613
6.94172,-3.1291366,2.909368,3,0,0,00:00.0,00:00.0,uploads\f2e6d795-3777-11f0-84b6-581122bb7f2c\20210509T160000+1000_REC_79.wav,False,0,0,0,0,0,0,0,0,0,0,0,0,birds,-6.0916505,0.23480986,-0.008639055,0.6213763,-0.16089322,0.70333743,-0.10304568,0.13461821,0.27472037,0.28885114,0.32113048,-0.108756974,0.39527568
9.607075,-1.7456293,4.9486203,3,0,0,00:00.0,00:00.0,uploads\f2e6d795-3777-11f0-84b6-581122bb7f2c\20210509T160000+1000_REC_80.wav,False,0,0,0,0,0,0,0,0,0,0,0,0,birds,-5.9627743,0.14060247,0.5796922,0.9147319,-0.75606656,0.9856,-0.022872942,0.3727875,0.24927025,0.25397113,0.22123323,0.043439522,0.35731205
9.574908,-1.6031688,4.930401,3,0,0,00:00.0,00:00.0,uploads\f2e6d795-3777-11f0-84b6-581122bb7f2c\20210509T160000+1000_REC_81.wav,False,0,0,0,0,0,0,0,0,0,0,0,0,birds,-5.991307,0.23966408,0.31087258,1.0414338,-0.6350424,0.7985617,-0.05200086,0.40050942,0.24364936,0.25755334,0.19982411,0.09948783,0.47200808
9.483916,-1.818364,4.9986935,3,0,0,00:00.0,00:00.0,uploads\f2e6d795-3777-11f0-84b6-581122bb7f2c\20210509T160000+1000_REC_82.wav,False,0,0,0,0,0,0,0,0,0,0,0,0,birds,-5.9790773,0.46085405,0.48490354,0.809365,-0.6947623,0.9428183,-0.16626367,0.37435842,0.28519073,0.24249414,0.15696123,0.032870453,0.42008072
8.801062,-1.2974645,4.781189,3,0,0,00:00.0,00:00.0,uploads\f2e6d795-3777-11f0-84b6-581122bb7f2c\20210509T160000+1000_REC_83.wav,False,0,0,0,0,0,0,0,0,0,0,0,0,birds,-6.03987,0.34861112,0.33074552,0.7499724,-0.60257894,0.7288604,-0.13112415,0.2889564,0.18958414,0.18793064,0.27098796,0.057117704,0.4410273
8.728266,-1.2862958,4.794165,3,0,0,00:00.0,00:00.0,uploads\f2e6d795-3777-11f0-84b6-581122bb7f2c\20210509T160000+1000_REC_84.wav,False,0,0,0,0,0,0,0,0,0,0,0,0,birds,-6.031923,0.46808958,0.31007162,0.7104351,-0.62897295,0.7748818,-0.03529683,0.30254003,0.3176459,0.20027635,0.29628563,0.00732662,0.38711652
9.697664,-1.7003027,4.9291515,3,0,0,00:00.0,00:00.0,uploads\f2e6d795-3777-11f0-84b6-581122bb7f2c\20210509T160000+1000_REC_85.wav,False,0,0,0,0,0,0,0,0,0,0,0,0,birds,-5.947321,0.309961,0.45492238,0.9957324,-0.7531911,0.94413084,-0.26681763,0.48304936,0.16243361,0.24678433,0.22329386,-0.017457183,0.36376625
9.667047,-1.7176832,4.929503,3,0,0,00:00.0,00:00.0,uploads\f2e6d795-3777-11f0-84b6-581122bb7f2c\20210509T160000+1000_REC_86.wav,False,0,0,0,0,0,0,0,0,0,0,0,0,birds,-5.944333,0.37939167,0.57765716,0.8887563,-0.7544933,1.0343388,-0.14140339,0.44036934,0.20329525,0.25312766,0.25135383,0.009279662,0.3887889
9.534638,-1.7706283,4.9740934,3,0,0,00:00.0,00:00.0,uploads\f2e6d795-3777-11f0-84b6-581122bb7f2c\20210509T160000+1000_REC_88.wav,False,0,0,0,0,0,0,0,0,0,0,0,0,birds,-5.994859,0.3277314,0.5030533,0.8639811,-0.6644395,0.86434,-0.10166046,0.39702272,0.10368175,0.28093445,0.20258512,0.013194013,0.40741503
7.1565847,-1.1377516,5.64026,3,0,0,00:00.0,00:00.0,uploads\f2e6d795-3777-11f0-84b6-581122bb7f2c\20210509T160000+1000_REC_89.wav,False,0,0,0,0,0,0,0,0,0,0,0,0,birds,-6.1220264,0.07750214,0.36408082,0.5336035,-0.17136106,0.34760612,0.083401226,0.3290525,-0.01112383,0.24520108,0.34884828,-0.0643677,0.34967217
7.1586924,-1.1342902,5.638791,3,0,0,00:00.0,00:00.0,uploads\f2e6d795-3777-11f0-84b6-581122bb7f2c\20210509T160000+1000_REC_90.wav,True,0,1,0,0,1,0,0,0,0,0,0,0,birds,-6.121428,-0.06877842,0.24829793,0.62399524,-0.16022748,0.32657674,0.1635503,0.30898094,0.08324679,0.1828314,0.334949,-0.08669725,0.2740494
8.592515,-2.4999886,5.015044,3,0,0,00:00.0,00:00.0,uploads\f2e6d795-3777-11f0-84b6-581122bb7f2c\20210509T160000+1000_REC_92.wav,False,0,0,0,0,0,0,0,0,0,0,0,0,birds,-6.0802484,0.20102428,0.3790435,0.729031,-0.43304846,0.57938063,-0.017485907,0.36069968,0.053828645,0.27459008,0.2517767,0.040505633,0.2776836
8.9652815,-1.2172605,4.829642,3,0,0,00:00.0,00:00.0,uploads\f2e6d795-3777-11f0-84b6-581122bb7f2c\20210509T160000+1000_REC_93.wav,False,0,0,0,0,0,0,0,0,0,0,0,0,birds,-5.9989734,0.4988624,0.3294291,0.8859091,-0.66763455,0.79187566,-0.06385811,0.35790247,0.13090071,0.24297178,0.32333708,-0.07680986,0.4112188
9.907472,-1.6190944,4.863999,3,0,0,00:00.0,00:00.0,uploads\f2e6d795-3777-11f0-84b6-581122bb7f2c\20210509T160000+1000_REC_94.wav,False,0,0,0,0,0,0,0,0,0,0,0,0,birds,-5.9261546,0.38230053,0.38747948,1.0547642,-0.8922657,0.93303734,-0.12648557,0.34959936,0.119631246,0.2584539,0.27129284,-0.058806337,0.45709515
8.962133,-2.5266566,5.2029777,3,0,0,00:00.0,00:00.0,uploads\f2e6d795-3777-11f0-84b6-581122bb7f2c\20210509T160000+1000_REC_95.wav,False,0,0,0,0,0,0,0,0,0,0,0,0,birds,-6.0068836,0.10381381,0.61477697,0.67692345,-0.5703625,0.8454796,-0.11904776,0.51451874,0.0017593314,0.5108955,0.039744474,0.15343899,0.39259484
9.540786,-1.7939649,4.991618,3,0,0,00:00.0,00:00.0,uploads\f2e6d795-3777-11f0-84b6-581122bb7f2c\20210509T160000+1000_REC_96.wav,False,0,0,0,0,0,0,0,0,0,0,0,0,birds,-5.9709706,0.3934218,0.43850654,0.8145236,-0.7316916,0.95483094,-0.1670112,0.44702077,0.18746896,0.36118805,0.18470547,0.048880745,0.44936553
9.579742,-1.4194186,4.7690024,3,0,0,00:00.0,00:00.0,uploads\f2e6d795-3777-11f0-84b6-581122bb7f2c\20210509T160000+1000_REC_97.wav,False,0,0,0,0,0,0,0,0,0,0,0,0,birds,-5.970934,0.9627375,0.34725988,0.7118551,-0.68878746,0.8397145,-0.04232263,0.13457052,0.2463453,0.14571464,0.2708743,0.004436672,0.41617468
9.14891,-1.2601956,4.631317,3,0,0,00:00.0,00:00.0,uploads\f2e6d795-3777-11f0-84b6-581122bb7f2c\20210509T160000+1000_REC_98.wav,False,0,0,0,0,0,0,0,0,0,0,0,0,birds,-6.0021677,0.3854957,0.3722496,0.8817973,-0.68824685,0.8003745,-0.1057877,0.26106548,0.26143536,0.18260333,0.2926087,0.016405482,0.45428404
9.212269,-1.2542535,4.6228733,3,0,0,00:00.0,00:00.0,uploads\f2e6d795-3777-11f0-84b6-581122bb7f2c\20210509T160000+1000_REC_99.wav,False,0,0,0,0,0,0,0,0,0,0,0,0,birds,-5.9932823,0.5098465,0.28015113,0.91926485,-0.5843359,0.87326145,-0.09342385,0.29815775,0.33519712,0.15441963,0.18685517,0.011550502,0.5165341
9.6411915,-1.4341481,4.7786613,3,0,0,00:00.0,00:00.0,uploads\f2e6d795-3777-11f0-84b6-581122bb7f2c\20210509T160000+1000_REC_100.wav,False,0,0,0,0,0,0,0,0,0,0,0,0,birds,-5.9386067,0.6911726,0.38026536,0.9321649,-0.79366696,0.9150276,-0.18701942,0.22851646,0.35236013,0.18420829,0.26243275,0.019144077,0.47142684
9.9853325,-1.5977359,4.8447576,3,0,0,00:00.0,00:00.0,uploads\f2e6d795-3777-11f0-84b6-581122bb7f2c\20210509T160000+1000_REC_101.wav,True,0,1,0,0,1,0,0,0,0,0,0,0,birds,-5.8897133,0.7421614,0.4315694,0.836264,-0.9567321,1.0745646,-0.20008121,0.3553279,0.15713792,0.1888694,0.19680834,-0.1728945,0.46156302
9.110805,-1.2821623,4.6640577,3,0,0,00:00.0,00:00.0,uploads\f2e6d795-3777-11f0-84b6-581122bb7f2c\20210509T160000+1000_REC_102.wav,False,0,0,0,0,0,0,0,0,0,0,0,0,birds,-6.0117702,0.37651706,0.3453036,0.82730347,-0.6432313,0.8022929,-0.13268082,0.3307676,0.26284564,0.20222564,0.24489433,-0.0008666942,0.4810855
9.146638,-1.2632717,4.634954,3,0,0,00:00.0,00:00.0,uploads\f2e6d795-3777-11f0-84b6-581122bb7f2c\20210509T160000+1000_REC_103.wav,False,0,0,0,0,0,0,0,0,0,0,0,0,birds,-5.992706,0.5532978,0.27931237,0.8160433,-0.6450233,0.8251929,-0.17566647,0.28965202,0.2668224,0.18306163,0.34867203,-0.08476654,0.539543
8.564103,-2.4900794,4.9849906,3,0,0,00:00.0,00:00.0,uploads\f2e6d795-3777-11f0-84b6-581122bb7f2c\20210509T160000+1000_REC_104.wav,False,0,0,0,0,0,0,0,0,0,0,0,0,birds,-6.0647807,0.23442237,0.53155416,0.6416319,-0.4539767,0.7193448,-0.031828668,0.34305665,0.1461875,0.27182364,0.1971713,0.0551422,0.36453623
7.164823,-1.1312823,5.658235,3,0,0,00:00.0,00:00.0,uploads\f2e6d795-3777-11f0-84b6-581122bb7f2c\20210509T160000+1000_REC_105.wav,False,0,0,0,0,0,0,0,0,0,0,0,0,birds,-6.1113567,0.16894297,0.24143851,0.60911494,-0.28905314,0.39567888,0.19841778,0.22945976,0.13322428,0.20964153,0.3930645,-0.13555811,0.3587758
7.2172456,-1.1370583,5.627758,3,0,0,00:00.0,00:00.0,uploads\f2e6d795-3777-11f0-84b6-581122bb7f2c\20210509T160000+1000_REC_106.wav,False,0,0,0,0,0,0,0,0,0,0,0,0,birds,-6.130118,0.14599599,0.33373213,0.47847185,-0.17483646,0.3837578,0.124603406,0.28039098,0.19366178,0.15269479,0.32656372,-0.040095713,0.3610375
8.563927,-2.6152055,5.222642,3,0,0,00:00.0,00:00.0,uploads\f2e6d795-3777-11f0-84b6-581122bb7f2c\20210509T160000+1000_REC_108.wav,False,0,0,0,0,0,0,0,0,0,0,0,0,birds,-6.1338897,-0.14820547,0.35584143,0.29686052,0.014700903,0.4245154,-0.01769799,0.39068344,0.08592418,0.21094227,0.2711105,0.05937714,0.31346723
9.838253,-1.6529878,4.8926663,3,0,0,00:00.0,00:00.0,uploads\f2e6d795-3777-11f0-84b6-581122bb7f2c\20210509T160000+1000_REC_109.wav,False,0,0,0,0,0,0,0,0,0,0,0,0,birds,-5.9393897,0.37828723,0.37500203,1.0488464,-0.8034723,0.8834548,-0.09219666,0.4681154,0.17506537,0.31043354,0.3191752,-0.081167124,0.45834428
9.25569,-1.8839066,5.021942,3,0,0,00:00.0,00:00.0,uploads\f2e6d795-3777-11f0-84b6-581122bb7f2c\20210509T160000+1000_REC_114.wav,False,0,0,0,0,0,0,0,0,0,0,0,0,birds,-5.990254,0.18031691,0.4774029,0.8026177,-0.75740826,0.9223074,-0.16572233,0.29138637,0.21386619,0.28553241,0.15978728,0.11096917,0.37686014
9.706122,-1.6613916,4.9189167,3,0,0,00:00.0,00:00.0,uploads\f2e6d795-3777-11f0-84b6-581122bb7f2c\20210509T160000+1000_REC_115.wav,True,0,1,0,0,1,0,0,0,0,0,0,0,birds,-5.9597516,0.4262984,0.26260915,0.89316595,-0.8251682,0.9510421,-0.14967462,0.42332837,0.21281224,0.24312562,0.25969237,0.02745153,0.40633488
8.753864,-0.8903854,5.2573934,3,0,0,00:00.0,00:00.0,uploads\f2e6d795-3777-11f0-84b6-581122bb7f2c\20210509T160000+1000_REC_116.wav,False,0,0,0,0,0,0,0,0,0,0,0,0,birds,-6.0157523,0.33065897,0.14502409,0.89737284,-0.6362617,0.72051406,-0.14037053,0.44554287,0.2892363,0.16314948,0.3089834,0.053618003,0.41565523
8.792982,-0.45008376,5.761923,3,0,0,00:00.0,00:00.0,uploads\f2e6d795-3777-11f0-84b6-581122bb7f2c\20210509T160000+1000_REC_117.wav,False,0,0,0,0,0,0,0,0,0,0,0,0,birds,-6.0168924,0.26089305,0.3325158,0.84131485,-0.61674917,0.7671352,-0.12306117,0.54442734,0.14850771,0.32299086,0.24541986,0.1203077,0.34849018
9.7315855,-1.5872805,4.880827,3,0,0,00:00.0,00:00.0,uploads\f2e6d795-3777-11f0-84b6-581122bb7f2c\20210509T160000+1000_REC_118.wav,False,0,0,0,0,0,0,0,0,0,0,0,0,birds,-5.953249,0.3198722,0.32287776,0.9457552,-0.91702604,0.8975465,-0.09990914,0.3507493,0.26197508,0.22009437,0.23747918,0.049105793,0.40585163
9.904491,-1.6170807,4.860992,3,0,0,00:00.0,00:00.0,uploads\f2e6d795-3777-11f0-84b6-581122bb7f2c\20210509T160000+1000_REC_119.wav,False,0,0,0,0,0,0,0,0,0,0,0,0,birds,-5.940961,0.28216755,0.28576645,0.95914835,-0.8938991,0.93201894,-0.12678768,0.3626859,0.21697533,0.252392,0.2674709,-0.07736785,0.534842
9.364877,-1.2655329,4.627198,3,0,0,00:00.0,00:00.0,uploads\f2e6d795-3777-11f0-84b6-581122bb7f2c\20210509T160000+1000_REC_120.wav,False,0,0,0,0,0,0,0,0,0,0,0,0,birds,-5.965178,0.47134045,0.13132884,0.9314881,-0.6823816,0.8396466,-0.2708235,0.3984096,0.4200662,0.09428945,0.14812902,0.060057517,0.62866586
9.619812,-1.778483,4.9861116,3,0,0,00:00.0,00:00.0,uploads\f2e6d795-3777-11f0-84b6-581122bb7f2c\20210509T160000+1000_REC_121.wav,False,0,0,0,0,0,0,0,0,0,0,0,0,birds,-5.9543595,0.112923644,0.40108773,0.92451847,-0.8880922,0.89615107,-0.12664539,0.4371719,0.0721041,0.35586908,0.16030595,0.04726521,0.4233102
9.623472,-1.7027615,4.94681,3,0,0,00:00.0,00:00.0,uploads\f2e6d795-3777-11f0-84b6-581122bb7f2c\20210509T160000+1000_REC_122.wav,False,0,0,0,0,0,0,0,0,0,0,0,0,birds,-5.976808,0.23584822,0.40794948,0.85406023,-0.7973006,0.89636177,-0.07972969,0.38240105,0.19008723,0.25830707,0.2598633,0.033225007,0.50452816
9.874331,-1.5892817,4.849478,3,0,0,00:00.0,00:00.0,uploads\f2e6d795-3777-11f0-84b6-581122bb7f2c\20210509T160000+1000_REC_123.wav,False,0,0,0,0,0,0,0,0,0,0,0,0,birds,-5.9325814,0.37845433,0.37200722,0.97785676,-0.91166925,0.9931831,-0.06614324,0.30677134,0.24895407,0.21635814,0.2261564,0.023939613,0.4547852
9.106682,-1.48915,4.9904284,3,0,0,00:00.0,00:00.0,uploads\f2e6d795-3777-11f0-84b6-581122bb7f2c\20210509T160000+1000_REC_124.wav,False,0,0,0,0,0,0,0,0,0,0,0,0,birds,-6.0595126,0.24378288,0.10811622,0.6881339,-0.37893716,0.6761139,-0.22264947,0.34772336,0.41800797,0.21987621,0.03482974,0.112331145,0.57016695
7.910222,-1.2445537,5.1347823,3,0,0,00:00.0,00:00.0,uploads\f2e6d795-3777-11f0-84b6-581122bb7f2c\20210509T160000+1000_REC_125.wav,False,0,0,0,0,0,0,0,0,0,0,0,0,birds,-6.1226854,-0.05860716,0.24833483,0.55587935,-0.23862861,0.4095111,0.10387637,0.06717489,0.38445008,0.028102383,0.1953601,0.26103416,0.17967774
8.028137,-1.2991096,4.724464,3,0,0,00:00.0,00:00.0,uploads\f2e6d795-3777-11f0-84b6-581122bb7f2c\20210509T160000+1000_REC_126.wav,False,0,0,0,0,0,0,0,0,0,0,0,0,birds,-6.0623097,0.114729285,0.23034923,0.7484192,-0.5681618,0.6570237,-0.088304654,0.22987662,0.37093294,0.09814285,0.16335768,0.27432823,0.25302377
9.874192,-1.5946661,4.851384,3,0,0,00:00.0,00:00.0,uploads\f2e6d795-3777-11f0-84b6-581122bb7f2c\20210509T160000+1000_REC_127.wav,False,0,0,0,0,0,0,0,0,0,0,0,0,birds,-5.9632087,0.45379788,0.3008099,0.9670777,-0.8194449,0.8414086,-0.17227079,0.26204658,0.16176172,0.2305356,0.23577873,-0.08562442,0.46058667
9.4635105,-1.794269,4.991772,3,0,0,00:00.0,00:00.0,uploads\f2e6d795-3777-11f0-84b6-581122bb7f2c\20210509T160000+1000_REC_128.wav,False,0,0,0,0,0,0,0,0,0,0,0,0,birds,-5.9876094,0.31545395,0.40809146,0.7758526,-0.8144583,0.8390657,-0.1827539,0.38301882,0.17636031,0.29323757,0.19770876,0.08744607,0.45913106
9.067243,-1.474739,4.891571,3,0,0,00:00.0,00:00.0,uploads\f2e6d795-3777-11f0-84b6-581122bb7f2c\20210509T160000+1000_REC_129.wav,False,0,0,0,0,0,0,0,0,0,0,0,0,birds,-6.039681,0.26832426,0.17861836,0.6845783,-0.53401744,0.8353224,-0.19220647,0.17453043,0.34757498,0.304963,0.13529916,-0.01928202,0.4768101
9.153895,-1.7628468,4.9865136,3,0,0,00:00.0,00:00.0,uploads\f2e6d795-3777-11f0-84b6-581122bb7f2c\20210509T160000+1000_REC_130.wav,False,0,0,0,0,0,0,0,0,0,0,0,0,birds,-6.0061274,0.30765668,0.21229091,0.79724145,-0.7101334,0.903372,-0.12382128,0.26221156,0.17308833,0.32671362,0.12927939,0.11886775,0.43764064
8.916618,-1.8298082,4.995528,3,0,0,00:00.0,00:00.0,uploads\f2e6d795-3777-11f0-84b6-581122bb7f2c\20210509T160000+1000_REC_132.wav,False,0,0,0,0,0,0,0,0,0,0,0,0,birds,-6.047795,0.30732512,0.22745551,0.7218672,-0.6508137,0.5565967,-0.23606956,0.21516366,0.18420963,0.36006644,0.19231373,0.29933712,0.4141186
8.769887,-1.2718811,4.896093,3,0,0,00:00.0,00:00.0,uploads\f2e6d795-3777-11f0-84b6-581122bb7f2c\20210509T160000+1000_REC_133.wav,False,0,0,0,0,0,0,0,0,0,0,0,0,birds,-6.0422015,0.21079418,0.23102209,0.76518136,-0.66664463,0.69175214,-0.10676806,0.29119173,0.22535774,0.20556858,0.21959113,0.06572149,0.4179796
9.688153,-1.5493879,4.873492,3,0,0,00:00.0,00:00.0,uploads\f2e6d795-3777-11f0-84b6-581122bb7f2c\20210509T160000+1000_REC_134.wav,False,0,0,0,0,0,0,0,0,0,0,0,0,birds,-5.9532776,0.2771986,0.30380893,1.0265528,-0.93834674,0.7846254,-0.06257312,0.327695,0.29744276,0.2605445,0.19621621,0.15876316,0.43190718
9.551792,-1.2928377,4.715885,3,0,0,00:00.0,00:00.0,uploads\f2e6d795-3777-11f0-84b6-581122bb7f2c\20210509T160000+1000_REC_135.wav,True,0,1,0,0,1,0,0,0,0,0,0,0,birds,-5.9273524,0.70131034,0.03635878,1.0930225,-0.87038374,0.7901564,-0.06584931,0.24837503,0.4004119,0.16482815,0.14640309,0.1558166,0.4764486
8.916131,-1.1881653,5.046807,3,0,0,00:00.0,00:00.0,uploads\f2e6d795-3777-11f0-84b6-581122bb7f2c\20210509T160000+1000_REC_136.wav,False,0,0,0,0,0,0,0,0,0,0,0,0,birds,-6.009144,0.452863,-0.13848828,0.9157052,-0.7071098,0.734804,-0.033304356,0.10476169,0.19699179,0.2674415,0.2527288,0.1037497,0.33568022
8.220397,-1.2246848,5.112126,3,0,0,00:00.0,00:00.0,uploads\f2e6d795-3777-11f0-84b6-581122bb7f2c\20210509T160000+1000_REC_137.wav,False,0,0,0,0,0,0,0,0,0,0,0,0,birds,-6.089862,0.18848991,-0.2983001,0.80720335,-0.27116272,0.45086053,0.053149454,0.19342326,0.18949026,0.18194994,0.24153844,0.14235672,0.2791382
8.78104,-2.376226,5.1125245,3,0,0,00:00.0,00:00.0,uploads\f2e6d795-3777-11f0-84b6-581122bb7f2c\20210509T160000+1000_REC_138.wav,False,0,0,0,0,0,0,0,0,0,0,0,0,birds,-6.0676093,-0.07027861,0.2778053,0.7002637,-0.55691034,0.54018855,-0.052597616,0.33812517,0.013591906,0.4243324,0.03296041,0.24998201,0.21744236
8.76801,-0.97187024,5.1959476,3,0,0,00:00.0,00:00.0,uploads\f2e6d795-3777-11f0-84b6-581122bb7f2c\20210509T160000+1000_REC_139.wav,False,0,0,0,0,0,0,0,0,0,0,0,0,birds,-6.0384083,0.4100576,0.13364743,0.80094266,-0.7075507,0.625951,-0.1292038,0.29965788,0.18474266,0.12852632,0.20018138,0.14889038,0.292548
9.00012,-1.7901552,5.0165725,3,0,0,00:00.0,00:00.0,uploads\f2e6d795-3777-11f0-84b6-581122bb7f2c\20210509T160000+1000_REC_140.wav,False,0,0,0,0,0,0,0,0,0,0,0,0,birds,-6.0172133,0.3780361,0.16519913,0.6632078,-0.74660784,0.8454158,-0.25791204,0.20768656,0.21250477,0.2569536,0.07099106,0.27314302,0.31948495
9.579907,-1.2992309,4.6872396,3,0,0,00:00.0,00:00.0,uploads\f2e6d795-3777-11f0-84b6-581122bb7f2c\20210509T160000+1000_REC_141.wav,False,0,0,0,0,0,0,0,0,0,0,0,0,birds,-5.942978,0.5866721,0.096123755,0.9386986,-0.8209088,0.9445648,-0.24973881,0.28903058,0.39521527,0.17962816,0.15751617,0.19690865,0.4233231
8.527337,-1.354063,4.9431076,3,0,0,00:00.0,00:00.0,uploads\f2e6d795-3777-11f0-84b6-581122bb7f2c\20210509T160000+1000_REC_142.wav,False,0,0,0,0,0,0,0,0,0,0,0,0,birds,-6.042554,0.45656848,0.09573235,0.66639984,-0.62853533,0.81503356,-0.08810497,0.19820784,0.29760027,0.18544051,0.2097323,0.10487608,0.29567736
10.078672,-1.4996685,4.7540793,3,0,0,00:00.0,00:00.0,uploads\f2e6d795-3777-11f0-84b6-581122bb7f2c\20210509T160000+1000_REC_143.wav,False,0,0,0,0,0,0,0,0,0,0,0,0,birds,-5.926061,0.30907372,-0.050272148,0.98111767,-1.0074949,0.8881372,-0.31104356,0.3536458,0.22561508,0.2448677,0.15199187,0.097074226,0.360355
8.672137,-0.9961687,5.2146297,3,0,0,00:00.0,00:00.0,uploads\f2e6d795-3777-11f0-84b6-581122bb7f2c\20210509T160000+1000_REC_144.wav,False,0,0,0,0,0,0,0,0,0,0,0,0,birds,-6.0461254,0.27279398,0.029263174,0.8821826,-0.56552917,0.652418,-0.09095062,0.34335595,0.21756017,0.17534365,0.23537123,0.13650128,0.34468997
8.650592,-2.3716545,5.003813,3,0,0,00:00.0,00:00.0,uploads\f2e6d795-3777-11f0-84b6-581122bb7f2c\20210509T160000+1000_REC_145.wav,False,0,0,0,0,0,0,0,0,0,0,0,0,birds,-6.051823,0.228079,0.21225834,0.7222117,-0.63052607,0.69080675,-0.16896844,0.38887262,0.1499197,0.25113603,0.15655541,0.16588065,0.2152255
9.346624,-1.2611487,4.8384976,3,0,0,00:00.0,00:00.0,uploads\f2e6d795-3777-11f0-84b6-581122bb7f2c\20210509T160000+1000_REC_146.wav,False,0,0,0,0,0,0,0,0,0,0,0,0,birds,-5.977403,0.4893934,0.14575204,1.0375023,-0.751268,0.81733394,-0.19260027,0.2840627,0.21316381,0.15715796,0.14159985,0.09603317,0.2685948
8.039367,-1.3164842,4.8666167,3,0,0,00:00.0,00:00.0,uploads\f2e6d795-3777-11f0-84b6-581122bb7f2c\20210509T160000+1000_REC_147.wav,False,0,0,0,0,0,0,0,0,0,0,0,0,birds,-6.0735865,0.38151926,0.15336439,0.78934383,-0.48785263,0.5833089,0.0065913773,0.2828901,0.28013575,0.1677574,0.21901025,0.1586575,0.26014608
7.921249,-1.3428361,5.018486,3,0,0,00:00.0,00:00.0,uploads\f2e6d795-3777-11f0-84b6-581122bb7f2c\20210509T160000+1000_REC_148.wav,False,0,0,0,0,0,0,0,0,0,0,0,0,birds,-6.095815,0.3139404,0.3004993,0.62730724,-0.37041295,0.57616407,0.068663254,0.26855657,0.31693387,0.18658894,0.2615337,0.13535127,0.36596373
7.4033194,-1.4987463,4.4949584,3,0,0,00:00.0,00:00.0,uploads\f2e6d795-3777-11f0-84b6-581122bb7f2c\20210509T160000+1000_REC_149.wav,False,0,0,0,0,0,0,0,0,0,0,0,0,birds,-6.0678945,0.12118052,0.22836733,0.7602548,-0.5020054,0.6851292,0.073224165,0.31921855,0.22669509,0.18116134,0.2880298,0.29422346,0.28618523
9.900511,-1.5564183,4.8193474,3,0,0,00:00.0,00:00.0,uploads\f2e6d795-3777-11f0-84b6-581122bb7f2c\20210509T160000+1000_REC_150.wav,False,0,0,0,0,0,0,0,0,0,0,0,0,birds,-5.9606113,0.4446811,0.11859593,0.8917408,-0.88690287,0.8438548,-0.2339764,0.3527608,0.23844007,0.19568314,0.27011395,0.010274824,0.4580053
8.400201,-1.2869141,4.9484425,3,0,0,00:00.0,00:00.0,uploads\f2e6d795-3777-11f0-84b6-581122bb7f2c\20210509T160000+1000_REC_151.wav,False,0,0,0,0,0,0,0,0,0,0,0,0,birds,-6.055076,0.32353777,0.24787146,0.7626218,-0.530614,0.69582355,-0.036817476,0.27932996,0.32464,0.18061352,0.32051212,0.070906304,0.37665856
8.061616,-1.307082,5.041087,3,0,0,00:00.0,00:00.0,uploads\f2e6d795-3777-11f0-84b6-581122bb7f2c\20210509T160000+1000_REC_152.wav,False,0,0,0,0,0,0,0,0,0,0,0,0,birds,-6.0874867,0.32288662,0.12492443,0.65813947,-0.37393633,0.65817887,0.049341477,0.22518554,0.37894177,0.12206728,0.29692173,0.13432637,0.3420185
8.176745,-1.3966647,4.902935,3,0,0,00:00.0,00:00.0,uploads\f2e6d795-3777-11f0-84b6-581122bb7f2c\20210509T160000+1000_REC_153.wav,True,0,1,0,0,1,0,0,0,0,0,0,0,birds,-6.0720267,0.258939,0.22565031,0.6657944,-0.41763255,0.7674063,-0.03921695,0.30309966,0.2820455,0.24016091,0.2570594,0.14990439,0.37273312
7.6526413,-1.1936506,5.3805532,3,0,0,00:00.0,00:00.0,uploads\f2e6d795-3777-11f0-84b6-581122bb7f2c\20210509T160000+1000_REC_154.wav,False,0,0,0,0,0,0,0,0,0,0,0,0,birds,-6.1336713,0.09829653,0.30471823,0.4113197,-0.118474126,0.46772555,0.0655169,0.25979996,0.3114223,0.18920809,0.2809762,0.120086394,0.3721685
8.027193,-1.3618547,4.8997245,3,0,0,00:00.0,00:00.0,uploads\f2e6d795-3777-11f0-84b6-581122bb7f2c\20210509T160000+1000_REC_155.wav,False,0,0,0,0,0,0,0,0,0,0,0,0,birds,-6.0744333,0.49167585,0.34988716,0.73621625,-0.36630926,0.63770956,-0.0055099046,0.25284216,0.27727097,0.1796588,0.2571512,0.075305,0.29466486
8.599824,-2.494659,5.0172734,3,0,0,00:00.0,00:00.0,uploads\f2e6d795-3777-11f0-84b6-581122bb7f2c\20210509T160000+1000_REC_156.wav,False,0,0,0,0,0,0,0,0,0,0,0,0,birds,-6.065539,0.19908316,0.3943375,0.7192053,-0.49954125,0.69993824,-0.043831337,0.3233572,0.18414286,0.29347798,0.19806933,0.14180526,0.29534838
8.637143,-2.5767486,5.112491,3,0,0,00:00.0,00:00.0,uploads\f2e6d795-3777-11f0-84b6-581122bb7f2c\20210509T160000+1000_REC_157.wav,False,0,0,0,0,0,0,0,0,0,0,0,0,birds,-6.082965,-0.117628634,0.43695563,0.5795502,-0.48486832,0.565982,-0.027317062,0.32831812,0.11347837,0.32826778,0.14764433,0.09301478,0.26110807
9.479989,-1.3260291,4.8480806,3,0,0,00:00.0,00:00.0,uploads\f2e6d795-3777-11f0-84b6-581122bb7f2c\20210509T160000+1000_REC_158.wav,True,0,1,0,0,1,0,0,0,0,0,0,0,birds,-5.969395,0.4882856,0.37428892,0.9546405,-0.80147535,0.8707877,-0.11115346,0.25947264,0.25220236,0.22070034,0.21623106,0.06325705,0.35380968
8.783843,-1.1582531,5.017357,3,0,0,00:00.0,00:00.0,uploads\f2e6d795-3777-11f0-84b6-581122bb7f2c\20210509T160000+1000_REC_159.wav,False,0,0,0,0,0,0,0,0,0,0,0,0,birds,-6.0449734,0.24862549,-0.0348045,0.82185113,-0.6102274,0.67448694,-0.036711205,0.2566913,0.17562453,0.22087042,0.28585696,0.0029690468,0.38686877
9.030139,-2.0146492,4.977258,3,0,0,00:00.0,00:00.0,uploads\f2e6d795-3777-11f0-84b6-581122bb7f2c\20210509T160000+1000_REC_160.wav,False,0,0,0,0,0,0,0,0,0,0,0,0,birds,-6.0325975,0.079035155,0.17470042,0.6176665,-0.5728555,0.9524352,-0.26908714,0.30556232,0.14136995,0.3595147,0.19395286,0.10585468,0.26029268
9.954129,-1.511224,4.7764945,3,0,0,00:00.0,00:00.0,uploads\f2e6d795-3777-11f0-84b6-581122bb7f2c\20210509T160000+1000_REC_161.wav,False,0,0,0,0,0,0,0,0,0,0,0,0,birds,-5.928363,0.39875826,-0.024116607,0.8425667,-0.9379667,1.1216365,-0.16466135,0.13971744,0.27166054,0.18161257,0.32849908,0.10873642,0.40779924
9.086602,-2.1396635,5.123358,3,0,0,00:00.0,00:00.0,uploads\f2e6d795-3777-11f0-84b6-581122bb7f2c\20210509T160000+1000_REC_162.wav,False,0,0,0,0,0,0,0,0,0,0,0,0,birds,-5.9652696,-0.22835264,0.37078726,0.77245873,-0.8464255,0.9981656,-0.19086716,0.3185374,0.13312463,0.31633365,0.09218873,0.18853973,0.2534126
9.413425,-1.3002499,4.7239094,3,0,0,00:00.0,00:00.0,uploads\f2e6d795-3777-11f0-84b6-581122bb7f2c\20210509T160000+1000_REC_163.wav,False,0,0,0,0,0,0,0,0,0,0,0,0,birds,-5.986295,0.37611684,0.07259821,0.909014,-0.7284508,0.9366211,-0.20339924,0.15831614,0.33646816,0.110234424,0.19456868,0.066597156,0.29725128
7.9668417,-1.1944648,4.575586,3,0,0,00:00.0,00:00.0,uploads\f2e6d795-3777-11f0-84b6-581122bb7f2c\20210509T160000+1000_REC_164.wav,False,0,0,0,0,0,0,0,0,0,0,0,0,birds,-6.0096464,0.06876809,-0.13836013,0.9593665,-0.63012934,0.7415675,-0.084727384,0.27986905,0.34882626,-0.043007597,0.35665622,0.32227844,0.047119904
9.9463215,-1.5912229,4.8366923,3,0,0,00:00.0,00:00.0,uploads\f2e6d795-3777-11f0-84b6-581122bb7f2c\20210509T160000+1000_REC_165.wav,False,0,0,0,0,0,0,0,0,0,0,0,0,birds,-5.9294815,0.35292318,0.099654965,1.0778321,-0.9188638,0.8778895,-0.1403517,0.35296196,0.12805901,0.1616344,0.34755868,-0.115445614,0.44703755
8.076441,-1.4042474,4.8589826,3,0,0,00:00.0,00:00.0,uploads\f2e6d795-3777-11f0-84b6-581122bb7f2c\20210509T160000+1000_REC_166.wav,False,0,0,0,0,0,0,0,0,0,0,0,0,birds,-6.095899,0.12981622,0.2790502,0.5146407,-0.4219247,0.6602742,0.009389462,0.18477379,0.27657688,0.1564681,0.30951765,0.062063344,0.381531
9.023739,-1.1876243,4.758322,3,0,0,00:00.0,00:00.0,uploads\f2e6d795-3777-11f0-84b6-581122bb7f2c\20210509T160000+1000_REC_168.wav,False,0,0,0,0,0,0,0,0,0,0,0,0,birds,-5.973004,0.2874056,0.12048155,1.067471,-0.7367437,0.7810622,-0.077604435,0.43959376,0.13556737,0.2021721,0.45078328,-0.0199865,0.3683474
9.606927,-1.5786408,4.862878,3,0,0,00:00.0,00:00.0,uploads\f2e6d795-3777-11f0-84b6-581122bb7f2c\20210509T160000+1000_REC_170.wav,False,0,0,0,0,0,0,0,0,0,0,0,0,birds,-5.9944673,0.3341585,0.115541875,0.73550165,-0.74005204,0.93311274,-0.21412446,0.28395826,0.14129339,0.2773556,0.30978656,-0.08206192,0.442808
9.650609,-1.4691768,4.7933717,3,0,0,00:00.0,00:00.0,uploads\f2e6d795-3777-11f0-84b6-581122bb7f2c\20210509T160000+1000_REC_171.wav,False,0,0,0,0,0,0,0,0,0,0,0,0,birds,-5.965744,0.5781108,0.16899945,0.8471301,-0.77374,0.9762254,-0.12667869,0.20826766,0.2564113,0.21143508,0.32105708,-0.040976282,0.41749635
9.1359625,-1.7491703,4.9143925,3,0,0,00:00.0,00:00.0,uploads\f2e6d795-3777-11f0-84b6-581122bb7f2c\20210509T160000+1000_REC_172.wav,False,0,0,0,0,0,0,0,0,0,0,0,0,birds,-6.0173383,0.3066439,0.1940176,0.71181405,-0.62606585,0.9574544,-0.19892049,0.27368456,0.18399127,0.32093355,0.2301859,0.031232376,0.35316607
9.712035,-1.6778939,4.929982,3,0,0,00:00.0,00:00.0,uploads\f2e6d795-3777-11f0-84b6-581122bb7f2c\20210509T160000+1000_REC_173.wav,False,0,0,0,0,0,0,0,0,0,0,0,0,birds,-5.950132,0.31949064,0.28140777,0.9875771,-0.83500975,0.9208922,-0.17686434,0.4045204,0.16850573,0.28956267,0.25500432,0.03669043,0.4584064
9.959789,-1.5793701,4.826065,3,0,0,00:00.0,00:00.0,uploads\f2e6d795-3777-11f0-84b6-581122bb7f2c\20210509T160000+1000_REC_174.wav,False,0,0,0,0,0,0,0,0,0,0,0,0,birds,-5.9162173,0.43788967,0.09116751,0.97630787,-0.94301933,1.000077,-0.19585684,0.3029327,0.28238603,0.22013871,0.3341263,-0.06245213,0.48903075
9.957579,-1.6203312,4.865491,3,0,0,00:00.0,00:00.0,uploads\f2e6d795-3777-11f0-84b6-581122bb7f2c\20210509T160000+1000_REC_175.wav,False,0,0,0,0,0,0,0,0,0,0,0,0,birds,-5.919008,0.49824834,0.28406557,0.93401635,-0.9804502,0.9417989,-0.25421867,0.26307696,0.13037647,0.15297715,0.21442436,-0.11436093,0.50118273
9.142353,-1.4107566,4.8284383,3,0,0,00:00.0,00:00.0,uploads\f2e6d795-3777-11f0-84b6-581122bb7f2c\20210509T160000+1000_REC_176.wav,False,0,0,0,0,0,0,0,0,0,0,0,0,birds,-6.002981,0.43804783,0.1875667,0.7616272,-0.7717098,0.89512634,-0.1113657,0.22381875,0.18479715,0.22756355,0.26853004,0.06426841,0.3443111
10.0128145,-1.5597568,4.8090196,3,0,0,00:00.0,00:00.0,uploads\f2e6d795-3777-11f0-84b6-581122bb7f2c\20210509T160000+1000_REC_177.wav,False,0,0,0,0,0,0,0,0,0,0,0,0,birds,-5.881343,0.436188,0.37185603,0.9325743,-1.1398877,1.0260497,-0.24565044,0.32667103,0.20704412,0.21100856,0.26630026,0.051890336,0.4273262
8.784352,-2.7089677,5.2341824,3,0,0,00:00.0,00:00.0,uploads\f2e6d795-3777-11f0-84b6-581122bb7f2c\20210509T160000+1000_REC_178.wav,False,0,0,0,0,0,0,0,0,0,0,0,0,birds,-6.05635,-0.3640166,0.5827777,0.34445307,-0.3768451,0.7666489,-0.11197889,0.36179584,0.073401295,0.393222,0.15573736,0.18748544,0.3219131
9.909379,-1.5963775,4.8472595,3,0,0,00:00.0,00:00.0,uploads\f2e6d795-3777-11f0-84b6-581122bb7f2c\20210509T160000+1000_REC_179.wav,False,0,0,0,0,0,0,0,0,0,0,0,0,birds,-5.935619,0.33142373,0.27081436,0.94204235,-0.9567655,0.93621904,-0.1161137,0.3493846,0.25643367,0.19576432,0.26792046,0.0016874037,0.51011753
9.903418,-1.6196948,4.8606334,3,0,0,00:00.0,00:00.0,uploads\f2e6d795-3777-11f0-84b6-581122bb7f2c\20210509T160000+1000_REC_180.wav,True,0,1,0,0,1,0,0,0,0,0,0,0,birds,-5.9462485,0.3841102,0.28959134,0.9111157,-0.9170763,0.9132488,-0.18012829,0.343427,0.18683407,0.24578686,0.25701925,0.030940609,0.5009854
9.057904,-1.2297667,4.9989033,3,0,0,00:00.0,00:00.0,uploads\f2e6d795-3777-11f0-84b6-581122bb7f2c\20210509T160000+1000_REC_181.wav,False,0,0,0,0,0,0,0,0,0,0,0,0,birds,-6.0019794,0.40897155,0.026931683,0.8440091,-0.7820562,0.80843323,-0.0024715662,0.30083627,0.17376803,0.3089543,0.23580855,0.08485905,0.39825058
8.1259985,-1.2683067,5.0571294,3,0,0,00:00.0,00:00.0,uploads\f2e6d795-3777-11f0-84b6-581122bb7f2c\20210509T160000+1000_REC_182.wav,False,0,0,0,0,0,0,0,0,0,0,0,0,birds,-6.089551,0.3243037,0.0046138396,0.6718645,-0.437885,0.59520334,0.038299836,0.17230055,0.34084293,0.14434047,0.2153099,0.090252824,0.28303945
9.564208,-1.3748391,4.7309747,3,0,0,00:00.0,00:00.0,uploads\f2e6d795-3777-11f0-84b6-581122bb7f2c\20210509T160000+1000_REC_183.wav,False,0,0,0,0,0,0,0,0,0,0,0,0,birds,-5.9863114,0.37385324,0.013609216,0.89438725,-0.8561386,0.762195,-0.16580585,0.23702016,0.2322523,0.14111385,0.22008778,0.0082895495,0.41916323
8.506879,-0.86710346,5.457986,3,0,0,00:00.0,00:00.0,uploads\f2e6d795-3777-11f0-84b6-581122bb7f2c\20210509T160000+1000_REC_184.wav,False,0,0,0,0,0,0,0,0,0,0,0,0,birds,-6.058507,0.15936798,-0.021719385,0.893965,-0.53079873,0.48094627,-0.13458815,0.38788098,0.1582384,0.16064887,0.26395223,0.11300473,0.29894033
10.036543,-1.5475479,4.803194,3,0,0,00:00.0,00:00.0,uploads\f2e6d795-3777-11f0-84b6-581122bb7f2c\20210509T160000+1000_REC_186.wav,False,0,0,0,0,0,0,0,0,0,0,0,0,birds,-5.864225,0.5030162,0.16344756,0.89777106,-1.2712142,1.0044484,-0.23484541,0.3433935,-0.066664875,0.17223816,0.0926365,0.2082825,0.32654592
10.025772,-1.550921,4.8076453,3,0,0,00:00.0,00:00.0,uploads\f2e6d795-3777-11f0-84b6-581122bb7f2c\20210509T160000+1000_REC_187.wav,False,0,0,0,0,0,0,0,0,0,0,0,0,birds,-5.9335685,0.33856276,0.2552362,0.8569918,-1.1101606,0.7836794,-0.2564947,0.39954734,0.052852474,0.252708,0.08082592,0.032568377,0.40546054
10.054586,-1.5390638,4.789464,3,0,0,00:00.0,00:00.0,uploads\f2e6d795-3777-11f0-84b6-581122bb7f2c\20210509T160000+1000_REC_188.wav,False,0,0,0,0,0,0,0,0,0,0,0,0,birds,-5.909342,0.42827272,0.014092816,0.97881126,-1.146756,0.81175715,-0.16269204,0.38304877,0.15912384,0.19297391,0.17770143,-0.031420086,0.414115
7.578227,-1.6661035,4.810909,3,0,0,00:00.0,00:00.0,uploads\f2e6d795-3777-11f0-84b6-581122bb7f2c\20210509T160000+1000_REC_189.wav,False,0,0,0,0,0,0,0,0,0,0,0,0,birds,-6.070857,0.6408815,0.08963996,0.4235451,-0.59075326,0.46004653,-0.11365425,0.34111705,0.22598687,0.124668516,0.17391309,0.14464666,0.4646074
10.06661,-1.5608096,4.8091555,3,0,0,00:00.0,00:00.0,uploads\f2e6d795-3777-11f0-84b6-581122bb7f2c\20210509T160000+1000_REC_190.wav,False,0,0,0,0,0,0,0,0,0,0,0,0,birds,-5.9299097,0.585347,0.15295973,0.9832042,-0.9672038,0.8405906,-0.12348573,0.42664617,0.25213102,0.1797359,0.115435325,-0.060604956,0.418139
8.682233,-0.81311464,5.455966,3,0,0,00:00.0,00:00.0,uploads\f2e6d795-3777-11f0-84b6-581122bb7f2c\20210509T160000+1000_REC_191.wav,False,0,0,0,0,0,0,0,0,0,0,0,0,birds,-5.987764,0.4422919,0.09384653,0.8750294,-0.85191053,0.7076507,-0.17173776,0.4881069,0.10593225,0.2343637,0.030341413,0.052470196,0.30300656
8.047919,-1.4155396,4.892718,3,0,0,00:00.0,00:00.0,uploads\f2e6d795-3777-11f0-84b6-581122bb7f2c\20210509T160000+1000_REC_192.wav,False,0,0,0,0,0,0,0,0,0,0,0,0,birds,-6.073428,0.45461905,0.15067355,0.6450072,-0.54245585,0.60469055,0.03333216,0.30195782,0.31375083,0.18561424,0.15600951,0.037078585,0.336695
10.0539055,-1.5491023,4.7992926,3,0,0,00:00.0,00:00.0,uploads\f2e6d795-3777-11f0-84b6-581122bb7f2c\20210509T160000+1000_REC_193.wav,False,0,0,0,0,0,0,0,0,0,0,0,0,birds,-5.902855,0.4309959,0.124912366,0.9334254,-1.0776964,0.9710953,-0.22830656,0.4873903,0.20809615,0.21567033,0.15753655,-0.00844199,0.39761668
9.097661,-1.2697281,4.9980974,3,0,0,00:00.0,00:00.0,uploads\f2e6d795-3777-11f0-84b6-581122bb7f2c\20210509T160000+1000_REC_194.wav,False,0,0,0,0,0,0,0,0,0,0,0,0,birds,-5.992302,0.47665122,0.11506917,0.9466368,-0.77111304,0.7069967,-0.10768814,0.35105357,0.1262297,0.28324515,0.27268565,0.03925681,0.41921034
8.923105,-2.601262,5.2288837,3,0,0,00:00.0,00:00.0,uploads\f2e6d795-3777-11f0-84b6-581122bb7f2c\20210509T160000+1000_REC_195.wav,False,0,0,0,0,0,0,0,0,0,0,0,0,birds,-5.9604545,-0.5291739,0.7192372,0.7064698,-0.69449085,0.8577068,-0.12395319,0.36740905,0.10859148,0.40226364,0.017182624,0.2888609,0.20656988
9.286162,-1.3131658,4.856485,3,0,0,00:00.0,00:00.0,uploads\f2e6d795-3777-11f0-84b6-581122bb7f2c\20210509T160000+1000_REC_196.wav,False,0,0,0,0,0,0,0,0,0,0,0,0,birds,-5.99974,0.45703083,0.18294208,0.85631436,-0.7973199,0.7987655,-0.08440393,0.29739466,0.24471083,0.20012832,0.1602238,0.0643413,0.33768722
9.118329,-1.4691736,4.9843493,3,0,0,00:00.0,00:00.0,uploads\f2e6d795-3777-11f0-84b6-581122bb7f2c\20210509T160000+1000_REC_197.wav,True,0,1,0,0,1,0,0,0,0,0,0,0,birds,-6.033463,0.39907205,-0.051468126,0.80363154,-0.4710494,0.67153054,-0.29308942,0.3998554,0.41773248,0.104038514,-0.036098976,0.11370493,0.43456194
9.258627,-1.471499,4.972302,3,0,0,00:00.0,00:00.0,uploads\f2e6d795-3777-11f0-84b6-581122bb7f2c\20210509T160000+1000_REC_198.wav,False,0,0,0,0,0,0,0,0,0,0,0,0,birds,-5.9984303,0.4979597,-0.14918166,0.8756266,-0.6103602,0.79584426,-0.2259911,0.41017172,0.2597049,0.2742276,0.15756793,-0.01827016,0.40312925
8.463192,-1.1780465,5.1214423,3,0,0,00:00.0,00:00.0,uploads\f2e6d795-3777-11f0-84b6-581122bb7f2c\20210509T160000+1000_REC_199.wav,False,0,0,0,0,0,0,0,0,0,0,0,0,birds,-6.031431,0.029977089,-0.24921376,1.1152319,-0.55940604,0.3082487,0.10430358,0.18133475,0.27908003,0.22387236,0.16156326,0.13269255,0.2309905
8.582036,-0.820491,5.465312,3,0,0,00:00.0,00:00.0,uploads\f2e6d795-3777-11f0-84b6-581122bb7f2c\20210509T160000+1000_REC_201.wav,False,0,0,0,0,0,0,0,0,0,0,0,0,birds,-6.030695,0.31110325,-0.07782582,0.8375205,-0.5925848,0.53535235,-0.3041944,0.59221166,0.09784321,0.18928422,0.13888882,0.18444528,0.28307828
8.450823,-0.89972013,5.4201126,3,0,0,00:00.0,00:00.0,uploads\f2e6d795-3777-11f0-84b6-581122bb7f2c\20210509T160000+1000_REC_203.wav,False,0,0,0,0,0,0,0,0,0,0,0,0,birds,-6.065113,0.40509138,-0.4227197,0.712896,-0.30682063,0.4216885,-0.1599101,0.4036864,0.27583304,0.106600545,0.2749951,0.038463496,0.3744356
9.166376,-1.469534,4.9831157,3,0,0,00:00.0,00:00.0,uploads\f2e6d795-3777-11f0-84b6-581122bb7f2c\20210509T160000+1000_REC_204.wav,False,0,0,0,0,0,0,0,0,0,0,0,0,birds,-6.022583,0.54000604,-0.0040371693,0.7863124,-0.6141369,0.69997126,-0.24002638,0.35378736,0.30964002,0.23401296,0.118012495,0.088944025,0.40593866
8.467634,-0.8946153,5.4157486,3,0,0,00:00.0,00:00.0,uploads\f2e6d795-3777-11f0-84b6-581122bb7f2c\20210509T160000+1000_REC_205.wav,False,0,0,0,0,0,0,0,0,0,0,0,0,birds,-6.0787234,0.25346932,-0.2077116,0.7462067,-0.2849403,0.53726304,-0.22034985,0.40171015,0.20485328,0.18176612,0.20411578,0.0901601,0.33739203
9.2463875,-1.4199021,4.9067082,3,0,0,00:00.0,00:00.0,uploads\f2e6d795-3777-11f0-84b6-581122bb7f2c\20210509T160000+1000_REC_206.wav,False,0,0,0,0,0,0,0,0,0,0,0,0,birds,-6.0163097,0.5820348,0.1106642,0.66783535,-0.7086883,0.8092834,-0.17994449,0.25812224,0.2159433,0.17190844,0.0921211,-0.00478975,0.41243303
9.679787,-1.5101197,4.814618,3,0,0,00:00.0,00:00.0,uploads\f2e6d795-3777-11f0-84b6-581122bb7f2c\20210509T160000+1000_REC_207.wav,False,0,0,0,0,0,0,0,0,0,0,0,0,birds,-5.9759183,0.5383657,0.06528167,0.7855306,-0.8094545,0.8822929,-0.23092388,0.25367725,0.21934456,0.23535332,0.21760686,-0.114758566,0.43786675
9.392176,-1.5091512,4.9935517,3,0,0,00:00.0,00:00.0,uploads\f2e6d795-3777-11f0-84b6-581122bb7f2c\20210509T160000+1000_REC_208.wav,False,0,0,0,0,0,0,0,0,0,0,0,0,birds,-5.9835553,0.29011986,0.12323752,0.9227532,-0.7881186,0.8226257,-0.1909455,0.37777638,0.1844796,0.3128444,0.2379475,0.029873177,0.4186718
9.41024,-1.618034,4.9535756,3,0,0,00:00.0,00:00.0,uploads\f2e6d795-3777-11f0-84b6-581122bb7f2c\20210509T160000+1000_REC_209.wav,False,0,0,0,0,0,0,0,0,0,0,0,0,birds,-5.9974394,0.42792335,0.26181793,0.75937706,-0.7715049,0.81470823,-0.21439299,0.3798905,0.14583524,0.2707827,0.17124036,0.0054329424,0.4628765
8.884397,-1.2496799,4.9994445,3,0,0,00:00.0,00:00.0,uploads\f2e6d795-3777-11f0-84b6-581122bb7f2c\20210509T160000+1000_REC_210.wav,False,0,0,0,0,0,0,0,0,0,0,0,0,birds,-6.032817,0.36733252,0.20703943,0.82353646,-0.6825893,0.6793148,-0.058902938,0.31042504,0.15802157,0.27036607,0.15957601,0.039647073,0.40453282
8.905583,-1.2392344,5.0068283,3,0,0,00:00.0,00:00.0,uploads\f2e6d795-3777-11f0-84b6-581122bb7f2c\20210509T160000+1000_REC_211.wav,False,0,0,0,0,0,0,0,0,0,0,0,0,birds,-6.032675,0.4870261,0.14818896,0.8528711,-0.66896456,0.6570539,-0.009807754,0.23815809,0.16912527,0.21318302,0.16132902,0.045299537,0.38700813
10.006691,-1.5596584,4.8117175,3,0,0,00:00.0,00:00.0,uploads\f2e6d795-3777-11f0-84b6-581122bb7f2c\20210509T160000+1000_REC_212.wav,False,0,0,0,0,0,0,0,0,0,0,0,0,birds,-5.937776,0.5556854,0.17562766,0.9184551,-0.95353884,0.8914587,-0.22604364,0.3054201,0.14090182,0.2024041,0.16446601,-0.0052446034,0.4455001
9.992321,-1.5335983,4.7932405,3,0,0,00:00.0,00:00.0,uploads\f2e6d795-3777-11f0-84b6-581122bb7f2c\20210509T160000+1000_REC_213.wav,False,0,0,0,0,0,0,0,0,0,0,0,0,birds,-5.9571395,0.43376362,0.13240719,0.87532026,-0.97967666,0.83369243,-0.19348998,0.27159846,0.24181014,0.20558219,0.17856546,-0.012877425,0.38298684
10.050386,-1.5277747,4.779725,3,0,0,00:00.0,00:00.0,uploads\f2e6d795-3777-11f0-84b6-581122bb7f2c\20210509T160000+1000_REC_214.wav,False,0,0,0,0,0,0,0,0,0,0,0,0,birds,-5.8998737,0.39872655,0.08031688,1.02453,-1.1141608,0.9328647,-0.17310318,0.28001338,0.25394332,0.18040216,0.1935801,-0.0038362977,0.40829292
10.058109,-1.537359,4.785963,3,0,0,00:00.0,00:00.0,uploads\f2e6d795-3777-11f0-84b6-581122bb7f2c\20210509T160000+1000_REC_215.wav,False,0,0,0,0,0,0,0,0,0,0,0,0,birds,-5.8967156,0.39173153,0.18902346,1.0941644,-1.1181201,0.92582756,-0.13436079,0.22570205,0.25641087,0.19759162,0.07083752,0.10243407,0.3297778
10.02687,-1.5410224,4.792307,3,0,0,00:00.0,00:00.0,uploads\f2e6d795-3777-11f0-84b6-581122bb7f2c\20210509T160000+1000_REC_216.wav,False,0,0,0,0,0,0,0,0,0,0,0,0,birds,-5.902373,0.5235987,-0.022938086,1.060578,-1.0003269,0.9824691,-0.16358005,0.26563156,0.22641513,0.1654805,0.32122925,-0.00029764304,0.3549018
10.045476,-1.5277237,4.781082,3,0,0,00:00.0,00:00.0,uploads\f2e6d795-3777-11f0-84b6-581122bb7f2c\20210509T160000+1000_REC_217.wav,False,0,0,0,0,0,0,0,0,0,0,0,0,birds,-5.901584,0.5364551,0.04961466,1.1460801,-1.0630406,0.7695107,-0.1721635,0.32613623,0.10685682,0.083628885,0.32949606,-0.04963028,0.3230944
8.995437,-2.1475327,5.124658,3,0,0,00:00.0,00:00.0,uploads\f2e6d795-3777-11f0-84b6-581122bb7f2c\20210509T160000+1000_REC_218.wav,False,0,0,0,0,0,0,0,0,0,0,0,0,birds,-5.9685416,0.3392665,0.238015,0.7484289,-0.92783856,0.92093414,-0.21526876,0.34485802,0.07897538,0.32348257,-0.0885611,0.20554326,0.27281094
9.143369,-1.2473193,5.0582666,3,0,0,00:00.0,00:00.0,uploads\f2e6d795-3777-11f0-84b6-581122bb7f2c\20210509T160000+1000_REC_219.wav,False,0,0,0,0,0,0,0,0,0,0,0,0,birds,-5.98253,0.25481254,-0.091353685,1.0913142,-0.75992304,0.63222706,-0.14911456,0.39402568,0.20517004,0.30736893,0.24657309,0.12622944,0.38359028
8.905376,-2.2410746,5.1400642,3,0,0,00:00.0,00:00.0,uploads\f2e6d795-3777-11f0-84b6-581122bb7f2c\20210509T160000+1000_REC_220.wav,False,0,0,0,0,0,0,0,0,0,0,0,0,birds,-6.0004716,0.111403525,0.28968167,0.8247572,-0.76682484,0.7593522,-0.20273522,0.4515776,0.012278437,0.43303123,-0.0104217585,0.19059016,0.2727497
8.202462,-1.2836487,5.0457926,3,0,0,00:00.0,00:00.0,uploads\f2e6d795-3777-11f0-84b6-581122bb7f2c\20210509T160000+1000_REC_221.wav,False,0,0,0,0,0,0,0,0,0,0,0,0,birds,-6.0759625,0.40551808,0.052638203,0.6428409,-0.57256377,0.57984644,0.032951787,0.09842307,0.2994452,0.21109247,0.21228416,0.11140516,0.34992635
8.485172,-1.1854298,5.120382,3,0,0,00:00.0,00:00.0,uploads\f2e6d795-3777-11f0-84b6-581122bb7f2c\20210509T160000+1000_REC_222.wav,False,0,0,0,0,0,0,0,0,0,0,0,0,birds,-6.0423374,0.26776242,-0.1866853,1.011024,-0.5126871,0.49069238,0.026194774,0.23851854,0.3283292,0.19065759,0.11174789,0.20597862,0.35358614
9.067533,-1.1550951,5.044224,3,0,0,00:00.0,00:00.0,uploads\f2e6d795-3777-11f0-84b6-581122bb7f2c\20210509T160000+1000_REC_223.wav,False,0,0,0,0,0,0,0,0,0,0,0,0,birds,-5.9985647,0.3758633,-0.06769662,1.0059514,-0.71721476,0.7639554,0.04053288,0.2795804,0.22261897,0.22502053,0.27885017,0.12852655,0.33017048
8.528299,-1.2758116,5.060661,3,0,0,00:00.0,00:00.0,uploads\f2e6d795-3777-11f0-84b6-581122bb7f2c\20210509T160000+1000_REC_224.wav,False,0,0,0,0,0,0,0,0,0,0,0,0,birds,-6.0242004,0.3627373,-0.27607948,0.8486491,-0.5157106,0.7779076,-0.11484898,0.18597393,0.34677395,0.22857684,0.1588983,0.13414557,0.4321986
7.767646,-1.220166,5.2887416,3,0,0,00:00.0,00:00.0,uploads\f2e6d795-3777-11f0-84b6-581122bb7f2c\20210509T160000+1000_REC_226.wav,False,0,0,0,0,0,0,0,0,0,0,0,0,birds,-6.1017785,0.22245513,0.09555136,0.7199235,-0.36317196,0.42953888,0.07071271,0.23389488,0.31569752,0.08836002,0.27975756,0.07424856,0.36534822
8.7743845,-2.713556,5.2308235,3,0,0,00:00.0,00:00.0,uploads\f2e6d795-3777-11f0-84b6-581122bb7f2c\20210509T160000+1000_REC_227.wav,False,0,0,0,0,0,0,0,0,0,0,0,0,birds,-6.0740857,-0.33725205,0.5584189,0.4259166,-0.29284245,0.640037,-0.106422156,0.40192318,0.06931636,0.39073682,0.072068125,0.21796456,0.2777883
9.559077,-1.2679114,4.6480536,3,0,0,00:00.0,00:00.0,uploads\f2e6d795-3777-11f0-84b6-581122bb7f2c\20210509T160000+1000_REC_228.wav,False,0,0,0,0,0,0,0,0,0,0,0,0,birds,-5.934641,0.5511622,-0.23917133,1.1544043,-0.69069386,0.8021939,-0.24186851,0.16103011,0.49183258,0.026009308,0.22367337,0.13490444,0.4424514
9.560286,-1.2693962,4.6524153,3,0,0,00:00.0,00:00.0,uploads\f2e6d795-3777-11f0-84b6-581122bb7f2c\20210509T160000+1000_REC_229.wav,False,0,0,0,0,0,0,0,0,0,0,0,0,birds,-5.929816,0.47831753,-0.31035066,1.1673092,-0.75981647,0.80820876,-0.2298661,0.18598326,0.4617721,0.11424752,0.16737042,0.06424269,0.34306842
9.538907,-1.259249,4.6394577,3,0,0,00:00.0,00:00.0,uploads\f2e6d795-3777-11f0-84b6-581122bb7f2c\20210509T160000+1000_REC_230.wav,False,0,0,0,0,0,0,0,0,0,0,0,0,birds,-5.949021,0.50255364,-0.33827898,1.0554816,-0.5305799,0.79450995,-0.4016848,0.27023837,0.46986082,0.16952004,0.09282044,0.056027886,0.5596764
8.76929,-2.7184298,5.23345,3,0,0,00:00.0,00:00.0,uploads\f2e6d795-3777-11f0-84b6-581122bb7f2c\20210509T160000+1000_REC_231.wav,False,0,0,0,0,0,0,0,0,0,0,0,0,birds,-6.0763583,-0.17029767,0.59487784,0.26547733,-0.35914582,0.63872695,-0.195718,0.40364677,-0.020272443,0.38531086,0.029470019,0.18786421,0.26254088
8.669979,-1.1472273,5.000723,3,0,0,00:00.0,00:00.0,uploads\f2e6d795-3777-11f0-84b6-581122bb7f2c\20210509T160000+1000_REC_233.wav,False,0,0,0,0,0,0,0,0,0,0,0,0,birds,-6.0408926,0.39688873,0.13528694,0.8135314,-0.6189802,0.6640051,-0.0067317165,0.31788176,0.2577683,0.17691165,0.33721697,0.014969197,0.38295025
7.921382,-1.2560517,5.1210876,3,0,0,00:00.0,00:00.0,uploads\f2e6d795-3777-11f0-84b6-581122bb7f2c\20210509T160000+1000_REC_234.wav,False,0,0,0,0,0,0,0,0,0,0,0,0,birds,-6.125434,-0.08112157,0.15000522,0.5284021,-0.15067488,0.49243873,0.073699646,0.14874697,0.35003945,0.0185684,0.3053799,0.21204685,0.17120661
8.920652,-2.6192214,5.252817,3,0,0,00:00.0,00:00.0,uploads\f2e6d795-3777-11f0-84b6-581122bb7f2c\20210509T160000+1000_REC_235.wav,True,0,1,0,0,1,0,0,0,0,0,0,0,birds,-6.0038853,-0.48577946,0.69323146,0.4270881,-0.41372833,0.7177627,-0.22155541,0.5959957,-0.102157205,0.5233067,0.013500466,0.18986449,0.32211518
8.866533,-2.3262627,5.152809,3,0,0,00:00.0,00:00.0,uploads\f2e6d795-3777-11f0-84b6-581122bb7f2c\20210509T160000+1000_REC_236.wav,False,0,0,0,0,0,0,0,0,0,0,0,0,birds,-6.013212,0.21240246,0.09792147,0.87901783,-0.49567997,0.7691956,-0.31209478,0.5636837,0.18817268,0.41139868,0.019534344,0.292723,0.334325
8.696685,-1.1521747,5.0427704,3,0,0,00:00.0,00:00.0,uploads\f2e6d795-3777-11f0-84b6-581122bb7f2c\20210509T160000+1000_REC_237.wav,False,0,0,0,0,0,0,0,0,0,0,0,0,birds,-6.039363,0.23522386,0.20000575,0.9039216,-0.56798846,0.67207676,-0.0053597866,0.35162643,0.2699498,0.23066665,0.2637502,0.09876757,0.41184187
8.865969,-1.8652786,5.1394043,3,0,0,00:00.0,00:00.0,uploads\f2e6d795-3777-11f0-84b6-581122bb7f2c\20210509T160000+1000_REC_238.wav,False,0,0,0,0,0,0,0,0,0,0,0,0,birds,-6.017587,0.37356094,0.08620165,0.9135354,-0.5395264,0.80589116,-0.12245124,0.44531998,0.26555794,0.35069874,0.12603596,0.19558027,0.32503003
8.75266,-2.6550415,5.1940618,3,0,0,00:00.0,00:00.0,uploads\f2e6d795-3777-11f0-84b6-581122bb7f2c\20210509T160000+1000_REC_239.wav,False,0,0,0,0,0,0,0,0,0,0,0,0,birds,-6.085573,-0.04381066,0.31501922,0.5022907,-0.2936906,0.67102104,-0.20512024,0.41815612,0.08434075,0.42893335,0.016311979,0.25158274,0.31279418
7.7686763,-1.2290498,5.2716165,3,0,0,00:00.0,00:00.0,uploads\f2e6d795-3777-11f0-84b6-581122bb7f2c\20210509T160000+1000_REC_240.wav,False,0,0,0,0,0,0,0,0,0,0,0,0,birds,-6.1050377,0.23639181,0.26387963,0.69589293,-0.26732495,0.4751691,0.13425824,0.2951297,0.32346597,0.20572488,0.282147,0.08809716,0.36685044
7.7175937,-1.2076657,5.3240247,3,0,0,00:00.0,00:00.0,uploads\f2e6d795-3777-11f0-84b6-581122bb7f2c\20210509T160000+1000_REC_241.wav,False,0,0,0,0,0,0,0,0,0,0,0,0,birds,-6.1095533,0.30323797,0.20700067,0.6283699,-0.2670817,0.47633186,0.19507444,0.19994356,0.38045382,0.15936819,0.3133911,0.09899395,0.3616809
8.714311,-2.6624346,5.1742473,3,0,0,00:00.0,00:00.0,uploads\f2e6d795-3777-11f0-84b6-581122bb7f2c\20210509T160000+1000_REC_242.wav,False,0,0,0,0,0,0,0,0,0,0,0,0,birds,-6.075302,-0.09319025,0.46599358,0.6127102,-0.29420432,0.6445749,-0.019253006,0.48181003,0.07653987,0.4593614,0.15009218,0.27037898,0.30322352
9.049925,-1.1473637,5.064851,3,0,0,00:00.0,00:00.0,uploads\f2e6d795-3777-11f0-84b6-581122bb7f2c\20210509T160000+1000_REC_243.wav,False,0,0,0,0,0,0,0,0,0,0,0,0,birds,-5.996133,0.5126829,-0.03490137,1.0866166,-0.6158961,0.67748445,0.056005858,0.39502114,0.24792267,0.25734225,0.24926639,0.21386221,0.31940648
7.7052736,-1.2014284,5.3405914,3,0,0,00:00.0,00:00.0,uploads\f2e6d795-3777-11f0-84b6-581122bb7f2c\20210509T160000+1000_REC_244.wav,False,0,0,0,0,0,0,0,0,0,0,0,0,birds,-6.1285,0.3030494,0.3367662,0.51573664,-0.12653905,0.39942154,0.2013916,0.19114472,0.35834232,0.18936336,0.28762725,0.14032376,0.31902567
7.309937,-1.578587,4.76339,3,0,0,00:00.0,00:00.0,uploads\f2e6d795-3777-11f0-84b6-581122bb7f2c\20210509T160000+1000_REC_245.wav,False,0,0,0,0,0,0,0,0,0,0,0,0,birds,-6.107831,0.22585723,0.21623583,0.66145295,-0.2312415,0.56059474,0.0880111,0.3653934,0.23764303,0.21405797,0.24501094,0.19645499,0.31576434
8.678571,-1.4322387,5.0785866,3,0,0,00:00.0,00:00.0,uploads\f2e6d795-3777-11f0-84b6-581122bb7f2c\20210509T160000+1000_REC_246.wav,True,0,1,0,0,1,0,0,0,0,0,0,0,birds,-6.03062,0.40051618,0.01731928,0.9189794,-0.4303565,0.8102975,-0.058107086,0.28408754,0.33956683,0.35346407,0.17137244,0.23167983,0.31944463
8.668794,-1.322201,5.050731,3,0,0,00:00.0,00:00.0,uploads\f2e6d795-3777-11f0-84b6-581122bb7f2c\20210509T160000+1000_REC_247.wav,False,0,0,0,0,0,0,0,0,0,0,0,0,birds,-6.041402,0.36776707,0.11354414,0.9078433,-0.4744649,0.7322002,0.061811052,0.3217357,0.28647664,0.30628407,0.26357865,0.19015545,0.33606392
8.469533,-1.3003722,5.052836,3,0,0,00:00.0,00:00.0,uploads\f2e6d795-3777-11f0-84b6-581122bb7f2c\20210509T160000+1000_REC_248.wav,False,0,0,0,0,0,0,0,0,0,0,0,0,birds,-6.038089,0.6330855,-0.034972493,0.72868264,-0.47235787,0.7857229,-0.012049832,0.20651668,0.3473241,0.28888562,0.27515006,0.094746515,0.35386035
9.072203,-1.1486773,5.065518,3,0,0,00:00.0,00:00.0,uploads\f2e6d795-3777-11f0-84b6-581122bb7f2c\20210509T160000+1000_REC_249.wav,False,0,0,0,0,0,0,0,0,0,0,0,0,birds,-5.998533,0.5070045,-0.11545644,1.095916,-0.5696429,0.6686761,-0.050503567,0.43214,0.21658556,0.24524929,0.22095115,0.050554212,0.27339345
8.230537,-1.1586792,5.133242,3,0,0,00:00.0,00:00.0,uploads\f2e6d795-3777-11f0-84b6-581122bb7f2c\20210509T160000+1000_REC_250.wav,False,0,0,0,0,0,0,0,0,0,0,0,0,birds,-6.0845003,0.432184,-0.103133574,0.7247071,-0.31842545,0.5404423,-0.06186889,0.32871586,0.34320468,0.14050692,0.1877531,0.1530724,0.34052733
8.509654,-0.8794088,5.427145,3,0,0,00:00.0,00:00.0,uploads\f2e6d795-3777-11f0-84b6-581122bb7f2c\20210509T160000+1000_REC_251.wav,False,0,0,0,0,0,0,0,0,0,0,0,0,birds,-6.0505877,0.470062,-0.10584274,0.8534705,-0.4753928,0.46208456,-0.2109688,0.47186482,0.23376958,0.10171052,0.18445404,0.18339416,0.31921878
8.837667,-2.3273907,5.1292295,3,0,0,00:00.0,00:00.0,uploads\f2e6d795-3777-11f0-84b6-581122bb7f2c\20210509T160000+1000_REC_252.wav,False,0,0,0,0,0,0,0,0,0,0,0,0,birds,-6.041847,0.0855827,0.28498197,0.6745645,-0.5514251,0.7586679,-0.2959191,0.47295365,0.118675806,0.36929882,0.04088195,0.14763029,0.26100543
8.597914,-2.5162778,5.0551667,3,0,0,00:00.0,00:00.0,uploads\f2e6d795-3777-11f0-84b6-581122bb7f2c\20210509T160000+1000_REC_253.wav,False,0,0,0,0,0,0,0,0,0,0,0,0,birds,-6.07715,0.14570037,0.3087052,0.6502763,-0.4360429,0.6516861,-0.045449503,0.40771842,0.16205046,0.3862959,0.16504623,0.19578618,0.358481
8.41738,-1.2789457,5.071599,3,0,0,00:00.0,00:00.0,uploads\f2e6d795-3777-11f0-84b6-581122bb7f2c\20210509T160000+1000_REC_254.wav,False,0,0,0,0,0,0,0,0,0,0,0,0,birds,-6.050764,0.48415944,-0.068285264,0.75466114,-0.44365236,0.73415524,-0.05944623,0.19164902,0.41204834,0.27300876,0.19869289,0.059184425,0.36778113
8.783631,-2.3450418,5.1012354,3,0,0,00:00.0,00:00.0,uploads\f2e6d795-3777-11f0-84b6-581122bb7f2c\20210509T160000+1000_REC_255.wav,False,0,0,0,0,0,0,0,0,0,0,0,0,birds,-6.0437245,-0.004833202,0.24312758,0.73966026,-0.5972265,0.7410784,-0.10138939,0.42549706,0.20214085,0.37982616,0.10874216,0.24100648,0.26100916
8.853248,-2.4318917,5.1714177,3,0,0,00:00.0,00:00.0,uploads\f2e6d795-3777-11f0-84b6-581122bb7f2c\20210509T160000+1000_REC_256.wav,False,0,0,0,0,0,0,0,0,0,0,0,0,birds,-6.0413194,-0.018795533,0.33079436,0.5993848,-0.4443253,0.78583777,-0.24905561,0.5999364,0.09452295,0.45367134,0.08317562,0.27589142,0.3184784
8.28967,-1.2479644,5.0895934,3,0,0,00:00.0,00:00.0,uploads\f2e6d795-3777-11f0-84b6-581122bb7f2c\20210509T160000+1000_REC_257.wav,True,0,1,0,0,1,0,0,0,0,0,0,0,birds,-6.070678,0.4353912,-0.053786807,0.7246485,-0.40540627,0.66310227,0.02884094,0.20759004,0.3516751,0.23142889,0.2944319,0.12402349,0.36101663
8.79991,-2.7027912,5.236753,3,0,0,00:00.0,00:00.0,uploads\f2e6d795-3777-11f0-84b6-581122bb7f2c\20210509T160000+1000_REC_258.wav,False,0,0,0,0,0,0,0,0,0,0,0,0,birds,-6.036602,-0.43499237,0.5317888,0.48103604,-0.2786474,0.8919322,-0.07241752,0.3599402,0.14901455,0.5094368,0.16049069,0.26216722,0.27907807
8.939548,-2.5925963,5.260196,3,0,0,00:00.0,00:00.0,uploads\f2e6d795-3777-11f0-84b6-581122bb7f2c\20210509T160000+1000_REC_259.wav,True,0,1,0,0,1,0,0,0,0,0,0,0,birds,-5.9256454,-0.36564836,0.70164925,0.52685136,-0.62323576,0.8967828,-0.3594888,0.7549106,-0.18324773,0.627417,-0.08413638,0.4091761,0.18659584
8.662047,-2.5718398,5.1224685,3,0,0,00:00.0,00:00.0,uploads\f2e6d795-3777-11f0-84b6-581122bb7f2c\20210509T160000+1000_REC_260.wav,False,0,0,0,0,0,0,0,0,0,0,0,0,birds,-6.0707626,0.05948473,0.5099748,0.57040673,-0.40383172,0.70805305,-0.042022612,0.45671847,0.14685495,0.37840945,0.14977568,0.24714282,0.29886568
8.821993,-2.340535,5.1246915,3,0,0,00:00.0,00:00.0,uploads\f2e6d795-3777-11f0-84b6-581122bb7f2c\20210509T160000+1000_REC_261.wav,False,0,0,0,0,0,0,0,0,0,0,0,0,birds,-6.041996,0.16126986,0.36539385,0.6596355,-0.54390424,0.80273694,-0.12341693,0.42665327,0.08834355,0.48094982,0.012035915,0.28876847,0.18895939
9.427459,-1.2686956,4.833621,3,0,0,00:00.0,00:00.0,uploads\f2e6d795-3777-11f0-84b6-581122bb7f2c\20210509T160000+1000_REC_262.wav,False,0,0,0,0,0,0,0,0,0,0,0,0,birds,-5.9486375,0.8073485,0.08899569,0.987739,-0.85705817,0.7459062,-0.035426684,0.24786276,0.38343608,0.20236555,0.22157785,0.07641847,0.2848182
9.420554,-1.2511336,4.8619437,3,0,0,00:00.0,00:00.0,uploads\f2e6d795-3777-11f0-84b6-581122bb7f2c\20210509T160000+1000_REC_264.wav,True,0,1,0,0,1,0,0,0,0,0,0,0,birds,-5.9504414,0.61740834,0.047653712,1.080222,-0.8754773,0.7397935,-0.0016219119,0.27438068,0.2981597,0.23344125,0.28210866,0.08042339,0.3369197
8.8939,-2.1993508,5.142495,3,0,0,00:00.0,00:00.0,uploads\f2e6d795-3777-11f0-84b6-581122bb7f2c\20210509T160000+1000_REC_265.wav,False,0,0,0,0,0,0,0,0,0,0,0,0,birds,-6.000301,0.43883017,0.287517,0.8799529,-0.65054953,0.81676435,-0.12802675,0.4706034,0.13383603,0.43577412,0.04185241,0.22386159,0.22881193
8.936184,-1.7824919,5.118276,3,0,0,00:00.0,00:00.0,uploads\f2e6d795-3777-11f0-84b6-581122bb7f2c\20210509T160000+1000_REC_266.wav,False,0,0,0,0,0,0,0,0,0,0,0,0,birds,-6.010735,0.4047214,0.17621678,0.84644127,-0.6805304,0.80131257,-0.14089839,0.4042336,0.19992006,0.35186422,0.1489716,0.15558375,0.33510196
8.243066,-1.5867761,4.856352,3,0,0,00:00.0,00:00.0,uploads\f2e6d795-3777-11f0-84b6-581122bb7f2c\20210509T180000+1000_REC_2.wav,False,0,0,0,0,0,0,0,0,0,0,0,0,birds,-6.057218,0.53161496,-0.4376577,0.6289742,-0.045612164,0.32842812,0.073730394,0.22072254,-0.111496344,0.46671805,0.5043615,-0.32203782,0.3216281
7.631769,-3.022699,3.946328,3,0,0,00:00.0,00:00.0,uploads\f2e6d795-3777-11f0-84b6-581122bb7f2c\20210509T180000+1000_REC_18.wav,False,0,0,0,0,0,0,0,0,0,0,0,0,birds,-6.00635,0.40154016,-0.6664833,0.7994662,-0.057339408,0.24174574,-0.021882046,0.27911836,-0.21297997,0.477366,0.5616321,-0.3932083,0.2816005
8.253217,-1.8340958,4.852123,3,0,0,00:00.0,00:00.0,uploads\f2e6d795-3777-11f0-84b6-581122bb7f2c\20210509T180000+1000_REC_23.wav,True,0,0,0,0,1,1,0,0,0,0,0,0,birds,-6.028198,0.47326335,-0.57795143,0.66010696,-0.0007220839,0.11802296,0.041584704,0.22143774,-0.24859962,0.574341,0.43290234,-0.39902383,0.35728875
7.88975,-1.1680261,4.543665,3,0,0,00:00.0,00:00.0,uploads\f2e6d795-3777-11f0-84b6-581122bb7f2c\20210509T180000+1000_REC_78.wav,False,0,0,0,0,0,0,0,0,0,0,0,0,birds,-5.9435205,-0.08658296,-0.95923775,1.1643313,0.002033899,0.2335743,0.09459397,0.1741801,-0.029308952,0.2173587,0.6409181,-0.17251015,0.11938667
7.8430653,-1.174788,4.5282674,3,0,0,00:00.0,00:00.0,uploads\f2e6d795-3777-11f0-84b6-581122bb7f2c\20210509T180000+1000_REC_94.wav,False,0,0,0,0,0,0,0,0,0,0,0,0,birds,-5.996282,-0.09583407,-0.8149002,0.9761121,0.06852064,0.13861695,0.23689081,0.21388175,-0.091839,0.23902054,0.61484,-0.18177684,0.19301835
7.5085397,-1.6491928,4.7960477,3,0,0,00:00.0,00:00.0,uploads\f2e6d795-3777-11f0-84b6-581122bb7f2c\20210509T180000+1000_REC_214.wav,False,0,0,0,0,0,0,0,0,0,0,0,0,birds,-6.0391555,0.30241826,-0.8061079,0.5560529,0.09019131,0.014787405,0.10028841,0.31297183,-0.17447452,0.26459152,0.29308528,-0.29712126,0.31325415
7.056067,-1.1490508,5.5301514,3,0,0,00:00.0,00:00.0,uploads\f2e6d795-3777-11f0-84b6-581122bb7f2c\20210509T180000+1000_REC_217.wav,False,0,0,0,0,0,0,0,0,0,0,0,0,birds,-6.023132,0.26310655,-0.7401886,0.64516926,0.106605396,-0.18218215,0.27849945,0.3250419,-0.16527632,0.57261986,0.47989607,-0.24548808,0.21548025
9.04796,-1.1293504,5.07305,3,0,0,00:00.0,00:00.0,uploads\f2e6d795-3777-11f0-84b6-581122bb7f2c\20210509T220000+1000_REC_92.wav,False,0,0,0,0,0,0,0,0,0,0,0,0,birds,-6.0234776,0.6468752,-0.21741353,0.8253187,-0.010130003,0.51087725,0.34591937,-0.10006188,0.08599417,0.8396063,0.02661836,-0.06810813,0.42253107
10.012872,6.6791987,-3.6716306,4,0,0,00:00.0,00:00.0,uploads\f2e6d795-3777-11f0-84b6-581122bb7f2c\20210509T000000+1000_REC_172.wav,False,0,0,0,0,0,0,0,0,0,0,0,0,insects,-6.12322,0.37064573,-0.026980886,0.43143082,-0.25169522,0.05836739,0.39540026,0.040288337,0.03452236,0.36083332,0.14356536,0.038722236,0.3704267
9.897265,6.64295,-3.6879365,4,0,0,00:00.0,00:00.0,uploads\f2e6d795-3777-11f0-84b6-581122bb7f2c\20210509T000000+1000_REC_173.wav,False,0,0,0,0,0,0,0,0,0,0,0,0,insects,-6.1328793,0.2982682,0.08302123,0.2809056,-0.32832864,0.035606444,0.31704098,0.10473593,0.06476087,0.3437875,0.12658924,0.13869509,0.33141252
11.532849,6.709604,-2.8052502,4,0,0,00:00.0,00:00.0,uploads\f2e6d795-3777-11f0-84b6-581122bb7f2c\20210509T000000+1000_REC_238.wav,False,0,0,0,0,0,0,0,0,0,0,0,0,insects,-6.068739,0.3446175,-0.53456074,0.6536478,-0.17228238,0.26520884,0.34614646,0.052930865,-0.14419721,0.49693227,0.10407056,0.095819145,0.40493396
11.099599,6.783291,-1.9616759,4,0,0,00:00.0,00:00.0,uploads\f2e6d795-3777-11f0-84b6-581122bb7f2c\20210509T060000+1000_REC_18.wav,False,0,0,0,0,0,0,0,0,0,0,0,0,insects,-6.023823,0.837519,-0.48929805,0.7093801,-0.12118285,0.23043513,0.12180451,0.09967973,0.14694391,0.57118094,-0.22515775,0.024205798,0.5315498
10.767221,6.663827,-3.3952482,4,0,0,00:00.0,00:00.0,uploads\f2e6d795-3777-11f0-84b6-581122bb7f2c\20210509T060000+1000_REC_35.wav,False,0,0,0,0,0,0,0,0,0,0,0,0,insects,-5.99715,1.3017642,-0.2205759,-0.11014803,-0.55214864,0.1308626,0.14102928,0.08031054,0.06184353,0.21748364,0.2399529,0.03586174,0.07944099
11.580908,7.2630033,-3.026579,4,0,0,00:00.0,00:00.0,uploads\f2e6d795-3777-11f0-84b6-581122bb7f2c\20210509T060000+1000_REC_38.wav,False,0,0,0,0,0,0,0,0,0,0,0,0,insects,-5.866649,1.7119571,-0.46731666,0.5818582,-0.38980898,0.096985966,0.20158301,0.054026417,-0.04222273,0.5675694,-0.06633888,-0.10058741,0.33086407
11.129179,6.8212757,-2.0200427,4,0,0,00:00.0,00:00.0,uploads\f2e6d795-3777-11f0-84b6-581122bb7f2c\20210509T060000+1000_REC_206.wav,False,0,0,0,0,0,0,0,0,0,0,0,0,insects,-5.984526,1.020721,-0.6044582,0.7282273,0.06500817,0.2790306,0.09165728,0.06914743,0.21667887,0.5967439,-0.23362656,-0.09563165,0.50416523
11.163496,6.7827168,-2.0097985,4,0,0,00:00.0,00:00.0,uploads\f2e6d795-3777-11f0-84b6-581122bb7f2c\20210509T060000+1000_REC_211.wav,False,0,0,0,0,0,0,0,0,0,0,0,0,insects,-5.9859743,0.954138,-0.5477858,0.68634623,-0.20009434,0.2498981,0.12716034,0.008726365,0.059137303,0.6767644,-0.13745555,-0.27703434,0.46904537
11.08954,6.6988373,-1.6173861,4,0,0,00:00.0,00:00.0,uploads\f2e6d795-3777-11f0-84b6-581122bb7f2c\20210509T180000+1000_REC_34.wav,False,0,0,0,0,0,0,0,0,0,0,0,0,insects,-5.894284,0.3913656,-1.0825129,0.9534428,0.051300727,0.2510163,-0.24177708,0.34126815,-0.24725543,0.5519055,0.4576381,-0.45706847,0.49310058
10.9611025,7.2074184,-1.6369455,4,0,0,00:00.0,00:00.0,uploads\f2e6d795-3777-11f0-84b6-581122bb7f2c\20210509T180000+1000_REC_51.wav,True,0,0,0,0,1,0,0,0,0,0,0,0,insects,-5.9514256,0.39224863,-0.87401676,0.8885746,0.04546863,0.04401918,0.04608094,0.2843038,-0.37697002,0.5862294,0.5267011,-0.38091585,0.36082083
10.950215,7.229502,-1.618775,4,0,0,00:00.0,00:00.0,uploads\f2e6d795-3777-11f0-84b6-581122bb7f2c\20210509T180000+1000_REC_56.wav,False,0,0,0,0,0,0,0,0,0,0,0,0,insects,-5.9592714,0.34021693,-0.8662096,0.7550021,0.08301873,0.046455737,0.14394636,0.23571843,-0.4069658,0.606032,0.6454449,-0.3875587,0.33209842
10.950182,7.2279487,-1.6184626,4,0,0,00:00.0,00:00.0,uploads\f2e6d795-3777-11f0-84b6-581122bb7f2c\20210509T180000+1000_REC_57.wav,False,0,0,0,0,0,0,0,0,0,0,0,0,insects,-5.950794,0.34908345,-0.9236466,0.81865877,0.15421927,0.028108686,0.18037046,0.28673747,-0.45353103,0.49272087,0.65498704,-0.32477275,0.25258496
10.937335,7.239286,-1.6069452,4,0,0,00:00.0,00:00.0,uploads\f2e6d795-3777-11f0-84b6-581122bb7f2c\20210509T180000+1000_REC_58.wav,False,0,0,0,0,0,0,0,0,0,0,0,0,insects,-5.969725,0.27130753,-0.7798378,0.81740004,0.0075819953,0.069133945,0.1833096,0.24877088,-0.436548,0.54828197,0.6432138,-0.3790833,0.310544
10.884612,7.358958,-1.5424954,4,0,0,00:00.0,00:00.0,uploads\f2e6d795-3777-11f0-84b6-581122bb7f2c\20210509T200000+1000_REC_170.wav,False,0,0,0,0,0,0,0,0,0,0,0,0,insects,-5.9966784,0.471199,-0.90942293,0.89247274,0.49371347,0.015968211,0.15373445,0.35312346,0.058595963,0.32208547,0.40387344,0.30505717,0.16053595
11.149456,6.8624973,-1.9413975,4,0,0,00:00.0,00:00.0,uploads\f2e6d795-3777-11f0-84b6-581122bb7f2c\20210509T220000+1000_REC_0.wav,False,0,0,0,0,0,0,0,0,0,0,0,0,insects,-6.0039024,0.5789998,-0.36725515,0.82331324,-0.05703078,0.56398517,0.31489456,-0.11720063,0.008763615,0.88800675,0.12441207,-0.14577554,0.46562725
11.194953,6.8473206,-2.0314908,4,0,0,00:00.0,00:00.0,uploads\f2e6d795-3777-11f0-84b6-581122bb7f2c\20210509T220000+1000_REC_1.wav,True,0,1,0,0,1,0,0,0,0,0,0,0,insects,-6.0041976,0.5699049,-0.34293583,0.8020275,-0.02350729,0.5983778,0.3470588,-0.102173895,0.032059077,0.91372085,0.15209989,-0.17090571,0.42994148
11.337314,6.6806316,-2.0915313,4,0,0,00:00.0,00:00.0,uploads\f2e6d795-3777-11f0-84b6-581122bb7f2c\20210509T220000+1000_REC_2.wav,False,0,0,0,0,0,0,0,0,0,0,0,0,insects,-5.979714,0.49657446,-0.39014906,0.8593461,-0.0455762,0.71476656,0.27651584,-0.17550576,0.008562306,0.91657746,0.14091176,-0.23188193,0.49486375
11.537917,7.259484,-3.2194748,4,0,0,00:00.0,00:00.0,uploads\f2e6d795-3777-11f0-84b6-581122bb7f2c\20210509T220000+1000_REC_3.wav,False,0,0,0,0,0,0,0,0,0,0,0,0,insects,-5.985746,0.5751579,-0.49002016,0.8006634,0.025884446,0.51181155,0.41670316,-0.19341213,-0.01627298,0.98062605,0.0386555,-0.124777555,0.373473
11.150071,6.8651967,-1.9428737,4,0,0,00:00.0,00:00.0,uploads\f2e6d795-3777-11f0-84b6-581122bb7f2c\20210509T220000+1000_REC_4.wav,True,0,0,0,0,1,0,0,0,0,0,0,0,insects,-6.019523,0.5122064,-0.3750378,0.7269042,0.006388276,0.53605175,0.30520815,-0.16055319,0.013967733,0.91334754,0.12211743,-0.14378968,0.42188972
11.338715,6.673018,-2.0800042,4,0,0,00:00.0,00:00.0,uploads\f2e6d795-3777-11f0-84b6-581122bb7f2c\20210509T220000+1000_REC_5.wav,False,0,0,0,0,0,0,0,0,0,0,0,0,insects,-6.0040913,0.46781477,-0.3561913,0.78850615,-0.1049883,0.6619591,0.26145464,-0.1527276,0.057163756,0.878695,0.1419273,-0.24341322,0.45390823
11.136268,6.853267,-1.9190027,4,0,0,00:00.0,00:00.0,uploads\f2e6d795-3777-11f0-84b6-581122bb7f2c\20210509T220000+1000_REC_6.wav,False,0,0,0,0,0,0,0,0,0,0,0,0,insects,-6.0035243,0.57874566,-0.39311534,0.765185,-0.10138639,0.57282025,0.26756188,-0.16321832,-0.0017611556,0.8965008,0.100497924,-0.13809827,0.48472488
11.341339,6.6756806,-2.0906196,4,0,0,00:00.0,00:00.0,uploads\f2e6d795-3777-11f0-84b6-581122bb7f2c\20210509T220000+1000_REC_7.wav,False,0,0,0,0,0,0,0,0,0,0,0,0,insects,-5.9991293,0.48524174,-0.3684638,0.82631624,-0.09502523,0.6568833,0.2923488,-0.15184842,-0.04180862,0.85608095,0.17399558,-0.22988445,0.45953572
11.293922,6.714174,-2.059382,4,0,0,00:00.0,00:00.0,uploads\f2e6d795-3777-11f0-84b6-581122bb7f2c\20210509T220000+1000_REC_8.wav,False,0,0,0,0,0,0,0,0,0,0,0,0,insects,-5.986991,0.49136722,-0.43360916,0.8543117,-0.031696107,0.57110065,0.3038328,-0.14015971,0.011425307,0.94250804,0.1245857,-0.22911759,0.49938726
11.0896,6.694704,-1.6150254,4,0,0,00:00.0,00:00.0,uploads\f2e6d795-3777-11f0-84b6-581122bb7f2c\20210509T220000+1000_REC_11.wav,False,0,0,0,0,0,0,0,0,0,0,0,0,insects,-5.9941387,0.49345976,-0.41905403,0.81415844,-0.012644031,0.5901912,0.2260485,-0.13427868,0.09077489,0.9146784,0.026291648,-0.22147149,0.5609182
11.07555,6.6901035,-1.5989717,4,0,0,00:00.0,00:00.0,uploads\f2e6d795-3777-11f0-84b6-581122bb7f2c\20210509T220000+1000_REC_12.wav,False,0,0,0,0,0,0,0,0,0,0,0,0,insects,-6.005168,0.45972237,-0.3619403,0.83254737,-0.018346163,0.6028821,0.22643855,-0.1051593,0.07111646,0.8657573,0.05280061,-0.2921995,0.49539512
11.071468,6.7012596,-1.5918821,4,0,0,00:00.0,00:00.0,uploads\f2e6d795-3777-11f0-84b6-581122bb7f2c\20210509T220000+1000_REC_13.wav,False,0,0,0,0,0,0,0,0,0,0,0,0,insects,-5.9997897,0.49168122,-0.38808993,0.8104068,-0.046758592,0.58465296,0.19514439,-0.13713089,0.11532656,0.90462077,0.074628174,-0.2774075,0.50136006
11.133627,6.8032894,-1.9119967,4,0,0,00:00.0,00:00.0,uploads\f2e6d795-3777-11f0-84b6-581122bb7f2c\20210509T220000+1000_REC_14.wav,False,0,0,0,0,0,0,0,0,0,0,0,0,insects,-6.000616,0.55919653,-0.41777325,0.75271434,0.024884582,0.5253048,0.2654314,-0.1941771,0.0575017,0.95135164,0.047119237,-0.17104812,0.49252963
11.129161,6.8247695,-2.0313,4,0,0,00:00.0,00:00.0,uploads\f2e6d795-3777-11f0-84b6-581122bb7f2c\20210509T220000+1000_REC_16.wav,False,0,0,0,0,0,0,0,0,0,0,0,0,insects,-5.975782,0.6505625,-0.37119222,0.846169,0.041075446,0.55999017,0.3194503,-0.13595517,0.122205794,1.0045975,-0.008245128,-0.19097333,0.49831545
11.1299,6.831084,-2.0493596,4,0,0,00:00.0,00:00.0,uploads\f2e6d795-3777-11f0-84b6-581122bb7f2c\20210509T220000+1000_REC_17.wav,False,0,0,0,0,0,0,0,0,0,0,0,0,insects,-5.9963765,0.59470266,-0.44418412,0.7588503,0.060389332,0.51729804,0.31746086,-0.17370115,0.09370074,0.97357666,-0.017565204,-0.12667698,0.44157186
11.09277,6.6944795,-1.6198891,4,0,0,00:00.0,00:00.0,uploads\f2e6d795-3777-11f0-84b6-581122bb7f2c\20210509T220000+1000_REC_18.wav,False,0,0,0,0,0,0,0,0,0,0,0,0,insects,-5.9907804,0.5322468,-0.42883673,0.8199405,-0.00989475,0.5994585,0.20976083,-0.12069317,0.09678552,0.9074976,0.029878702,-0.2714175,0.52483845
11.090403,6.6947083,-1.6147962,4,0,0,00:00.0,00:00.0,uploads\f2e6d795-3777-11f0-84b6-581122bb7f2c\20210509T220000+1000_REC_19.wav,False,0,0,0,0,0,0,0,0,0,0,0,0,insects,-5.990975,0.5013649,-0.38228866,0.8266267,-0.03470957,0.6639556,0.20069125,-0.1815389,0.118884645,0.90393215,0.05384864,-0.25275132,0.50103986
11.105766,6.70873,-1.6376584,4,0,0,00:00.0,00:00.0,uploads\f2e6d795-3777-11f0-84b6-581122bb7f2c\20210509T220000+1000_REC_20.wav,False,0,0,0,0,0,0,0,0,0,0,0,0,insects,-5.995702,0.5376887,-0.36682183,0.82091504,0.059655856,0.58960867,0.21071185,-0.16288896,0.11794795,0.9427767,0.05628093,-0.19697563,0.52066416
11.104156,6.690295,-1.6336757,4,0,0,00:00.0,00:00.0,uploads\f2e6d795-3777-11f0-84b6-581122bb7f2c\20210509T220000+1000_REC_21.wav,False,0,0,0,0,0,0,0,0,0,0,0,0,insects,-5.968298,0.5782227,-0.45406953,0.8058282,0.00743824,0.6475928,0.21371633,-0.1771634,0.09369428,1.0019816,0.08320243,-0.26644617,0.5261868
11.113628,6.6930037,-1.6599237,4,0,0,00:00.0,00:00.0,uploads\f2e6d795-3777-11f0-84b6-581122bb7f2c\20210509T220000+1000_REC_22.wav,False,0,0,0,0,0,0,0,0,0,0,0,0,insects,-5.9649754,0.5630938,-0.38989192,0.8414971,0.025268087,0.7229849,0.29537115,-0.13152508,0.10780857,1.0006998,0.078248315,-0.25171372,0.5250047
11.09468,6.690905,-1.6170586,4,0,0,00:00.0,00:00.0,uploads\f2e6d795-3777-11f0-84b6-581122bb7f2c\20210509T220000+1000_REC_23.wav,False,0,0,0,0,0,0,0,0,0,0,0,0,insects,-5.996114,0.63918364,-0.32949808,0.7848133,0.031572014,0.58352983,0.21943921,-0.09741696,0.16498166,0.9284444,0.032509934,-0.18646504,0.5625371
11.131304,6.7252316,-1.7236446,4,0,0,00:00.0,00:00.0,uploads\f2e6d795-3777-11f0-84b6-581122bb7f2c\20210509T220000+1000_REC_24.wav,False,0,0,0,0,0,0,0,0,0,0,0,0,insects,-5.9974737,0.5304724,-0.34095716,0.81686634,0.026615402,0.66284204,0.25898936,-0.11556853,0.07410639,0.9007136,0.09674191,-0.2290524,0.51401055
11.168266,6.7651825,-1.8720857,4,0,0,00:00.0,00:00.0,uploads\f2e6d795-3777-11f0-84b6-581122bb7f2c\20210509T220000+1000_REC_25.wav,False,0,0,0,0,0,0,0,0,0,0,0,0,insects,-6.000776,0.5565235,-0.36992136,0.7863357,-0.020073516,0.61800116,0.2979722,-0.11849687,0.060524955,0.9142026,0.07380738,-0.17796104,0.49349824
11.51655,6.894946,-2.8249066,4,0,0,00:00.0,00:00.0,uploads\f2e6d795-3777-11f0-84b6-581122bb7f2c\20210509T220000+1000_REC_26.wav,False,0,0,0,0,0,0,0,0,0,0,0,0,insects,-5.985607,0.61879,-0.36355102,0.7941001,-0.043340027,0.6117531,0.40083772,-0.17146444,0.005058062,0.98159057,0.11684107,-0.14059387,0.41179115
11.331654,6.693561,-2.109025,4,0,0,00:00.0,00:00.0,uploads\f2e6d795-3777-11f0-84b6-581122bb7f2c\20210509T220000+1000_REC_27.wav,False,0,0,0,0,0,0,0,0,0,0,0,0,insects,-5.984849,0.5672674,-0.36430877,0.82690895,-0.044160567,0.65105927,0.31389043,-0.14737652,0.027519597,0.9441896,0.090609,-0.23754379,0.46830067
11.349045,6.6706786,-2.1029515,4,0,0,00:00.0,00:00.0,uploads\f2e6d795-3777-11f0-84b6-581122bb7f2c\20210509T220000+1000_REC_28.wav,False,0,0,0,0,0,0,0,0,0,0,0,0,insects,-5.996519,0.49616054,-0.3623945,0.8198005,-0.051899906,0.66921926,0.25947595,-0.13667172,-0.005326761,0.9050764,0.17785242,-0.21442221,0.46798107
11.507581,6.6599283,-2.645256,4,0,0,00:00.0,00:00.0,uploads\f2e6d795-3777-11f0-84b6-581122bb7f2c\20210509T220000+1000_REC_29.wav,False,0,0,0,0,0,0,0,0,0,0,0,0,insects,-5.995537,0.5696797,-0.33509183,0.8281768,-0.021349944,0.6484298,0.38891992,-0.13030683,-0.009072575,0.91335255,0.15721655,-0.14878328,0.42070475
11.47024,6.593546,-2.7346575,4,0,0,00:00.0,00:00.0,uploads\f2e6d795-3777-11f0-84b6-581122bb7f2c\20210509T220000+1000_REC_30.wav,False,0,0,0,0,0,0,0,0,0,0,0,0,insects,-6.0032315,0.5854634,-0.28181556,0.76654047,-0.0284087,0.66367596,0.41040385,-0.16565031,0.009746923,0.92955923,0.13172688,-0.072369084,0.39391974
11.321248,6.371129,-3.019239,4,0,0,00:00.0,00:00.0,uploads\f2e6d795-3777-11f0-84b6-581122bb7f2c\20210509T220000+1000_REC_31.wav,False,0,0,0,0,0,0,0,0,0,0,0,0,insects,-6.034849,0.5021281,-0.17573665,0.7600497,-0.008566722,0.6883956,0.30061424,-0.03688767,0.05228332,0.7911678,0.24215753,-0.13528235,0.4276146
11.363975,6.4716606,-2.957908,4,0,0,00:00.0,00:00.0,uploads\f2e6d795-3777-11f0-84b6-581122bb7f2c\20210509T220000+1000_REC_32.wav,False,0,0,0,0,0,0,0,0,0,0,0,0,insects,-6.0204954,0.5726529,-0.27246404,0.7017836,0.038051106,0.65657777,0.38316268,-0.12828945,0.03965414,0.8926968,0.17924933,-0.077168725,0.39914334
11.366888,6.4450936,-2.9595249,4,0,0,00:00.0,00:00.0,uploads\f2e6d795-3777-11f0-84b6-581122bb7f2c\20210509T220000+1000_REC_33.wav,False,0,0,0,0,0,0,0,0,0,0,0,0,insects,-6.0207405,0.57298523,-0.25506198,0.7098541,-0.004067652,0.6649109,0.36651665,-0.12308416,0.024484271,0.8720365,0.20934136,-0.08570178,0.42513284
11.327893,6.3828945,-3.0094452,4,0,0,00:00.0,00:00.0,uploads\f2e6d795-3777-11f0-84b6-581122bb7f2c\20210509T220000+1000_REC_34.wav,True,0,0,0,0,1,0,0,0,0,0,0,0,insects,-6.026478,0.55055255,-0.23678772,0.72373694,0.031817067,0.71161836,0.31747052,-0.07103961,0.05496907,0.82442945,0.21443944,-0.13546814,0.4162928
11.665889,6.5386953,-2.7025018,4,0,0,00:00.0,00:00.0,uploads\f2e6d795-3777-11f0-84b6-581122bb7f2c\20210509T220000+1000_REC_35.wav,False,0,0,0,0,0,0,0,0,0,0,0,0,insects,-5.98809,0.5722018,-0.380265,0.7495892,-0.055489726,0.75282353,0.3801369,-0.17019466,-0.025509749,0.901485,0.17936654,-0.18829677,0.41191635
11.670961,6.560116,-2.6864965,4,0,0,00:00.0,00:00.0,uploads\f2e6d795-3777-11f0-84b6-581122bb7f2c\20210509T220000+1000_REC_36.wav,False,0,0,0,0,0,0,0,0,0,0,0,0,insects,-5.978235,0.58442473,-0.37724873,0.7863302,-0.10612143,0.70388764,0.367145,-0.19227135,-0.012020414,0.96266073,0.20799308,-0.1388669,0.44804922
11.447232,6.605918,-2.2955465,4,0,0,00:00.0,00:00.0,uploads\f2e6d795-3777-11f0-84b6-581122bb7f2c\20210509T220000+1000_REC_37.wav,False,0,0,0,0,0,0,0,0,0,0,0,0,insects,-5.9880743,0.52180463,-0.29213226,0.8120154,-0.09903191,0.7185613,0.29524562,-0.09894883,-0.0029603112,0.95475465,0.20963453,-0.22622761,0.4553332
11.59055,6.546948,-2.7495263,4,0,0,00:00.0,00:00.0,uploads\f2e6d795-3777-11f0-84b6-581122bb7f2c\20210509T220000+1000_REC_38.wav,False,0,0,0,0,0,0,0,0,0,0,0,0,insects,-5.988633,0.5794431,-0.3683003,0.75699276,-0.008210991,0.73224217,0.3858356,-0.19226469,-0.026096959,0.9325517,0.15693542,-0.112870604,0.4172096
11.429646,6.4701405,-2.8895032,4,0,0,00:00.0,00:00.0,uploads\f2e6d795-3777-11f0-84b6-581122bb7f2c\20210509T220000+1000_REC_39.wav,False,0,0,0,0,0,0,0,0,0,0,0,0,insects,-6.011188,0.5647169,-0.29139322,0.70643145,-0.06453884,0.6787478,0.35620785,-0.110205345,-0.031453438,0.91156894,0.2213562,-0.0973222,0.42251235
11.5446615,6.514416,-2.6213813,4,0,0,00:00.0,00:00.0,uploads\f2e6d795-3777-11f0-84b6-581122bb7f2c\20210509T220000+1000_REC_40.wav,False,0,0,0,0,0,0,0,0,0,0,0,0,insects,-5.9925904,0.5545998,-0.29401085,0.79599357,-0.06899919,0.6997964,0.36382008,-0.10493361,-0.005477023,0.94008285,0.20662168,-0.18439001,0.43885234
11.66312,6.580548,-2.6984317,4,0,0,00:00.0,00:00.0,uploads\f2e6d795-3777-11f0-84b6-581122bb7f2c\20210509T220000+1000_REC_41.wav,False,0,0,0,0,0,0,0,0,0,0,0,0,insects,-5.9756484,0.6048985,-0.30367994,0.81176406,-0.034652214,0.7528255,0.37862942,-0.1734246,-0.05977868,0.9529471,0.20935528,-0.1796129,0.43456915
11.245959,6.557221,-3.0486693,4,0,0,00:00.0,00:00.0,uploads\f2e6d795-3777-11f0-84b6-581122bb7f2c\20210509T220000+1000_REC_42.wav,False,0,0,0,0,0,0,0,0,0,0,0,0,insects,-6.019512,0.66844743,-0.19066995,0.7436552,-0.040859103,0.5869089,0.3706617,-0.07442773,0.019785026,0.8937853,0.21436612,-0.10166281,0.36201057
11.319207,6.3815327,-3.0196753,4,0,0,00:00.0,00:00.0,uploads\f2e6d795-3777-11f0-84b6-581122bb7f2c\20210509T220000+1000_REC_43.wav,False,0,0,0,0,0,0,0,0,0,0,0,0,insects,-6.027561,0.57117444,-0.20147869,0.7660288,0.0023566268,0.6533544,0.33609942,-0.06316752,0.022527747,0.80209225,0.17765263,-0.16101843,0.43907845
11.528747,6.6396,-2.6807845,4,0,0,00:00.0,00:00.0,uploads\f2e6d795-3777-11f0-84b6-581122bb7f2c\20210509T220000+1000_REC_44.wav,False,0,0,0,0,0,0,0,0,0,0,0,0,insects,-5.9774027,0.5959378,-0.3900816,0.9168319,-0.08714537,0.6578679,0.37694037,-0.05481501,-0.06945937,0.91436476,0.21183868,-0.123320736,0.4165651
11.6602335,6.5445704,-2.7056715,4,0,0,00:00.0,00:00.0,uploads\f2e6d795-3777-11f0-84b6-581122bb7f2c\20210509T220000+1000_REC_45.wav,False,0,0,0,0,0,0,0,0,0,0,0,0,insects,-5.973867,0.67138606,-0.43033305,0.7481454,-0.038555503,0.7563127,0.37712708,-0.12351376,-0.014331206,0.94214666,0.1910955,-0.17314409,0.39646345
11.490332,6.5881424,-2.551398,4,0,0,00:00.0,00:00.0,uploads\f2e6d795-3777-11f0-84b6-581122bb7f2c\20210509T220000+1000_REC_46.wav,False,0,0,0,0,0,0,0,0,0,0,0,0,insects,-5.965055,0.64642054,-0.34401974,0.8251363,-0.063663304,0.7484169,0.3204818,-0.12640403,-0.014040756,0.99864477,0.20650391,-0.22068566,0.4186772
11.433342,6.459988,-2.8808224,4,0,0,00:00.0,00:00.0,uploads\f2e6d795-3777-11f0-84b6-581122bb7f2c\20210509T220000+1000_REC_47.wav,False,0,0,0,0,0,0,0,0,0,0,0,0,insects,-6.0178885,0.5233515,-0.33445817,0.7373748,-0.06568898,0.6785332,0.31347293,-0.123083614,-0.04728294,0.8338456,0.24870239,-0.135449,0.39284134
11.646219,7.067905,-2.8702734,4,0,0,00:00.0,00:00.0,uploads\f2e6d795-3777-11f0-84b6-581122bb7f2c\20210509T220000+1000_REC_48.wav,False,0,0,0,0,0,0,0,0,0,0,0,0,insects,-5.981255,0.6870257,-0.40108675,0.77891153,-0.03060122,0.6373971,0.419921,-0.21174198,-0.09507496,0.9331935,0.10905529,-0.13219471,0.33485743
11.108445,6.6909537,-1.6440011,4,0,0,00:00.0,00:00.0,uploads\f2e6d795-3777-11f0-84b6-581122bb7f2c\20210509T220000+1000_REC_50.wav,False,0,0,0,0,0,0,0,0,0,0,0,0,insects,-5.964772,0.62791026,-0.3879747,0.85736024,0.026647167,0.680044,0.21412867,-0.12135697,0.09969067,0.9832282,0.07559412,-0.27984387,0.53469676
11.657214,6.556817,-2.6890357,4,0,0,00:00.0,00:00.0,uploads\f2e6d795-3777-11f0-84b6-581122bb7f2c\20210509T220000+1000_REC_51.wav,False,0,0,0,0,0,0,0,0,0,0,0,0,insects,-5.9749503,0.5486752,-0.40376225,0.78935784,-0.00048008628,0.7410771,0.34671852,-0.21734916,-0.031094328,0.9589635,0.15749873,-0.19263723,0.45502228
11.661957,6.5584574,-2.6912966,4,0,0,00:00.0,00:00.0,uploads\f2e6d795-3777-11f0-84b6-581122bb7f2c\20210509T220000+1000_REC_52.wav,False,0,0,0,0,0,0,0,0,0,0,0,0,insects,-5.983451,0.5849736,-0.34498116,0.7728171,0.037228536,0.74214417,0.36370972,-0.14395897,-0.048612893,0.94696087,0.1972905,-0.19481523,0.43829092
11.3974695,6.434104,-2.9231746,4,0,0,00:00.0,00:00.0,uploads\f2e6d795-3777-11f0-84b6-581122bb7f2c\20210509T220000+1000_REC_53.wav,False,0,0,0,0,0,0,0,0,0,0,0,0,insects,-6.015133,0.5595173,-0.2700555,0.7239601,0.039037164,0.71671504,0.389369,-0.07723616,0.031705588,0.8818723,0.22849646,-0.10868067,0.38651857
11.653903,6.948525,-2.7902656,4,0,0,00:00.0,00:00.0,uploads\f2e6d795-3777-11f0-84b6-581122bb7f2c\20210509T220000+1000_REC_54.wav,False,0,0,0,0,0,0,0,0,0,0,0,0,insects,-5.9673147,0.6948149,-0.2990708,0.82491153,-0.004536994,0.7451185,0.38253462,-0.1721173,-0.062348343,0.97177863,0.19020672,-0.18394633,0.38691458
11.667118,6.5617476,-2.6913626,4,0,0,00:00.0,00:00.0,uploads\f2e6d795-3777-11f0-84b6-581122bb7f2c\20210509T220000+1000_REC_55.wav,False,0,0,0,0,0,0,0,0,0,0,0,0,insects,-5.966114,0.63422173,-0.31942716,0.80713665,-0.060962692,0.79961884,0.36482665,-0.16306119,-0.018936418,0.9684441,0.24733067,-0.117374524,0.46929097
11.439373,6.511775,-2.8501277,4,0,0,00:00.0,00:00.0,uploads\f2e6d795-3777-11f0-84b6-581122bb7f2c\20210509T220000+1000_REC_56.wav,True,0,0,0,0,1,0,0,0,0,0,0,0,insects,-5.99977,0.5904933,-0.28588638,0.7622675,0.049109478,0.7238499,0.37246233,-0.15620534,0.027952407,0.9160996,0.17425291,-0.111577906,0.41811255
11.395125,6.5036616,-2.8762743,4,0,0,00:00.0,00:00.0,uploads\f2e6d795-3777-11f0-84b6-581122bb7f2c\20210509T220000+1000_REC_57.wav,False,0,0,0,0,0,0,0,0,0,0,0,0,insects,-5.9949117,0.6378352,-0.25856248,0.7962421,0.041052796,0.7529068,0.3605199,-0.08934656,0.010455877,0.8950221,0.22371136,-0.14017366,0.4009988
11.406877,6.4934883,-2.8992414,4,0,0,00:00.0,00:00.0,uploads\f2e6d795-3777-11f0-84b6-581122bb7f2c\20210509T220000+1000_REC_58.wav,False,0,0,0,0,0,0,0,0,0,0,0,0,insects,-6.0005217,0.6059269,-0.28899074,0.7700425,-0.010496686,0.7315872,0.40264785,-0.11256236,-0.0049157315,0.87879556,0.20523109,-0.10303329,0.4150459
11.47218,7.1575146,-3.2509038,4,0,0,00:00.0,00:00.0,uploads\f2e6d795-3777-11f0-84b6-581122bb7f2c\20210509T220000+1000_REC_59.wav,False,0,0,0,0,0,0,0,0,0,0,0,0,insects,-5.9842916,0.6630263,-0.32670957,0.81207454,0.028390111,0.64306474,0.4862403,-0.16094108,-0.041774202,0.951637,0.14687535,-0.052063935,0.3763336
11.257897,6.934467,-2.6702478,4,0,0,00:00.0,00:00.0,uploads\f2e6d795-3777-11f0-84b6-581122bb7f2c\20210509T220000+1000_REC_60.wav,False,0,0,0,0,0,0,0,0,0,0,0,0,insects,-5.9819083,0.68544203,-0.30896837,0.84874696,0.034263615,0.62275815,0.4267301,-0.14768967,0.033559706,0.9337307,0.04309818,-0.13393754,0.4544478
11.669716,6.5415344,-2.693526,4,0,0,00:00.0,00:00.0,uploads\f2e6d795-3777-11f0-84b6-581122bb7f2c\20210509T220000+1000_REC_61.wav,False,0,0,0,0,0,0,0,0,0,0,0,0,insects,-5.9842086,0.60299337,-0.39572856,0.7302757,-0.012182586,0.71689236,0.34877437,-0.13829152,-0.033638462,0.96021837,0.20052597,-0.17946497,0.4430138
11.524265,7.2471943,-3.2162116,4,0,0,00:00.0,00:00.0,uploads\f2e6d795-3777-11f0-84b6-581122bb7f2c\20210509T220000+1000_REC_62.wav,False,0,0,0,0,0,0,0,0,0,0,0,0,insects,-5.994199,0.6855048,-0.37380314,0.7258147,0.05328444,0.6253795,0.39399943,-0.21894576,-0.0071450695,0.9337526,0.069613636,-0.07338577,0.39376152
11.177715,6.8416705,-1.9788995,4,0,0,00:00.0,00:00.0,uploads\f2e6d795-3777-11f0-84b6-581122bb7f2c\20210509T220000+1000_REC_63.wav,True,0,0,0,0,1,0,0,0,0,0,0,0,insects,-6.0113044,0.58933127,-0.3190864,0.7552908,0.008462872,0.5741238,0.34931657,-0.10202992,0.051637784,0.92251474,0.08744007,-0.15607727,0.43854612
11.606541,6.9403048,-2.7463949,4,0,0,00:00.0,00:00.0,uploads\f2e6d795-3777-11f0-84b6-581122bb7f2c\20210509T220000+1000_REC_64.wav,False,0,0,0,0,0,0,0,0,0,0,0,0,insects,-5.9646406,0.66664135,-0.4034611,0.7686725,-0.029393736,0.6685395,0.3676749,-0.21900353,-0.024526773,1.0424943,0.1850988,-0.12628038,0.43556705
11.528483,7.242151,-3.2115357,4,0,0,00:00.0,00:00.0,uploads\f2e6d795-3777-11f0-84b6-581122bb7f2c\20210509T220000+1000_REC_65.wav,True,0,0,0,0,1,0,0,0,0,0,0,0,insects,-5.99429,0.68003964,-0.34533384,0.75929713,0.032042075,0.56972474,0.4214047,-0.22383866,-0.028828323,0.94803065,0.07556387,-0.077098966,0.37787893
11.469574,7.1531186,-3.268531,4,0,0,00:00.0,00:00.0,uploads\f2e6d795-3777-11f0-84b6-581122bb7f2c\20210509T220000+1000_REC_66.wav,False,0,0,0,0,0,0,0,0,0,0,0,0,insects,-5.999754,0.6204234,-0.35602677,0.7332416,0.045588057,0.66470194,0.455489,-0.1721997,-0.04140685,0.89925086,0.1393477,-0.07858687,0.39692825
10.614981,6.794516,-3.1989706,4,0,0,00:00.0,00:00.0,uploads\f2e6d795-3777-11f0-84b6-581122bb7f2c\20210509T220000+1000_REC_68.wav,False,0,0,0,0,0,0,0,0,0,0,0,0,insects,-6.019328,0.6802707,-0.25317082,0.7287276,0.10515121,0.5232766,0.36653945,-0.09122919,0.1283981,0.9152069,0.05876682,-0.112825334,0.39597943
10.595886,6.7911053,-3.2286382,4,0,0,00:00.0,00:00.0,uploads\f2e6d795-3777-11f0-84b6-581122bb7f2c\20210509T220000+1000_REC_69.wav,False,0,0,0,0,0,0,0,0,0,0,0,0,insects,-6.0193477,0.597839,-0.25114524,0.7964827,0.09826854,0.62516606,0.31497166,-0.04024802,0.113167875,0.8480508,0.124194056,-0.1316573,0.46147
10.716903,6.8222456,-3.100106,4,0,0,00:00.0,00:00.0,uploads\f2e6d795-3777-11f0-84b6-581122bb7f2c\20210509T220000+1000_REC_73.wav,False,0,0,0,0,0,0,0,0,0,0,0,0,insects,-5.9974265,0.6621709,-0.25960743,0.8357577,0.07505124,0.5657045,0.395703,-0.10174217,0.072865635,0.9374755,0.05428079,-0.09475909,0.46732992
11.283166,6.493715,-3.024251,4,0,0,00:00.0,00:00.0,uploads\f2e6d795-3777-11f0-84b6-581122bb7f2c\20210509T220000+1000_REC_75.wav,False,0,0,0,0,0,0,0,0,0,0,0,0,insects,-6.0146475,0.66210467,-0.24548803,0.7635857,0.034402993,0.5985678,0.37644458,-0.05403168,0.06257333,0.8797329,0.16541442,-0.10047884,0.44244352
11.0733185,6.9780097,-3.2898285,4,0,0,00:00.0,00:00.0,uploads\f2e6d795-3777-11f0-84b6-581122bb7f2c\20210509T220000+1000_REC_76.wav,False,0,0,0,0,0,0,0,0,0,0,0,0,insects,-5.995482,0.7468522,-0.28264207,0.75263244,0.10651976,0.58519274,0.44042253,-0.12849118,0.037544407,0.95871806,0.15351348,-0.058273647,0.36144403
10.608273,6.785242,-3.1675913,4,0,0,00:00.0,00:00.0,uploads\f2e6d795-3777-11f0-84b6-581122bb7f2c\20210509T220000+1000_REC_77.wav,False,0,0,0,0,0,0,0,0,0,0,0,0,insects,-6.0099564,0.6281627,-0.22744268,0.8137111,0.11555759,0.5649007,0.3700289,-0.08136893,0.11991787,0.9137403,0.035438057,-0.12066936,0.45215315
11.321023,6.465087,-2.9934664,4,0,0,00:00.0,00:00.0,uploads\f2e6d795-3777-11f0-84b6-581122bb7f2c\20210509T220000+1000_REC_78.wav,False,0,0,0,0,0,0,0,0,0,0,0,0,insects,-6.016116,0.61950684,-0.271783,0.73978394,0.06925502,0.65085626,0.3793328,-0.014898912,0.04320703,0.8696271,0.19882545,-0.13813223,0.42711934
10.591847,6.7889986,-3.5169175,4,0,0,00:00.0,00:00.0,uploads\f2e6d795-3777-11f0-84b6-581122bb7f2c\20210509T220000+1000_REC_79.wav,False,0,0,0,0,0,0,0,0,0,0,0,0,insects,-6.033291,0.6442248,-0.21083312,0.724995,0.15616956,0.5737191,0.40688163,-0.0534423,0.08334193,0.8443887,0.10762021,-0.061589073,0.3504532
10.702666,6.815547,-3.4971664,4,0,0,00:00.0,00:00.0,uploads\f2e6d795-3777-11f0-84b6-581122bb7f2c\20210509T220000+1000_REC_80.wav,False,0,0,0,0,0,0,0,0,0,0,0,0,insects,-6.025262,0.6501131,-0.23022543,0.7381018,0.12441199,0.5938697,0.41766804,-0.09328764,0.028148169,0.8569535,0.13325548,-0.06398711,0.35113126
11.343478,6.4683447,-2.9611447,4,0,0,00:00.0,00:00.0,uploads\f2e6d795-3777-11f0-84b6-581122bb7f2c\20210509T220000+1000_REC_81.wav,True,0,0,0,0,1,0,0,0,0,0,0,0,insects,-6.007458,0.6572191,-0.2512377,0.7451,0.060165633,0.6861158,0.3815644,-0.07967768,0.0069358796,0.8754651,0.17706145,-0.14005096,0.42844442
10.2940445,6.7423735,-3.6212554,4,0,0,00:00.0,00:00.0,uploads\f2e6d795-3777-11f0-84b6-581122bb7f2c\20210509T220000+1000_REC_83.wav,False,0,0,0,0,0,0,0,0,0,0,0,0,insects,-6.048087,0.56130105,-0.12246353,0.71998185,0.15796725,0.56607395,0.34210953,-0.0358697,0.11571122,0.8434794,0.11777808,-0.051844317,0.36382607
10.424309,6.761247,-3.4986033,4,0,0,00:00.0,00:00.0,uploads\f2e6d795-3777-11f0-84b6-581122bb7f2c\20210509T220000+1000_REC_84.wav,False,0,0,0,0,0,0,0,0,0,0,0,0,insects,-6.0376534,0.58333033,-0.21939671,0.73591924,0.11977497,0.59793216,0.30725902,-0.022420343,0.0890434,0.8210336,0.14701746,-0.09834525,0.4333415
10.621958,6.7957006,-3.1614118,4,0,0,00:00.0,00:00.0,uploads\f2e6d795-3777-11f0-84b6-581122bb7f2c\20210509T220000+1000_REC_85.wav,False,0,0,0,0,0,0,0,0,0,0,0,0,insects,-6.0123506,0.67043203,-0.2771375,0.76800317,0.10753367,0.5523482,0.3575175,-0.076859996,0.13812187,0.8937551,0.029055513,-0.117560126,0.4587434
11.146063,6.9752026,-3.0758836,4,0,0,00:00.0,00:00.0,uploads\f2e6d795-3777-11f0-84b6-581122bb7f2c\20210509T220000+1000_REC_86.wav,False,0,0,0,0,0,0,0,0,0,0,0,0,insects,-5.993442,0.69880855,-0.2649212,0.8414826,0.10054617,0.5589275,0.4062925,-0.12986016,0.049690697,0.957673,0.0722508,-0.12494365,0.36602953
10.478642,6.681118,-3.1608784,4,0,0,00:00.0,00:00.0,uploads\f2e6d795-3777-11f0-84b6-581122bb7f2c\20210509T220000+1000_REC_87.wav,False,0,0,0,0,0,0,0,0,0,0,0,0,insects,-6.0475664,0.62820554,-0.09508223,0.7660072,0.032643132,0.56320983,0.35382268,0.021462321,0.07948893,0.7381799,0.09154421,-0.06485479,0.43410808
11.635132,7.062959,-2.8652315,4,0,0,00:00.0,00:00.0,uploads\f2e6d795-3777-11f0-84b6-581122bb7f2c\20210509T220000+1000_REC_88.wav,False,0,0,0,0,0,0,0,0,0,0,0,0,insects,-5.9715524,0.714046,-0.36600965,0.7549654,0.040849768,0.70631754,0.420561,-0.20257576,-0.04077391,0.99073243,0.17831382,-0.082099386,0.39030236
10.684134,6.812551,-3.509429,4,0,0,00:00.0,00:00.0,uploads\f2e6d795-3777-11f0-84b6-581122bb7f2c\20210509T220000+1000_REC_89.wav,False,0,0,0,0,0,0,0,0,0,0,0,0,insects,-6.0216403,0.68640107,-0.18975908,0.7385027,0.0788235,0.6636836,0.44375658,-0.09400431,0.013985251,0.8281175,0.20449851,-0.009016447,0.30757755
11.384258,6.799942,-2.5770736,4,0,0,00:00.0,00:00.0,uploads\f2e6d795-3777-11f0-84b6-581122bb7f2c\20210509T220000+1000_REC_93.wav,False,0,0,0,0,0,0,0,0,0,0,0,0,insects,-5.98596,0.7012034,-0.28068,0.81804055,0.10049244,0.67140824,0.33662283,-0.14598127,0.027956089,0.9311185,0.109991565,-0.17777543,0.43462414
11.386195,6.770915,-2.5725904,4,0,0,00:00.0,00:00.0,uploads\f2e6d795-3777-11f0-84b6-581122bb7f2c\20210509T220000+1000_REC_94.wav,False,0,0,0,0,0,0,0,0,0,0,0,0,insects,-5.9870653,0.6529172,-0.33553278,0.8142004,0.041695412,0.67371684,0.37896016,-0.13723898,0.044589188,0.927695,0.1034775,-0.16831838,0.42428848
11.5406475,7.2649865,-3.0689185,4,0,0,00:00.0,00:00.0,uploads\f2e6d795-3777-11f0-84b6-581122bb7f2c\20210509T220000+1000_REC_95.wav,False,0,0,0,0,0,0,0,0,0,0,0,0,insects,-5.973343,0.7366741,-0.39145005,0.8229757,0.073450714,0.5932774,0.42000052,-0.20299982,-0.01674052,0.97193,0.07929312,-0.09629454,0.38928634
11.136983,6.862796,-2.2011755,4,0,0,00:00.0,00:00.0,uploads\f2e6d795-3777-11f0-84b6-581122bb7f2c\20210509T220000+1000_REC_96.wav,False,0,0,0,0,0,0,0,0,0,0,0,0,insects,-5.981141,0.66663283,-0.34849614,0.83703274,0.11452852,0.6161772,0.35186523,-0.16350992,0.10734353,0.96749043,-0.006598773,-0.14569153,0.44654587
11.151816,6.7466483,-1.8141646,4,0,0,00:00.0,00:00.0,uploads\f2e6d795-3777-11f0-84b6-581122bb7f2c\20210509T220000+1000_REC_97.wav,True,0,0,0,0,1,0,0,0,0,0,0,0,insects,-6.0013194,0.62457395,-0.3155082,0.78433657,0.017302135,0.7009338,0.2510446,-0.09845536,0.10222654,0.87801456,0.12234247,-0.18905692,0.45760816
11.183265,6.895221,-2.3647985,4,0,0,00:00.0,00:00.0,uploads\f2e6d795-3777-11f0-84b6-581122bb7f2c\20210509T220000+1000_REC_98.wav,False,0,0,0,0,0,0,0,0,0,0,0,0,insects,-5.986507,0.63394105,-0.38217923,0.7926227,0.109879375,0.58009714,0.40166768,-0.19698113,0.066218846,0.9863045,0.034291267,-0.117991135,0.41388026
11.186823,6.901455,-2.3657591,4,0,0,00:00.0,00:00.0,uploads\f2e6d795-3777-11f0-84b6-581122bb7f2c\20210509T220000+1000_REC_99.wav,False,0,0,0,0,0,0,0,0,0,0,0,0,insects,-5.983175,0.6060992,-0.344024,0.8271054,0.06466063,0.6222401,0.36419067,-0.20216182,0.040045988,0.9945549,0.038631745,-0.14310461,0.41737556
11.411681,6.7817464,-2.462096,4,0,0,00:00.0,00:00.0,uploads\f2e6d795-3777-11f0-84b6-581122bb7f2c\20210509T220000+1000_REC_100.wav,False,0,0,0,0,0,0,0,0,0,0,0,0,insects,-5.972731,0.630818,-0.33897915,0.8325594,-0.0346536,0.67939866,0.37326038,-0.1468019,0.056458965,0.9789837,0.09384213,-0.18734545,0.4923975
11.202951,6.975622,-3.0176086,4,0,0,00:00.0,00:00.0,uploads\f2e6d795-3777-11f0-84b6-581122bb7f2c\20210509T220000+1000_REC_101.wav,False,0,0,0,0,0,0,0,0,0,0,0,0,insects,-5.99615,0.6926289,-0.29651946,0.802985,0.08201463,0.5594102,0.40845883,-0.17868152,0.029663814,0.9451347,0.06548611,-0.115275204,0.37058884
11.524718,7.2444544,-3.2060401,4,0,0,00:00.0,00:00.0,uploads\f2e6d795-3777-11f0-84b6-581122bb7f2c\20210509T220000+1000_REC_102.wav,False,0,0,0,0,0,0,0,0,0,0,0,0,insects,-5.9973736,0.6539505,-0.34320053,0.7713487,0.009087532,0.5912354,0.41143373,-0.19413278,-0.0053406795,0.9381233,0.061397996,-0.07149994,0.380698
11.487787,6.8561053,-2.6224732,4,0,0,00:00.0,00:00.0,uploads\f2e6d795-3777-11f0-84b6-581122bb7f2c\20210509T220000+1000_REC_103.wav,False,0,0,0,0,0,0,0,0,0,0,0,0,insects,-5.968092,0.66859424,-0.3643088,0.8238667,0.01183953,0.679696,0.33571002,-0.19831768,0.026090879,1.0054727,0.12359736,-0.17754355,0.43743193
11.524447,7.247327,-3.0843053,4,0,0,00:00.0,00:00.0,uploads\f2e6d795-3777-11f0-84b6-581122bb7f2c\20210509T220000+1000_REC_104.wav,False,0,0,0,0,0,0,0,0,0,0,0,0,insects,-5.971148,0.71864295,-0.3808024,0.82081604,-0.013365813,0.64085937,0.42640474,-0.2252983,-0.003872966,0.9627205,0.06874282,-0.106198676,0.38459858
11.516576,7.2483945,-3.2115073,4,0,0,00:00.0,00:00.0,uploads\f2e6d795-3777-11f0-84b6-581122bb7f2c\20210509T220000+1000_REC_105.wav,False,0,0,0,0,0,0,0,0,0,0,0,0,insects,-5.9890366,0.7063688,-0.38133544,0.72978383,0.076903865,0.6372902,0.44015768,-0.18578765,0.0055787596,0.94963795,0.06255454,-0.07097789,0.3632562
11.585948,6.5558047,-2.7068381,4,0,0,00:00.0,00:00.0,uploads\f2e6d795-3777-11f0-84b6-581122bb7f2c\20210509T220000+1000_REC_106.wav,False,0,0,0,0,0,0,0,0,0,0,0,0,insects,-5.993509,0.5707186,-0.33243605,0.79450715,-0.05308544,0.69017214,0.38866377,-0.15025346,-0.03222847,0.9168933,0.17283262,-0.12778337,0.42841443
11.555083,7.277045,-3.1906426,4,0,0,00:00.0,00:00.0,uploads\f2e6d795-3777-11f0-84b6-581122bb7f2c\20210509T220000+1000_REC_107.wav,False,0,0,0,0,0,0,0,0,0,0,0,0,insects,-5.9949646,0.65014946,-0.39325058,0.7570967,0.05208478,0.56020033,0.4305151,-0.16031015,-0.003951224,0.9696978,0.07439377,-0.06635623,0.37563527
11.551065,7.2742805,-3.2223954,4,0,0,00:00.0,00:00.0,uploads\f2e6d795-3777-11f0-84b6-581122bb7f2c\20210509T220000+1000_REC_108.wav,False,0,0,0,0,0,0,0,0,0,0,0,0,insects,-5.9907694,0.65912807,-0.3784486,0.7825214,0.04445377,0.5427646,0.44399822,-0.1984818,-0.04748499,0.958391,0.08553619,-0.08528906,0.3891202
11.370666,6.6839695,-2.6318152,4,0,0,00:00.0,00:00.0,uploads\f2e6d795-3777-11f0-84b6-581122bb7f2c\20210509T220000+1000_REC_109.wav,False,0,0,0,0,0,0,0,0,0,0,0,0,insects,-6.00045,0.63788724,-0.27839363,0.7730293,-0.033909734,0.64961225,0.37208098,-0.12247674,0.025116269,0.9250689,0.15158893,-0.152623,0.40417278
11.559457,7.2750497,-3.2102427,4,0,0,00:00.0,00:00.0,uploads\f2e6d795-3777-11f0-84b6-581122bb7f2c\20210509T220000+1000_REC_110.wav,True,0,0,0,0,1,0,0,0,0,0,0,0,insects,-5.9820557,0.7545911,-0.34729514,0.75624436,-0.0031858338,0.5560499,0.4701327,-0.19411092,-0.030593,0.9788047,0.074743345,-0.0731775,0.37708214
11.520543,7.224398,-3.062147,4,0,0,00:00.0,00:00.0,uploads\f2e6d795-3777-11f0-84b6-581122bb7f2c\20210509T220000+1000_REC_111.wav,False,0,0,0,0,0,0,0,0,0,0,0,0,insects,-5.966984,0.7637649,-0.31249607,0.8341494,0.04702155,0.66767454,0.4825646,-0.19205725,-0.007762279,0.97299975,0.09986187,-0.111682676,0.33422384
11.50896,6.6502137,-2.4951177,4,0,0,00:00.0,00:00.0,uploads\f2e6d795-3777-11f0-84b6-581122bb7f2c\20210509T220000+1000_REC_112.wav,False,0,0,0,0,0,0,0,0,0,0,0,0,insects,-5.96279,0.6651723,-0.3417489,0.85428596,-0.027467964,0.76622844,0.29178953,-0.20218512,-0.0014424472,0.9370281,0.17863142,-0.23912928,0.45850384
11.4825115,7.184992,-3.1999216,4,0,0,00:00.0,00:00.0,uploads\f2e6d795-3777-11f0-84b6-581122bb7f2c\20210509T220000+1000_REC_113.wav,False,0,0,0,0,0,0,0,0,0,0,0,0,insects,-5.980343,0.6883934,-0.35061428,0.76904035,0.06492247,0.64550453,0.4601092,-0.1764633,-0.03598266,0.9871742,0.11598101,-0.074476115,0.38441283
10.719541,6.805551,-3.333706,4,0,0,00:00.0,00:00.0,uploads\f2e6d795-3777-11f0-84b6-581122bb7f2c\20210509T220000+1000_REC_114.wav,False,0,0,0,0,0,0,0,0,0,0,0,0,insects,-6.015702,0.6311761,-0.22706719,0.8578265,-0.010506067,0.55885434,0.43286946,-0.11069759,0.027453745,0.8343905,0.08729684,-0.06762425,0.37154958
11.546366,6.5804105,-2.605102,4,0,0,00:00.0,00:00.0,uploads\f2e6d795-3777-11f0-84b6-581122bb7f2c\20210509T220000+1000_REC_115.wav,False,0,0,0,0,0,0,0,0,0,0,0,0,insects,-5.9910936,0.6108091,-0.24280633,0.8920003,-0.1145433,0.66408,0.37887567,-0.11500741,-0.036529377,0.86400545,0.11618623,-0.13419609,0.46967113
10.530791,6.7138453,-3.1596222,4,0,0,00:00.0,00:00.0,uploads\f2e6d795-3777-11f0-84b6-581122bb7f2c\20210509T220000+1000_REC_117.wav,True,0,0,0,0,1,0,0,0,0,0,0,0,insects,-6.032258,0.61329526,-0.19615802,0.8185529,0.054650053,0.50064707,0.36654976,-0.057683043,0.0800287,0.81798655,0.0125304,-0.06657031,0.42826575
11.413954,6.7583804,-2.5022898,4,0,0,00:00.0,00:00.0,uploads\f2e6d795-3777-11f0-84b6-581122bb7f2c\20210509T220000+1000_REC_118.wav,False,0,0,0,0,0,0,0,0,0,0,0,0,insects,-5.9847355,0.6477926,-0.2986168,0.8061647,0.032792367,0.65661806,0.3292783,-0.10698389,0.0656665,0.9792274,0.13151175,-0.21566403,0.45100018
11.261383,7.025545,-3.0709333,4,0,0,00:00.0,00:00.0,uploads\f2e6d795-3777-11f0-84b6-581122bb7f2c\20210509T220000+1000_REC_119.wav,False,0,0,0,0,0,0,0,0,0,0,0,0,insects,-5.995773,0.69996715,-0.3029414,0.7794382,0.042853646,0.60643846,0.39815742,-0.16206169,-0.00056092115,0.9312146,0.09346806,-0.12127889,0.3828073
10.565746,6.7765913,-3.513134,4,0,0,00:00.0,00:00.0,uploads\f2e6d795-3777-11f0-84b6-581122bb7f2c\20210509T220000+1000_REC_120.wav,False,0,0,0,0,0,0,0,0,0,0,0,0,insects,-6.0318747,0.65848774,-0.24175957,0.70117354,0.12292808,0.51547194,0.39732867,-0.06146485,0.08869649,0.8849946,0.14405935,-0.06290168,0.35933483
11.414439,6.480346,-2.8292124,4,0,0,00:00.0,00:00.0,uploads\f2e6d795-3777-11f0-84b6-581122bb7f2c\20210509T220000+1000_REC_121.wav,False,0,0,0,0,0,0,0,0,0,0,0,0,insects,-5.993518,0.6224517,-0.2904119,0.7763505,0.08373966,0.7144525,0.36581704,-0.08975044,0.04489018,0.9288425,0.22832291,-0.15313181,0.44349703
11.489417,7.185339,-2.9995916,4,0,0,00:00.0,00:00.0,uploads\f2e6d795-3777-11f0-84b6-581122bb7f2c\20210509T220000+1000_REC_122.wav,False,0,0,0,0,0,0,0,0,0,0,0,0,insects,-5.9747267,0.6712694,-0.34261423,0.8557076,0.019667462,0.69653505,0.43226507,-0.1676091,0.0035076016,0.9354098,0.13813664,-0.14339437,0.38532153
11.189693,6.9879923,-3.0731835,4,0,0,00:00.0,00:00.0,uploads\f2e6d795-3777-11f0-84b6-581122bb7f2c\20210509T220000+1000_REC_123.wav,False,0,0,0,0,0,0,0,0,0,0,0,0,insects,-5.99627,0.70080626,-0.30858603,0.8010577,0.073717445,0.5741269,0.4100771,-0.12985803,0.004949429,0.92800146,0.11233334,-0.12949407,0.38985398
11.481295,6.654541,-2.7355757,4,0,0,00:00.0,00:00.0,uploads\f2e6d795-3777-11f0-84b6-581122bb7f2c\20210509T220000+1000_REC_124.wav,False,0,0,0,0,0,0,0,0,0,0,0,0,insects,-5.979533,0.7077359,-0.33469906,0.8120285,0.039557353,0.7178015,0.392199,-0.08980811,-0.010513313,0.9201206,0.197776,-0.15345143,0.4105449
11.31549,6.519319,-2.9988604,4,0,0,00:00.0,00:00.0,uploads\f2e6d795-3777-11f0-84b6-581122bb7f2c\20210509T220000+1000_REC_125.wav,False,0,0,0,0,0,0,0,0,0,0,0,0,insects,-6.012739,0.6418843,-0.30213732,0.7553484,0.09309256,0.67205155,0.34707007,-0.101005286,0.014231855,0.85432947,0.17463551,-0.06416577,0.41863334
10.664698,6.8049793,-3.5139797,4,0,0,00:00.0,00:00.0,uploads\f2e6d795-3777-11f0-84b6-581122bb7f2c\20210509T220000+1000_REC_126.wav,False,0,0,0,0,0,0,0,0,0,0,0,0,insects,-6.029562,0.6472271,-0.21803929,0.71897113,0.12024264,0.59956545,0.41938242,-0.0835683,0.064333126,0.8532527,0.13499382,-0.046529934,0.33873767
11.500631,7.20588,-3.0399702,4,0,0,00:00.0,00:00.0,uploads\f2e6d795-3777-11f0-84b6-581122bb7f2c\20210509T220000+1000_REC_127.wav,False,0,0,0,0,0,0,0,0,0,0,0,0,insects,-5.9825277,0.66721106,-0.33507368,0.81671566,0.056691423,0.64179784,0.4301543,-0.17499389,0.0031848855,0.97024864,0.10386761,-0.10911402,0.37812543
11.438174,6.739175,-2.6474507,4,0,0,00:00.0,00:00.0,uploads\f2e6d795-3777-11f0-84b6-581122bb7f2c\20210509T220000+1000_REC_128.wav,False,0,0,0,0,0,0,0,0,0,0,0,0,insects,-5.984647,0.63894665,-0.29827166,0.8322014,0.03679809,0.7085753,0.38527358,-0.13016503,-0.01078972,0.9237309,0.13020527,-0.17079212,0.42804393
11.517029,7.2233915,-3.0514166,4,0,0,00:00.0,00:00.0,uploads\f2e6d795-3777-11f0-84b6-581122bb7f2c\20210509T220000+1000_REC_129.wav,False,0,0,0,0,0,0,0,0,0,0,0,0,insects,-5.9783583,0.7582411,-0.32395542,0.7767325,0.05421428,0.6585782,0.41523317,-0.16114485,-0.015049014,0.97570425,0.07772663,-0.10706761,0.35883826
11.271608,6.54482,-3.0271213,4,0,0,00:00.0,00:00.0,uploads\f2e6d795-3777-11f0-84b6-581122bb7f2c\20210509T220000+1000_REC_130.wav,False,0,0,0,0,0,0,0,0,0,0,0,0,insects,-6.0184026,0.6598299,-0.20238195,0.7613616,0.046,0.6217217,0.33715075,-0.12226178,0.034664977,0.87230945,0.14728874,-0.10161229,0.39730504
11.497128,6.6539693,-2.7835126,4,0,0,00:00.0,00:00.0,uploads\f2e6d795-3777-11f0-84b6-581122bb7f2c\20210509T220000+1000_REC_131.wav,False,0,0,0,0,0,0,0,0,0,0,0,0,insects,-5.9900765,0.6673261,-0.32327285,0.7792397,0.0764299,0.70613307,0.40236104,-0.13959944,-0.035360202,0.91015905,0.16448052,-0.10799629,0.41467896
10.709044,6.8077717,-3.4908123,4,0,0,00:00.0,00:00.0,uploads\f2e6d795-3777-11f0-84b6-581122bb7f2c\20210509T220000+1000_REC_132.wav,False,0,0,0,0,0,0,0,0,0,0,0,0,insects,-6.028798,0.6178625,-0.2605917,0.72093725,0.098409444,0.5976639,0.40922067,-0.11090719,0.030166032,0.84321326,0.12579544,-0.054636925,0.37258953
10.600087,6.751684,-3.5308325,4,0,0,00:00.0,00:00.0,uploads\f2e6d795-3777-11f0-84b6-581122bb7f2c\20210509T220000+1000_REC_133.wav,False,0,0,0,0,0,0,0,0,0,0,0,0,insects,-6.040871,0.61740893,-0.24263434,0.6419794,0.052507903,0.64083433,0.39965072,-0.060089078,0.0019038691,0.78575337,0.19602004,-0.010664445,0.39864603
10.478663,6.6884437,-3.1885757,4,0,0,00:00.0,00:00.0,uploads\f2e6d795-3777-11f0-84b6-581122bb7f2c\20210509T220000+1000_REC_134.wav,False,0,0,0,0,0,0,0,0,0,0,0,0,insects,-6.045243,0.5923261,-0.13791616,0.7713504,0.029285379,0.5406663,0.40016484,-0.015356469,0.028095748,0.7649519,0.1283409,-0.03310387,0.42791358
10.7585335,6.8361754,-3.4688332,4,0,0,00:00.0,00:00.0,uploads\f2e6d795-3777-11f0-84b6-581122bb7f2c\20210509T220000+1000_REC_135.wav,False,0,0,0,0,0,0,0,0,0,0,0,0,insects,-6.019545,0.64801276,-0.2924047,0.7121413,0.098971605,0.5868106,0.42380908,-0.13000469,0.022690007,0.8894834,0.14485116,-0.014663081,0.36988074
11.274705,6.557683,-3.0634668,4,0,0,00:00.0,00:00.0,uploads\f2e6d795-3777-11f0-84b6-581122bb7f2c\20210509T220000+1000_REC_136.wav,False,0,0,0,0,0,0,0,0,0,0,0,0,insects,-6.0210176,0.640706,-0.26288086,0.69053274,0.033401884,0.6268567,0.38931328,-0.107143916,-0.031251483,0.8621436,0.19327289,-0.074269086,0.42315224
11.641543,7.064268,-2.8659015,4,0,0,00:00.0,00:00.0,uploads\f2e6d795-3777-11f0-84b6-581122bb7f2c\20210509T220000+1000_REC_137.wav,False,0,0,0,0,0,0,0,0,0,0,0,0,insects,-5.965396,0.6945586,-0.38080972,0.8111322,-0.019009454,0.7214184,0.39784828,-0.21112664,-0.07199634,0.9544266,0.12715584,-0.19796476,0.3727017
11.445834,7.119569,-3.2617598,4,0,0,00:00.0,00:00.0,uploads\f2e6d795-3777-11f0-84b6-581122bb7f2c\20210509T220000+1000_REC_138.wav,False,0,0,0,0,0,0,0,0,0,0,0,0,insects,-6.003832,0.67443687,-0.29096708,0.7516659,0.05660672,0.6023316,0.45115975,-0.15252404,-0.051443473,0.92822164,0.1928495,-0.041397497,0.31623608
11.632306,7.074023,-2.8614745,4,0,0,00:00.0,00:00.0,uploads\f2e6d795-3777-11f0-84b6-581122bb7f2c\20210509T220000+1000_REC_139.wav,False,0,0,0,0,0,0,0,0,0,0,0,0,insects,-5.957823,0.7309555,-0.38530326,0.79793614,0.095596276,0.76965106,0.42077002,-0.18329696,-0.044510603,0.97290903,0.18494773,-0.15446131,0.388672
11.644123,7.0799,-2.877026,4,0,0,00:00.0,00:00.0,uploads\f2e6d795-3777-11f0-84b6-581122bb7f2c\20210509T220000+1000_REC_140.wav,False,0,0,0,0,0,0,0,0,0,0,0,0,insects,-5.9586673,0.7474129,-0.40852955,0.7617324,0.008860761,0.70241654,0.44509637,-0.24340908,-0.10629635,0.98485994,0.1831826,-0.108446464,0.38749227
10.502858,6.699008,-3.1702113,4,0,0,00:00.0,00:00.0,uploads\f2e6d795-3777-11f0-84b6-581122bb7f2c\20210509T220000+1000_REC_142.wav,True,0,0,0,0,1,0,0,0,0,0,0,0,insects,-6.0324697,0.6330613,-0.14322163,0.80987555,0.02539779,0.536103,0.35515258,0.007301005,0.081691325,0.81859034,0.07302369,-0.061111845,0.44849592
11.454416,6.722538,-2.5096693,4,0,0,00:00.0,00:00.0,uploads\f2e6d795-3777-11f0-84b6-581122bb7f2c\20210509T220000+1000_REC_143.wav,False,0,0,0,0,0,0,0,0,0,0,0,0,insects,-5.973176,0.66397375,-0.30638546,0.79835117,0.025972687,0.73492664,0.29714996,-0.11495424,0.015333294,0.96878713,0.12347067,-0.27056816,0.47667727
10.6718645,6.8020773,-3.5031466,4,0,0,00:00.0,00:00.0,uploads\f2e6d795-3777-11f0-84b6-581122bb7f2c\20210509T220000+1000_REC_144.wav,False,0,0,0,0,0,0,0,0,0,0,0,0,insects,-6.032651,0.6524863,-0.24792786,0.69161534,0.09248626,0.55608386,0.33691904,-0.1323299,0.01166808,0.85937494,0.11240992,-0.080620244,0.35846645
11.162952,6.9950447,-3.1138167,4,0,0,00:00.0,00:00.0,uploads\f2e6d795-3777-11f0-84b6-581122bb7f2c\20210509T220000+1000_REC_145.wav,True,0,0,0,0,1,0,0,0,0,0,0,0,insects,-5.9981146,0.6939041,-0.2800058,0.76930785,0.08993769,0.60478485,0.40246788,-0.11235335,0.041551296,0.94806015,0.12027351,-0.13429475,0.395856
11.465272,6.6776557,-2.6894286,4,0,0,00:00.0,00:00.0,uploads\f2e6d795-3777-11f0-84b6-581122bb7f2c\20210509T220000+1000_REC_146.wav,False,0,0,0,0,0,0,0,0,0,0,0,0,insects,-5.9829793,0.66871935,-0.28371367,0.8682737,0.029184345,0.6899473,0.37609628,-0.120399065,-0.033463728,0.90505147,0.17898542,-0.16667734,0.42284977
11.362985,6.7876444,-2.6784313,4,0,0,00:00.0,00:00.0,uploads\f2e6d795-3777-11f0-84b6-581122bb7f2c\20210509T220000+1000_REC_147.wav,False,0,0,0,0,0,0,0,0,0,0,0,0,insects,-5.990745,0.6695099,-0.30711305,0.7703801,0.07482802,0.68553835,0.3443657,-0.111507215,0.0004815923,0.9590527,0.17215587,-0.17859903,0.37282467
11.506976,6.6541066,-2.6152267,4,0,0,00:00.0,00:00.0,uploads\f2e6d795-3777-11f0-84b6-581122bb7f2c\20210509T220000+1000_REC_148.wav,False,0,0,0,0,0,0,0,0,0,0,0,0,insects,-5.978469,0.7344139,-0.22842613,0.8003266,-0.01970311,0.66485435,0.3776569,-0.05849398,-0.0646999,0.986081,0.16618766,-0.2097035,0.40311867
11.616974,7.089488,-2.872685,4,0,0,00:00.0,00:00.0,uploads\f2e6d795-3777-11f0-84b6-581122bb7f2c\20210509T220000+1000_REC_149.wav,False,0,0,0,0,0,0,0,0,0,0,0,0,insects,-5.968967,0.7314122,-0.3139069,0.80523545,0.06993044,0.67344713,0.4117603,-0.19517368,-0.045128454,0.99372584,0.15031828,-0.14332332,0.40554282
11.503428,6.5664673,-2.59225,4,0,0,00:00.0,00:00.0,uploads\f2e6d795-3777-11f0-84b6-581122bb7f2c\20210509T220000+1000_REC_150.wav,False,0,0,0,0,0,0,0,0,0,0,0,0,insects,-5.985772,0.6383916,-0.278743,0.8102755,-0.05396641,0.6887697,0.35359985,-0.105008096,-0.01572905,0.9474332,0.1850108,-0.17142345,0.45522016
11.576317,7.079716,-2.8378327,4,0,0,00:00.0,00:00.0,uploads\f2e6d795-3777-11f0-84b6-581122bb7f2c\20210509T220000+1000_REC_151.wav,False,0,0,0,0,0,0,0,0,0,0,0,0,insects,-5.963678,0.7317559,-0.38274246,0.8056508,0.013398941,0.6755978,0.370668,-0.20326208,-0.003097085,1.0034751,0.1216333,-0.16369459,0.40099972
11.543709,7.2221923,-3.0126314,4,0,0,00:00.0,00:00.0,uploads\f2e6d795-3777-11f0-84b6-581122bb7f2c\20210509T220000+1000_REC_152.wav,False,0,0,0,0,0,0,0,0,0,0,0,0,insects,-5.976276,0.7215368,-0.3601564,0.75943774,0.051420197,0.64496624,0.41009966,-0.20141028,0.00066765875,1.0098499,0.11539231,-0.12564045,0.34614056
11.4732485,6.509631,-2.7051764,4,0,0,00:00.0,00:00.0,uploads\f2e6d795-3777-11f0-84b6-581122bb7f2c\20210509T220000+1000_REC_153.wav,False,0,0,0,0,0,0,0,0,0,0,0,0,insects,-6.00055,0.59423745,-0.29861194,0.7764651,0.026670739,0.691829,0.32021952,-0.089363605,0.0025201582,0.9059054,0.20811634,-0.17075773,0.45827428
10.618847,6.7718077,-3.5308988,4,0,0,00:00.0,00:00.0,uploads\f2e6d795-3777-11f0-84b6-581122bb7f2c\20210509T220000+1000_REC_154.wav,False,0,0,0,0,0,0,0,0,0,0,0,0,insects,-6.0328803,0.59593064,-0.21727943,0.6916776,0.0625914,0.61182386,0.40664712,-0.055171765,0.0012150301,0.8680814,0.1755085,-0.03480259,0.37542456
11.108054,6.6910872,-1.6434609,4,0,0,00:00.0,00:00.0,uploads\f2e6d795-3777-11f0-84b6-581122bb7f2c\20210509T220000+1000_REC_156.wav,False,0,0,0,0,0,0,0,0,0,0,0,0,insects,-5.977227,0.62473285,-0.29569831,0.86990386,0.058873553,0.634335,0.23077302,-0.08757294,0.09910219,0.9893205,0.10129099,-0.22714952,0.54052794
11.504686,7.194465,-2.9361553,4,0,0,00:00.0,00:00.0,uploads\f2e6d795-3777-11f0-84b6-581122bb7f2c\20210509T220000+1000_REC_157.wav,False,0,0,0,0,0,0,0,0,0,0,0,0,insects,-5.959513,0.763657,-0.38882583,0.8131653,0.025050696,0.6883578,0.44398478,-0.12136076,0.009723471,0.9773435,0.072051205,-0.18359718,0.42394516
11.540651,7.19478,-2.9312847,4,0,0,00:00.0,00:00.0,uploads\f2e6d795-3777-11f0-84b6-581122bb7f2c\20210509T220000+1000_REC_158.wav,False,0,0,0,0,0,0,0,0,0,0,0,0,insects,-5.963236,0.72324085,-0.3905523,0.8172264,0.064751275,0.6354572,0.38145417,-0.21098116,-0.0058272416,1.0304245,0.0767699,-0.15542175,0.37749794
11.460262,6.7068863,-2.546258,4,0,0,00:00.0,00:00.0,uploads\f2e6d795-3777-11f0-84b6-581122bb7f2c\20210509T220000+1000_REC_159.wav,False,0,0,0,0,0,0,0,0,0,0,0,0,insects,-5.9829397,0.6643882,-0.34151638,0.7886593,-0.023261584,0.6768641,0.34042624,-0.104152024,-0.019048026,0.9467409,0.13448904,-0.22881322,0.43405887
10.87089,6.868118,-3.3574502,4,0,0,00:00.0,00:00.0,uploads\f2e6d795-3777-11f0-84b6-581122bb7f2c\20210509T220000+1000_REC_160.wav,False,0,0,0,0,0,0,0,0,0,0,0,0,insects,-6.0036097,0.711583,-0.26037094,0.792896,0.027969912,0.60917276,0.4038934,-0.07051573,0.049891084,0.9167346,0.09461672,-0.10584072,0.33143684
11.285588,6.572277,-3.0002997,4,0,0,00:00.0,00:00.0,uploads\f2e6d795-3777-11f0-84b6-581122bb7f2c\20210509T220000+1000_REC_161.wav,False,0,0,0,0,0,0,0,0,0,0,0,0,insects,-6.005174,0.6460575,-0.2329257,0.7916537,0.023550613,0.63482594,0.38040397,-0.1043668,0.0009119728,0.9220734,0.18219064,-0.09913633,0.3903248
11.379519,6.791009,-2.5843732,4,0,0,00:00.0,00:00.0,uploads\f2e6d795-3777-11f0-84b6-581122bb7f2c\20210509T220000+1000_REC_162.wav,False,0,0,0,0,0,0,0,0,0,0,0,0,insects,-5.9878917,0.6745414,-0.3174103,0.7794211,0.014673107,0.6951226,0.33284038,-0.14356862,0.012613207,0.9294407,0.15923731,-0.19673352,0.41519868
10.319839,6.7249937,-3.6078954,4,0,0,00:00.0,00:00.0,uploads\f2e6d795-3777-11f0-84b6-581122bb7f2c\20210509T220000+1000_REC_163.wav,False,0,0,0,0,0,0,0,0,0,0,0,0,insects,-6.054575,0.59276295,-0.103175156,0.69929844,0.08609755,0.5738162,0.36976027,-0.042279672,0.060526308,0.7807335,0.15153883,-0.038224153,0.3517758
10.153555,6.7134094,-3.6372626,4,0,0,00:00.0,00:00.0,uploads\f2e6d795-3777-11f0-84b6-581122bb7f2c\20210509T220000+1000_REC_164.wav,False,0,0,0,0,0,0,0,0,0,0,0,0,insects,-6.061974,0.60460263,-0.12063495,0.68337756,0.047158614,0.5107058,0.41025814,-0.02823465,0.061914638,0.7447138,0.14787845,0.013175818,0.35524246
10.343258,6.7267284,-3.598883,4,0,0,00:00.0,00:00.0,uploads\f2e6d795-3777-11f0-84b6-581122bb7f2c\20210509T220000+1000_REC_165.wav,False,0,0,0,0,0,0,0,0,0,0,0,0,insects,-6.0532722,0.5948633,-0.1614324,0.684379,0.048238285,0.594844,0.3360143,0.016791176,0.021148363,0.77246904,0.14943558,-0.060201004,0.3745096
9.926336,6.6362095,-3.7518237,4,0,0,00:00.0,00:00.0,uploads\f2e6d795-3777-11f0-84b6-581122bb7f2c\20210509T220000+1000_REC_166.wav,False,0,0,0,0,0,0,0,0,0,0,0,0,insects,-6.0770154,0.5677938,-0.06732627,0.57909805,0.17888843,0.48555204,0.37212968,-0.06565299,0.17833425,0.70935297,0.18893744,-0.039514914,0.41108865
9.917262,6.6260233,-3.75284,4,0,0,00:00.0,00:00.0,uploads\f2e6d795-3777-11f0-84b6-581122bb7f2c\20210509T220000+1000_REC_167.wav,False,0,0,0,0,0,0,0,0,0,0,0,0,insects,-6.0871015,0.464867,-0.032493655,0.5707443,0.20525117,0.47228512,0.42604244,-0.025653757,0.13423117,0.70316684,0.2028059,-0.006762248,0.38056603
9.916067,6.631593,-3.752684,4,0,0,00:00.0,00:00.0,uploads\f2e6d795-3777-11f0-84b6-581122bb7f2c\20210509T220000+1000_REC_168.wav,False,0,0,0,0,0,0,0,0,0,0,0,0,insects,-6.090762,0.47997192,-0.0046208794,0.5461371,0.19791368,0.47870824,0.4434353,-0.022578841,0.1406924,0.6663182,0.24401209,-0.0084943,0.3629522
10.071801,6.68876,-3.6741514,4,0,0,00:00.0,00:00.0,uploads\f2e6d795-3777-11f0-84b6-581122bb7f2c\20210509T220000+1000_REC_169.wav,True,0,0,0,0,1,0,0,0,0,0,0,0,insects,-6.0698195,0.5502939,-0.07512533,0.65323913,0.17538936,0.48953906,0.41532284,-0.06355894,0.08851073,0.7481848,0.19642435,0.0024814226,0.34676895
10.370493,6.7308474,-3.583512,4,0,0,00:00.0,00:00.0,uploads\f2e6d795-3777-11f0-84b6-581122bb7f2c\20210509T220000+1000_REC_170.wav,False,0,0,0,0,0,0,0,0,0,0,0,0,insects,-6.042884,0.5999483,-0.21301705,0.6789665,0.09275253,0.59727395,0.3610595,-0.055362534,0.039416876,0.82236385,0.14578694,-0.07775479,0.36966214
10.323327,6.72513,-3.6081858,4,0,0,00:00.0,00:00.0,uploads\f2e6d795-3777-11f0-84b6-581122bb7f2c\20210509T220000+1000_REC_171.wav,False,0,0,0,0,0,0,0,0,0,0,0,0,insects,-6.048748,0.6570218,-0.13318005,0.6525928,0.12249879,0.55381274,0.38128468,-0.03929616,0.0475928,0.81068337,0.16427758,-0.078996204,0.35251394
11.234117,6.8067718,-3.2289946,4,0,0,00:00.0,00:00.0,uploads\f2e6d795-3777-11f0-84b6-581122bb7f2c\20210509T220000+1000_REC_172.wav,True,0,0,0,0,1,0,1,0,0,0,0,0,insects,-6.011664,0.7079928,-0.2888432,0.71442866,0.0303911,0.57589996,0.37643412,-0.15443492,-0.03717448,0.8952004,0.16429001,-0.080353,0.37958807
11.306686,6.5101547,-3.0047133,4,0,0,00:00.0,00:00.0,uploads\f2e6d795-3777-11f0-84b6-581122bb7f2c\20210509T220000+1000_REC_173.wav,False,0,0,0,0,0,0,0,0,0,0,0,0,insects,-6.0154657,0.6510456,-0.24425097,0.70235586,0.060037836,0.65364486,0.3482024,-0.0932936,-0.014139592,0.8979154,0.21440442,-0.10355063,0.40742162
11.197427,6.947722,-3.112026,4,0,0,00:00.0,00:00.0,uploads\f2e6d795-3777-11f0-84b6-581122bb7f2c\20210509T220000+1000_REC_174.wav,False,0,0,0,0,0,0,0,0,0,0,0,0,insects,-6.0054193,0.6504593,-0.3151759,0.7629549,0.070154905,0.61263573,0.3806748,-0.111301795,0.012953813,0.9225449,0.11826908,-0.12197803,0.3790205
9.91123,6.631641,-3.7501786,4,0,0,00:00.0,00:00.0,uploads\f2e6d795-3777-11f0-84b6-581122bb7f2c\20210509T220000+1000_REC_175.wav,False,0,0,0,0,0,0,0,0,0,0,0,0,insects,-6.101231,0.4483327,0.046488073,0.55446255,0.16133384,0.472638,0.40580514,0.0096574,0.13657112,0.6101135,0.27192757,0.016289616,0.34798646
10.347243,6.7474604,-3.5884242,4,0,0,00:00.0,00:00.0,uploads\f2e6d795-3777-11f0-84b6-581122bb7f2c\20210509T220000+1000_REC_176.wav,False,0,0,0,0,0,0,0,0,0,0,0,0,insects,-6.0488276,0.6221877,-0.18748227,0.6778945,0.10354549,0.54998964,0.36844477,-0.039805956,0.069352,0.8068303,0.11441309,-0.05040587,0.37382808
10.062774,6.682542,-3.6811728,4,0,0,00:00.0,00:00.0,uploads\f2e6d795-3777-11f0-84b6-581122bb7f2c\20210509T220000+1000_REC_177.wav,False,0,0,0,0,0,0,0,0,0,0,0,0,insects,-6.072306,0.6072286,-0.10058432,0.6178502,0.14739655,0.51618075,0.38996503,-0.048169006,0.09624516,0.703815,0.19388889,-0.020754224,0.3394649
10.370706,6.724408,-3.588756,4,0,0,00:00.0,00:00.0,uploads\f2e6d795-3777-11f0-84b6-581122bb7f2c\20210509T220000+1000_REC_178.wav,False,0,0,0,0,0,0,0,0,0,0,0,0,insects,-6.04663,0.5725533,-0.17136143,0.7259037,0.087686084,0.5918235,0.38588852,-0.045721933,0.023947053,0.79513043,0.20226032,-0.052638736,0.32899058
9.920923,6.633212,-3.7529657,4,0,0,00:00.0,00:00.0,uploads\f2e6d795-3777-11f0-84b6-581122bb7f2c\20210509T220000+1000_REC_179.wav,False,0,0,0,0,0,0,0,0,0,0,0,0,insects,-6.0801888,0.54427207,-0.044419557,0.55123615,0.2353914,0.47902477,0.4431293,-0.062182296,0.16452391,0.6970395,0.17214699,-0.02534459,0.39258054
10.36142,6.7221594,-3.5910568,4,0,0,00:00.0,00:00.0,uploads\f2e6d795-3777-11f0-84b6-581122bb7f2c\20210509T220000+1000_REC_180.wav,True,0,0,0,0,1,0,0,0,0,0,0,0,insects,-6.03715,0.66046363,-0.17946285,0.68777746,0.07575667,0.6129819,0.3425625,-0.028552156,0.053941358,0.8337887,0.22919543,-0.04498357,0.36294818
10.246602,6.719491,-3.634406,4,0,0,00:00.0,00:00.0,uploads\f2e6d795-3777-11f0-84b6-581122bb7f2c\20210509T220000+1000_REC_181.wav,False,0,0,0,0,0,0,0,0,0,0,0,0,insects,-6.0554037,0.6137796,-0.1534696,0.6617099,0.15739544,0.55048203,0.37631413,-0.050269376,0.10232764,0.7782225,0.14884637,-0.047881145,0.36016992
9.943946,6.6408424,-3.7459435,4,0,0,00:00.0,00:00.0,uploads\f2e6d795-3777-11f0-84b6-581122bb7f2c\20210509T220000+1000_REC_183.wav,False,0,0,0,0,0,0,0,0,0,0,0,0,insects,-6.071232,0.5560283,-0.050569568,0.6112441,0.18535398,0.48966065,0.37609962,-0.005564349,0.18205836,0.73720217,0.18722391,-0.12594134,0.40934408
10.401778,6.740258,-3.5447319,4,0,0,00:00.0,00:00.0,uploads\f2e6d795-3777-11f0-84b6-581122bb7f2c\20210509T220000+1000_REC_184.wav,False,0,0,0,0,0,0,0,0,0,0,0,0,insects,-6.041144,0.6532505,-0.1747943,0.70666325,0.08543832,0.5347746,0.39028344,-0.058796857,0.062967464,0.8272791,0.13155009,-0.04387473,0.37522078
10.097572,6.6955338,-3.6659782,4,0,0,00:00.0,00:00.0,uploads\f2e6d795-3777-11f0-84b6-581122bb7f2c\20210509T220000+1000_REC_185.wav,True,0,0,0,0,1,0,0,0,0,0,0,0,insects,-6.061721,0.6050872,-0.14185514,0.65714145,0.11745975,0.46738428,0.42454556,-0.06190109,0.08631768,0.7636661,0.17784926,-0.022318795,0.36567643
10.11779,6.6975236,-3.6743703,4,0,0,00:00.0,00:00.0,uploads\f2e6d795-3777-11f0-84b6-581122bb7f2c\20210509T220000+1000_REC_186.wav,False,0,0,0,0,0,0,0,0,0,0,0,0,insects,-6.059963,0.601277,-0.10831022,0.6384866,0.15414315,0.52555436,0.4238319,-0.028163197,0.11259218,0.7699295,0.18457986,-0.06733181,0.36503968
10.377238,6.7538114,-3.5669212,4,0,0,00:00.0,00:00.0,uploads\f2e6d795-3777-11f0-84b6-581122bb7f2c\20210509T220000+1000_REC_188.wav,True,0,0,0,0,1,0,0,0,0,0,0,0,insects,-6.042517,0.57056904,-0.19923387,0.6900286,0.092159286,0.57158065,0.3805515,-0.02980384,0.097927205,0.8435479,0.14696796,-0.09302395,0.39981368
10.875569,6.873284,-3.3984847,4,0,0,00:00.0,00:00.0,uploads\f2e6d795-3777-11f0-84b6-581122bb7f2c\20210509T220000+1000_REC_189.wav,False,0,0,0,0,0,0,0,0,0,0,0,0,insects,-6.011283,0.7044223,-0.27261433,0.73955363,0.08092738,0.5954898,0.41158906,-0.12648149,0.025681926,0.892671,0.13681261,-0.046546128,0.3783326
11.228175,7.0091615,-3.0713394,4,0,0,00:00.0,00:00.0,uploads\f2e6d795-3777-11f0-84b6-581122bb7f2c\20210509T220000+1000_REC_190.wav,False,0,0,0,0,0,0,0,0,0,0,0,0,insects,-5.987219,0.7549565,-0.29770648,0.7782736,0.06341013,0.6678682,0.403417,-0.120077975,0.0059154495,0.93423665,0.15951857,-0.128657,0.34909335
10.6448765,6.800042,-3.517096,4,0,0,00:00.0,00:00.0,uploads\f2e6d795-3777-11f0-84b6-581122bb7f2c\20210509T220000+1000_REC_191.wav,False,0,0,0,0,0,0,0,0,0,0,0,0,insects,-6.034088,0.67749184,-0.18802278,0.7069927,0.12391688,0.5840225,0.3827934,-0.11604379,0.060677085,0.83381784,0.13787834,-0.03533546,0.33772188
11.34432,6.950918,-3.1166098,4,0,0,00:00.0,00:00.0,uploads\f2e6d795-3777-11f0-84b6-581122bb7f2c\20210509T220000+1000_REC_192.wav,False,0,0,0,0,0,0,0,0,0,0,0,0,insects,-6.0106926,0.62218136,-0.2789243,0.7671211,0.06858266,0.6402779,0.40094614,-0.08270475,-0.03913484,0.9010223,0.11759758,-0.10378796,0.36123982
11.38108,7.0408883,-3.246118,4,0,0,00:00.0,00:00.0,uploads\f2e6d795-3777-11f0-84b6-581122bb7f2c\20210509T220000+1000_REC_193.wav,False,0,0,0,0,0,0,0,0,0,0,0,0,insects,-6.011447,0.68709284,-0.2950282,0.7213359,0.10957977,0.6258456,0.4074144,-0.16152199,-0.030394088,0.8814274,0.1464997,-0.07913616,0.3274132
11.544093,7.1821094,-2.9456103,4,0,0,00:00.0,00:00.0,uploads\f2e6d795-3777-11f0-84b6-581122bb7f2c\20210509T220000+1000_REC_194.wav,True,0,0,0,0,1,0,0,0,0,0,0,0,insects,-5.9589477,0.731951,-0.38755178,0.83198506,0.1077672,0.7022639,0.42590994,-0.20364648,-0.034431435,0.99749625,0.10807852,-0.14310585,0.34822407
11.491583,7.2249866,-2.975176,4,0,0,00:00.0,00:00.0,uploads\f2e6d795-3777-11f0-84b6-581122bb7f2c\20210509T220000+1000_REC_195.wav,True,0,0,0,0,1,0,0,0,0,0,0,0,insects,-5.968075,0.7447059,-0.32948828,0.81514996,0.10316249,0.66271144,0.41073954,-0.16846669,0.010746012,0.99678487,0.09626263,-0.15216492,0.40612516
11.488988,7.189961,-3.2237,4,0,0,00:00.0,00:00.0,uploads\f2e6d795-3777-11f0-84b6-581122bb7f2c\20210509T220000+1000_REC_196.wav,False,0,0,0,0,0,0,0,0,0,0,0,0,insects,-5.995342,0.7028533,-0.32435697,0.770562,0.05992685,0.6254016,0.42027932,-0.1865107,-0.041422624,0.9246382,0.10051067,-0.05961152,0.3355555
11.432572,7.1000023,-3.2443619,4,0,0,00:00.0,00:00.0,uploads\f2e6d795-3777-11f0-84b6-581122bb7f2c\20210509T220000+1000_REC_197.wav,False,0,0,0,0,0,0,0,0,0,0,0,0,insects,-6.000475,0.5074198,-0.2124994,0.78364736,0.034109835,0.65590465,0.3859844,-0.11100641,-0.12962803,1.0461084,0.11082981,-0.0318587,0.2943582
11.554555,7.2589455,-3.0607543,4,0,0,00:00.0,00:00.0,uploads\f2e6d795-3777-11f0-84b6-581122bb7f2c\20210509T220000+1000_REC_198.wav,False,0,0,0,0,0,0,0,0,0,0,0,0,insects,-5.978721,0.72543603,-0.39885864,0.7632169,0.02830082,0.5628684,0.4136301,-0.1713038,0.0014403845,1.0125089,0.115256526,-0.122792654,0.37451032
11.448047,7.20341,-3.1818206,4,0,0,00:00.0,00:00.0,uploads\f2e6d795-3777-11f0-84b6-581122bb7f2c\20210509T220000+1000_REC_200.wav,False,0,0,0,0,0,0,0,0,0,0,0,0,insects,-5.985076,0.6993349,-0.3442764,0.80480886,0.09983733,0.6184712,0.46116707,-0.14914872,0.02542404,0.9563812,0.09644296,-0.073866025,0.37655303
11.475481,7.1447372,-3.2633905,4,0,0,00:00.0,00:00.0,uploads\f2e6d795-3777-11f0-84b6-581122bb7f2c\20210509T220000+1000_REC_201.wav,False,0,0,0,0,0,0,0,0,0,0,0,0,insects,-5.998122,0.6485658,-0.31636265,0.78916734,0.06275642,0.580554,0.4518128,-0.14092606,-0.05687275,0.9365585,0.13368693,-0.082834534,0.3835776
10.551316,6.733997,-3.2207084,4,0,0,00:00.0,00:00.0,uploads\f2e6d795-3777-11f0-84b6-581122bb7f2c\20210509T220000+1000_REC_202.wav,True,0,0,0,0,1,0,0,0,0,0,0,0,insects,-6.0244203,0.6704988,-0.12991433,0.8225446,0.058638934,0.5095134,0.40821788,-0.038362384,0.047421794,0.8413489,0.08789221,-0.107668,0.41729662
11.268427,7.0591908,-3.1080844,4,0,0,00:00.0,00:00.0,uploads\f2e6d795-3777-11f0-84b6-581122bb7f2c\20210509T220000+1000_REC_203.wav,False,0,0,0,0,0,0,0,0,0,0,0,0,insects,-5.983412,0.7263829,-0.27454478,0.79756516,0.09974719,0.6830526,0.43115905,-0.12495607,0.012127583,0.954595,0.14158194,-0.12467302,0.3623703
10.630889,6.792798,-3.5431337,4,0,0,00:00.0,00:00.0,uploads\f2e6d795-3777-11f0-84b6-581122bb7f2c\20210509T220000+1000_REC_204.wav,False,0,0,0,0,0,0,0,0,0,0,0,0,insects,-6.0370893,0.64904064,-0.22217865,0.70974535,0.09540535,0.57733685,0.43421385,-0.05905394,0.018596072,0.81398267,0.17088024,-0.021946687,0.3185139
11.470282,7.1480536,-3.26639,4,0,0,00:00.0,00:00.0,uploads\f2e6d795-3777-11f0-84b6-581122bb7f2c\20210509T220000+1000_REC_205.wav,False,0,0,0,0,0,0,0,0,0,0,0,0,insects,-5.999751,0.676537,-0.30868518,0.72685677,0.06724898,0.62953883,0.45590487,-0.1434619,-0.05072464,0.9389226,0.14953214,-0.027098479,0.37860647
10.691531,6.791274,-3.4969146,4,0,0,00:00.0,00:00.0,uploads\f2e6d795-3777-11f0-84b6-581122bb7f2c\20210509T220000+1000_REC_206.wav,False,0,0,0,0,0,0,0,0,0,0,0,0,insects,-6.0346203,0.63528556,-0.2161546,0.7066816,0.053043723,0.5662967,0.39704898,-0.09450622,-0.008993641,0.8394417,0.15236497,-0.05300135,0.36635646
11.560193,7.2740345,-3.1245031,4,0,0,00:00.0,00:00.0,uploads\f2e6d795-3777-11f0-84b6-581122bb7f2c\20210509T220000+1000_REC_207.wav,False,0,0,0,0,0,0,0,0,0,0,0,0,insects,-5.9841084,0.78663,-0.37748387,0.72254646,-0.03622673,0.5679032,0.42334002,-0.13202025,-0.0420751,0.963905,0.11075593,-0.080892794,0.40176174
11.646015,7.084801,-2.8821309,4,0,0,00:00.0,00:00.0,uploads\f2e6d795-3777-11f0-84b6-581122bb7f2c\20210509T220000+1000_REC_208.wav,False,0,0,0,0,0,0,0,0,0,0,0,0,insects,-5.975218,0.7004199,-0.36746317,0.77623594,-0.010651392,0.628851,0.40539426,-0.17445555,-0.07805606,0.99892473,0.14081332,-0.16580267,0.3676906
11.375825,6.7168756,-2.6129334,4,0,0,00:00.0,00:00.0,uploads\f2e6d795-3777-11f0-84b6-581122bb7f2c\20210509T220000+1000_REC_209.wav,False,0,0,0,0,0,0,0,0,0,0,0,0,insects,-5.994374,0.7542024,-0.28360638,0.7728247,-0.059198976,0.654684,0.3259119,-0.1461519,0.04309193,0.89118266,0.15711494,-0.16021973,0.3750777
11.515285,6.482092,-2.8153534,4,0,0,00:00.0,00:00.0,uploads\f2e6d795-3777-11f0-84b6-581122bb7f2c\20210509T220000+1000_REC_210.wav,False,0,0,0,0,0,0,0,0,0,0,0,0,insects,-6.00633,0.5993281,-0.32169008,0.73325485,-0.07190584,0.6822809,0.31973416,-0.13798277,-0.044766355,0.87866616,0.22428082,-0.19157599,0.36022043
11.634363,6.977035,-2.8135884,4,0,0,00:00.0,00:00.0,uploads\f2e6d795-3777-11f0-84b6-581122bb7f2c\20210509T220000+1000_REC_211.wav,False,0,0,0,0,0,0,0,0,0,0,0,0,insects,-5.9780326,0.7686228,-0.27660558,0.81846476,-0.015922595,0.67161447,0.38269785,-0.16819033,-0.07198024,0.92744267,0.19043314,-0.10437195,0.39209166
10.3185625,6.7207484,-3.61117,4,0,0,00:00.0,00:00.0,uploads\f2e6d795-3777-11f0-84b6-581122bb7f2c\20210509T220000+1000_REC_212.wav,False,0,0,0,0,0,0,0,0,0,0,0,0,insects,-6.0545607,0.6230076,-0.08154729,0.6735528,0.07936556,0.60755,0.40635625,-0.01904161,0.092808224,0.7384313,0.22634071,-0.083471164,0.32753015
10.336597,6.7201242,-3.6008682,4,0,0,00:00.0,00:00.0,uploads\f2e6d795-3777-11f0-84b6-581122bb7f2c\20210509T220000+1000_REC_213.wav,False,0,0,0,0,0,0,0,0,0,0,0,0,insects,-6.045813,0.64496344,-0.07294501,0.7129833,0.07247704,0.6237986,0.38354033,-0.021454573,0.0508673,0.75518554,0.21637517,-0.08302765,0.3565195
10.7274275,6.828085,-3.495082,4,0,0,00:00.0,00:00.0,uploads\f2e6d795-3777-11f0-84b6-581122bb7f2c\20210509T220000+1000_REC_214.wav,False,0,0,0,0,0,0,0,0,0,0,0,0,insects,-6.0120616,0.7266058,-0.21814993,0.7762262,0.06576981,0.6265293,0.45295632,-0.071697935,0.047152005,0.84927714,0.15916404,-0.08241106,0.3141824
10.377762,6.7200823,-3.578268,4,0,0,00:00.0,00:00.0,uploads\f2e6d795-3777-11f0-84b6-581122bb7f2c\20210509T220000+1000_REC_215.wav,False,0,0,0,0,0,0,0,0,0,0,0,0,insects,-6.0436444,0.5924779,-0.1211175,0.7265458,0.046742737,0.6265483,0.3897367,-0.05123596,0.021696903,0.77724606,0.19272286,-0.06362939,0.37265226
10.751582,6.8366065,-3.4660716,4,0,0,00:00.0,00:00.0,uploads\f2e6d795-3777-11f0-84b6-581122bb7f2c\20210509T220000+1000_REC_216.wav,False,0,0,0,0,0,0,0,0,0,0,0,0,insects,-6.0122023,0.658279,-0.23250103,0.75570863,0.054502085,0.6694731,0.42776722,-0.10952604,0.03160349,0.8912213,0.107531086,-0.04331175,0.32122567
11.355916,6.5395427,-2.9564428,4,0,0,00:00.0,00:00.0,uploads\f2e6d795-3777-11f0-84b6-581122bb7f2c\20210509T220000+1000_REC_218.wav,False,0,0,0,0,0,0,0,0,0,0,0,0,insects,-6.0015507,0.65721154,-0.2539973,0.79385215,0.012060226,0.7010136,0.38477904,-0.09509397,-0.013933573,0.8857572,0.1817392,-0.10879707,0.37277913
11.63322,7.056473,-2.8684175,4,0,0,00:00.0,00:00.0,uploads\f2e6d795-3777-11f0-84b6-581122bb7f2c\20210509T220000+1000_REC_219.wav,False,0,0,0,0,0,0,0,0,0,0,0,0,insects,-5.984962,0.70933723,-0.37438315,0.7839845,-0.045621146,0.60290617,0.39355543,-0.17433149,-0.046721064,0.928971,0.1460299,-0.17171338,0.37602466
8.980454,4.910277,4.6269565,5,0,0,00:00.0,00:00.0,uploads\f2e6d795-3777-11f0-84b6-581122bb7f2c\20210509T000000+1000_REC_187.wav,False,0,0,0,0,0,0,0,0,0,0,0,0,insects,-6.0813856,0.568158,-0.012454418,0.36509874,-0.5183485,-0.013809002,0.3748371,0.010462576,0.014261015,0.32927734,0.12764888,0.1306286,0.6001751
8.953652,4.9643283,4.648705,5,0,0,00:00.0,00:00.0,uploads\f2e6d795-3777-11f0-84b6-581122bb7f2c\20210509T020000+1000_REC_249.wav,False,0,0,0,0,0,0,0,0,0,0,0,0,insects,-5.968196,1.2385707,-0.07120745,0.79624796,-0.4487223,-0.18757433,0.24876031,0.14730354,-0.16566452,0.47466952,0.1169604,0.14308855,0.442639
8.90583,5.0301576,4.743411,5,0,0,00:00.0,00:00.0,uploads\f2e6d795-3777-11f0-84b6-581122bb7f2c\20210509T100000+1000_REC_162.wav,False,0,0,0,0,0,0,0,0,0,0,0,0,insects,-5.9522476,1.2488836,0.020894501,0.72669846,-0.7275925,0.2973824,-0.24118905,0.36770895,0.20319915,0.37319818,0.24702653,0.20204867,0.08326538
8.8522625,4.9558682,4.758637,5,0,0,00:00.0,00:00.0,uploads\f2e6d795-3777-11f0-84b6-581122bb7f2c\20210509T180000+1000_REC_0.wav,False,0,0,0,0,0,0,0,0,0,0,0,0,insects,-5.959115,0.6609125,-0.6552028,0.83189857,-0.110206716,0.29588485,0.037953105,0.2618281,-0.31264058,0.686468,0.54340345,-0.4317036,0.41718316
8.931712,5.020906,4.7174287,5,0,0,00:00.0,00:00.0,uploads\f2e6d795-3777-11f0-84b6-581122bb7f2c\20210509T180000+1000_REC_1.wav,False,0,0,0,0,0,0,0,0,0,0,0,0,insects,-5.9139595,0.6977795,-0.8477775,0.8388117,-0.13531367,0.38648996,-0.07127219,0.25811076,-0.33907783,0.70842046,0.596156,-0.43904176,0.3512184
8.934983,5.032563,4.7200274,5,0,0,00:00.0,00:00.0,uploads\f2e6d795-3777-11f0-84b6-581122bb7f2c\20210509T180000+1000_REC_3.wav,False,0,0,0,0,0,0,0,0,0,0,0,0,insects,-5.8963327,0.73282915,-0.88652575,0.84758174,-0.16572475,0.35025492,-0.08231962,0.36361817,-0.38871667,0.6956167,0.5883399,-0.45847082,0.31883
8.835555,4.9216914,4.8153195,5,0,0,00:00.0,00:00.0,uploads\f2e6d795-3777-11f0-84b6-581122bb7f2c\20210509T180000+1000_REC_4.wav,False,0,0,0,0,0,0,0,0,0,0,0,0,insects,-5.965612,0.3364657,-0.6271746,0.6853098,-0.26173005,0.5114181,-0.059820965,0.29258537,-0.42784327,0.7185475,0.5979324,-0.4035765,0.27378532
8.917557,5.009751,4.731872,5,0,0,00:00.0,00:00.0,uploads\f2e6d795-3777-11f0-84b6-581122bb7f2c\20210509T180000+1000_REC_5.wav,False,0,0,0,0,0,0,0,0,0,0,0,0,insects,-5.9395432,0.7430359,-0.82844985,0.71043974,-0.07101949,0.3225208,0.006620358,0.26299715,-0.40154216,0.6873854,0.49927706,-0.42166063,0.2737498
8.913483,4.993824,4.7449703,5,0,0,00:00.0,00:00.0,uploads\f2e6d795-3777-11f0-84b6-581122bb7f2c\20210509T180000+1000_REC_6.wav,False,0,0,0,0,0,0,0,0,0,0,0,0,insects,-5.93166,0.5640585,-0.8248421,0.75494874,-0.16249385,0.42265,0.06586059,0.28463852,-0.4888932,0.60181266,0.593411,-0.44864514,0.33497983
8.889921,4.9471974,4.7871428,5,0,0,00:00.0,00:00.0,uploads\f2e6d795-3777-11f0-84b6-581122bb7f2c\20210509T180000+1000_REC_7.wav,False,0,0,0,0,0,0,0,0,0,0,0,0,insects,-5.954022,0.5565094,-0.72206855,0.72667146,-0.20499471,0.4393548,0.0139658805,0.30300158,-0.35488546,0.5524965,0.6596966,-0.4697491,0.36475036
8.918403,5.0033207,4.735783,5,0,0,00:00.0,00:00.0,uploads\f2e6d795-3777-11f0-84b6-581122bb7f2c\20210509T180000+1000_REC_8.wav,False,0,0,0,0,0,0,0,0,0,0,0,0,insects,-5.9330015,0.6421569,-0.8675023,0.81477,-0.05776048,0.28123212,0.07019194,0.23322953,-0.43651208,0.67717814,0.5105002,-0.3906516,0.33803555
8.9169655,5.0026846,4.7351856,5,0,0,00:00.0,00:00.0,uploads\f2e6d795-3777-11f0-84b6-581122bb7f2c\20210509T180000+1000_REC_9.wav,False,0,0,0,0,0,0,0,0,0,0,0,0,insects,-5.936761,0.6414228,-0.82026553,0.76178455,-0.11156755,0.23720871,0.0063842046,0.27292302,-0.4199856,0.71058273,0.5555142,-0.41050333,0.34794107
8.8682,4.9470983,4.7852635,5,0,0,00:00.0,00:00.0,uploads\f2e6d795-3777-11f0-84b6-581122bb7f2c\20210509T180000+1000_REC_10.wav,False,0,0,0,0,0,0,0,0,0,0,0,0,insects,-5.9625177,0.52074844,-0.71242124,0.69963676,-0.08815352,0.36778662,0.0041286233,0.35207194,-0.43277037,0.61567277,0.61994636,-0.4523903,0.2972944
8.90912,4.9891353,4.7448645,5,0,0,00:00.0,00:00.0,uploads\f2e6d795-3777-11f0-84b6-581122bb7f2c\20210509T180000+1000_REC_11.wav,True,0,1,0,0,1,0,0,0,0,0,0,0,insects,-5.9379597,0.61009145,-0.75288403,0.854988,-0.100464135,0.20092145,0.045684207,0.31160057,-0.45901555,0.6631913,0.5987984,-0.4279457,0.2771727
8.897859,4.9729075,4.7582192,5,0,0,00:00.0,00:00.0,uploads\f2e6d795-3777-11f0-84b6-581122bb7f2c\20210509T180000+1000_REC_12.wav,False,0,0,0,0,0,0,0,0,0,0,0,0,insects,-5.929957,0.6810005,-0.70711213,0.72202224,-0.21873271,0.19829592,-0.06229135,0.39019486,-0.48664054,0.6353808,0.70239645,-0.45164588,0.2656526
8.836759,4.9281325,4.823625,5,0,0,00:00.0,00:00.0,uploads\f2e6d795-3777-11f0-84b6-581122bb7f2c\20210509T180000+1000_REC_13.wav,False,0,0,0,0,0,0,0,0,0,0,0,0,insects,-5.998698,0.47940794,-0.63803893,0.69445866,-0.06705694,0.20895405,-0.035850916,0.32955205,-0.37573707,0.6097884,0.5382277,-0.37527865,0.19291367
8.8321905,4.92577,4.8230944,5,0,0,00:00.0,00:00.0,uploads\f2e6d795-3777-11f0-84b6-581122bb7f2c\20210509T180000+1000_REC_14.wav,False,0,0,0,0,0,0,0,0,0,0,0,0,insects,-5.992705,0.31230134,-0.6243951,0.7541101,-0.08348925,0.32563722,-0.07791634,0.3302406,-0.3378532,0.6355316,0.50723654,-0.44197085,0.30051026
8.830825,4.931566,4.800211,5,0,0,00:00.0,00:00.0,uploads\f2e6d795-3777-11f0-84b6-581122bb7f2c\20210509T180000+1000_REC_16.wav,False,0,0,0,0,0,0,0,0,0,0,0,0,insects,-5.979853,0.49346218,-0.683006,0.76972824,-0.109024376,0.33537346,-0.039633047,0.29271242,-0.28196102,0.6388787,0.5323624,-0.4435504,0.2959582
8.917706,5.005464,4.730325,5,0,0,00:00.0,00:00.0,uploads\f2e6d795-3777-11f0-84b6-581122bb7f2c\20210509T180000+1000_REC_17.wav,False,0,0,0,0,0,0,0,0,0,0,0,0,insects,-5.9525595,0.653111,-0.827025,0.779557,-0.039824985,0.16856699,-0.07485493,0.28921205,-0.36696866,0.62681955,0.5069919,-0.37191704,0.30866975
8.868567,4.997823,4.8293014,5,0,0,00:00.0,00:00.0,uploads\f2e6d795-3777-11f0-84b6-581122bb7f2c\20210509T180000+1000_REC_19.wav,False,0,0,0,0,0,0,0,0,0,0,0,0,insects,-5.987362,0.48875043,-0.72554165,0.7425409,0.031957354,0.16976638,0.002244961,0.31867063,-0.30605385,0.6068968,0.48019737,-0.4417286,0.32700208
8.946233,4.974423,4.6770782,5,0,0,00:00.0,00:00.0,uploads\f2e6d795-3777-11f0-84b6-581122bb7f2c\20210509T180000+1000_REC_20.wav,False,0,0,0,0,0,0,0,0,0,0,0,0,insects,-5.961088,0.593133,-0.74307686,0.72979534,-0.14726388,0.08621638,-0.052689686,0.25486994,-0.3618618,0.572235,0.6192105,-0.39380568,0.4556627
8.892027,4.9602094,4.7466774,5,0,0,00:00.0,00:00.0,uploads\f2e6d795-3777-11f0-84b6-581122bb7f2c\20210509T180000+1000_REC_22.wav,False,0,0,0,0,0,0,0,0,0,0,0,0,insects,-5.9687586,0.46117315,-0.7500593,0.77164364,-0.0815473,0.15840727,0.019069562,0.3289416,-0.37613112,0.55483985,0.57706743,-0.4393627,0.40287822
8.7532215,4.8675623,4.74496,5,0,0,00:00.0,00:00.0,uploads\f2e6d795-3777-11f0-84b6-581122bb7f2c\20210509T180000+1000_REC_24.wav,False,0,0,0,0,0,0,0,0,0,0,0,0,insects,-5.987798,0.4520076,-0.60497904,0.7262037,-0.14456938,0.26962,0.05085519,0.236036,-0.2892449,0.61647516,0.53701216,-0.5394941,0.3765968
8.514566,4.558893,4.602645,5,0,0,00:00.0,00:00.0,uploads\f2e6d795-3777-11f0-84b6-581122bb7f2c\20210509T180000+1000_REC_38.wav,False,0,0,0,0,0,0,0,0,0,0,0,0,insects,-5.9881616,0.33694836,-0.5772279,0.78645855,-0.046671722,0.21643952,0.111653514,0.1966637,-0.34198725,0.62106925,0.5684216,-0.55150473,0.36786526
8.498462,4.5443983,4.5733366,5,0,0,00:00.0,00:00.0,uploads\f2e6d795-3777-11f0-84b6-581122bb7f2c\20210509T180000+1000_REC_39.wav,False,0,0,0,0,0,0,0,0,0,0,0,0,insects,-5.993349,0.38668895,-0.6565064,0.7464264,0.06343967,0.13785829,0.11058155,0.15733704,-0.3376672,0.6811584,0.49065253,-0.47807658,0.31078357
8.487639,4.524463,4.5845675,5,0,0,00:00.0,00:00.0,uploads\f2e6d795-3777-11f0-84b6-581122bb7f2c\20210509T180000+1000_REC_40.wav,False,0,0,0,0,0,0,0,0,0,0,0,0,insects,-5.960477,0.28933862,-0.6956946,0.8425187,0.04543009,0.16586815,0.08869681,0.20681246,-0.36080557,0.6281781,0.64789927,-0.58496964,0.29143143
8.485191,4.5242176,4.5805855,5,0,0,00:00.0,00:00.0,uploads\f2e6d795-3777-11f0-84b6-581122bb7f2c\20210509T180000+1000_REC_41.wav,True,0,0,0,0,1,0,0,0,0,0,0,0,insects,-5.992659,0.33134216,-0.6320641,0.7814747,0.07880591,0.09990287,0.17055275,0.16380975,-0.36944693,0.62191015,0.5735708,-0.48224932,0.262502
8.479816,4.517385,4.577638,5,0,0,00:00.0,00:00.0,uploads\f2e6d795-3777-11f0-84b6-581122bb7f2c\20210509T180000+1000_REC_42.wav,False,0,0,0,0,0,0,0,0,0,0,0,0,insects,-5.986621,0.2882151,-0.6285843,0.8689514,-0.020277863,0.20654596,0.17475832,0.13556837,-0.28014055,0.58154845,0.6483373,-0.49182594,0.23550503
8.435448,4.472238,4.5321646,5,0,0,00:00.0,00:00.0,uploads\f2e6d795-3777-11f0-84b6-581122bb7f2c\20210509T180000+1000_REC_43.wav,False,0,0,0,0,0,0,0,0,0,0,0,0,insects,-5.9822154,0.21186747,-0.6355798,0.85359144,-0.026044251,0.112212375,0.200592,0.15039958,-0.3298652,0.55240446,0.6426647,-0.5248907,0.28640428
8.488426,4.527206,4.5875874,5,0,0,00:00.0,00:00.0,uploads\f2e6d795-3777-11f0-84b6-581122bb7f2c\20210509T180000+1000_REC_44.wav,False,0,0,0,0,0,0,0,0,0,0,0,0,insects,-5.9869475,0.29307535,-0.64751,0.75931597,0.07728428,0.07798821,0.16439986,0.18206973,-0.33164448,0.62710613,0.5322815,-0.5733206,0.3326073
8.491856,4.538468,4.6214304,5,0,0,00:00.0,00:00.0,uploads\f2e6d795-3777-11f0-84b6-581122bb7f2c\20210509T180000+1000_REC_45.wav,True,0,0,0,0,1,0,0,0,0,0,0,0,insects,-5.995967,0.2283773,-0.69190365,0.78285825,0.16558485,0.073345244,0.07350361,0.24846512,-0.26101437,0.5767042,0.50806034,-0.50443745,0.37192026
8.484193,4.522809,4.5807433,5,0,0,00:00.0,00:00.0,uploads\f2e6d795-3777-11f0-84b6-581122bb7f2c\20210509T180000+1000_REC_46.wav,False,0,0,0,0,0,0,0,0,0,0,0,0,insects,-6.0038776,0.19009905,-0.5892395,0.7612591,0.10659308,0.09737086,0.18551016,0.21287392,-0.35388386,0.6849236,0.5178334,-0.46787623,0.24017486
8.455817,4.4936147,4.5534773,5,0,0,00:00.0,00:00.0,uploads\f2e6d795-3777-11f0-84b6-581122bb7f2c\20210509T180000+1000_REC_47.wav,False,0,0,0,0,0,0,0,0,0,0,0,0,insects,-6.00032,0.28730795,-0.6202799,0.7693598,0.1418228,0.020409517,0.2505125,0.16323742,-0.31429595,0.6378084,0.5186568,-0.49310142,0.28022572
8.485835,4.52427,4.5831532,5,0,0,00:00.0,00:00.0,uploads\f2e6d795-3777-11f0-84b6-581122bb7f2c\20210509T180000+1000_REC_48.wav,False,0,0,0,0,0,0,0,0,0,0,0,0,insects,-5.998102,0.20136991,-0.58433735,0.8057421,0.062391244,0.14111757,0.18185121,0.20836774,-0.26949129,0.55706507,0.58233833,-0.5802604,0.30193222
8.487653,4.52619,4.5843587,5,0,0,00:00.0,00:00.0,uploads\f2e6d795-3777-11f0-84b6-581122bb7f2c\20210509T180000+1000_REC_49.wav,False,0,0,0,0,0,0,0,0,0,0,0,0,insects,-5.9800444,0.35383242,-0.6839208,0.7852649,0.047530055,0.0311181,0.17584766,0.20478782,-0.31025484,0.66591513,0.5696468,-0.5172398,0.30460382
8.487976,4.525246,4.585604,5,0,0,00:00.0,00:00.0,uploads\f2e6d795-3777-11f0-84b6-581122bb7f2c\20210509T180000+1000_REC_50.wav,True,0,0,0,0,1,0,0,0,0,0,0,0,insects,-5.9508796,0.39790654,-0.7356899,0.84161496,-0.021506011,0.09484209,0.08310249,0.1984346,-0.36994326,0.71582913,0.58989197,-0.54610765,0.26583537
8.730048,1.4873806,7.5503902,6,0,0,00:00.0,00:00.0,uploads\f2e6d795-3777-11f0-84b6-581122bb7f2c\20210509T000000+1000_REC_226.wav,True,0,0,0,0,1,0,0,0,0,0,0,0,birds,-6.1008544,0.20919837,-0.14005741,0.61828834,-0.31001678,0.12661573,0.37533507,0.08542859,0.065784395,0.4942145,0.06466788,0.009681393,0.42626834
8.585317,1.0878989,7.363216,6,0,0,00:00.0,00:00.0,uploads\f2e6d795-3777-11f0-84b6-581122bb7f2c\20210509T040000+1000_REC_215.wav,False,0,0,0,0,0,0,0,0,0,0,0,0,birds,-6.0568376,0.26330873,-0.22037856,0.9421924,-0.24632406,-0.1081443,0.32744268,0.32798055,-0.23300496,0.34051707,0.36327088,-0.06947094,0.24596374
10.418544,1.5125883,6.9121904,6,0,0,00:00.0,00:00.0,uploads\f2e6d795-3777-11f0-84b6-581122bb7f2c\20210509T040000+1000_REC_224.wav,False,0,0,0,0,0,0,0,0,0,0,0,0,birds,-6.023405,0.3714529,-0.2634465,1.0188589,-0.40394294,-0.17419676,0.24241245,0.40542197,-0.21887806,0.3207347,0.4666668,-0.03303757,0.22571763
8.728948,0.9410748,7.275079,6,0,0,00:00.0,00:00.0,uploads\f2e6d795-3777-11f0-84b6-581122bb7f2c\20210509T040000+1000_REC_225.wav,False,0,0,0,0,0,0,0,0,0,0,0,0,birds,-6.0570517,0.3085497,-0.25784272,0.9643778,-0.2058516,-0.10085222,0.32924783,0.37419683,-0.1951055,0.33658007,0.33712035,-0.027486693,0.19851328
8.371448,0.8370028,7.2755404,6,0,0,00:00.0,00:00.0,uploads\f2e6d795-3777-11f0-84b6-581122bb7f2c\20210509T040000+1000_REC_226.wav,False,0,0,0,0,0,0,0,0,0,0,0,0,birds,-6.0626416,0.33879957,-0.22246517,0.95045716,-0.122904524,-0.087876834,0.3652479,0.32825822,-0.24196357,0.3325606,0.32084548,-0.037870232,0.21882372
8.359189,0.8445099,7.269506,6,0,0,00:00.0,00:00.0,uploads\f2e6d795-3777-11f0-84b6-581122bb7f2c\20210509T040000+1000_REC_235.wav,False,0,0,0,0,0,0,0,0,0,0,0,0,birds,-6.0714436,0.2887947,-0.21522038,0.88191855,-0.07906314,-0.15917777,0.33987686,0.36255693,-0.23549424,0.34052706,0.33605233,-0.025008341,0.19996518
8.211949,0.7524381,7.3473625,6,0,0,00:00.0,00:00.0,uploads\f2e6d795-3777-11f0-84b6-581122bb7f2c\20210509T040000+1000_REC_258.wav,False,0,0,0,0,0,0,0,0,0,0,0,0,birds,-6.058896,0.23333248,-0.2582244,0.9642427,-0.14119148,-0.050898243,0.34409148,0.3692243,-0.23771876,0.37257907,0.29475358,-0.060133968,0.26988655
7.6567636,0.4069493,7.5109105,6,0,0,00:00.0,00:00.0,uploads\f2e6d795-3777-11f0-84b6-581122bb7f2c\20210509T060000+1000_REC_60.wav,False,0,0,0,0,0,0,0,0,0,0,0,0,birds,-6.06977,0.7545719,-0.5176115,0.39217263,-0.20443404,0.12109726,0.11926195,0.12764147,0.052025665,0.29504284,0.13513581,0.2014892,0.54838413
6.426949,0.5274931,6.6725674,6,0,0,00:00.0,00:00.0,uploads\f2e6d795-3777-11f0-84b6-581122bb7f2c\20210509T060000+1000_REC_221.wav,False,0,0,0,0,0,0,0,0,0,0,0,0,birds,-6.1385756,0.13359648,0.015726138,0.5022492,-0.018407365,-0.049246043,0.37275863,0.15640256,0.025650322,0.27795672,0.21188104,0.0027710316,0.24337053
6.4974933,0.4168972,6.729436,6,0,0,00:00.0,00:00.0,uploads\f2e6d795-3777-11f0-84b6-581122bb7f2c\20210509T060000+1000_REC_222.wav,True,0,1,0,0,1,0,0,0,0,0,0,0,birds,-6.091045,0.53675514,-0.106446676,0.69290876,-0.19889316,-0.1073291,0.411056,0.20306668,-0.053459596,0.3855681,0.18336725,-0.04783295,0.29320854
6.422966,0.5322866,6.6679316,6,0,0,00:00.0,00:00.0,uploads\f2e6d795-3777-11f0-84b6-581122bb7f2c\20210509T060000+1000_REC_247.wav,False,0,0,0,0,0,0,0,0,0,0,0,0,birds,-6.1345215,0.12867151,-0.123223506,0.63306624,0.15256542,-0.03458074,0.27130914,0.2490903,0.16885641,0.19754285,0.18126054,0.1279986,0.2544428
6.442964,0.5015724,6.684778,6,0,0,00:00.0,00:00.0,uploads\f2e6d795-3777-11f0-84b6-581122bb7f2c\20210509T060000+1000_REC_248.wav,True,0,1,0,0,1,0,0,0,0,0,0,0,birds,-6.101393,0.42148638,-0.1131469,0.7343041,0.03231917,-0.198705,0.43337744,0.31610385,-0.04004527,0.23770794,0.27637112,0.08586589,0.21422322
6.4252143,0.52766526,6.6711025,6,0,0,00:00.0,00:00.0,uploads\f2e6d795-3777-11f0-84b6-581122bb7f2c\20210509T060000+1000_REC_252.wav,False,0,0,0,0,0,0,0,0,0,0,0,0,birds,-6.127655,0.22529894,-0.0842555,0.67367417,0.030537091,-0.057355132,0.32353777,0.22811133,0.18116282,0.25273198,0.25873998,0.1264485,0.27067724
9.929503,1.6242328,7.5318117,6,0,0,00:00.0,00:00.0,uploads\f2e6d795-3777-11f0-84b6-581122bb7f2c\20210509T080000+1000_REC_0.wav,False,0,0,0,0,0,0,0,0,0,0,0,0,birds,-5.7715774,0.92908406,0.028577691,1.0375546,-1.3497967,0.6349298,-0.53103715,0.5683168,-0.16857359,0.33287,-0.13662562,0.274278,-0.057251237
9.933377,1.6236517,7.5293894,6,0,0,00:00.0,00:00.0,uploads\f2e6d795-3777-11f0-84b6-581122bb7f2c\20210509T080000+1000_REC_1.wav,False,0,0,0,0,0,0,0,0,0,0,0,0,birds,-5.791444,0.9316485,-0.051593475,0.9785659,-1.3343844,0.61843413,-0.4757115,0.54257363,-0.19402498,0.31758404,-0.15612873,0.23986258,0.03164453
10.442397,1.5987264,7.107988,6,0,0,00:00.0,00:00.0,uploads\f2e6d795-3777-11f0-84b6-581122bb7f2c\20210509T080000+1000_REC_3.wav,False,0,0,0,0,0,0,0,0,0,0,0,0,birds,-5.7816477,1.1233742,-0.12598196,0.9456492,-1.186467,0.6668125,-0.62432206,0.5524701,-0.14983119,0.26762348,-0.07558937,0.2730374,-0.06980943
9.8734865,1.6302017,7.5492096,6,0,0,00:00.0,00:00.0,uploads\f2e6d795-3777-11f0-84b6-581122bb7f2c\20210509T080000+1000_REC_5.wav,False,0,0,0,0,0,0,0,0,0,0,0,0,birds,-5.8329654,0.93768907,0.10509099,0.9617516,-1.2167485,0.57130384,-0.49607876,0.51130766,-0.13167399,0.3325067,-0.082444325,0.25293687,-0.015411558
9.017945,1.1715536,7.448548,6,0,0,00:00.0,00:00.0,uploads\f2e6d795-3777-11f0-84b6-581122bb7f2c\20210509T080000+1000_REC_24.wav,False,0,0,0,0,0,0,0,0,0,0,0,0,birds,-5.9299626,0.85685927,-0.25393075,0.7767819,-0.9063319,0.44850093,-0.45764086,0.45432478,-0.13547254,0.2342627,-0.067719504,0.22153325,0.009301681
8.995333,1.5582464,7.669744,6,0,0,00:00.0,00:00.0,uploads\f2e6d795-3777-11f0-84b6-581122bb7f2c\20210509T080000+1000_REC_32.wav,True,0,0,0,0,0,0,0,0,0,0,1,0,birds,-5.990983,0.7121678,0.057140995,0.7118518,-0.83217764,0.48871407,-0.36766365,0.34914654,-0.07317901,0.29600033,-0.007966165,0.23930073,-0.0038962176
9.003909,1.6210715,7.691869,6,0,0,00:00.0,00:00.0,uploads\f2e6d795-3777-11f0-84b6-581122bb7f2c\20210509T080000+1000_REC_36.wav,False,0,0,0,0,0,0,0,0,0,0,0,0,birds,-5.985575,0.54655933,0.0993994,0.69556755,-0.9265724,0.45176747,-0.39292112,0.4076381,-0.07739836,0.28041512,-0.06304849,0.21070778,0.014523389
9.127756,1.3026505,7.512417,6,0,0,00:00.0,00:00.0,uploads\f2e6d795-3777-11f0-84b6-581122bb7f2c\20210509T080000+1000_REC_38.wav,False,0,0,0,0,0,0,0,0,0,0,0,0,birds,-5.9347224,0.7864807,-0.0061714603,0.7436556,-1.0326529,0.48465776,-0.440628,0.41453072,-0.042662255,0.3390224,0.012644734,0.29022104,0.0035529672
8.971341,1.6343791,7.710999,6,0,0,00:00.0,00:00.0,uploads\f2e6d795-3777-11f0-84b6-581122bb7f2c\20210509T080000+1000_REC_41.wav,False,0,0,0,0,0,0,0,0,0,0,0,0,birds,-5.947166,0.8237511,0.050923504,0.88668317,-0.9240302,0.45361,-0.3272177,0.4441841,-0.062316466,0.33210686,-0.044713654,0.17846942,0.021251682
10.150498,1.6897442,7.50731,6,0,0,00:00.0,00:00.0,uploads\f2e6d795-3777-11f0-84b6-581122bb7f2c\20210509T080000+1000_REC_42.wav,False,0,0,0,0,0,0,0,0,0,0,0,0,birds,-5.807123,0.9594015,-0.10560648,1.0507115,-1.2472912,0.47283906,-0.5482638,0.4847605,-0.1310061,0.33267018,-0.08370045,0.1684378,0.0005096632
9.048644,1.1890165,7.4575152,6,0,0,00:00.0,00:00.0,uploads\f2e6d795-3777-11f0-84b6-581122bb7f2c\20210509T080000+1000_REC_43.wav,False,0,0,0,0,0,0,0,0,0,0,0,0,birds,-5.910947,0.89652425,-0.059325147,0.84506404,-1.0473042,0.3690737,-0.4164505,0.5036714,-0.062143948,0.28718334,-0.023653997,0.2658046,0.024162503
9.023172,1.1747298,7.4505677,6,0,0,00:00.0,00:00.0,uploads\f2e6d795-3777-11f0-84b6-581122bb7f2c\20210509T080000+1000_REC_44.wav,False,0,0,0,0,0,0,0,0,0,0,0,0,birds,-5.940298,0.90181446,-0.06899817,0.83298266,-0.9015312,0.4590084,-0.36643207,0.43342593,-0.11402843,0.23872137,-0.04807217,0.22899634,-0.012594528
9.090381,1.1751074,7.4247303,6,0,0,00:00.0,00:00.0,uploads\f2e6d795-3777-11f0-84b6-581122bb7f2c\20210509T080000+1000_REC_45.wav,False,0,0,0,0,0,0,0,0,0,0,0,0,birds,-5.902195,1.0489922,-0.11793258,0.89547986,-0.9538165,0.5020468,-0.36081353,0.4321035,-0.10731864,0.28679392,-0.0054967566,0.25241917,0.051145613
9.541187,1.4185741,7.483313,6,0,0,00:00.0,00:00.0,uploads\f2e6d795-3777-11f0-84b6-581122bb7f2c\20210509T080000+1000_REC_46.wav,False,0,0,0,0,0,0,0,0,0,0,0,0,birds,-5.869256,1.0891068,-0.12558237,0.92633295,-1.0263302,0.48500007,-0.4182887,0.50505674,-0.0078056585,0.35134473,-0.08117902,0.21397933,0.019670745
8.574091,1.2818493,7.471899,6,0,0,00:00.0,00:00.0,uploads\f2e6d795-3777-11f0-84b6-581122bb7f2c\20210509T080000+1000_REC_51.wav,False,0,0,0,0,0,0,0,0,0,0,0,0,birds,-5.9958363,0.96941066,0.015633838,0.7176356,-0.69938684,0.43936864,-0.23714854,0.41404396,-0.026108274,0.28715193,0.02788972,0.16845138,0.087346904
8.926248,1.0701686,7.364544,6,0,0,00:00.0,00:00.0,uploads\f2e6d795-3777-11f0-84b6-581122bb7f2c\20210509T080000+1000_REC_52.wav,False,0,0,0,0,0,0,0,0,0,0,0,0,birds,-5.898684,1.1314235,-0.06711456,0.922587,-0.93564147,0.404593,-0.3633337,0.45707813,-0.028861023,0.26639053,-0.0074521825,0.18649556,0.048053604
10.4359,1.6120086,7.0419846,6,0,0,00:00.0,00:00.0,uploads\f2e6d795-3777-11f0-84b6-581122bb7f2c\20210509T080000+1000_REC_53.wav,False,0,0,0,0,0,0,0,0,0,0,0,0,birds,-5.714965,1.4151318,-0.19984299,1.1325985,-1.2358955,0.5747596,-0.45918146,0.45053223,-0.2034541,0.28949952,-0.09595827,0.17134137,-0.001585718
8.561883,1.2304233,7.435757,6,0,0,00:00.0,00:00.0,uploads\f2e6d795-3777-11f0-84b6-581122bb7f2c\20210509T080000+1000_REC_54.wav,True,0,1,0,0,0,0,0,0,0,0,1,0,birds,-5.957024,1.0160185,0.022498552,0.8074068,-0.8436632,0.41241518,-0.3211192,0.33639315,-0.05025114,0.25792134,0.03869807,0.18814799,0.08583349
10.313985,1.6687398,7.277077,6,0,0,00:00.0,00:00.0,uploads\f2e6d795-3777-11f0-84b6-581122bb7f2c\20210509T080000+1000_REC_55.wav,False,0,0,0,0,0,0,0,0,0,0,0,0,birds,-5.744713,1.2692498,-0.12790237,1.1323687,-1.252514,0.520717,-0.5261154,0.43717164,-0.16324821,0.33797523,-0.015903432,0.23756571,0.002415083
10.420647,1.4392067,6.948678,6,0,0,00:00.0,00:00.0,uploads\f2e6d795-3777-11f0-84b6-581122bb7f2c\20210509T080000+1000_REC_56.wav,False,0,0,0,0,0,0,0,0,0,0,0,0,birds,-5.6498632,1.50406,-0.2789916,1.2106491,-1.306625,0.515473,-0.50834984,0.5868993,-0.13820522,0.35241282,-0.13338545,0.17302503,0.05757164
5.942691,-0.98058915,8.5710945,6,0,0,00:00.0,00:00.0,uploads\f2e6d795-3777-11f0-84b6-581122bb7f2c\20210509T080000+1000_REC_57.wav,True,0,0,0,0,0,0,0,0,0,0,1,0,birds,-6.055274,0.873061,0.02581944,0.63164365,-0.5505015,0.21600749,-0.11419225,0.31994984,0.12915747,0.15676516,0.098401874,0.08920533,0.17757928
10.408251,1.426589,6.8963027,6,0,0,00:00.0,00:00.0,uploads\f2e6d795-3777-11f0-84b6-581122bb7f2c\20210509T080000+1000_REC_58.wav,False,0,0,0,0,0,0,0,0,0,0,0,0,birds,-5.7690845,1.5106709,-0.29011315,1.0902835,-0.99325013,0.45072183,-0.38582417,0.53272915,-0.018187996,0.19670188,-0.022682086,0.21124305,0.05568175
10.414886,1.4103961,6.9216495,6,0,0,00:00.0,00:00.0,uploads\f2e6d795-3777-11f0-84b6-581122bb7f2c\20210509T080000+1000_REC_59.wav,False,0,0,0,0,0,0,0,0,0,0,0,0,birds,-5.7640076,1.4004303,-0.1313011,1.1199375,-1.0302662,0.5473139,-0.52915406,0.5715316,-0.040918607,0.21088566,-0.1172044,0.15682422,0.03875885
10.392597,1.4023092,6.9343653,6,0,0,00:00.0,00:00.0,uploads\f2e6d795-3777-11f0-84b6-581122bb7f2c\20210509T080000+1000_REC_60.wav,False,0,0,0,0,0,0,0,0,0,0,0,0,birds,-5.793659,1.3146223,-0.19820893,1.1109678,-1.018796,0.48254856,-0.46613628,0.54225075,-0.08016028,0.20884563,-0.10025903,0.22178191,0.03378646
10.420374,1.4103755,6.9220653,6,0,0,00:00.0,00:00.0,uploads\f2e6d795-3777-11f0-84b6-581122bb7f2c\20210509T080000+1000_REC_61.wav,False,0,0,0,0,0,0,0,0,0,0,0,0,birds,-5.689555,1.4234028,-0.24445479,1.2253935,-1.1996015,0.5333089,-0.55906445,0.5627886,-0.11180523,0.23195381,-0.1685292,0.165849,-0.006186498
10.292851,1.4473647,7.0724115,6,0,0,00:00.0,00:00.0,uploads\f2e6d795-3777-11f0-84b6-581122bb7f2c\20210509T080000+1000_REC_62.wav,False,0,0,0,0,0,0,0,0,0,0,0,0,birds,-5.805003,1.2320423,0.0034821478,1.0223281,-1.0770646,0.5104488,-0.5809287,0.5037634,-0.0794409,0.21408327,-0.15897605,0.20440684,0.042892545
10.282711,1.4533266,7.0848765,6,0,0,00:00.0,00:00.0,uploads\f2e6d795-3777-11f0-84b6-581122bb7f2c\20210509T080000+1000_REC_63.wav,True,0,1,0,0,0,0,0,0,0,0,1,0,birds,-5.8526273,1.0944186,0.05447023,0.9592245,-1.0371735,0.5608829,-0.4881504,0.5012092,-0.11197534,0.2460058,-0.13802657,0.24522695,0.046321146
6.506742,0.3810099,6.735684,6,0,0,00:00.0,00:00.0,uploads\f2e6d795-3777-11f0-84b6-581122bb7f2c\20210509T080000+1000_REC_64.wav,False,0,0,0,0,0,0,0,0,0,0,0,0,birds,-5.9093084,0.7768306,-0.30404305,1.2340528,-0.7954186,0.1799558,-0.04922946,0.49803486,-0.35217157,0.3309714,0.08907645,0.006105664,0.018271392
10.448394,1.5472866,7.014313,6,0,0,00:00.0,00:00.0,uploads\f2e6d795-3777-11f0-84b6-581122bb7f2c\20210509T080000+1000_REC_65.wav,False,0,0,0,0,0,0,0,0,0,0,0,0,birds,-5.8293014,1.2401813,-0.14122802,0.9936031,-1.0009679,0.57818687,-0.46393985,0.4570468,-0.065268315,0.24474087,-0.126802,0.22348307,-0.0033916268
10.446222,1.5926698,6.9591336,6,0,0,00:00.0,00:00.0,uploads\f2e6d795-3777-11f0-84b6-581122bb7f2c\20210509T080000+1000_REC_66.wav,False,0,0,0,0,0,0,0,0,0,0,0,0,birds,-5.8117547,1.3488927,-0.07523395,0.99039185,-0.9983801,0.5336755,-0.49359277,0.4366296,-0.13179334,0.26808664,-0.07275053,0.16723998,-0.036019884
10.472698,1.5857038,7.0698314,6,0,0,00:00.0,00:00.0,uploads\f2e6d795-3777-11f0-84b6-581122bb7f2c\20210509T080000+1000_REC_67.wav,False,0,0,0,0,0,0,0,0,0,0,0,0,birds,-5.7925124,1.3632408,0.0077389525,0.90453017,-1.0363494,0.6530225,-0.59295154,0.47238237,-0.15569125,0.19901374,-0.05830422,0.24081638,-0.045611273
9.182241,1.5733694,7.660767,6,0,0,00:00.0,00:00.0,uploads\f2e6d795-3777-11f0-84b6-581122bb7f2c\20210509T080000+1000_REC_69.wav,False,0,0,0,0,0,0,0,0,0,0,0,0,birds,-5.9465413,0.88368064,0.20724009,0.83101577,-0.8773076,0.504127,-0.4007303,0.46734083,0.017771462,0.26792958,-0.101108104,0.27413878,0.05446973
9.365334,1.5839719,7.628078,6,0,0,00:00.0,00:00.0,uploads\f2e6d795-3777-11f0-84b6-581122bb7f2c\20210509T080000+1000_REC_70.wav,False,0,0,0,0,0,0,0,0,0,0,0,0,birds,-5.9187074,0.869622,0.20423903,0.81058705,-0.9811071,0.5645952,-0.4353517,0.5234306,-0.005164097,0.26390332,-0.12868178,0.24594866,-0.031517077
10.28044,1.446809,7.0812683,6,0,0,00:00.0,00:00.0,uploads\f2e6d795-3777-11f0-84b6-581122bb7f2c\20210509T080000+1000_REC_71.wav,False,0,0,0,0,0,0,0,0,0,0,0,0,birds,-5.849566,1.1039327,0.1604932,0.8376481,-1.1170806,0.5290345,-0.5518626,0.48245007,0.0028451858,0.21079732,-0.1641829,0.23831163,0.033224076
10.285054,1.4827621,7.11457,6,0,0,00:00.0,00:00.0,uploads\f2e6d795-3777-11f0-84b6-581122bb7f2c\20210509T080000+1000_REC_73.wav,False,0,0,0,0,0,0,0,0,0,0,0,0,birds,-5.8046927,1.2286692,0.13840349,0.9971377,-1.0559363,0.60809803,-0.5678867,0.55119777,-0.059394076,0.24857904,-0.19119838,0.24487309,0.028139401
10.02224,1.6790761,7.481604,6,0,0,00:00.0,00:00.0,uploads\f2e6d795-3777-11f0-84b6-581122bb7f2c\20210509T080000+1000_REC_74.wav,False,0,0,0,0,0,0,0,0,0,0,0,0,birds,-5.813952,1.0447124,0.20022523,0.92644304,-1.1639555,0.74911624,-0.5586834,0.4539099,-0.123154186,0.33024424,-0.06288872,0.29860923,-0.06784374
9.842677,1.6262555,7.574554,6,0,0,00:00.0,00:00.0,uploads\f2e6d795-3777-11f0-84b6-581122bb7f2c\20210509T080000+1000_REC_75.wav,False,0,0,0,0,0,0,0,0,0,0,0,0,birds,-5.845074,0.74002326,0.25956303,0.9127267,-1.2240697,0.5750856,-0.5935787,0.48806798,-0.19004881,0.25454044,-0.06389737,0.27495176,-0.08773581
10.391237,1.4300677,6.9497437,6,0,0,00:00.0,00:00.0,uploads\f2e6d795-3777-11f0-84b6-581122bb7f2c\20210509T080000+1000_REC_78.wav,False,0,0,0,0,0,0,0,0,0,0,0,0,birds,-5.757186,1.4421198,-0.07806402,1.0726674,-1.0972338,0.5543913,-0.43622962,0.57199997,-0.08857552,0.18379772,-0.14096336,0.26235938,0.08238284
10.442276,1.3771932,6.890166,6,0,0,00:00.0,00:00.0,uploads\f2e6d795-3777-11f0-84b6-581122bb7f2c\20210509T080000+1000_REC_79.wav,False,0,0,0,0,0,0,0,0,0,0,0,0,birds,-5.705351,1.6017809,-0.1275384,1.0940652,-1.0874311,0.5487206,-0.56788206,0.5136114,-0.10713543,0.22760206,-0.1356805,0.19598536,0.019073622
9.802229,1.618885,7.568969,6,0,0,00:00.0,00:00.0,uploads\f2e6d795-3777-11f0-84b6-581122bb7f2c\20210509T080000+1000_REC_81.wav,False,0,0,0,0,0,0,0,0,0,0,0,0,birds,-5.850651,0.9217003,0.16150382,0.9450538,-1.1444942,0.58315426,-0.523016,0.46881413,-0.11184429,0.30395234,-0.16687006,0.22561067,0.0018520647
8.961056,1.6430444,7.694293,6,0,0,00:00.0,00:00.0,uploads\f2e6d795-3777-11f0-84b6-581122bb7f2c\20210509T080000+1000_REC_82.wav,False,0,0,0,0,0,0,0,0,0,0,0,0,birds,-5.970123,0.47570232,0.027103888,0.8887632,-0.9535992,0.3652124,-0.28447452,0.3899486,-0.1465789,0.3089428,-0.119539484,0.1361569,0.0049399924
9.954676,1.6660292,7.5469675,6,0,0,00:00.0,00:00.0,uploads\f2e6d795-3777-11f0-84b6-581122bb7f2c\20210509T080000+1000_REC_83.wav,False,0,0,0,0,0,0,0,0,0,0,0,0,birds,-5.7935863,1.0068628,0.19790989,0.8997887,-1.2600408,0.6490862,-0.65027696,0.50395846,-0.129621,0.26216856,-0.15954463,0.23319036,-0.07161791
9.846194,1.6414311,7.574003,6,0,0,00:00.0,00:00.0,uploads\f2e6d795-3777-11f0-84b6-581122bb7f2c\20210509T080000+1000_REC_85.wav,True,0,0,0,0,0,0,0,0,0,0,1,0,birds,-5.8506827,0.6933177,0.21672355,0.9655666,-1.2188569,0.56707585,-0.51195574,0.42945838,-0.12020621,0.3418233,-0.2665455,0.12125703,-0.032962684
8.878858,1.5664226,7.707743,6,0,0,00:00.0,00:00.0,uploads\f2e6d795-3777-11f0-84b6-581122bb7f2c\20210509T080000+1000_REC_86.wav,False,0,0,0,0,0,0,0,0,0,0,0,0,birds,-6.0038214,0.7374466,0.12575768,0.8216389,-0.70621246,0.5627329,-0.23129247,0.43781358,-0.008371117,0.29417974,0.045735203,0.26569885,0.07736777
10.424645,1.8020109,7.267121,6,0,0,00:00.0,00:00.0,uploads\f2e6d795-3777-11f0-84b6-581122bb7f2c\20210509T080000+1000_REC_88.wav,False,0,0,0,0,0,0,0,0,0,0,0,0,birds,-5.718938,1.2589067,-0.09954629,1.0769366,-1.2913235,0.7165387,-0.5487424,0.49129868,-0.18511575,0.30005297,-0.17172045,0.18953107,-0.044231325
9.1155205,1.07392,7.2982063,6,0,0,00:00.0,00:00.0,uploads\f2e6d795-3777-11f0-84b6-581122bb7f2c\20210509T080000+1000_REC_90.wav,False,0,0,0,0,0,0,0,0,0,0,0,0,birds,-5.891825,1.0107965,-0.085200764,0.95265704,-0.9480103,0.6483682,-0.374259,0.41877872,-0.05737854,0.2609106,-0.057375107,0.26487184,0.007395167
9.207088,1.211867,7.4093013,6,0,0,00:00.0,00:00.0,uploads\f2e6d795-3777-11f0-84b6-581122bb7f2c\20210509T080000+1000_REC_91.wav,False,0,0,0,0,0,0,0,0,0,0,0,0,birds,-5.9087443,1.0091182,0.06095713,0.84929514,-0.9229251,0.63743126,-0.3987616,0.45254853,-0.09107097,0.33237752,0.027669668,0.31702784,0.028687296
8.928603,1.582676,7.697223,6,0,0,00:00.0,00:00.0,uploads\f2e6d795-3777-11f0-84b6-581122bb7f2c\20210509T080000+1000_REC_92.wav,False,0,0,0,0,0,0,0,0,0,0,0,0,birds,-5.991232,0.7304121,0.21515334,0.75161994,-0.78839767,0.49619246,-0.37163863,0.40252128,-0.07168353,0.26579592,-0.06928033,0.23404318,0.09033847
8.915872,1.5864946,7.71393,6,0,0,00:00.0,00:00.0,uploads\f2e6d795-3777-11f0-84b6-581122bb7f2c\20210509T080000+1000_REC_93.wav,False,0,0,0,0,0,0,0,0,0,0,0,0,birds,-5.9828563,0.8063681,0.16924621,0.78067666,-0.7991311,0.5431431,-0.34329787,0.38098654,0.011211474,0.30859095,-0.007155475,0.25990856,0.09989229
10.043872,1.7132095,7.543491,6,0,0,00:00.0,00:00.0,uploads\f2e6d795-3777-11f0-84b6-581122bb7f2c\20210509T080000+1000_REC_94.wav,False,0,0,0,0,0,0,0,0,0,0,0,0,birds,-5.777896,0.8898997,0.23447831,1.0723867,-1.3539196,0.54667586,-0.5126858,0.55610967,-0.17636295,0.3475942,-0.1692246,0.16513371,-0.08596403
9.975094,1.6747265,7.511812,6,0,0,00:00.0,00:00.0,uploads\f2e6d795-3777-11f0-84b6-581122bb7f2c\20210509T080000+1000_REC_95.wav,False,0,0,0,0,0,0,0,0,0,0,0,0,birds,-5.819077,1.1204116,0.10385599,0.9131324,-1.1294868,0.66605645,-0.53697646,0.49078906,-0.15454601,0.32271966,-0.1071665,0.22559506,-0.03747339
8.93485,1.6167066,7.7097387,6,0,0,00:00.0,00:00.0,uploads\f2e6d795-3777-11f0-84b6-581122bb7f2c\20210509T080000+1000_REC_96.wav,False,0,0,0,0,0,0,0,0,0,0,0,0,birds,-6.0084643,0.79726064,0.15110184,0.7644653,-0.6626329,0.4831394,-0.30720782,0.44590193,0.0021319522,0.256612,-0.011993101,0.24514925,0.01795892
9.990973,1.676183,7.559371,6,0,0,00:00.0,00:00.0,uploads\f2e6d795-3777-11f0-84b6-581122bb7f2c\20210509T080000+1000_REC_98.wav,False,0,0,0,0,0,0,0,0,0,0,0,0,birds,-5.7808104,0.73581713,0.23692209,1.0503238,-1.3282479,0.6545475,-0.6623903,0.51755995,-0.14351143,0.286971,-0.17278644,0.21745065,-0.12911691
9.915989,1.6488022,7.554439,6,0,0,00:00.0,00:00.0,uploads\f2e6d795-3777-11f0-84b6-581122bb7f2c\20210509T080000+1000_REC_100.wav,False,0,0,0,0,0,0,0,0,0,0,0,0,birds,-5.835079,0.8636697,0.06076458,0.9377157,-1.2309713,0.584716,-0.5360652,0.54467666,-0.07402893,0.335686,-0.093875185,0.22850709,-0.05047768
10.035444,1.7188447,7.546739,6,0,0,00:00.0,00:00.0,uploads\f2e6d795-3777-11f0-84b6-581122bb7f2c\20210509T080000+1000_REC_101.wav,False,0,0,0,0,0,0,0,0,0,0,0,0,birds,-5.799088,0.9557511,0.14160925,1.0486485,-1.2138677,0.58469605,-0.5694746,0.58769137,-0.2053609,0.2851969,-0.13164063,0.19038884,-0.05441473
8.605824,1.305699,7.4685526,6,0,0,00:00.0,00:00.0,uploads\f2e6d795-3777-11f0-84b6-581122bb7f2c\20210509T080000+1000_REC_102.wav,False,0,0,0,0,0,0,0,0,0,0,0,0,birds,-6.004306,0.86245084,0.1069319,0.7919723,-0.69956636,0.45818484,-0.23775037,0.41305074,0.012947207,0.2193361,0.045912467,0.19522993,0.0678167
10.363224,1.6274552,7.1810775,6,0,0,00:00.0,00:00.0,uploads\f2e6d795-3777-11f0-84b6-581122bb7f2c\20210509T080000+1000_REC_103.wav,False,0,0,0,0,0,0,0,0,0,0,0,0,birds,-5.747225,1.284954,-0.016367225,1.1412373,-1.1640106,0.6113549,-0.54729426,0.5364508,-0.17356943,0.2710257,-0.11140165,0.23629883,-0.02219681
10.407319,1.7988896,7.2850966,6,0,0,00:00.0,00:00.0,uploads\f2e6d795-3777-11f0-84b6-581122bb7f2c\20210509T080000+1000_REC_104.wav,True,0,0,0,0,0,0,0,0,0,0,1,0,birds,-5.6879244,1.2167386,0.036613744,1.1762625,-1.3160281,0.7891906,-0.59190387,0.57682204,-0.14612736,0.3278425,-0.14599277,0.19966173,-0.15056093
9.57291,1.5718653,7.5882525,6,0,0,00:00.0,00:00.0,uploads\f2e6d795-3777-11f0-84b6-581122bb7f2c\20210509T080000+1000_REC_105.wav,False,0,0,0,0,0,0,0,0,0,0,0,0,birds,-5.8902073,0.87218416,0.21736461,0.9677374,-1.0153619,0.6319399,-0.42305252,0.4902598,-0.035474543,0.3326133,-0.09584997,0.2289714,-0.018042762
9.122649,1.5925556,7.667965,6,0,0,00:00.0,00:00.0,uploads\f2e6d795-3777-11f0-84b6-581122bb7f2c\20210509T080000+1000_REC_106.wav,False,0,0,0,0,0,0,0,0,0,0,0,0,birds,-5.935953,0.8591181,0.18248557,0.92899567,-0.89317614,0.5708894,-0.29815584,0.4910889,-0.09826436,0.28341958,-0.03472713,0.2226494,-0.008649122
8.877841,1.5749054,7.680259,6,0,0,00:00.0,00:00.0,uploads\f2e6d795-3777-11f0-84b6-581122bb7f2c\20210509T080000+1000_REC_107.wav,True,0,1,0,0,0,0,0,0,0,0,1,0,birds,-5.9588747,0.9560829,0.16940656,0.937825,-0.73155415,0.55461645,-0.251934,0.46689484,-0.0016514729,0.29665315,0.046895277,0.20760414,0.045260284
8.821121,1.5313447,7.6364594,6,0,0,00:00.0,00:00.0,uploads\f2e6d795-3777-11f0-84b6-581122bb7f2c\20210509T080000+1000_REC_109.wav,False,0,0,0,0,0,0,0,0,0,0,0,0,birds,-5.983033,0.8143147,0.10822308,0.90648085,-0.75373536,0.46460786,-0.23123734,0.46759436,-0.055816058,0.24314786,0.016999835,0.17761289,0.023279786
8.861308,1.5573821,7.708232,6,0,0,00:00.0,00:00.0,uploads\f2e6d795-3777-11f0-84b6-581122bb7f2c\20210509T080000+1000_REC_110.wav,True,0,0,0,0,0,0,0,0,0,0,1,0,birds,-5.9986854,0.83527464,0.11360913,0.86337936,-0.67160463,0.5083519,-0.22877651,0.41326758,0.00046312655,0.30051294,0.032094344,0.20848775,0.059789106
8.606683,1.3219498,7.47654,6,0,0,00:00.0,00:00.0,uploads\f2e6d795-3777-11f0-84b6-581122bb7f2c\20210509T080000+1000_REC_111.wav,True,0,0,0,0,0,0,0,0,0,0,1,0,birds,-6.019095,0.86627173,0.09522418,0.7898633,-0.62381756,0.41865602,-0.18966696,0.39910024,0.048054244,0.24254248,0.010606946,0.13703468,0.07012472
9.629088,1.5293932,7.54464,6,0,0,00:00.0,00:00.0,uploads\f2e6d795-3777-11f0-84b6-581122bb7f2c\20210509T080000+1000_REC_112.wav,True,0,0,0,0,0,0,0,0,0,0,1,0,birds,-5.8544035,1.1255349,0.06253012,1.0628986,-1.0062422,0.5332782,-0.38653907,0.4676764,-0.0738802,0.31834283,-0.05449608,0.23471533,-0.016319405
10.365343,1.8006858,7.268571,6,0,0,00:00.0,00:00.0,uploads\f2e6d795-3777-11f0-84b6-581122bb7f2c\20210509T080000+1000_REC_113.wav,True,0,0,0,0,0,0,0,0,0,0,1,0,birds,-5.77063,1.1199845,0.040254887,1.0944706,-1.1951348,0.70371586,-0.535858,0.48822495,-0.17270856,0.305886,-0.18313693,0.20659158,-0.03681354
10.140595,1.7157321,7.438407,6,0,0,00:00.0,00:00.0,uploads\f2e6d795-3777-11f0-84b6-581122bb7f2c\20210509T080000+1000_REC_114.wav,False,0,0,0,0,0,0,0,0,0,0,0,0,birds,-5.8166404,1.0547104,0.0061689843,1.1139835,-1.0345557,0.73970884,-0.5159534,0.45745456,-0.1387537,0.31960225,-0.05840578,0.26692158,-0.068254314
10.346987,1.7420387,7.298929,6,0,0,00:00.0,00:00.0,uploads\f2e6d795-3777-11f0-84b6-581122bb7f2c\20210509T080000+1000_REC_115.wav,False,0,0,0,0,0,0,0,0,0,0,0,0,birds,-5.7490587,1.3175176,-0.017885063,1.2088982,-1.023117,0.77712405,-0.5335797,0.46979845,-0.11737801,0.35998955,-0.08915704,0.26477772,0.020720227
9.718372,1.5938485,7.543731,6,0,0,00:00.0,00:00.0,uploads\f2e6d795-3777-11f0-84b6-581122bb7f2c\20210509T080000+1000_REC_116.wav,False,0,0,0,0,0,0,0,0,0,0,0,0,birds,-5.836002,1.1335216,0.13762875,1.0975493,-0.99739826,0.67408496,-0.34460416,0.47279358,-0.12438592,0.39957327,-0.058732804,0.1805996,-0.062194042
8.908531,1.6018903,7.7007275,6,0,0,00:00.0,00:00.0,uploads\f2e6d795-3777-11f0-84b6-581122bb7f2c\20210509T080000+1000_REC_117.wav,False,0,0,0,0,0,0,0,0,0,0,0,0,birds,-5.981975,0.85916823,0.22341539,0.87339795,-0.72878337,0.44141403,-0.28381714,0.45020527,-0.06686626,0.30183184,0.031452022,0.19799893,0.006017626
10.439828,1.5591944,6.9535685,6,0,0,00:00.0,00:00.0,uploads\f2e6d795-3777-11f0-84b6-581122bb7f2c\20210509T080000+1000_REC_118.wav,False,0,0,0,0,0,0,0,0,0,0,0,0,birds,-5.8353353,1.39604,-0.0015953963,1.0434995,-0.84358644,0.585542,-0.34784904,0.47829533,-0.07401024,0.28399453,-0.04884574,0.16158631,0.010687683
8.534932,1.229032,7.390821,6,0,0,00:00.0,00:00.0,uploads\f2e6d795-3777-11f0-84b6-581122bb7f2c\20210509T080000+1000_REC_119.wav,False,0,0,0,0,0,0,0,0,0,0,0,0,birds,-5.9913216,0.98163915,0.1707878,0.8392395,-0.6132791,0.53781295,-0.2526928,0.3667484,0.0098043,0.22107114,0.0181735,0.1591258,0.101107575
8.702643,0.9094083,7.2799664,6,0,0,00:00.0,00:00.0,uploads\f2e6d795-3777-11f0-84b6-581122bb7f2c\20210509T080000+1000_REC_120.wav,False,0,0,0,0,0,0,0,0,0,0,0,0,birds,-5.923524,1.2245528,-0.00948486,0.887347,-0.70072466,0.54579735,-0.31335437,0.4269056,-0.06987717,0.21433829,0.0031449692,0.19854315,0.047647808
10.280606,2.115593,7.101304,6,0,0,00:00.0,00:00.0,uploads\f2e6d795-3777-11f0-84b6-581122bb7f2c\20210509T080000+1000_REC_121.wav,False,0,0,0,0,0,0,0,0,0,0,0,0,birds,-5.827408,1.1318164,0.16170931,1.0963529,-0.97199637,0.6243663,-0.5027984,0.45708054,-0.23569544,0.28436926,-0.12665297,0.21495317,-0.037160624
10.468679,1.593173,7.063119,6,0,0,00:00.0,00:00.0,uploads\f2e6d795-3777-11f0-84b6-581122bb7f2c\20210509T080000+1000_REC_122.wav,False,0,0,0,0,0,0,0,0,0,0,0,0,birds,-5.7885194,1.3271812,-0.057123654,1.0401258,-1.0674938,0.6031957,-0.4720911,0.51329094,-0.1445187,0.2551299,-0.06695491,0.21506064,-0.02998496
10.486705,1.6596104,7.1290274,6,0,0,00:00.0,00:00.0,uploads\f2e6d795-3777-11f0-84b6-581122bb7f2c\20210509T080000+1000_REC_123.wav,False,0,0,0,0,0,0,0,0,0,0,0,0,birds,-5.7675424,1.3888565,-0.07448113,0.9330178,-1.1345562,0.70426434,-0.47647557,0.46921557,-0.13931265,0.2907973,-0.09226141,0.22404872,-0.052700628
10.139807,1.6559501,7.3793135,6,0,0,00:00.0,00:00.0,uploads\f2e6d795-3777-11f0-84b6-581122bb7f2c\20210509T080000+1000_REC_124.wav,False,0,0,0,0,0,0,0,0,0,0,0,0,birds,-5.7522116,1.2959712,0.13041288,1.0846434,-1.2043976,0.6220081,-0.5180903,0.49820995,-0.07495361,0.332481,-0.1977086,0.23959213,0.0513691
8.513495,1.2430016,7.3971624,6,0,0,00:00.0,00:00.0,uploads\f2e6d795-3777-11f0-84b6-581122bb7f2c\20210509T080000+1000_REC_125.wav,False,0,0,0,0,0,0,0,0,0,0,0,0,birds,-6.013371,0.9263098,0.14228243,0.7733364,-0.58208245,0.46423668,-0.251679,0.37422526,0.055483002,0.23029666,-0.020930195,0.20675895,0.14950192
9.234713,1.2011065,7.382399,6,0,0,00:00.0,00:00.0,uploads\f2e6d795-3777-11f0-84b6-581122bb7f2c\20210509T080000+1000_REC_128.wav,False,0,0,0,0,0,0,0,0,0,0,0,0,birds,-5.904322,1.0762663,-0.049338154,0.9636099,-0.82014096,0.5961749,-0.413071,0.42671856,-0.030711351,0.3497455,-0.014338653,0.2617084,0.04436079
10.360574,1.4745563,6.9232306,6,0,0,00:00.0,00:00.0,uploads\f2e6d795-3777-11f0-84b6-581122bb7f2c\20210509T080000+1000_REC_129.wav,False,0,0,0,0,0,0,0,0,0,0,0,0,birds,-5.8207016,1.30748,-0.20781668,1.0562131,-0.9411813,0.52873015,-0.4362579,0.46682203,-0.14221965,0.23223354,-0.043878637,0.18407573,-0.022141978
10.484688,1.5927463,7.066326,6,0,0,00:00.0,00:00.0,uploads\f2e6d795-3777-11f0-84b6-581122bb7f2c\20210509T080000+1000_REC_130.wav,True,0,0,0,0,0,0,0,0,0,0,1,0,birds,-5.789764,1.3964982,-0.054764833,1.0142565,-0.9885156,0.6569278,-0.5138238,0.44526017,-0.12036896,0.22849624,-0.09378033,0.24152175,0.0033583865
8.854799,1.5225905,7.645114,6,0,0,00:00.0,00:00.0,uploads\f2e6d795-3777-11f0-84b6-581122bb7f2c\20210509T080000+1000_REC_131.wav,False,0,0,0,0,0,0,0,0,0,0,0,0,birds,-5.96564,0.9759667,0.20991114,0.84126246,-0.7459002,0.50583935,-0.3001813,0.4218912,-0.061355498,0.2962688,-0.0057415324,0.2062449,0.05513767
8.721633,1.382134,7.5482903,6,0,0,00:00.0,00:00.0,uploads\f2e6d795-3777-11f0-84b6-581122bb7f2c\20210509T080000+1000_REC_132.wav,False,0,0,0,0,0,0,0,0,0,0,0,0,birds,-5.9811187,0.95643073,0.1497594,0.81895643,-0.6934508,0.46320122,-0.30645946,0.41029128,-0.0824734,0.21653596,-0.027043002,0.20668632,0.05063857
10.470764,1.6161652,6.9917727,6,0,0,00:00.0,00:00.0,uploads\f2e6d795-3777-11f0-84b6-581122bb7f2c\20210509T080000+1000_REC_133.wav,False,0,0,0,0,0,0,0,0,0,0,0,0,birds,-5.8030725,1.3628386,0.014307351,1.065468,-0.94103414,0.6144419,-0.5076818,0.4732905,-0.10209197,0.27477786,-0.03406264,0.17643322,-0.06666112
10.466406,1.5983691,6.9956884,6,0,0,00:00.0,00:00.0,uploads\f2e6d795-3777-11f0-84b6-581122bb7f2c\20210509T080000+1000_REC_134.wav,False,0,0,0,0,0,0,0,0,0,0,0,0,birds,-5.7954206,1.4326904,-0.09797357,1.0089666,-0.9444895,0.65566003,-0.46905243,0.41469267,-0.108974755,0.3015373,-0.08771768,0.19070832,-0.0028036693
10.333159,1.6833184,7.252433,6,0,0,00:00.0,00:00.0,uploads\f2e6d795-3777-11f0-84b6-581122bb7f2c\20210509T080000+1000_REC_135.wav,False,0,0,0,0,0,0,0,0,0,0,0,0,birds,-5.741099,1.2935115,-0.051788274,1.2045085,-1.1328877,0.6195718,-0.5374001,0.5132415,-0.19819821,0.28439593,-0.07113613,0.2745941,-0.03208133
10.370112,1.5943396,7.1241107,6,0,0,00:00.0,00:00.0,uploads\f2e6d795-3777-11f0-84b6-581122bb7f2c\20210509T080000+1000_REC_136.wav,False,0,0,0,0,0,0,0,0,0,0,0,0,birds,-5.78,1.2705897,0.06125243,1.1236278,-1.0799924,0.60855174,-0.5126436,0.53776455,-0.12271464,0.24365586,-0.11005117,0.22150308,-0.01612502
9.974313,1.6150988,7.4990015,6,0,0,00:00.0,00:00.0,uploads\f2e6d795-3777-11f0-84b6-581122bb7f2c\20210509T080000+1000_REC_137.wav,False,0,0,0,0,0,0,0,0,0,0,0,0,birds,-5.796113,1.0831625,-0.027464012,1.1471953,-1.1181488,0.564503,-0.47127923,0.6309277,-0.11749447,0.3150937,-0.16688682,0.24735165,0.0215514
8.895748,1.0279168,7.3251314,6,0,0,00:00.0,00:00.0,uploads\f2e6d795-3777-11f0-84b6-581122bb7f2c\20210509T080000+1000_REC_139.wav,True,0,1,0,0,0,0,0,0,0,0,1,0,birds,-5.9026756,1.1027313,-0.02341652,1.0273594,-0.8423883,0.5309915,-0.271828,0.45482495,-0.10008104,0.27311411,-0.04174859,0.18939848,0.033589024
10.393666,1.7654978,7.293722,6,0,0,00:00.0,00:00.0,uploads\f2e6d795-3777-11f0-84b6-581122bb7f2c\20210509T080000+1000_REC_141.wav,False,0,0,0,0,0,0,0,0,0,0,0,0,birds,-5.7000623,1.294429,-0.037174117,1.157161,-1.2921809,0.6817444,-0.57488024,0.4769082,-0.19121408,0.32031873,-0.1963487,0.26042727,0.0031110866
10.464225,1.5717434,7.035148,6,0,0,00:00.0,00:00.0,uploads\f2e6d795-3777-11f0-84b6-581122bb7f2c\20210509T080000+1000_REC_142.wav,False,0,0,0,0,0,0,0,0,0,0,0,0,birds,-5.8303137,1.1206728,-0.149687,0.97501,-1.0631299,0.65477246,-0.47958046,0.5014832,-0.02172643,0.28237614,-0.12845162,0.19652861,-0.013709246
8.638998,1.105458,7.4326916,6,0,0,00:00.0,00:00.0,uploads\f2e6d795-3777-11f0-84b6-581122bb7f2c\20210509T080000+1000_REC_143.wav,False,0,0,0,0,0,0,0,0,0,0,0,0,birds,-5.965044,0.94216555,-0.011722897,0.8026298,-0.7571271,0.59842336,-0.33819342,0.37306526,-0.07554087,0.24838464,0.03075548,0.19809261,0.028489674
10.479278,1.8275998,7.258038,6,0,0,00:00.0,00:00.0,uploads\f2e6d795-3777-11f0-84b6-581122bb7f2c\20210509T080000+1000_REC_144.wav,False,0,0,0,0,0,0,0,0,0,0,0,0,birds,-5.702369,1.4194132,-0.13606395,1.1113106,-1.1937408,0.72116876,-0.54186654,0.5108435,-0.16543958,0.33377817,-0.11175895,0.20299338,-0.09850676
10.513855,1.7156278,7.1661005,6,0,0,00:00.0,00:00.0,uploads\f2e6d795-3777-11f0-84b6-581122bb7f2c\20210509T080000+1000_REC_145.wav,False,0,0,0,0,0,0,0,0,0,0,0,0,birds,-5.7531843,1.4564441,-0.18395495,1.0227116,-1.0403003,0.6782812,-0.50240195,0.5065482,-0.09448611,0.24517694,-0.11948455,0.20823574,-0.08216243
10.552018,1.7913252,7.222008,6,0,0,00:00.0,00:00.0,uploads\f2e6d795-3777-11f0-84b6-581122bb7f2c\20210509T080000+1000_REC_146.wav,False,0,0,0,0,0,0,0,0,0,0,0,0,birds,-5.646769,1.7623887,-0.39527103,1.0470365,-1.0532203,0.77932817,-0.49663424,0.4348486,-0.17742518,0.23878004,-0.107054815,0.18814614,-0.050155886
8.746956,0.8999535,7.2646866,6,0,0,00:00.0,00:00.0,uploads\f2e6d795-3777-11f0-84b6-581122bb7f2c\20210509T080000+1000_REC_147.wav,False,0,0,0,0,0,0,0,0,0,0,0,0,birds,-5.9237943,1.1819217,-0.16298085,0.94782215,-0.67322665,0.51298094,-0.3149796,0.4137876,-0.041404616,0.22333485,-0.0031793662,0.22548503,0.021632038
8.430005,0.5422727,7.030113,6,0,0,00:00.0,00:00.0,uploads\f2e6d795-3777-11f0-84b6-581122bb7f2c\20210509T080000+1000_REC_148.wav,False,0,0,0,0,0,0,0,0,0,0,0,0,birds,-5.992327,1.0735413,-0.08677484,0.79402333,-0.5693386,0.5147295,-0.18293549,0.29349792,-0.0149206715,0.19687663,0.06600353,0.18358937,0.12129016
8.396758,0.52738655,7.033347,6,0,0,00:00.0,00:00.0,uploads\f2e6d795-3777-11f0-84b6-581122bb7f2c\20210509T080000+1000_REC_149.wav,False,0,0,0,0,0,0,0,0,0,0,0,0,birds,-6.024353,0.92464423,-0.045069158,0.76038295,-0.5038154,0.4725391,-0.25282022,0.31342104,0.1352414,0.25863463,0.08422414,0.1939419,0.15369481
8.416156,0.53599054,7.031713,6,0,0,00:00.0,00:00.0,uploads\f2e6d795-3777-11f0-84b6-581122bb7f2c\20210509T080000+1000_REC_150.wav,False,0,0,0,0,0,0,0,0,0,0,0,0,birds,-6.012244,0.9799026,0.041446496,0.74748427,-0.57447314,0.5069435,-0.21929444,0.33862484,0.06828387,0.18973194,0.07642208,0.18414174,0.09126953
5.403109,-1.0525827,9.504638,6,0,0,00:00.0,00:00.0,uploads\f2e6d795-3777-11f0-84b6-581122bb7f2c\20210509T080000+1000_REC_151.wav,False,0,0,0,0,0,0,0,0,0,0,0,0,birds,-6.1297054,0.6322808,0.15354991,0.47479954,-0.11653475,0.12954436,0.04883197,0.19497749,0.13014112,0.054582227,0.23853219,0.09827017,0.12287337
10.469074,1.5950879,6.9856997,6,0,0,00:00.0,00:00.0,uploads\f2e6d795-3777-11f0-84b6-581122bb7f2c\20210509T080000+1000_REC_152.wav,True,0,1,0,0,0,0,0,0,0,0,1,0,birds,-5.753723,1.5935197,-0.2547879,1.0177271,-0.8899517,0.66633815,-0.52062726,0.42343834,-0.042462055,0.3314466,-0.06943353,0.12115158,0.008150456
10.443939,1.5569109,6.9976106,6,0,0,00:00.0,00:00.0,uploads\f2e6d795-3777-11f0-84b6-581122bb7f2c\20210509T080000+1000_REC_153.wav,False,0,0,0,0,0,0,0,0,0,0,0,0,birds,-5.8385983,1.3065127,-0.20435174,1.0011317,-0.87985337,0.61001587,-0.43528184,0.42056006,-0.08185774,0.27770197,-0.06289153,0.22063528,0.026770655
8.312772,0.8008617,7.3757353,6,0,0,00:00.0,00:00.0,uploads\f2e6d795-3777-11f0-84b6-581122bb7f2c\20210509T080000+1000_REC_154.wav,False,0,0,0,0,0,0,0,0,0,0,0,0,birds,-5.95284,1.131331,-0.1962099,0.7608975,-0.66966766,0.47130132,-0.3393958,0.42329147,-0.039601974,0.26986435,-0.0022925143,0.17788702,0.036057852
8.881882,1.0565163,7.376921,6,0,0,00:00.0,00:00.0,uploads\f2e6d795-3777-11f0-84b6-581122bb7f2c\20210509T080000+1000_REC_155.wav,False,0,0,0,0,0,0,0,0,0,0,0,0,birds,-5.9214396,1.1812645,-0.12416588,0.843614,-0.7759835,0.4090756,-0.3762557,0.44232485,-0.044664703,0.26434273,-0.039137945,0.22787844,0.026227212
10.479368,1.5586039,7.0441403,6,0,0,00:00.0,00:00.0,uploads\f2e6d795-3777-11f0-84b6-581122bb7f2c\20210509T080000+1000_REC_161.wav,True,0,0,0,0,0,0,0,0,0,0,1,0,birds,-5.819731,1.0572947,-0.16786946,0.95097256,-1.1401598,0.6443615,-0.5200374,0.47848925,-0.16637477,0.2527714,-0.07528594,0.24824929,-0.026616668
9.007927,1.6529392,7.722152,6,0,0,00:00.0,00:00.0,uploads\f2e6d795-3777-11f0-84b6-581122bb7f2c\20210509T080000+1000_REC_162.wav,False,0,0,0,0,0,0,0,0,0,0,0,0,birds,-5.995458,0.72980016,0.17130113,0.6864568,-0.8162618,0.5174771,-0.34550843,0.40205282,-0.021496171,0.31168395,-0.0114716515,0.23245539,0.016047506
9.907231,1.6494668,7.5551577,6,0,0,00:00.0,00:00.0,uploads\f2e6d795-3777-11f0-84b6-581122bb7f2c\20210509T080000+1000_REC_164.wav,False,0,0,0,0,0,0,0,0,0,0,0,0,birds,-5.8189564,0.91696787,0.20810416,1.0031416,-1.2258943,0.56891966,-0.571997,0.5078477,-0.12209271,0.31075314,-0.13740122,0.2215904,0.0038860296
9.103432,1.5754391,7.6498103,6,0,0,00:00.0,00:00.0,uploads\f2e6d795-3777-11f0-84b6-581122bb7f2c\20210509T080000+1000_REC_165.wav,False,0,0,0,0,0,0,0,0,0,0,0,0,birds,-5.9278455,0.7578104,0.14217697,0.91809964,-0.9807674,0.56948173,-0.3142656,0.5580277,-0.077439025,0.33275828,-0.009991109,0.22277714,-0.0065134615
9.053903,1.1867243,7.449653,6,0,0,00:00.0,00:00.0,uploads\f2e6d795-3777-11f0-84b6-581122bb7f2c\20210509T080000+1000_REC_166.wav,False,0,0,0,0,0,0,0,0,0,0,0,0,birds,-5.929623,0.913802,-0.10157574,0.9088947,-0.86809033,0.46872863,-0.43688756,0.40166563,-0.11004481,0.2885926,0.026362699,0.25309262,-0.024544237
8.915242,1.6005085,7.700103,6,0,0,00:00.0,00:00.0,uploads\f2e6d795-3777-11f0-84b6-581122bb7f2c\20210509T080000+1000_REC_167.wav,False,0,0,0,0,0,0,0,0,0,0,0,0,birds,-5.9979167,0.7469981,0.14745349,0.8232756,-0.74288535,0.45108733,-0.28140336,0.478508,-0.036702443,0.29086676,0.015831826,0.19761775,0.03281098
9.944074,1.6439124,7.5461683,6,0,0,00:00.0,00:00.0,uploads\f2e6d795-3777-11f0-84b6-581122bb7f2c\20210509T080000+1000_REC_169.wav,False,0,0,0,0,0,0,0,0,0,0,0,0,birds,-5.7990317,0.8086844,0.04155945,1.0928638,-1.2888528,0.5336116,-0.5687145,0.52708143,-0.13370563,0.29419613,-0.19018385,0.24834916,-0.039465096
9.56463,1.5310127,7.5661893,6,0,0,00:00.0,00:00.0,uploads\f2e6d795-3777-11f0-84b6-581122bb7f2c\20210509T080000+1000_REC_170.wav,False,0,0,0,0,0,0,0,0,0,0,0,0,birds,-5.9154253,0.6344954,0.09512948,0.94448674,-1.0701265,0.48836678,-0.41677198,0.4278985,-0.16878344,0.3299016,-0.03990659,0.25944352,-0.004090034
10.144239,1.6859863,7.5149946,6,0,0,00:00.0,00:00.0,uploads\f2e6d795-3777-11f0-84b6-581122bb7f2c\20210509T080000+1000_REC_171.wav,False,0,0,0,0,0,0,0,0,0,0,0,0,birds,-5.7596865,1.0897918,-0.008051419,1.1043682,-1.2921339,0.5372884,-0.570427,0.4674296,-0.21724525,0.341638,-0.10489996,0.21704856,-0.046186928
10.130122,1.6861202,7.533136,6,0,0,00:00.0,00:00.0,uploads\f2e6d795-3777-11f0-84b6-581122bb7f2c\20210509T080000+1000_REC_172.wav,False,0,0,0,0,0,0,0,0,0,0,0,0,birds,-5.782625,0.9027117,-0.016321627,1.1657902,-1.3010081,0.555976,-0.5005107,0.46217558,-0.17638789,0.33188722,-0.101011895,0.20997387,-0.075947
10.130173,1.6831928,7.5237975,6,0,0,00:00.0,00:00.0,uploads\f2e6d795-3777-11f0-84b6-581122bb7f2c\20210509T080000+1000_REC_173.wav,False,0,0,0,0,0,0,0,0,0,0,0,0,birds,-5.8137054,0.97613966,-0.052771475,0.97432554,-1.2094405,0.52997994,-0.5872107,0.46615297,-0.16738619,0.30598578,-0.10893775,0.22423881,-0.091017395
9.835147,1.6313099,7.5737815,6,0,0,00:00.0,00:00.0,uploads\f2e6d795-3777-11f0-84b6-581122bb7f2c\20210509T080000+1000_REC_175.wav,False,0,0,0,0,0,0,0,0,0,0,0,0,birds,-5.8714404,0.6575777,0.2002171,0.8923463,-1.1626241,0.6280349,-0.55175656,0.46920258,-0.13425468,0.31450436,-0.17838207,0.17181543,-0.017830774
9.670269,1.6179417,7.607108,6,0,0,00:00.0,00:00.0,uploads\f2e6d795-3777-11f0-84b6-581122bb7f2c\20210509T080000+1000_REC_176.wav,False,0,0,0,0,0,0,0,0,0,0,0,0,birds,-5.8861647,0.840207,0.21146867,0.791677,-1.1299316,0.6468787,-0.43757996,0.44353798,-0.19757748,0.28153983,-0.08410219,0.26168868,-0.0011164505
10.364819,1.7621591,7.2970614,6,0,0,00:00.0,00:00.0,uploads\f2e6d795-3777-11f0-84b6-581122bb7f2c\20210509T080000+1000_REC_177.wav,False,0,0,0,0,0,0,0,0,0,0,0,0,birds,-5.7541695,1.1735462,-0.1030762,1.1811873,-1.1408554,0.78566515,-0.5088794,0.42272556,-0.15402861,0.34384838,-0.13408859,0.2125058,-0.06985059
9.686962,1.5556086,7.5462947,6,0,0,00:00.0,00:00.0,uploads\f2e6d795-3777-11f0-84b6-581122bb7f2c\20210509T080000+1000_REC_178.wav,False,0,0,0,0,0,0,0,0,0,0,0,0,birds,-5.834434,0.9484443,0.12535132,1.145396,-1.1256901,0.5682039,-0.4456613,0.4296953,-0.08129125,0.3166322,-0.14789216,0.24930297,0.010637405
10.345651,1.745317,7.3194704,6,0,0,00:00.0,00:00.0,uploads\f2e6d795-3777-11f0-84b6-581122bb7f2c\20210509T080000+1000_REC_179.wav,False,0,0,0,0,0,0,0,0,0,0,0,0,birds,-5.7602773,1.20227,-0.07116713,1.1863811,-1.1630129,0.6847431,-0.48015317,0.4302478,-0.12241697,0.36050314,-0.12221571,0.24699657,-0.0074767284
8.406822,0.52788776,7.0284724,6,0,0,00:00.0,00:00.0,uploads\f2e6d795-3777-11f0-84b6-581122bb7f2c\20210509T080000+1000_REC_182.wav,False,0,0,0,0,0,0,0,0,0,0,0,0,birds,-6.0029516,1.0947684,0.026258457,0.7432826,-0.54439026,0.48331386,-0.18094876,0.28543267,0.03803681,0.24132948,0.071445785,0.18829569,0.1287869
8.764662,1.1982968,7.445921,6,0,0,00:00.0,00:00.0,uploads\f2e6d795-3777-11f0-84b6-581122bb7f2c\20210509T080000+1000_REC_183.wav,False,0,0,0,0,0,0,0,0,0,0,0,0,birds,-5.903703,1.1829029,0.09710265,0.91119564,-0.9007967,0.4575116,-0.299533,0.4298353,-0.034643203,0.24503247,-0.046981215,0.24477032,0.07256491
8.43706,0.5447133,7.0284243,6,0,0,00:00.0,00:00.0,uploads\f2e6d795-3777-11f0-84b6-581122bb7f2c\20210509T080000+1000_REC_184.wav,False,0,0,0,0,0,0,0,0,0,0,0,0,birds,-5.995794,1.0336366,0.03178959,0.73181754,-0.6350436,0.543776,-0.20095684,0.29115596,-0.022332618,0.20410617,0.042312313,0.22175963,0.06267047
10.103439,1.7275511,7.531138,6,0,0,00:00.0,00:00.0,uploads\f2e6d795-3777-11f0-84b6-581122bb7f2c\20210509T080000+1000_REC_189.wav,False,0,0,0,0,0,0,0,0,0,0,0,0,birds,-5.777177,1.0788306,0.14461131,1.1414136,-1.2226655,0.572441,-0.49168918,0.52686924,-0.18983673,0.31144884,-0.1166663,0.19722573,-0.110958174
8.876014,1.5716453,7.692808,6,0,0,00:00.0,00:00.0,uploads\f2e6d795-3777-11f0-84b6-581122bb7f2c\20210509T080000+1000_REC_190.wav,False,0,0,0,0,0,0,0,0,0,0,0,0,birds,-5.9767275,0.8718156,0.20421652,0.8796663,-0.7725834,0.5005097,-0.25175217,0.40410054,-0.015821395,0.30833995,0.021947345,0.21237566,0.06963434
9.57894,1.5212183,7.55665,6,0,0,00:00.0,00:00.0,uploads\f2e6d795-3777-11f0-84b6-581122bb7f2c\20210509T080000+1000_REC_191.wav,False,0,0,0,0,0,0,0,0,0,0,0,0,birds,-5.8851047,0.89300907,0.09431396,0.95753586,-1.0903791,0.5614378,-0.4107943,0.43162048,-0.06660711,0.3037004,-0.07553519,0.2525332,0.03404334
8.75638,1.3046974,7.5169997,6,0,0,00:00.0,00:00.0,uploads\f2e6d795-3777-11f0-84b6-581122bb7f2c\20210509T080000+1000_REC_197.wav,False,0,0,0,0,0,0,0,0,0,0,0,0,birds,-5.9412737,1.0247543,0.102448925,0.9232039,-0.8067933,0.53706807,-0.2931584,0.36568502,-0.06268989,0.2631487,-0.01519255,0.2283741,0.07787143
8.774445,1.3541911,7.541457,6,0,0,00:00.0,00:00.0,uploads\f2e6d795-3777-11f0-84b6-581122bb7f2c\20210509T080000+1000_REC_201.wav,True,0,1,0,0,0,0,0,0,0,0,1,0,birds,-5.954425,0.99200684,0.17953284,0.8928905,-0.77244633,0.5115783,-0.3024802,0.39999393,-0.06168901,0.26144755,0.015461259,0.2518213,0.039690997
8.874371,1.6401503,7.737184,6,0,0,00:00.0,00:00.0,uploads\f2e6d795-3777-11f0-84b6-581122bb7f2c\20210509T080000+1000_REC_202.wav,False,0,0,0,0,0,0,0,0,0,0,0,0,birds,-6.021728,0.7393652,0.24197592,0.77155775,-0.66739464,0.4354937,-0.21787305,0.41023543,-0.047502115,0.28944007,0.030160349,0.22166815,0.03253084
10.2916975,2.0925286,7.0946383,6,0,0,00:00.0,00:00.0,uploads\f2e6d795-3777-11f0-84b6-581122bb7f2c\20210509T080000+1000_REC_203.wav,False,0,0,0,0,0,0,0,0,0,0,0,0,birds,-5.7747035,1.3165216,0.19557261,1.1706887,-1.0556616,0.5589497,-0.5030212,0.47536993,-0.18202609,0.2799114,-0.028486693,0.23092811,-0.051455133
10.291028,2.1196082,7.0586534,6,0,0,00:00.0,00:00.0,uploads\f2e6d795-3777-11f0-84b6-581122bb7f2c\20210509T080000+1000_REC_204.wav,False,0,0,0,0,0,0,0,0,0,0,0,0,birds,-5.8245807,1.2599334,0.23175943,1.0386268,-1.0357257,0.5230845,-0.4364452,0.38205048,-0.1866938,0.2476034,-0.083650835,0.22573812,-0.008529903
10.28495,2.1202877,7.067694,6,0,0,00:00.0,00:00.0,uploads\f2e6d795-3777-11f0-84b6-581122bb7f2c\20210509T080000+1000_REC_205.wav,False,0,0,0,0,0,0,0,0,0,0,0,0,birds,-5.8059545,1.3190325,0.21509877,1.0126234,-1.0556657,0.49515048,-0.45534092,0.47017023,-0.2037806,0.29325753,-0.1163465,0.18613441,-0.014116751
10.334128,2.1180344,7.0031633,6,0,0,00:00.0,00:00.0,uploads\f2e6d795-3777-11f0-84b6-581122bb7f2c\20210509T080000+1000_REC_206.wav,False,0,0,0,0,0,0,0,0,0,0,0,0,birds,-5.849006,1.2221937,-0.055156674,1.008364,-0.93129575,0.6235221,-0.3451041,0.31932938,-0.2986743,0.31183943,-0.0027638886,0.1730643,-0.05438232
8.5129385,1.2138779,7.453906,6,0,0,00:00.0,00:00.0,uploads\f2e6d795-3777-11f0-84b6-581122bb7f2c\20210509T080000+1000_REC_207.wav,False,0,0,0,0,0,0,0,0,0,0,0,0,birds,-5.946246,1.2029872,0.045829605,0.8319087,-0.74601376,0.4046441,-0.22775961,0.3409279,-0.08883488,0.2596048,0.073277056,0.12524866,0.09342417
8.555786,1.2335765,7.4251704,6,0,0,00:00.0,00:00.0,uploads\f2e6d795-3777-11f0-84b6-581122bb7f2c\20210509T080000+1000_REC_208.wav,False,0,0,0,0,0,0,0,0,0,0,0,0,birds,-5.9679794,1.0787604,0.018108737,0.75878805,-0.71882546,0.46166617,-0.27693117,0.2923672,-0.16485704,0.30293065,0.089586824,0.14359163,0.023319341
10.332723,2.1145725,7.010628,6,0,0,00:00.0,00:00.0,uploads\f2e6d795-3777-11f0-84b6-581122bb7f2c\20210509T080000+1000_REC_209.wav,False,0,0,0,0,0,0,0,0,0,0,0,0,birds,-5.840684,1.2550137,0.06372804,1.0127177,-1.0041325,0.45370483,-0.40402323,0.3744484,-0.23901144,0.30860767,0.00051769684,0.19725785,-0.03283928
10.335726,2.1197329,7.0032344,6,0,0,00:00.0,00:00.0,uploads\f2e6d795-3777-11f0-84b6-581122bb7f2c\20210509T080000+1000_REC_210.wav,False,0,0,0,0,0,0,0,0,0,0,0,0,birds,-5.7827816,1.4150798,0.046935227,1.051074,-1.0740908,0.5847132,-0.3925741,0.35362837,-0.24175887,0.2831645,-0.0016870373,0.17265025,-0.037891448
6.988347,-0.30144116,6.8515496,6,0,0,00:00.0,00:00.0,uploads\f2e6d795-3777-11f0-84b6-581122bb7f2c\20210509T080000+1000_REC_221.wav,False,0,0,0,0,0,0,0,0,0,0,0,0,birds,-5.9679403,1.3531808,0.16297516,0.7056957,-0.5427352,0.39677116,-0.13604341,0.29245666,0.024115432,0.21225153,0.061302546,0.13887684,0.12803222
5.3458614,-1.0209955,9.523953,6,0,0,00:00.0,00:00.0,uploads\f2e6d795-3777-11f0-84b6-581122bb7f2c\20210509T080000+1000_REC_224.wav,False,0,0,0,0,0,0,0,0,0,0,0,0,birds,-6.096389,0.94071406,0.2830676,0.4495861,-0.10608799,0.23428328,0.18285121,0.17679133,0.1947612,0.17388222,0.22356164,0.08724352,0.25075492
5.32918,-1.0090559,9.537596,6,0,0,00:00.0,00:00.0,uploads\f2e6d795-3777-11f0-84b6-581122bb7f2c\20210509T080000+1000_REC_226.wav,False,0,0,0,0,0,0,0,0,0,0,0,0,birds,-6.0835934,0.97786397,0.21251804,0.5752526,-0.18458624,0.15086013,0.19950722,0.15172827,0.1660191,0.17736426,0.14465466,0.05800698,0.23811144
5.5165005,-1.0839276,9.126259,6,0,0,00:00.0,00:00.0,uploads\f2e6d795-3777-11f0-84b6-581122bb7f2c\20210509T080000+1000_REC_227.wav,False,0,0,0,0,0,0,0,0,0,0,0,0,birds,-6.0539227,1.1753969,0.1973998,0.4887754,-0.26696303,0.24097554,0.12807105,0.19624873,0.11383614,0.09427017,0.20484023,0.08765995,0.21496439
7.0579567,-0.28968084,7.0392265,6,0,0,00:00.0,00:00.0,uploads\f2e6d795-3777-11f0-84b6-581122bb7f2c\20210509T080000+1000_REC_228.wav,True,0,1,0,0,0,0,0,0,0,0,0,1,birds,-5.921277,1.5870745,-0.046586566,0.70481676,-0.5344124,0.3625388,-0.021434559,0.24789792,0.009636261,0.14897278,0.07165563,0.14547518,0.17251569
5.7069974,-1.0451592,8.825579,6,0,0,00:00.0,00:00.0,uploads\f2e6d795-3777-11f0-84b6-581122bb7f2c\20210509T080000+1000_REC_229.wav,False,0,0,0,0,0,0,0,0,0,0,0,0,birds,-5.9967666,1.4030935,0.09901394,0.49259663,-0.41725254,0.35888004,0.053846367,0.17694339,0.07442072,0.11999895,0.10345321,0.100261465,0.18377288
5.3517265,-0.9845469,9.549726,6,0,0,00:00.0,00:00.0,uploads\f2e6d795-3777-11f0-84b6-581122bb7f2c\20210509T080000+1000_REC_231.wav,False,0,0,0,0,0,0,0,0,0,0,0,0,birds,-6.101472,0.8251237,0.3367613,0.5670613,-0.124650985,0.19222377,0.21472353,0.17771925,0.17819382,0.19625054,0.20619676,0.11119048,0.24566002
5.329036,-1.2705712,9.526645,6,0,0,00:00.0,00:00.0,uploads\f2e6d795-3777-11f0-84b6-581122bb7f2c\20210509T080000+1000_REC_236.wav,True,0,1,0,0,0,0,0,0,0,0,0,1,birds,-6.091955,0.9038769,0.1802613,0.64156306,-0.06514082,0.10042819,0.12393247,0.24141881,0.25243104,0.06885345,0.12460014,0.16112073,0.2258587
5.4089446,-1.036894,9.48051,6,0,0,00:00.0,00:00.0,uploads\f2e6d795-3777-11f0-84b6-581122bb7f2c\20210509T080000+1000_REC_237.wav,False,0,0,0,0,0,0,0,0,0,0,0,0,birds,-6.0976777,0.94465256,0.26246226,0.4493783,-0.12313719,0.23332918,0.1254757,0.15091275,0.20419878,0.10366196,0.20531209,0.080542296,0.17118672
5.700916,-1.0610857,8.7771635,6,0,0,00:00.0,00:00.0,uploads\f2e6d795-3777-11f0-84b6-581122bb7f2c\20210509T080000+1000_REC_239.wav,False,0,0,0,0,0,0,0,0,0,0,0,0,birds,-6.024277,1.2172973,0.19147998,0.6442128,-0.349083,0.36167148,-0.017607449,0.25323498,0.086022444,0.1733171,0.1625615,0.054743208,0.13456465
6.959349,-0.2783212,6.8911843,6,0,0,00:00.0,00:00.0,uploads\f2e6d795-3777-11f0-84b6-581122bb7f2c\20210509T080000+1000_REC_240.wav,False,0,0,0,0,0,0,0,0,0,0,0,0,birds,-5.973416,1.316867,0.09737394,0.86645657,-0.41318518,0.41500753,0.009199889,0.28107467,0.012260477,0.23216543,0.16188377,0.12084265,0.13408451
5.9247622,-0.9861971,8.594884,6,0,0,00:00.0,00:00.0,uploads\f2e6d795-3777-11f0-84b6-581122bb7f2c\20210509T080000+1000_REC_241.wav,False,0,0,0,0,0,0,0,0,0,0,0,0,birds,-6.0204477,1.1391443,-0.011628549,0.82285786,-0.36398804,0.16656071,-0.034294855,0.3181872,0.13541625,0.15746677,0.13635884,0.116379246,0.18278253
5.4690337,-1.2351474,9.289178,6,0,0,00:00.0,00:00.0,uploads\f2e6d795-3777-11f0-84b6-581122bb7f2c\20210509T080000+1000_REC_242.wav,False,0,0,0,0,0,0,0,0,0,0,0,0,birds,-6.069622,0.9909233,0.1732516,0.5871324,-0.3495392,0.25069934,0.08908371,0.23327461,0.16884041,0.19046213,0.1738262,0.119668216,0.21169764
5.4834247,-1.1462833,9.365499,6,0,0,00:00.0,00:00.0,uploads\f2e6d795-3777-11f0-84b6-581122bb7f2c\20210509T080000+1000_REC_243.wav,False,0,0,0,0,0,0,0,0,0,0,0,0,birds,-6.0808225,0.9193259,0.118586205,0.63792115,-0.22635208,0.35970783,0.0666592,0.20488738,0.1730074,0.16148153,0.19730774,0.10479054,0.19619396
5.6453953,-1.0817124,8.833621,6,0,0,00:00.0,00:00.0,uploads\f2e6d795-3777-11f0-84b6-581122bb7f2c\20210509T080000+1000_REC_244.wav,False,0,0,0,0,0,0,0,0,0,0,0,0,birds,-6.05893,0.97014153,0.06841289,0.73971474,-0.31945825,0.30308563,0.09265586,0.2570528,0.08555877,0.22009528,0.2284771,0.06418373,0.12316928
5.9401507,-0.97710323,8.578249,6,0,0,00:00.0,00:00.0,uploads\f2e6d795-3777-11f0-84b6-581122bb7f2c\20210509T080000+1000_REC_245.wav,False,0,0,0,0,0,0,0,0,0,0,0,0,birds,-6.0663166,0.910908,0.055181667,0.75268245,-0.27327153,0.18498607,-0.05304271,0.33042526,0.0052679656,0.099466145,0.17575955,0.10515237,0.13633357
6.9657106,-0.27670312,6.890824,6,0,0,00:00.0,00:00.0,uploads\f2e6d795-3777-11f0-84b6-581122bb7f2c\20210509T080000+1000_REC_246.wav,False,0,0,0,0,0,0,0,0,0,0,0,0,birds,-5.9990287,1.2218258,0.093115225,0.74672616,-0.47473332,0.3895843,-0.10111746,0.2775492,0.07247551,0.18642655,0.06770084,0.1226851,0.09612839
5.402393,-1.0779592,9.495263,6,0,0,00:00.0,00:00.0,uploads\f2e6d795-3777-11f0-84b6-581122bb7f2c\20210509T080000+1000_REC_247.wav,False,0,0,0,0,0,0,0,0,0,0,0,0,birds,-6.0970097,0.92391604,0.22987776,0.51392895,-0.095653705,0.26525548,0.092285335,0.18076152,0.21768478,0.11019679,0.21262184,0.13185115,0.19971763
5.3581986,-1.0290186,9.533954,6,0,0,00:00.0,00:00.0,uploads\f2e6d795-3777-11f0-84b6-581122bb7f2c\20210509T080000+1000_REC_248.wav,False,0,0,0,0,0,0,0,0,0,0,0,0,birds,-6.111919,0.81113774,0.2128283,0.5286923,-0.057475813,0.19606026,0.17893066,0.17211817,0.15361586,0.15899554,0.26361105,0.085698925,0.17468384
7.094093,-0.26533777,7.1532598,6,0,0,00:00.0,00:00.0,uploads\f2e6d795-3777-11f0-84b6-581122bb7f2c\20210509T080000+1000_REC_249.wav,False,0,0,0,0,0,0,0,0,0,0,0,0,birds,-5.960064,1.4205021,-0.046693187,0.7271585,-0.39514884,0.48589206,-0.097595856,0.3341966,0.09523369,0.13795833,0.024247954,0.17284945,0.13594857
7.082163,-0.29634175,7.0619283,6,0,0,00:00.0,00:00.0,uploads\f2e6d795-3777-11f0-84b6-581122bb7f2c\20210509T080000+1000_REC_252.wav,False,0,0,0,0,0,0,0,0,0,0,0,0,birds,-5.9600334,1.2897149,0.05645693,0.844906,-0.5747551,0.40232697,-0.14406623,0.31313992,0.037489343,0.16812553,0.04113582,0.20967057,0.18376939
6.930996,-0.2968677,7.181378,6,0,0,00:00.0,00:00.0,uploads\f2e6d795-3777-11f0-84b6-581122bb7f2c\20210509T080000+1000_REC_254.wav,False,0,0,0,0,0,0,0,0,0,0,0,0,birds,-5.997238,1.1943446,0.0561304,0.7904664,-0.46312353,0.42348793,-0.043656174,0.36575717,0.08649477,0.19095556,0.0664104,0.15267956,0.1752603
5.563298,-0.7853794,9.60448,6,0,0,00:00.0,00:00.0,uploads\f2e6d795-3777-11f0-84b6-581122bb7f2c\20210509T080000+1000_REC_255.wav,False,0,0,0,0,0,0,0,0,0,0,0,0,birds,-6.0821433,0.798519,0.21595652,0.70234495,-0.31300074,0.37446797,0.03178393,0.24803895,0.1409835,0.17890769,0.10310884,0.13991073,0.18517381
5.539794,-0.83039165,9.601182,6,0,0,00:00.0,00:00.0,uploads\f2e6d795-3777-11f0-84b6-581122bb7f2c\20210509T080000+1000_REC_259.wav,True,0,1,0,0,0,0,0,0,0,0,1,0,birds,-6.090007,0.7896388,0.1803716,0.7182475,-0.19544598,0.30808833,0.05441692,0.2986222,0.16634749,0.13663515,0.16294898,0.16888064,0.21762197
5.5387483,-0.8240192,9.60112,6,0,0,00:00.0,00:00.0,uploads\f2e6d795-3777-11f0-84b6-581122bb7f2c\20210509T080000+1000_REC_260.wav,False,0,0,0,0,0,0,0,0,0,0,0,0,birds,-6.1023636,0.7768266,0.30888367,0.5918158,-0.16126628,0.2976681,0.08685428,0.25696847,0.20104541,0.1681256,0.16834551,0.1254036,0.22951019
5.538566,-0.83206236,9.595031,6,0,0,00:00.0,00:00.0,uploads\f2e6d795-3777-11f0-84b6-581122bb7f2c\20210509T080000+1000_REC_261.wav,False,0,0,0,0,0,0,0,0,0,0,0,0,birds,-6.079751,0.9190466,0.25953412,0.6191514,-0.23342828,0.3511136,0.037351433,0.2531868,0.13982429,0.14826031,0.14574385,0.13383472,0.23162295
5.538185,-0.82441574,9.60273,6,0,0,00:00.0,00:00.0,uploads\f2e6d795-3777-11f0-84b6-581122bb7f2c\20210509T080000+1000_REC_262.wav,False,0,0,0,0,0,0,0,0,0,0,0,0,birds,-6.0987854,0.7785919,0.2870738,0.64755315,-0.1699459,0.26876268,0.051275536,0.27335525,0.17610754,0.16252325,0.1402701,0.10584686,0.21026707
7.517133,0.39025196,7.6663046,6,0,0,00:00.0,00:00.0,uploads\f2e6d795-3777-11f0-84b6-581122bb7f2c\20210509T100000+1000_REC_156.wav,False,0,0,0,0,0,0,0,0,0,0,0,0,birds,-6.032667,0.7513394,-0.57342815,0.23577736,-0.22545108,-0.07229249,0.24756789,0.06710718,-0.08146974,0.09651961,0.6241738,0.60635847,0.40064248
6.788833,-0.44601908,7.762141,6,0,0,00:00.0,00:00.0,uploads\f2e6d795-3777-11f0-84b6-581122bb7f2c\20210509T100000+1000_REC_157.wav,False,0,0,0,0,0,0,0,0,0,0,0,0,birds,-6.065534,0.99944323,-0.34572932,0.45549095,-0.114742406,0.19585824,0.13402662,0.40509462,0.22326249,0.15899262,0.29574755,0.17959917,0.20836796
7.7170153,0.4114368,7.4486732,6,0,0,00:00.0,00:00.0,uploads\f2e6d795-3777-11f0-84b6-581122bb7f2c\20210509T100000+1000_REC_226.wav,False,0,0,0,0,0,0,0,0,0,0,0,0,birds,-6.0509067,0.81799275,-0.28186977,0.6871071,-0.2584295,0.52768606,0.14761746,0.4491929,0.1849179,0.30576316,0.19026825,0.2565905,0.27611226
5.486654,-1.1985066,9.04113,6,0,0,00:00.0,00:00.0,uploads\f2e6d795-3777-11f0-84b6-581122bb7f2c\20210509T120000+1000_REC_0.wav,True,0,1,0,0,0,0,0,0,0,0,1,0,birds,-6.132992,0.44932827,0.3512904,0.49433732,-0.037761565,0.37117708,0.15365776,0.23310879,0.25757277,0.17198218,0.25345764,0.16589656,0.24533252
4.953777,-2.110067,10.268126,6,0,0,00:00.0,00:00.0,uploads\f2e6d795-3777-11f0-84b6-581122bb7f2c\20210509T120000+1000_REC_1.wav,False,0,0,0,0,0,0,0,0,0,0,0,0,birds,-6.1533566,0.3245384,0.33801234,0.32149333,0.13294561,0.27570787,0.18803605,0.20095912,0.24902318,0.16515993,0.22596326,0.18629801,0.18667802
5.7757807,-1.0651728,8.749082,6,0,0,00:00.0,00:00.0,uploads\f2e6d795-3777-11f0-84b6-581122bb7f2c\20210509T120000+1000_REC_2.wav,False,0,0,0,0,0,0,0,0,0,0,0,0,birds,-6.101688,0.29299814,-0.09515261,0.8796784,-0.21349932,0.25459862,0.13084581,0.25406715,0.24840157,0.12945308,0.22749242,0.1670404,0.22881
9.195101,0.9933846,7.1192083,6,0,0,00:00.0,00:00.0,uploads\f2e6d795-3777-11f0-84b6-581122bb7f2c\20210509T120000+1000_REC_3.wav,False,0,0,0,0,0,0,0,0,0,0,0,0,birds,-5.9381213,0.8573382,-0.039645076,1.089714,-0.7934366,0.6271881,-0.20485194,0.42610288,-0.036252085,0.28803965,0.090300694,0.16386883,0.0778688
10.378115,1.396803,6.9275136,6,0,0,00:00.0,00:00.0,uploads\f2e6d795-3777-11f0-84b6-581122bb7f2c\20210509T120000+1000_REC_4.wav,False,0,0,0,0,0,0,0,0,0,0,0,0,birds,-5.8257923,0.87720156,-0.10855589,1.3692337,-1.0164751,0.5664463,-0.3498083,0.59989834,-0.039429042,0.30627352,0.03298784,0.124219045,0.023923777
9.238849,1.00954,7.1137004,6,0,0,00:00.0,00:00.0,uploads\f2e6d795-3777-11f0-84b6-581122bb7f2c\20210509T120000+1000_REC_5.wav,False,0,0,0,0,0,0,0,0,0,0,0,0,birds,-5.928785,0.85299003,-0.06501107,1.0540457,-0.8186938,0.5800103,-0.3202753,0.5122642,-0.035769366,0.31907505,0.011947172,0.18488568,0.08140861
10.585749,1.8627263,7.2736287,6,0,0,00:00.0,00:00.0,uploads\f2e6d795-3777-11f0-84b6-581122bb7f2c\20210509T120000+1000_REC_6.wav,False,0,0,0,0,0,0,0,0,0,0,0,0,birds,-5.7636127,0.84797335,-0.023401354,1.3254611,-1.2251136,0.71977466,-0.4942258,0.554227,-0.06766107,0.40505168,-0.1085481,0.25267708,0.012268667
10.57021,1.8596448,7.278267,6,0,0,00:00.0,00:00.0,uploads\f2e6d795-3777-11f0-84b6-581122bb7f2c\20210509T120000+1000_REC_7.wav,False,0,0,0,0,0,0,0,0,0,0,0,0,birds,-5.844041,0.8761588,0.04500433,1.1429285,-1.0588506,0.6892987,-0.46512884,0.48697853,-0.07958109,0.33050096,-0.10131189,0.3010096,0.074657835
7.837988,0.46220636,7.390247,6,0,0,00:00.0,00:00.0,uploads\f2e6d795-3777-11f0-84b6-581122bb7f2c\20210509T120000+1000_REC_8.wav,False,0,0,0,0,0,0,0,0,0,0,0,0,birds,-6.0698504,0.5288782,0.18884432,0.77627665,-0.46850723,0.49841374,-0.109914325,0.3639629,0.06590043,0.25406617,0.046672765,0.20947795,0.13779151
7.868012,0.47288066,7.3698483,6,0,0,00:00.0,00:00.0,uploads\f2e6d795-3777-11f0-84b6-581122bb7f2c\20210509T120000+1000_REC_9.wav,False,0,0,0,0,0,0,0,0,0,0,0,0,birds,-6.062885,0.60956454,0.16160306,0.79720837,-0.450912,0.5273263,-0.1125681,0.33698905,0.04522532,0.24117859,0.052120853,0.19774045,0.08171203
7.778239,0.41074285,7.389226,6,0,0,00:00.0,00:00.0,uploads\f2e6d795-3777-11f0-84b6-581122bb7f2c\20210509T120000+1000_REC_10.wav,False,0,0,0,0,0,0,0,0,0,0,0,0,birds,-6.0770445,0.56299496,0.100573294,0.75120366,-0.43267155,0.48990613,-0.08513093,0.32592952,0.07489187,0.23983504,0.09115219,0.21792406,0.15309249
6.0069723,-0.96564436,8.446773,6,0,0,00:00.0,00:00.0,uploads\f2e6d795-3777-11f0-84b6-581122bb7f2c\20210509T120000+1000_REC_11.wav,False,0,0,0,0,0,0,0,0,0,0,0,0,birds,-6.118542,0.5110467,0.2812019,0.5840576,-0.17713557,0.40859604,0.072195634,0.30279106,0.20859568,0.2102261,0.22688144,0.16646166,0.22481568
5.0099497,-2.0385227,10.188511,6,0,0,00:00.0,00:00.0,uploads\f2e6d795-3777-11f0-84b6-581122bb7f2c\20210509T120000+1000_REC_12.wav,False,0,0,0,0,0,0,0,0,0,0,0,0,birds,-6.1435456,0.3533982,0.37823933,0.38442633,0.13435706,0.3196935,0.2172663,0.24005017,0.28621617,0.19874337,0.26003498,0.2084476,0.2292479
4.98513,-2.0744367,10.229187,6,0,0,00:00.0,00:00.0,uploads\f2e6d795-3777-11f0-84b6-581122bb7f2c\20210509T120000+1000_REC_13.wav,False,0,0,0,0,0,0,0,0,0,0,0,0,birds,-6.145042,0.35475457,0.34563977,0.40066993,0.07274756,0.2997971,0.2326159,0.21952432,0.29886007,0.18843846,0.25182006,0.20647104,0.20517415
5.3799524,-1.2402307,9.111077,6,0,0,00:00.0,00:00.0,uploads\f2e6d795-3777-11f0-84b6-581122bb7f2c\20210509T120000+1000_REC_14.wav,False,0,0,0,0,0,0,0,0,0,0,0,0,birds,-6.1349745,0.40803376,0.2738923,0.56428546,-0.091941364,0.2872191,0.21967873,0.20699409,0.24453138,0.16979556,0.21598335,0.15738176,0.23464425
5.5284705,-1.2441806,9.068366,6,0,0,00:00.0,00:00.0,uploads\f2e6d795-3777-11f0-84b6-581122bb7f2c\20210509T120000+1000_REC_15.wav,False,0,0,0,0,0,0,0,0,0,0,0,0,birds,-6.126529,0.4647077,0.39940667,0.51951325,-0.015946968,0.3745707,0.21830885,0.2954555,0.28019878,0.15141955,0.22375457,0.17750336,0.25118193
5.540603,-1.2940012,9.058862,6,0,0,00:00.0,00:00.0,uploads\f2e6d795-3777-11f0-84b6-581122bb7f2c\20210509T120000+1000_REC_16.wav,False,0,0,0,0,0,0,0,0,0,0,0,0,birds,-6.129631,0.38686118,0.37331653,0.5456623,-0.13389644,0.36305973,0.06927288,0.24420236,0.21824995,0.19430664,0.2320828,0.18077625,0.23637065
7.896639,0.5808581,7.4455,6,0,0,00:00.0,00:00.0,uploads\f2e6d795-3777-11f0-84b6-581122bb7f2c\20210509T120000+1000_REC_17.wav,False,0,0,0,0,0,0,0,0,0,0,0,0,birds,-6.058667,0.49130785,0.19090784,0.7723645,-0.59210545,0.4510764,-0.16299604,0.35723472,0.0926857,0.27804822,0.0660018,0.2666663,0.13555302
6.3006196,-0.716572,8.297822,6,0,0,00:00.0,00:00.0,uploads\f2e6d795-3777-11f0-84b6-581122bb7f2c\20210509T120000+1000_REC_18.wav,False,0,0,0,0,0,0,0,0,0,0,0,0,birds,-6.1110234,0.43663037,0.40008414,0.66535544,-0.180333,0.40081775,0.08148604,0.31751752,0.2295243,0.2542562,0.18130015,0.21446772,0.19576834
5.372674,-1.5902704,9.537232,6,0,0,00:00.0,00:00.0,uploads\f2e6d795-3777-11f0-84b6-581122bb7f2c\20210509T120000+1000_REC_19.wav,False,0,0,0,0,0,0,0,0,0,0,0,0,birds,-6.1294208,0.38598812,0.47374463,0.5328018,0.07126239,0.3601399,0.20031537,0.22748646,0.27887228,0.19210245,0.23732685,0.18618597,0.21306477
5.3155055,-1.7078657,9.697409,6,0,0,00:00.0,00:00.0,uploads\f2e6d795-3777-11f0-84b6-581122bb7f2c\20210509T120000+1000_REC_20.wav,False,0,0,0,0,0,0,0,0,0,0,0,0,birds,-6.134653,0.35476026,0.4332409,0.46634582,0.104304954,0.3617167,0.22681452,0.23155853,0.3128211,0.20709233,0.25212857,0.20941035,0.21922314
5.5223265,-1.4117273,9.195176,6,0,0,00:00.0,00:00.0,uploads\f2e6d795-3777-11f0-84b6-581122bb7f2c\20210509T120000+1000_REC_21.wav,False,0,0,0,0,0,0,0,0,0,0,0,0,birds,-6.131241,0.31916672,0.40785626,0.5469877,-0.08824074,0.38029867,0.12858087,0.24889994,0.27519915,0.20990995,0.20909147,0.19009674,0.19462918
6.256379,-0.74393326,8.393675,6,0,0,00:00.0,00:00.0,uploads\f2e6d795-3777-11f0-84b6-581122bb7f2c\20210509T120000+1000_REC_22.wav,False,0,0,0,0,0,0,0,0,0,0,0,0,birds,-6.1098614,0.43396318,0.45210364,0.6397206,-0.17008172,0.42329526,0.098465554,0.30314702,0.24894267,0.248594,0.17158814,0.2191562,0.22920746
5.049128,-1.9607804,10.112589,6,0,0,00:00.0,00:00.0,uploads\f2e6d795-3777-11f0-84b6-581122bb7f2c\20210509T120000+1000_REC_23.wav,False,0,0,0,0,0,0,0,0,0,0,0,0,birds,-6.1459904,0.3122408,0.39000088,0.39278874,0.057545993,0.31336856,0.17121859,0.20511283,0.2780243,0.18838933,0.24080272,0.20905767,0.2262492
5.4200335,-1.6058812,9.517859,6,0,0,00:00.0,00:00.0,uploads\f2e6d795-3777-11f0-84b6-581122bb7f2c\20210509T120000+1000_REC_24.wav,False,0,0,0,0,0,0,0,0,0,0,0,0,birds,-6.123119,0.4198768,0.48438713,0.5679344,0.08279471,0.36503187,0.22462985,0.2541927,0.2870654,0.20754588,0.23812257,0.18180555,0.20745818
6.3668566,-0.6645135,8.183632,6,0,0,00:00.0,00:00.0,uploads\f2e6d795-3777-11f0-84b6-581122bb7f2c\20210509T120000+1000_REC_25.wav,False,0,0,0,0,0,0,0,0,0,0,0,0,birds,-6.10655,0.4422694,0.31849024,0.71870404,-0.2135404,0.40367258,0.04810285,0.35166413,0.17023842,0.24618737,0.20375623,0.21655358,0.18394817
4.902339,-2.211676,10.329789,6,0,0,00:00.0,00:00.0,uploads\f2e6d795-3777-11f0-84b6-581122bb7f2c\20210509T120000+1000_REC_26.wav,False,0,0,0,0,0,0,0,0,0,0,0,0,birds,-6.14941,0.31027797,0.32120565,0.3163024,0.25249425,0.28993496,0.25122994,0.2438671,0.26276422,0.22046614,0.23623976,0.22042398,0.20595533
4.9528565,-2.1125512,10.270187,6,0,0,00:00.0,00:00.0,uploads\f2e6d795-3777-11f0-84b6-581122bb7f2c\20210509T120000+1000_REC_27.wav,False,0,0,0,0,0,0,0,0,0,0,0,0,birds,-6.1527166,0.29126287,0.3303799,0.34075794,0.16939262,0.28093323,0.20611286,0.20169796,0.25444815,0.19111872,0.225506,0.21005535,0.20223077
5.4237633,-1.2560735,9.142105,6,0,0,00:00.0,00:00.0,uploads\f2e6d795-3777-11f0-84b6-581122bb7f2c\20210509T120000+1000_REC_28.wav,True,0,1,0,0,0,0,0,0,0,0,1,0,birds,-6.134801,0.38585088,0.40334406,0.53265357,-0.07477932,0.29842556,0.12522285,0.20310263,0.23445272,0.17114937,0.22016355,0.17933163,0.2253741
5.334556,-1.4990525,9.599024,6,0,0,00:00.0,00:00.0,uploads\f2e6d795-3777-11f0-84b6-581122bb7f2c\20210509T120000+1000_REC_29.wav,False,0,0,0,0,0,0,0,0,0,0,0,0,birds,-6.130205,0.45925838,0.47031954,0.47974652,0.16159368,0.34852502,0.23850735,0.21212919,0.29399478,0.16399235,0.21951675,0.17435384,0.16401707
5.315329,-1.7052243,9.701118,6,0,0,00:00.0,00:00.0,uploads\f2e6d795-3777-11f0-84b6-581122bb7f2c\20210509T120000+1000_REC_30.wav,True,0,1,0,0,0,0,0,0,0,0,1,0,birds,-6.135216,0.38766825,0.4402956,0.44293556,0.15311418,0.34927407,0.23037547,0.22767031,0.29876325,0.19652213,0.25167936,0.21186078,0.21225569
5.761231,-1.1440513,8.687725,6,0,0,00:00.0,00:00.0,uploads\f2e6d795-3777-11f0-84b6-581122bb7f2c\20210509T120000+1000_REC_31.wav,False,0,0,0,0,0,0,0,0,0,0,0,0,birds,-6.1210313,0.4050991,0.3161898,0.63919795,-0.21344092,0.3353984,0.08435366,0.26512766,0.20025387,0.22598858,0.20828572,0.14102073,0.24238369
6.152739,-0.8552118,8.326319,6,0,0,00:00.0,00:00.0,uploads\f2e6d795-3777-11f0-84b6-581122bb7f2c\20210509T120000+1000_REC_32.wav,False,0,0,0,0,0,0,0,0,0,0,0,0,birds,-6.0913935,0.51301354,0.36695978,0.765433,-0.21541719,0.463671,0.09692723,0.34381804,0.18848963,0.2416302,0.2853437,0.15225676,0.22485717
5.599985,-1.1249878,8.888665,6,0,0,00:00.0,00:00.0,uploads\f2e6d795-3777-11f0-84b6-581122bb7f2c\20210509T120000+1000_REC_33.wav,False,0,0,0,0,0,0,0,0,0,0,0,0,birds,-6.1157637,0.517025,0.3513096,0.630808,-0.13646688,0.363448,0.10242782,0.27820086,0.2424421,0.17452914,0.2656346,0.1589937,0.23084925
5.314075,-1.3350121,9.56271,6,0,0,00:00.0,00:00.0,uploads\f2e6d795-3777-11f0-84b6-581122bb7f2c\20210509T120000+1000_REC_34.wav,False,0,0,0,0,0,0,0,0,0,0,0,0,birds,-6.1382775,0.3775701,0.39850807,0.48024338,0.0449777,0.3208392,0.2033075,0.21430923,0.28339425,0.16162582,0.26266629,0.18329656,0.2020965
5.883967,-1.0043151,8.633696,6,0,0,00:00.0,00:00.0,uploads\f2e6d795-3777-11f0-84b6-581122bb7f2c\20210509T120000+1000_REC_35.wav,False,0,0,0,0,0,0,0,0,0,0,0,0,birds,-6.11562,0.49848384,0.2264986,0.62425977,-0.26515573,0.36642116,0.06843477,0.26232332,0.2144503,0.16173585,0.238389,0.16865781,0.21402632
6.5689554,0.20335096,6.868379,6,0,0,00:00.0,00:00.0,uploads\f2e6d795-3777-11f0-84b6-581122bb7f2c\20210509T120000+1000_REC_36.wav,False,0,0,0,0,0,0,0,0,0,0,0,0,birds,-6.088892,0.48045975,0.123482466,0.8709265,-0.26283544,0.25877044,0.13726564,0.37964365,0.07098686,0.23900516,0.33708382,0.06824842,0.25099656
6.118348,-0.88398516,8.333509,6,0,0,00:00.0,00:00.0,uploads\f2e6d795-3777-11f0-84b6-581122bb7f2c\20210509T120000+1000_REC_37.wav,False,0,0,0,0,0,0,0,0,0,0,0,0,birds,-6.0941052,0.49862716,0.26654887,0.72869617,-0.28513756,0.48731834,0.014785136,0.3512034,0.2156167,0.19722456,0.22270454,0.14396991,0.26335853
7.65022,0.2989546,7.3867917,6,0,0,00:00.0,00:00.0,uploads\f2e6d795-3777-11f0-84b6-581122bb7f2c\20210509T120000+1000_REC_38.wav,False,0,0,0,0,0,0,0,0,0,0,0,0,birds,-6.0591493,0.59198546,0.19307114,0.8127154,-0.4760913,0.5252195,-0.13575773,0.36865723,0.11663306,0.23933771,0.15199903,0.16356383,0.19898525
7.7857203,0.40269387,7.3734965,6,0,0,00:00.0,00:00.0,uploads\f2e6d795-3777-11f0-84b6-581122bb7f2c\20210509T120000+1000_REC_39.wav,False,0,0,0,0,0,0,0,0,0,0,0,0,birds,-6.063727,0.6204778,0.13935609,0.7929164,-0.47300154,0.49521986,-0.117328785,0.32304746,0.07547031,0.2239154,0.06519843,0.18690242,0.1283125
9.102682,0.99674916,7.1801863,6,0,0,00:00.0,00:00.0,uploads\f2e6d795-3777-11f0-84b6-581122bb7f2c\20210509T120000+1000_REC_40.wav,False,0,0,0,0,0,0,0,0,0,0,0,0,birds,-5.9875507,0.6353911,0.06378474,0.9956124,-0.7004905,0.5843779,-0.26956484,0.43350178,-0.007934793,0.28645137,0.0222739,0.24676545,0.05348775
5.976385,-0.9433159,8.552698,6,0,0,00:00.0,00:00.0,uploads\f2e6d795-3777-11f0-84b6-581122bb7f2c\20210509T120000+1000_REC_41.wav,False,0,0,0,0,0,0,0,0,0,0,0,0,birds,-6.1220117,0.4619542,0.23475479,0.61821014,-0.22774823,0.33870047,0.014049882,0.26226404,0.17026351,0.15715669,0.15780966,0.16040584,0.1910606
5.2949004,-1.7139486,9.71255,6,0,0,00:00.0,00:00.0,uploads\f2e6d795-3777-11f0-84b6-581122bb7f2c\20210509T120000+1000_REC_42.wav,False,0,0,0,0,0,0,0,0,0,0,0,0,birds,-6.1304097,0.42301422,0.4454914,0.47919863,0.15337403,0.35669982,0.23847452,0.2480694,0.2976655,0.19150576,0.24851687,0.19787295,0.22455256
5.407617,-1.2748892,9.129147,6,0,0,00:00.0,00:00.0,uploads\f2e6d795-3777-11f0-84b6-581122bb7f2c\20210509T120000+1000_REC_43.wav,False,0,0,0,0,0,0,0,0,0,0,0,0,birds,-6.1263447,0.46072587,0.38713583,0.55647665,-0.063056104,0.3195567,0.13011828,0.26678333,0.2887089,0.21756628,0.26266783,0.16395749,0.21950237
6.3551307,-0.69376844,8.103888,6,0,0,00:00.0,00:00.0,uploads\f2e6d795-3777-11f0-84b6-581122bb7f2c\20210509T120000+1000_REC_44.wav,False,0,0,0,0,0,0,0,0,0,0,0,0,birds,-6.1012506,0.563547,0.27783674,0.6794147,-0.25506335,0.45409235,0.008612023,0.2928237,0.14501432,0.21567145,0.1692567,0.1881746,0.22748154
6.695856,-0.3681753,7.8607993,6,0,0,00:00.0,00:00.0,uploads\f2e6d795-3777-11f0-84b6-581122bb7f2c\20210509T120000+1000_REC_45.wav,False,0,0,0,0,0,0,0,0,0,0,0,0,birds,-6.0800114,0.5557111,0.25378254,0.7773544,-0.3385133,0.5079765,-0.00949458,0.364925,0.19626822,0.25503048,0.13952291,0.24396078,0.17594089
5.978731,-0.9656613,8.5342,6,0,0,00:00.0,00:00.0,uploads\f2e6d795-3777-11f0-84b6-581122bb7f2c\20210509T120000+1000_REC_46.wav,False,0,0,0,0,0,0,0,0,0,0,0,0,birds,-6.116835,0.45651662,0.30539027,0.6125077,-0.26106524,0.3641329,0.023120297,0.3041355,0.1927843,0.17597285,0.1798359,0.18334046,0.20032783
5.3707767,-1.4761093,9.355492,6,0,0,00:00.0,00:00.0,uploads\f2e6d795-3777-11f0-84b6-581122bb7f2c\20210509T120000+1000_REC_47.wav,False,0,0,0,0,0,0,0,0,0,0,0,0,birds,-6.1421814,0.33374324,0.39078104,0.43235236,0.020602014,0.31485474,0.1764311,0.25112766,0.28327918,0.2046952,0.24195205,0.16733399,0.22440717
5.1541843,-1.9891746,9.958822,6,0,0,00:00.0,00:00.0,uploads\f2e6d795-3777-11f0-84b6-581122bb7f2c\20210509T120000+1000_REC_48.wav,False,0,0,0,0,0,0,0,0,0,0,0,0,birds,-6.1300364,0.42498684,0.44589362,0.42345235,0.27479735,0.35756943,0.26609784,0.26530972,0.2927151,0.21675426,0.2535472,0.20435883,0.19598022
5.2968693,-1.6336762,9.630017,6,0,0,00:00.0,00:00.0,uploads\f2e6d795-3777-11f0-84b6-581122bb7f2c\20210509T120000+1000_REC_49.wav,True,0,1,0,0,0,0,0,0,0,0,1,0,birds,-6.1328816,0.37504557,0.43730968,0.49579066,0.07376801,0.33919024,0.19713858,0.24210066,0.29423234,0.20124249,0.28110978,0.19940297,0.22530183
5.3937564,-1.2676756,9.157051,6,0,0,00:00.0,00:00.0,uploads\f2e6d795-3777-11f0-84b6-581122bb7f2c\20210509T120000+1000_REC_50.wav,False,0,0,0,0,0,0,0,0,0,0,0,0,birds,-6.133859,0.3711318,0.37627685,0.52755606,-0.06423071,0.32112974,0.17525634,0.2382405,0.2877539,0.17793055,0.25918344,0.16789216,0.22576694
5.6577272,-1.1180146,8.857678,6,0,0,00:00.0,00:00.0,uploads\f2e6d795-3777-11f0-84b6-581122bb7f2c\20210509T120000+1000_REC_51.wav,False,0,0,0,0,0,0,0,0,0,0,0,0,birds,-6.1188536,0.52401614,0.3007492,0.6063002,-0.15070777,0.3379097,0.14424555,0.29399684,0.25963515,0.15046279,0.25465855,0.17074667,0.23177661
4.970465,-2.0924945,10.246145,6,0,0,00:00.0,00:00.0,uploads\f2e6d795-3777-11f0-84b6-581122bb7f2c\20210509T120000+1000_REC_52.wav,False,0,0,0,0,0,0,0,0,0,0,0,0,birds,-6.145067,0.34065536,0.37354115,0.37645116,0.1681263,0.31809095,0.22507514,0.21688989,0.28807253,0.18768512,0.25169018,0.22152649,0.21154268
4.8741827,-2.264415,10.357293,6,0,0,00:00.0,00:00.0,uploads\f2e6d795-3777-11f0-84b6-581122bb7f2c\20210509T120000+1000_REC_53.wav,False,0,0,0,0,0,0,0,0,0,0,0,0,birds,-6.139751,0.37821347,0.3706348,0.35300326,0.30912852,0.3089283,0.2797494,0.2643469,0.26751098,0.23766491,0.23918186,0.22672977,0.20641674
5.2721705,-1.6438034,9.671471,6,0,0,00:00.0,00:00.0,uploads\f2e6d795-3777-11f0-84b6-581122bb7f2c\20210509T120000+1000_REC_54.wav,False,0,0,0,0,0,0,0,0,0,0,0,0,birds,-6.137064,0.37856945,0.43126932,0.45579815,0.10239147,0.34184843,0.20787464,0.20861243,0.2853214,0.18995425,0.2463354,0.20184235,0.22782406
5.4458957,-1.2814593,9.120988,6,0,0,00:00.0,00:00.0,uploads\f2e6d795-3777-11f0-84b6-581122bb7f2c\20210509T120000+1000_REC_55.wav,False,0,0,0,0,0,0,0,0,0,0,0,0,birds,-6.130602,0.3700781,0.35721722,0.5536157,-0.12586306,0.3476539,0.13424471,0.25048578,0.24338582,0.19879241,0.25580782,0.18445906,0.22571442
5.5201454,-1.4087439,9.226375,6,0,0,00:00.0,00:00.0,uploads\f2e6d795-3777-11f0-84b6-581122bb7f2c\20210509T120000+1000_REC_56.wav,False,0,0,0,0,0,0,0,0,0,0,0,0,birds,-6.123128,0.38130602,0.4814525,0.5543374,-0.076250404,0.376575,0.14322703,0.25647098,0.2808461,0.23537146,0.20995204,0.19483018,0.25307614
4.941264,-2.1244147,10.287779,6,0,0,00:00.0,00:00.0,uploads\f2e6d795-3777-11f0-84b6-581122bb7f2c\20210509T120000+1000_REC_57.wav,False,0,0,0,0,0,0,0,0,0,0,0,0,birds,-6.1577544,0.251151,0.28187215,0.2800076,0.1767309,0.25085333,0.18992962,0.19308981,0.23437916,0.19099993,0.2267035,0.21892521,0.21098183
7.841636,0.65786076,7.5000486,6,0,0,00:00.0,00:00.0,uploads\f2e6d795-3777-11f0-84b6-581122bb7f2c\20210509T120000+1000_REC_58.wav,True,0,1,0,0,0,0,0,0,0,0,1,0,birds,-6.033923,0.4346038,0.29691976,0.8003259,-0.72967017,0.45408794,-0.20500454,0.3369647,0.07162343,0.34113684,-0.007502511,0.26923057,0.18838254
4.952401,-2.3124988,10.255312,6,0,0,00:00.0,00:00.0,uploads\f2e6d795-3777-11f0-84b6-581122bb7f2c\20210509T120000+1000_REC_59.wav,False,0,0,0,0,0,0,0,0,0,0,0,0,birds,-6.1342497,0.40520164,0.4158032,0.39338002,0.2917604,0.3400467,0.26953316,0.26450026,0.28347558,0.22025025,0.25064975,0.2164947,0.20263699
5.5075803,-1.5983794,9.482767,6,0,0,00:00.0,00:00.0,uploads\f2e6d795-3777-11f0-84b6-581122bb7f2c\20210509T120000+1000_REC_60.wav,False,0,0,0,0,0,0,0,0,0,0,0,0,birds,-6.1059365,0.5058617,0.4565541,0.65615404,-0.06343824,0.42068544,0.13885847,0.28860766,0.2948761,0.23862347,0.24334154,0.22382239,0.22198321
5.7242575,-1.255716,8.931017,6,0,0,00:00.0,00:00.0,uploads\f2e6d795-3777-11f0-84b6-581122bb7f2c\20210509T120000+1000_REC_61.wav,False,0,0,0,0,0,0,0,0,0,0,0,0,birds,-6.120525,0.4357433,0.40956387,0.6092023,-0.12712426,0.39903903,0.09918509,0.2538092,0.20822859,0.2131615,0.22628675,0.17346808,0.19896919
6.808337,-0.4279056,7.759952,6,0,0,00:00.0,00:00.0,uploads\f2e6d795-3777-11f0-84b6-581122bb7f2c\20210509T120000+1000_REC_62.wav,False,0,0,0,0,0,0,0,0,0,0,0,0,birds,-6.0929174,0.38203514,0.2602865,0.6888864,-0.4779044,0.42838863,-0.079347625,0.26243934,0.13580298,0.20877545,0.09593625,0.19899607,0.11946346
6.279695,-0.730056,8.328444,6,0,0,00:00.0,00:00.0,uploads\f2e6d795-3777-11f0-84b6-581122bb7f2c\20210509T120000+1000_REC_63.wav,False,0,0,0,0,0,0,0,0,0,0,0,0,birds,-6.111889,0.45514706,0.40361527,0.6306617,-0.23411363,0.38337606,0.05197907,0.278523,0.2246625,0.22030158,0.21423025,0.21055442,0.21384314
4.935857,-2.2988706,10.274317,6,0,0,00:00.0,00:00.0,uploads\f2e6d795-3777-11f0-84b6-581122bb7f2c\20210509T120000+1000_REC_64.wav,False,0,0,0,0,0,0,0,0,0,0,0,0,birds,-6.1360774,0.40661874,0.4112291,0.39410052,0.28524044,0.3272879,0.26727998,0.2456698,0.27685785,0.21598044,0.23837116,0.22373791,0.19753249
6.599774,-0.49901104,7.9029536,6,0,0,00:00.0,00:00.0,uploads\f2e6d795-3777-11f0-84b6-581122bb7f2c\20210509T120000+1000_REC_65.wav,False,0,0,0,0,0,0,0,0,0,0,0,0,birds,-6.0961204,0.5188322,0.33104894,0.6430984,-0.40857413,0.38175306,-0.043224327,0.3209815,0.13791895,0.24144453,0.12538494,0.20538135,0.16128044
8.770987,1.1397206,7.420752,6,0,0,00:00.0,00:00.0,uploads\f2e6d795-3777-11f0-84b6-581122bb7f2c\20210509T120000+1000_REC_66.wav,False,0,0,0,0,0,0,0,0,0,0,0,0,birds,-6.0041666,0.624645,0.31191662,0.90254056,-0.7454831,0.46458587,-0.27106485,0.34594867,0.02969798,0.25322223,-0.014575015,0.25470808,0.07658235
4.9266677,-2.3387783,10.284622,6,0,0,00:00.0,00:00.0,uploads\f2e6d795-3777-11f0-84b6-581122bb7f2c\20210509T120000+1000_REC_67.wav,True,0,1,0,0,0,0,0,0,0,0,1,0,birds,-6.120922,0.4770231,0.45619845,0.42384684,0.37630537,0.3509574,0.31490478,0.28780454,0.27265838,0.24429423,0.23194903,0.21632425,0.19828835
5.2657175,-1.7811949,9.788606,6,0,0,00:00.0,00:00.0,uploads\f2e6d795-3777-11f0-84b6-581122bb7f2c\20210509T120000+1000_REC_68.wav,True,0,0,0,0,0,0,0,0,0,0,1,0,birds,-6.1306167,0.46310362,0.4753061,0.4314758,0.20154414,0.33217958,0.22238913,0.23519455,0.2917832,0.19747269,0.2419931,0.21158747,0.20176192
4.94261,-2.141878,10.2808,6,0,0,00:00.0,00:00.0,uploads\f2e6d795-3777-11f0-84b6-581122bb7f2c\20210509T120000+1000_REC_69.wav,False,0,0,0,0,0,0,0,0,0,0,0,0,birds,-6.1456666,0.35578716,0.3769592,0.35377657,0.20473349,0.29409742,0.21346489,0.22137116,0.2700371,0.20897622,0.2526328,0.22942515,0.21518722
5.375468,-1.6887258,9.638148,6,0,0,00:00.0,00:00.0,uploads\f2e6d795-3777-11f0-84b6-581122bb7f2c\20210509T120000+1000_REC_70.wav,False,0,0,0,0,0,0,0,0,0,0,0,0,birds,-6.123746,0.47903872,0.4820372,0.48434934,0.07866653,0.37890002,0.1980884,0.26804855,0.29823077,0.20884989,0.27385747,0.18756562,0.21154955
6.4050403,-0.6387411,8.115492,6,0,0,00:00.0,00:00.0,uploads\f2e6d795-3777-11f0-84b6-581122bb7f2c\20210509T120000+1000_REC_71.wav,False,0,0,0,0,0,0,0,0,0,0,0,0,birds,-6.1081376,0.50335044,0.28057283,0.6396027,-0.28338364,0.41938865,0.0074517336,0.30600718,0.16456364,0.23458736,0.16763401,0.20101425,0.18678147
5.579181,-1.5128303,9.309028,6,0,0,00:00.0,00:00.0,uploads\f2e6d795-3777-11f0-84b6-581122bb7f2c\20210509T120000+1000_REC_72.wav,False,0,0,0,0,0,0,0,0,0,0,0,0,birds,-6.118799,0.49014193,0.43347868,0.5794651,-0.036760584,0.40054324,0.19129689,0.2947708,0.2510376,0.20617694,0.21913874,0.19446306,0.20122476
5.344145,-1.6928298,9.69374,6,0,0,00:00.0,00:00.0,uploads\f2e6d795-3777-11f0-84b6-581122bb7f2c\20210509T120000+1000_REC_73.wav,False,0,0,0,0,0,0,0,0,0,0,0,0,birds,-6.126432,0.28444952,0.3926625,0.6056499,0.16431807,0.41521105,0.26091406,0.23088047,0.3251619,0.15381192,0.26246265,0.2180762,0.1661146
4.8828216,-2.2437563,10.352535,6,0,0,00:00.0,00:00.0,uploads\f2e6d795-3777-11f0-84b6-581122bb7f2c\20210509T120000+1000_REC_74.wav,False,0,0,0,0,0,0,0,0,0,0,0,0,birds,-6.1470695,0.3294192,0.32004026,0.3072411,0.29307303,0.28117272,0.27046704,0.26085797,0.25227028,0.24288961,0.2340406,0.22573027,0.21764389
4.9986644,-2.0571644,10.204239,6,0,0,00:00.0,00:00.0,uploads\f2e6d795-3777-11f0-84b6-581122bb7f2c\20210509T120000+1000_REC_75.wav,False,0,0,0,0,0,0,0,0,0,0,0,0,birds,-6.1384573,0.41436246,0.41416112,0.39140603,0.17604706,0.30979612,0.23165496,0.23775554,0.2909041,0.2128451,0.25586197,0.21493168,0.22389926
5.5560007,-1.2729905,9.033022,6,0,0,00:00.0,00:00.0,uploads\f2e6d795-3777-11f0-84b6-581122bb7f2c\20210509T120000+1000_REC_76.wav,False,0,0,0,0,0,0,0,0,0,0,0,0,birds,-6.1263924,0.49427462,0.37750727,0.50142354,-0.09097773,0.36825812,0.110816546,0.2817577,0.26105842,0.19187967,0.23788191,0.198808,0.23651023
5.3982477,-1.2830133,9.153871,6,0,0,00:00.0,00:00.0,uploads\f2e6d795-3777-11f0-84b6-581122bb7f2c\20210509T120000+1000_REC_77.wav,False,0,0,0,0,0,0,0,0,0,0,0,0,birds,-6.139941,0.4060208,0.3927877,0.4241234,-0.058156468,0.30221128,0.104145996,0.23878632,0.22746356,0.17090791,0.25318012,0.15004037,0.23253864
5.2898912,-1.5899134,9.54337,6,0,0,00:00.0,00:00.0,uploads\f2e6d795-3777-11f0-84b6-581122bb7f2c\20210509T120000+1000_REC_78.wav,False,0,0,0,0,0,0,0,0,0,0,0,0,birds,-6.1295576,0.49620286,0.4692449,0.4414776,0.06471214,0.3206262,0.18285203,0.24063712,0.29571685,0.19857277,0.24799202,0.19222587,0.22962293
6.783709,-0.35243922,7.641045,6,0,0,00:00.0,00:00.0,uploads\f2e6d795-3777-11f0-84b6-581122bb7f2c\20210509T120000+1000_REC_79.wav,False,0,0,0,0,0,0,0,0,0,0,0,0,birds,-6.0845876,0.6466112,0.25742316,0.6705696,-0.36847243,0.46389812,-0.094794214,0.31261402,0.1305448,0.23748979,0.15283623,0.207033,0.15307026
6.3396764,-0.70114964,8.143232,6,0,0,00:00.0,00:00.0,uploads\f2e6d795-3777-11f0-84b6-581122bb7f2c\20210509T120000+1000_REC_80.wav,False,0,0,0,0,0,0,0,0,0,0,0,0,birds,-6.1049113,0.5821901,0.24612102,0.58638,-0.28042382,0.45239213,-0.067746356,0.28824988,0.15615623,0.19765297,0.19877312,0.20305932,0.2118629
5.507069,-1.1786464,9.005877,6,0,0,00:00.0,00:00.0,uploads\f2e6d795-3777-11f0-84b6-581122bb7f2c\20210509T120000+1000_REC_81.wav,False,0,0,0,0,0,0,0,0,0,0,0,0,birds,-6.126725,0.4956269,0.36074102,0.52341986,-0.087706216,0.3832876,0.09176395,0.24210526,0.22902802,0.18593058,0.2586379,0.15634564,0.23423873
6.1289177,-0.8332527,8.37599,6,0,0,00:00.0,00:00.0,uploads\f2e6d795-3777-11f0-84b6-581122bb7f2c\20210509T120000+1000_REC_82.wav,False,0,0,0,0,0,0,0,0,0,0,0,0,birds,-6.1151476,0.5284008,0.29426822,0.6093697,-0.22938785,0.3571161,0.013602912,0.28006694,0.20342453,0.21150629,0.15747814,0.18734042,0.22159925
5.5224013,-1.3143551,9.102582,6,0,0,00:00.0,00:00.0,uploads\f2e6d795-3777-11f0-84b6-581122bb7f2c\20210509T120000+1000_REC_83.wav,False,0,0,0,0,0,0,0,0,0,0,0,0,birds,-6.12678,0.42890954,0.410968,0.5369761,-0.102934726,0.35974365,0.10198955,0.24339375,0.2541748,0.21076806,0.22569425,0.19333982,0.25890443
5.3396297,-1.5091745,9.458939,6,0,0,00:00.0,00:00.0,uploads\f2e6d795-3777-11f0-84b6-581122bb7f2c\20210509T120000+1000_REC_84.wav,False,0,0,0,0,0,0,0,0,0,0,0,0,birds,-6.1289477,0.45886958,0.4364754,0.49687022,-0.008293563,0.34918612,0.14220569,0.24004878,0.26700315,0.19217533,0.26856068,0.19005397,0.2416094
5.567811,-1.4726133,9.272272,6,0,0,00:00.0,00:00.0,uploads\f2e6d795-3777-11f0-84b6-581122bb7f2c\20210509T120000+1000_REC_85.wav,False,0,0,0,0,0,0,0,0,0,0,0,0,birds,-6.1204696,0.5125341,0.4400029,0.5593241,-0.04407384,0.38273543,0.13766043,0.2559868,0.26159903,0.20736457,0.22969027,0.1695155,0.20801094
6.4254136,-0.62424886,8.097777,6,0,0,00:00.0,00:00.0,uploads\f2e6d795-3777-11f0-84b6-581122bb7f2c\20210509T120000+1000_REC_86.wav,False,0,0,0,0,0,0,0,0,0,0,0,0,birds,-6.1080303,0.5073879,0.3171484,0.606944,-0.33038393,0.35423756,-0.027160328,0.2961068,0.18274595,0.2477061,0.14097461,0.20008293,0.19949721
10.518417,1.8526586,7.278497,6,0,0,00:00.0,00:00.0,uploads\f2e6d795-3777-11f0-84b6-581122bb7f2c\20210509T120000+1000_REC_87.wav,False,0,0,0,0,0,0,0,0,0,0,0,0,birds,-5.8263607,0.7914737,0.18102995,1.1088836,-1.1827551,0.66013265,-0.5502874,0.42503506,-0.08619142,0.35852587,-0.10917145,0.31551445,-0.028248744
6.303695,-0.70369524,8.296761,6,0,0,00:00.0,00:00.0,uploads\f2e6d795-3777-11f0-84b6-581122bb7f2c\20210509T120000+1000_REC_88.wav,False,0,0,0,0,0,0,0,0,0,0,0,0,birds,-6.1168857,0.45497292,0.33691368,0.5846079,-0.25007927,0.37448314,0.024698017,0.30542573,0.17910066,0.23689893,0.19935624,0.21553995,0.2167823
8.973293,0.95632625,7.188197,6,0,0,00:00.0,00:00.0,uploads\f2e6d795-3777-11f0-84b6-581122bb7f2c\20210509T120000+1000_REC_89.wav,False,0,0,0,0,0,0,0,0,0,0,0,0,birds,-5.975842,0.7976171,0.18589321,0.86510086,-0.7625567,0.5647403,-0.3268001,0.42084864,-0.040720306,0.28505746,0.013671605,0.28646457,0.008204503
10.3998785,1.9832848,7.2539916,6,0,0,00:00.0,00:00.0,uploads\f2e6d795-3777-11f0-84b6-581122bb7f2c\20210509T120000+1000_REC_90.wav,False,0,0,0,0,0,0,0,0,0,0,0,0,birds,-5.7916017,0.83121014,0.14420904,1.0997963,-1.2624413,0.603072,-0.6156998,0.45153692,-0.22304022,0.2579546,-0.14734648,0.22711232,-0.11411182
8.939868,1.124317,7.4245987,6,0,0,00:00.0,00:00.0,uploads\f2e6d795-3777-11f0-84b6-581122bb7f2c\20210509T120000+1000_REC_91.wav,False,0,0,0,0,0,0,0,0,0,0,0,0,birds,-5.9973297,0.4793281,0.20069656,0.86148435,-0.82226944,0.5004616,-0.34201616,0.40675032,-0.006925237,0.26455492,-0.03326276,0.254981,0.055984966
5.0279517,-2.0289025,10.16406,6,0,0,00:00.0,00:00.0,uploads\f2e6d795-3777-11f0-84b6-581122bb7f2c\20210509T120000+1000_REC_92.wav,False,0,0,0,0,0,0,0,0,0,0,0,0,birds,-6.1385455,0.41623443,0.42726073,0.39046818,0.21385173,0.31881908,0.22966506,0.23940402,0.27519193,0.19783148,0.23461993,0.20258452,0.20833729
5.415342,-1.275934,9.120418,6,0,0,00:00.0,00:00.0,uploads\f2e6d795-3777-11f0-84b6-581122bb7f2c\20210509T120000+1000_REC_93.wav,False,0,0,0,0,0,0,0,0,0,0,0,0,birds,-6.1384935,0.40249297,0.35639518,0.46950993,-0.0551145,0.3319573,0.12475333,0.22838119,0.24076122,0.18180355,0.23141435,0.17235428,0.23714395
6.140339,-0.86846524,8.290625,6,0,0,00:00.0,00:00.0,uploads\f2e6d795-3777-11f0-84b6-581122bb7f2c\20210509T120000+1000_REC_94.wav,False,0,0,0,0,0,0,0,0,0,0,0,0,birds,-6.109473,0.5355218,0.24577783,0.62529695,-0.2793731,0.3990614,0.038891602,0.32164085,0.17079274,0.20469038,0.16133341,0.16416974,0.23038575
5.2629085,-1.7935215,9.7914095,6,0,0,00:00.0,00:00.0,uploads\f2e6d795-3777-11f0-84b6-581122bb7f2c\20210509T120000+1000_REC_95.wav,False,0,0,0,0,0,0,0,0,0,0,0,0,birds,-6.128575,0.46201196,0.47615296,0.44193578,0.20483463,0.34011832,0.23161231,0.24365178,0.29643884,0.20996922,0.25654247,0.20970477,0.20582132
4.9678063,-2.3255644,10.235424,6,0,0,00:00.0,00:00.0,uploads\f2e6d795-3777-11f0-84b6-581122bb7f2c\20210509T120000+1000_REC_96.wav,False,0,0,0,0,0,0,0,0,0,0,0,0,birds,-6.1338964,0.4396604,0.4297012,0.38944393,0.29039842,0.32216102,0.26311252,0.2612109,0.27319306,0.2189639,0.23745768,0.20525476,0.19091828
6.4947605,-0.5667011,7.9493365,6,0,0,00:00.0,00:00.0,uploads\f2e6d795-3777-11f0-84b6-581122bb7f2c\20210509T120000+1000_REC_97.wav,False,0,0,0,0,0,0,0,0,0,0,0,0,birds,-6.087156,0.59659547,0.2890118,0.7353086,-0.26795778,0.4776977,-0.01920074,0.36272752,0.12889001,0.26242226,0.20987707,0.1897678,0.20229661
8.20436,0.73535764,7.3620644,6,0,0,00:00.0,00:00.0,uploads\f2e6d795-3777-11f0-84b6-581122bb7f2c\20210509T120000+1000_REC_98.wav,False,0,0,0,0,0,0,0,0,0,0,0,0,birds,-6.0373254,0.63076943,0.12686211,0.8169318,-0.5758109,0.5538508,-0.21217197,0.37785175,0.017291205,0.27825,0.08488284,0.20001753,0.11578891
8.181916,0.71232927,7.3678126,6,0,0,00:00.0,00:00.0,uploads\f2e6d795-3777-11f0-84b6-581122bb7f2c\20210509T120000+1000_REC_99.wav,False,0,0,0,0,0,0,0,0,0,0,0,0,birds,-6.0366883,0.6476918,0.058738835,0.79433787,-0.61082727,0.5168671,-0.1870706,0.3791585,0.0058573633,0.25493693,0.062015377,0.19994976,0.05301494
5.00895,-2.0423853,10.189819,6,0,0,00:00.0,00:00.0,uploads\f2e6d795-3777-11f0-84b6-581122bb7f2c\20210509T120000+1000_REC_100.wav,False,0,0,0,0,0,0,0,0,0,0,0,0,birds,-6.138798,0.38966444,0.40391076,0.42152327,0.14896747,0.3244057,0.24489771,0.2369176,0.29399464,0.20841281,0.24414511,0.19923677,0.2164918
7.8628564,0.5031592,7.373895,6,0,0,00:00.0,00:00.0,uploads\f2e6d795-3777-11f0-84b6-581122bb7f2c\20210509T120000+1000_REC_101.wav,False,0,0,0,0,0,0,0,0,0,0,0,0,birds,-6.0529943,0.65875816,0.13149989,0.80323946,-0.5087306,0.5092245,-0.12983012,0.34103984,0.102109164,0.27981773,0.10048885,0.21851964,0.102574274
6.8185806,-0.42035195,7.7473974,6,0,0,00:00.0,00:00.0,uploads\f2e6d795-3777-11f0-84b6-581122bb7f2c\20210509T120000+1000_REC_102.wav,False,0,0,0,0,0,0,0,0,0,0,0,0,birds,-6.10284,0.51660156,0.14860676,0.6905953,-0.32597452,0.40506664,-0.030071288,0.29907608,0.102029786,0.1867513,0.11379944,0.14589685,0.145266
6.290063,-0.7253607,8.315143,6,0,0,00:00.0,00:00.0,uploads\f2e6d795-3777-11f0-84b6-581122bb7f2c\20210509T120000+1000_REC_103.wav,False,0,0,0,0,0,0,0,0,0,0,0,0,birds,-6.0963345,0.543155,0.42976543,0.7317851,-0.14915706,0.43518353,0.07908669,0.32579574,0.23987694,0.24314599,0.16899484,0.20207745,0.19903784
5.3387084,-1.7067224,9.688664,6,0,0,00:00.0,00:00.0,uploads\f2e6d795-3777-11f0-84b6-581122bb7f2c\20210509T120000+1000_REC_104.wav,True,0,0,0,0,0,0,0,0,0,0,1,0,birds,-6.1284704,0.40924084,0.4973235,0.48697802,0.079716556,0.36505982,0.18821816,0.2341704,0.2891525,0.2038293,0.23081926,0.21858947,0.23519059
4.9694996,-2.3402967,10.2398405,6,0,0,00:00.0,00:00.0,uploads\f2e6d795-3777-11f0-84b6-581122bb7f2c\20210509T120000+1000_REC_105.wav,False,0,0,0,0,0,0,0,0,0,0,0,0,birds,-6.1257706,0.47103974,0.45689237,0.42159867,0.33066466,0.33560064,0.28169617,0.26003012,0.27313718,0.22979884,0.23973228,0.22458728,0.20260109
6.2954464,-0.716844,8.307319,6,0,0,00:00.0,00:00.0,uploads\f2e6d795-3777-11f0-84b6-581122bb7f2c\20210509T120000+1000_REC_106.wav,False,0,0,0,0,0,0,0,0,0,0,0,0,birds,-6.111323,0.4863781,0.3827635,0.66049933,-0.18093584,0.36781067,0.0648365,0.29870152,0.1804971,0.2572167,0.23914649,0.18983482,0.20507407
6.4438534,-0.60688794,8.073444,6,0,0,00:00.0,00:00.0,uploads\f2e6d795-3777-11f0-84b6-581122bb7f2c\20210509T120000+1000_REC_107.wav,False,0,0,0,0,0,0,0,0,0,0,0,0,birds,-6.1051416,0.52601635,0.23762527,0.69465554,-0.2598611,0.37584853,-0.037330963,0.3045146,0.15609637,0.23122546,0.168182,0.22559042,0.17621623
5.6236005,-1.1887974,8.91909,6,0,0,00:00.0,00:00.0,uploads\f2e6d795-3777-11f0-84b6-581122bb7f2c\20210509T120000+1000_REC_108.wav,False,0,0,0,0,0,0,0,0,0,0,0,0,birds,-6.12422,0.45988098,0.30262703,0.5885152,-0.10411707,0.369599,0.11719658,0.30106762,0.25300002,0.17936723,0.22918288,0.18888502,0.25749028
7.834746,0.42932835,7.3584585,6,0,0,00:00.0,00:00.0,uploads\f2e6d795-3777-11f0-84b6-581122bb7f2c\20210509T120000+1000_REC_109.wav,False,0,0,0,0,0,0,0,0,0,0,0,0,birds,-6.0436187,0.6656812,0.11991318,0.8611148,-0.5243681,0.5193194,-0.1314965,0.36610588,0.0908421,0.22649452,0.08920303,0.21532495,0.1357641
5.274413,-1.7863891,9.777739,6,0,0,00:00.0,00:00.0,uploads\f2e6d795-3777-11f0-84b6-581122bb7f2c\20210509T120000+1000_REC_110.wav,False,0,0,0,0,0,0,0,0,0,0,0,0,birds,-6.12739,0.43119508,0.4654278,0.45960924,0.1784487,0.3671769,0.25393087,0.27588344,0.30536163,0.23340008,0.24877389,0.1986937,0.21236174
5.398712,-1.4986405,9.366106,6,0,0,00:00.0,00:00.0,uploads\f2e6d795-3777-11f0-84b6-581122bb7f2c\20210509T120000+1000_REC_111.wav,False,0,0,0,0,0,0,0,0,0,0,0,0,birds,-6.13517,0.37703323,0.41776413,0.48562682,0.01839195,0.3439804,0.19059286,0.2464748,0.2930139,0.20939402,0.21898507,0.18212254,0.22713873
5.309752,-1.732133,9.726688,6,0,0,00:00.0,00:00.0,uploads\f2e6d795-3777-11f0-84b6-581122bb7f2c\20210509T120000+1000_REC_112.wav,False,0,0,0,0,0,0,0,0,0,0,0,0,birds,-6.127064,0.42913708,0.47336698,0.48892665,0.15060596,0.36824793,0.23259288,0.24008593,0.30704954,0.20665656,0.24968307,0.21004842,0.21835789
4.890665,-2.226119,10.343967,6,0,0,00:00.0,00:00.0,uploads\f2e6d795-3777-11f0-84b6-581122bb7f2c\20210509T120000+1000_REC_113.wav,False,0,0,0,0,0,0,0,0,0,0,0,0,birds,-6.151175,0.29635674,0.2932732,0.28873858,0.27712664,0.27009553,0.2612736,0.25075313,0.2432822,0.23626073,0.22793245,0.22153082,0.21628636
4.926742,-2.1878407,10.298145,6,0,0,00:00.0,00:00.0,uploads\f2e6d795-3777-11f0-84b6-581122bb7f2c\20210509T120000+1000_REC_114.wav,False,0,0,0,0,0,0,0,0,0,0,0,0,birds,-6.1431026,0.3555444,0.3764192,0.36942998,0.22482508,0.30871427,0.24581666,0.23959836,0.2795239,0.22416429,0.2459647,0.22152416,0.21667947
5.5249634,-1.1543429,8.976837,6,0,0,00:00.0,00:00.0,uploads\f2e6d795-3777-11f0-84b6-581122bb7f2c\20210509T120000+1000_REC_115.wav,False,0,0,0,0,0,0,0,0,0,0,0,0,birds,-6.12422,0.48844695,0.40715984,0.57323664,-0.05439735,0.34052938,0.15784433,0.26526147,0.25676382,0.16097808,0.23591144,0.13830203,0.22259828
10.576859,1.8554188,7.272496,6,0,0,00:00.0,00:00.0,uploads\f2e6d795-3777-11f0-84b6-581122bb7f2c\20210509T120000+1000_REC_116.wav,False,0,0,0,0,0,0,0,0,0,0,0,0,birds,-5.774784,1.1097564,-0.069233224,1.2406546,-1.1259236,0.7375189,-0.44879022,0.42827207,-0.11564454,0.34391168,-0.067322835,0.297674,0.0058253566
10.575132,1.8729037,7.287336,6,0,0,00:00.0,00:00.0,uploads\f2e6d795-3777-11f0-84b6-581122bb7f2c\20210509T120000+1000_REC_117.wav,True,0,0,0,0,0,0,0,0,0,0,1,0,birds,-5.830313,0.926961,0.05606255,1.1084708,-1.108407,0.7053264,-0.4735889,0.45771554,-0.069137044,0.38920093,-0.112260655,0.24079151,1.9033458e-05
6.60953,-0.44481218,7.921293,6,0,0,00:00.0,00:00.0,uploads\f2e6d795-3777-11f0-84b6-581122bb7f2c\20210509T120000+1000_REC_118.wav,False,0,0,0,0,0,0,0,0,0,0,0,0,birds,-6.1017175,0.41182345,0.28992468,0.67241645,-0.31375247,0.4695499,-0.019108554,0.37231925,0.17100395,0.26536363,0.12307179,0.22690152,0.17744443
7.8331127,0.45569408,7.3895154,6,0,0,00:00.0,00:00.0,uploads\f2e6d795-3777-11f0-84b6-581122bb7f2c\20210509T120000+1000_REC_119.wav,False,0,0,0,0,0,0,0,0,0,0,0,0,birds,-6.0749693,0.47230563,0.1466346,0.76086485,-0.48175058,0.458283,-0.110528655,0.37867302,0.10541422,0.26637512,0.023183418,0.18095776,0.09937301
7.7508597,0.4297622,7.4491005,6,0,0,00:00.0,00:00.0,uploads\f2e6d795-3777-11f0-84b6-581122bb7f2c\20210509T120000+1000_REC_120.wav,False,0,0,0,0,0,0,0,0,0,0,0,0,birds,-6.061392,0.56579983,0.21992743,0.83672184,-0.42608887,0.53563684,-0.07034794,0.39576957,0.0804329,0.26902953,0.09901382,0.25663295,0.1772902
6.29072,-0.72428113,8.30918,6,0,0,00:00.0,00:00.0,uploads\f2e6d795-3777-11f0-84b6-581122bb7f2c\20210509T120000+1000_REC_121.wav,True,0,1,0,0,0,0,0,0,0,0,1,0,birds,-6.11056,0.4247929,0.39208713,0.6575426,-0.24754106,0.38675356,0.045580633,0.3039358,0.21653794,0.24023445,0.15755054,0.21662606,0.19514263
4.87771,-2.2586665,10.355431,6,0,0,00:00.0,00:00.0,uploads\f2e6d795-3777-11f0-84b6-581122bb7f2c\20210509T120000+1000_REC_122.wav,False,0,0,0,0,0,0,0,0,0,0,0,0,birds,-6.143934,0.3564131,0.3574492,0.34377447,0.28474247,0.3011791,0.262999,0.25350717,0.25839347,0.22550584,0.23681608,0.2177383,0.2069219
6.646449,-0.3828725,7.8988285,6,0,0,00:00.0,00:00.0,uploads\f2e6d795-3777-11f0-84b6-581122bb7f2c\20210509T120000+1000_REC_123.wav,False,0,0,0,0,0,0,0,0,0,0,0,0,birds,-6.087684,0.46780944,0.2746071,0.7568898,-0.37213618,0.4660589,-0.01908119,0.36498067,0.10992951,0.26133963,0.13232562,0.22338246,0.17261457
5.261019,-1.5906479,9.635884,6,0,0,00:00.0,00:00.0,uploads\f2e6d795-3777-11f0-84b6-581122bb7f2c\20210509T120000+1000_REC_124.wav,False,0,0,0,0,0,0,0,0,0,0,0,0,birds,-6.1415215,0.35262102,0.4041506,0.42561102,0.09776126,0.3288858,0.18267319,0.2314305,0.27830207,0.18676098,0.25564477,0.1897283,0.23232414
5.404262,-1.2821087,9.140828,6,0,0,00:00.0,00:00.0,uploads\f2e6d795-3777-11f0-84b6-581122bb7f2c\20210509T120000+1000_REC_125.wav,False,0,0,0,0,0,0,0,0,0,0,0,0,birds,-6.133815,0.3990057,0.39884755,0.51475465,-0.05365674,0.32216182,0.16287543,0.24284628,0.24492048,0.18528348,0.24334328,0.16824673,0.24023394
6.3914266,-0.6692912,8.016969,6,0,0,00:00.0,00:00.0,uploads\f2e6d795-3777-11f0-84b6-581122bb7f2c\20210509T120000+1000_REC_126.wav,False,0,0,0,0,0,0,0,0,0,0,0,0,birds,-6.0897064,0.57396966,0.2377815,0.73688376,-0.32090703,0.47939813,0.063968875,0.31175566,0.20164667,0.22302286,0.18733923,0.189809,0.21836947
6.1471543,-0.8722366,8.285115,6,0,0,00:00.0,00:00.0,uploads\f2e6d795-3777-11f0-84b6-581122bb7f2c\20210509T120000+1000_REC_127.wav,False,0,0,0,0,0,0,0,0,0,0,0,0,birds,-6.100439,0.58380723,0.20933016,0.6789398,-0.3065361,0.400941,0.060427703,0.30719885,0.14197145,0.21470173,0.21156089,0.16753615,0.23092669
6.165395,-0.86535466,8.269675,6,0,0,00:00.0,00:00.0,uploads\f2e6d795-3777-11f0-84b6-581122bb7f2c\20210509T120000+1000_REC_128.wav,False,0,0,0,0,0,0,0,0,0,0,0,0,birds,-6.0886097,0.58782035,0.14739056,0.6778162,-0.4068071,0.42879173,-0.06848761,0.3428629,0.16571358,0.1764887,0.21433379,0.13600616,0.19826902
7.626726,0.29338083,7.414791,6,0,0,00:00.0,00:00.0,uploads\f2e6d795-3777-11f0-84b6-581122bb7f2c\20210509T120000+1000_REC_129.wav,False,0,0,0,0,0,0,0,0,0,0,0,0,birds,-6.082396,0.48879957,0.23826693,0.63979584,-0.4248618,0.5264413,-0.1484076,0.4346214,0.084500544,0.27263814,0.14114927,0.1760877,0.19671895
5.402571,-1.3005749,9.13048,6,0,0,00:00.0,00:00.0,uploads\f2e6d795-3777-11f0-84b6-581122bb7f2c\20210509T120000+1000_REC_130.wav,False,0,0,0,0,0,0,0,0,0,0,0,0,birds,-6.1415286,0.32926568,0.3510143,0.46103796,-0.048597448,0.31759903,0.14996788,0.26542768,0.249842,0.1798435,0.25897086,0.17433038,0.21258594
6.4122643,-0.6308509,8.119824,6,0,0,00:00.0,00:00.0,uploads\f2e6d795-3777-11f0-84b6-581122bb7f2c\20210509T120000+1000_REC_131.wav,False,0,0,0,0,0,0,0,0,0,0,0,0,birds,-6.1118636,0.4465376,0.2845654,0.65493184,-0.19482037,0.4549016,0.04752306,0.33564383,0.20103848,0.24460305,0.19856188,0.21788579,0.18480784
5.5736403,-1.2822242,9.015972,6,0,0,00:00.0,00:00.0,uploads\f2e6d795-3777-11f0-84b6-581122bb7f2c\20210509T120000+1000_REC_132.wav,False,0,0,0,0,0,0,0,0,0,0,0,0,birds,-6.128932,0.33321002,0.33552504,0.5779888,-0.17116077,0.35872573,0.080023564,0.2612607,0.23320052,0.20802568,0.1989146,0.20800258,0.22921205
5.572382,-1.5400612,9.331581,6,0,0,00:00.0,00:00.0,uploads\f2e6d795-3777-11f0-84b6-581122bb7f2c\20210509T120000+1000_REC_133.wav,False,0,0,0,0,0,0,0,0,0,0,0,0,birds,-6.101896,0.52784353,0.5866047,0.6216943,0.085459895,0.42220885,0.2117406,0.30599874,0.27083656,0.20393637,0.2398184,0.15556104,0.19366047
4.9326854,-2.340325,10.2756195,6,0,0,00:00.0,00:00.0,uploads\f2e6d795-3777-11f0-84b6-581122bb7f2c\20210509T120000+1000_REC_134.wav,False,0,0,0,0,0,0,0,0,0,0,0,0,birds,-6.131053,0.43872586,0.42370385,0.39104405,0.3467901,0.33042115,0.29168966,0.27767217,0.25867534,0.23247333,0.22513148,0.20001934,0.19336744
5.268257,-1.7993339,9.790715,6,0,0,00:00.0,00:00.0,uploads\f2e6d795-3777-11f0-84b6-581122bb7f2c\20210509T120000+1000_REC_135.wav,False,0,0,0,0,0,0,0,0,0,0,0,0,birds,-6.1313806,0.42034876,0.46322832,0.43691984,0.18332274,0.3566623,0.2322498,0.25833806,0.29229137,0.20750208,0.25352773,0.19947293,0.22002825
5.732514,-1.171594,8.709755,6,0,0,00:00.0,00:00.0,uploads\f2e6d795-3777-11f0-84b6-581122bb7f2c\20210509T120000+1000_REC_136.wav,False,0,0,0,0,0,0,0,0,0,0,0,0,birds,-6.133276,0.35900548,0.3648068,0.5470045,-0.097221255,0.32932463,0.109531276,0.27357516,0.21186335,0.2067847,0.23154335,0.14979964,0.23998244
5.7485723,-1.1673287,8.69095,6,0,0,00:00.0,00:00.0,uploads\f2e6d795-3777-11f0-84b6-581122bb7f2c\20210509T120000+1000_REC_137.wav,False,0,0,0,0,0,0,0,0,0,0,0,0,birds,-6.122433,0.44009632,0.38898152,0.57651657,-0.10373993,0.38109803,0.1488929,0.3089933,0.23108752,0.22384301,0.22951871,0.15143803,0.25229684
4.894078,-2.3309367,10.325709,6,0,0,00:00.0,00:00.0,uploads\f2e6d795-3777-11f0-84b6-581122bb7f2c\20210509T120000+1000_REC_138.wav,False,0,0,0,0,0,0,0,0,0,0,0,0,birds,-6.129234,0.41415653,0.4041889,0.38727057,0.36378273,0.3439008,0.31869763,0.29652807,0.27494007,0.25274482,0.23478797,0.21627644,0.20241135
5.334593,-1.5173103,9.442709,6,0,0,00:00.0,00:00.0,uploads\f2e6d795-3777-11f0-84b6-581122bb7f2c\20210509T120000+1000_REC_139.wav,False,0,0,0,0,0,0,0,0,0,0,0,0,birds,-6.1364074,0.42011788,0.43537804,0.45155323,0.068908334,0.32417038,0.1884439,0.24402918,0.2514307,0.19733132,0.23733081,0.17777796,0.23394145
5.744961,-1.1461425,8.704982,6,0,0,00:00.0,00:00.0,uploads\f2e6d795-3777-11f0-84b6-581122bb7f2c\20210509T120000+1000_REC_140.wav,False,0,0,0,0,0,0,0,0,0,0,0,0,birds,-6.1255393,0.45353267,0.33937642,0.57790613,-0.122207716,0.3325667,0.11264984,0.2772857,0.15867355,0.24044144,0.25028095,0.17604731,0.26387402
6.84093,-0.31790975,7.4776278,6,0,0,00:00.0,00:00.0,uploads\f2e6d795-3777-11f0-84b6-581122bb7f2c\20210509T120000+1000_REC_141.wav,False,0,0,0,0,0,0,0,0,0,0,0,0,birds,-6.0734086,0.7096494,0.1869376,0.75254893,-0.3722126,0.45562723,-0.064572394,0.31193057,0.1137819,0.23288395,0.19845785,0.19333844,0.14061493
8.230833,0.74266535,7.356326,6,0,0,00:00.0,00:00.0,uploads\f2e6d795-3777-11f0-84b6-581122bb7f2c\20210509T120000+1000_REC_142.wav,False,0,0,0,0,0,0,0,0,0,0,0,0,birds,-6.002006,0.8235338,0.06997513,0.9164041,-0.62290317,0.5558953,-0.19166064,0.39102927,0.05779396,0.26359516,0.10185351,0.23065253,0.113661215
5.5054,-1.1736196,9.011996,6,0,0,00:00.0,00:00.0,uploads\f2e6d795-3777-11f0-84b6-581122bb7f2c\20210509T120000+1000_REC_143.wav,False,0,0,0,0,0,0,0,0,0,0,0,0,birds,-6.1321197,0.41093957,0.34632018,0.523528,-0.08814851,0.3649824,0.1410375,0.24418457,0.26886642,0.16325682,0.25035906,0.15314767,0.23169382
5.785018,-1.1247728,8.66249,6,0,0,00:00.0,00:00.0,uploads\f2e6d795-3777-11f0-84b6-581122bb7f2c\20210509T120000+1000_REC_144.wav,False,0,0,0,0,0,0,0,0,0,0,0,0,birds,-6.1241336,0.43983504,0.3052138,0.610271,-0.12721486,0.36787158,0.08465377,0.2960027,0.17855309,0.1974232,0.2345171,0.15045962,0.2504691
6.1859107,-0.73802966,8.626729,6,0,0,00:00.0,00:00.0,uploads\f2e6d795-3777-11f0-84b6-581122bb7f2c\20210509T120000+1000_REC_145.wav,False,0,0,0,0,0,0,0,0,0,0,0,0,birds,-6.12191,0.18805772,0.5049065,0.52098113,-0.067581646,0.45862278,0.124813475,0.3631118,0.16538735,0.28853104,0.22257671,0.19543815,0.28832933
5.5686193,-1.2717034,9.016677,6,0,0,00:00.0,00:00.0,uploads\f2e6d795-3777-11f0-84b6-581122bb7f2c\20210509T120000+1000_REC_146.wav,False,0,0,0,0,0,0,0,0,0,0,0,0,birds,-6.1259885,0.4694475,0.36659133,0.5495793,-0.09059342,0.3766196,0.12263119,0.27358705,0.18020813,0.17666642,0.23779203,0.22662728,0.2433136
5.5129933,-1.2911938,9.072081,6,0,0,00:00.0,00:00.0,uploads\f2e6d795-3777-11f0-84b6-581122bb7f2c\20210509T120000+1000_REC_147.wav,False,0,0,0,0,0,0,0,0,0,0,0,0,birds,-6.128447,0.49841696,0.36532515,0.5115407,-0.11850781,0.32284927,0.09805997,0.22299542,0.2217453,0.21123376,0.22323026,0.19094627,0.25448647
6.01607,-0.9583508,8.443151,6,0,0,00:00.0,00:00.0,uploads\f2e6d795-3777-11f0-84b6-581122bb7f2c\20210509T120000+1000_REC_148.wav,False,0,0,0,0,0,0,0,0,0,0,0,0,birds,-6.1147013,0.5380018,0.29306737,0.60962635,-0.20415467,0.39694408,0.058383238,0.278025,0.16003373,0.2046976,0.23970456,0.18458986,0.20747273
7.845224,0.4653925,7.3743224,6,0,0,00:00.0,00:00.0,uploads\f2e6d795-3777-11f0-84b6-581122bb7f2c\20210509T120000+1000_REC_149.wav,False,0,0,0,0,0,0,0,0,0,0,0,0,birds,-6.059091,0.60868096,0.20900545,0.7851129,-0.51785356,0.5281567,-0.099128865,0.30224994,0.10732118,0.27266085,0.10150219,0.21277758,0.14439297
7.874879,0.4674874,7.3637767,6,0,0,00:00.0,00:00.0,uploads\f2e6d795-3777-11f0-84b6-581122bb7f2c\20210509T120000+1000_REC_150.wav,False,0,0,0,0,0,0,0,0,0,0,0,0,birds,-6.0642743,0.4806696,0.13318251,0.72888136,-0.54033536,0.55642855,-0.17591798,0.33411977,0.014373053,0.1922272,0.08207367,0.20867726,0.08161037
5.8265643,-1.075558,8.656987,6,0,0,00:00.0,00:00.0,uploads\f2e6d795-3777-11f0-84b6-581122bb7f2c\20210509T120000+1000_REC_151.wav,True,0,1,0,0,0,0,0,0,0,0,0,1,birds,-6.122857,0.4489171,0.30744812,0.58723205,-0.16343255,0.39155778,0.07902528,0.30401146,0.21963999,0.16676842,0.21597837,0.15814582,0.23894024
5.3888516,-1.2713836,9.158534,6,0,0,00:00.0,00:00.0,uploads\f2e6d795-3777-11f0-84b6-581122bb7f2c\20210509T120000+1000_REC_153.wav,False,0,0,0,0,0,0,0,0,0,0,0,0,birds,-6.1383386,0.38207883,0.40804964,0.48258054,0.071550526,0.31038415,0.19513778,0.23331998,0.24548654,0.18254617,0.26798534,0.13430254,0.23012939
5.88981,-1.0803915,8.576863,6,0,0,00:00.0,00:00.0,uploads\f2e6d795-3777-11f0-84b6-581122bb7f2c\20210509T120000+1000_REC_154.wav,False,0,0,0,0,0,0,0,0,0,0,0,0,birds,-6.1152124,0.53339624,0.31290212,0.6543651,-0.16018376,0.34579036,0.10243752,0.30534163,0.2223791,0.18740518,0.15050292,0.12300984,0.21953548
5.9543977,-1.0440035,8.507391,6,0,0,00:00.0,00:00.0,uploads\f2e6d795-3777-11f0-84b6-581122bb7f2c\20210509T120000+1000_REC_155.wav,False,0,0,0,0,0,0,0,0,0,0,0,0,birds,-6.0973516,0.6466634,0.27029684,0.7209373,-0.19216152,0.42798945,0.07976575,0.32947132,0.13564077,0.1555369,0.16894221,0.09553247,0.1707209
6.8634214,-0.4003854,7.6808605,6,0,0,00:00.0,00:00.0,uploads\f2e6d795-3777-11f0-84b6-581122bb7f2c\20210509T120000+1000_REC_156.wav,False,0,0,0,0,0,0,0,0,0,0,0,0,birds,-6.080142,0.73816466,0.19099107,0.71507436,-0.32734364,0.422405,-0.09274634,0.29108167,0.099261224,0.1864111,0.09321733,0.15035772,0.15821335
8.195763,0.73687476,7.3646474,6,0,0,00:00.0,00:00.0,uploads\f2e6d795-3777-11f0-84b6-581122bb7f2c\20210509T120000+1000_REC_157.wav,False,0,0,0,0,0,0,0,0,0,0,0,0,birds,-6.0392423,0.7282052,0.2221434,0.8298699,-0.44717082,0.57658714,-0.19737498,0.3830918,0.037725672,0.2660444,0.07896899,0.22319576,0.12766202
7.989294,0.59869045,7.3949857,6,0,0,00:00.0,00:00.0,uploads\f2e6d795-3777-11f0-84b6-581122bb7f2c\20210509T120000+1000_REC_159.wav,False,0,0,0,0,0,0,0,0,0,0,0,0,birds,-6.0565014,0.5889362,0.19602656,0.7629759,-0.5148013,0.5260817,-0.17798121,0.3755072,0.09946251,0.2750098,0.056180477,0.24633557,0.09860371
5.960189,-1.0547521,8.506255,6,0,0,00:00.0,00:00.0,uploads\f2e6d795-3777-11f0-84b6-581122bb7f2c\20210509T120000+1000_REC_160.wav,False,0,0,0,0,0,0,0,0,0,0,0,0,birds,-6.105038,0.521539,0.39600173,0.6998779,-0.14824729,0.44816583,0.06021123,0.32386804,0.1756459,0.18628067,0.15754037,0.12757683,0.16836096
5.94783,-1.0302783,8.571654,6,0,0,00:00.0,00:00.0,uploads\f2e6d795-3777-11f0-84b6-581122bb7f2c\20210509T120000+1000_REC_161.wav,False,0,0,0,0,0,0,0,0,0,0,0,0,birds,-6.117891,0.52215165,0.36366186,0.6087628,-0.117159106,0.4173575,0.110262476,0.2623575,0.22344494,0.1860086,0.16286947,0.16120118,0.19900952
5.503852,-1.4183927,9.299095,6,0,0,00:00.0,00:00.0,uploads\f2e6d795-3777-11f0-84b6-581122bb7f2c\20210509T120000+1000_REC_162.wav,False,0,0,0,0,0,0,0,0,0,0,0,0,birds,-6.125635,0.42383835,0.45855233,0.5389761,0.010851057,0.40143797,0.18075033,0.25369215,0.27930707,0.19094758,0.20367147,0.1646196,0.24058256
7.6944637,0.31537673,7.3578877,6,0,0,00:00.0,00:00.0,uploads\f2e6d795-3777-11f0-84b6-581122bb7f2c\20210509T120000+1000_REC_163.wav,False,0,0,0,0,0,0,0,0,0,0,0,0,birds,-6.076938,0.58154577,0.23941725,0.7517558,-0.38978732,0.5084375,-0.08022743,0.37360895,0.11036752,0.22295769,0.07405115,0.16625616,0.12351055
6.241796,-0.7664115,8.339264,6,0,0,00:00.0,00:00.0,uploads\f2e6d795-3777-11f0-84b6-581122bb7f2c\20210509T120000+1000_REC_164.wav,False,0,0,0,0,0,0,0,0,0,0,0,0,birds,-6.115108,0.4594279,0.37785977,0.6229523,-0.1888495,0.41857204,0.06530013,0.28932306,0.22966734,0.21823323,0.1394064,0.18713346,0.20657979
8.479054,0.8419071,7.3260083,6,0,0,00:00.0,00:00.0,uploads\f2e6d795-3777-11f0-84b6-581122bb7f2c\20210509T120000+1000_REC_165.wav,False,0,0,0,0,0,0,0,0,0,0,0,0,birds,-6.0217514,0.67642975,0.23775485,0.9363556,-0.5197997,0.514838,-0.27231377,0.43421456,0.085815094,0.2462703,0.05846728,0.22333622,0.12401701
7.9151893,0.5514579,7.4227133,6,0,0,00:00.0,00:00.0,uploads\f2e6d795-3777-11f0-84b6-581122bb7f2c\20210509T120000+1000_REC_167.wav,False,0,0,0,0,0,0,0,0,0,0,0,0,birds,-6.062342,0.47759685,0.24334463,0.8792801,-0.38338426,0.46343395,-0.13608687,0.47481617,0.013262447,0.2884986,0.08092859,0.24023719,0.11447945
6.9024625,-0.22246285,7.232852,6,0,0,00:00.0,00:00.0,uploads\f2e6d795-3777-11f0-84b6-581122bb7f2c\20210509T120000+1000_REC_168.wav,False,0,0,0,0,0,0,0,0,0,0,0,0,birds,-6.080574,0.59766006,0.29094023,0.7822862,-0.32321012,0.47672126,-0.027418328,0.35878733,0.16047443,0.21514285,0.16344512,0.16722271,0.15232131
6.2984786,-0.7208558,8.285711,6,0,0,00:00.0,00:00.0,uploads\f2e6d795-3777-11f0-84b6-581122bb7f2c\20210509T120000+1000_REC_169.wav,False,0,0,0,0,0,0,0,0,0,0,0,0,birds,-6.1113086,0.40839943,0.39254203,0.6403751,-0.22035465,0.45477062,0.02534488,0.32485548,0.16496569,0.23357707,0.12487968,0.19640125,0.18570326
6.1004925,-0.903203,8.352661,6,0,0,00:00.0,00:00.0,uploads\f2e6d795-3777-11f0-84b6-581122bb7f2c\20210509T120000+1000_REC_171.wav,False,0,0,0,0,0,0,0,0,0,0,0,0,birds,-6.1013875,0.39734071,0.24993053,0.71324754,-0.23945849,0.5268122,-0.09776021,0.3121232,0.2447458,0.1219753,0.0917666,0.13811764,0.22271629
5.3047686,-1.516212,9.651002,6,0,0,00:00.0,00:00.0,uploads\f2e6d795-3777-11f0-84b6-581122bb7f2c\20210509T120000+1000_REC_172.wav,False,0,0,0,0,0,0,0,0,0,0,0,0,birds,-6.126427,0.40430585,0.420088,0.557687,0.1711011,0.32495052,0.2934847,0.26341423,0.3022981,0.1811284,0.30113727,0.17830867,0.15555482
5.5808897,-1.0936106,8.868671,6,0,0,00:00.0,00:00.0,uploads\f2e6d795-3777-11f0-84b6-581122bb7f2c\20210509T120000+1000_REC_173.wav,False,0,0,0,0,0,0,0,0,0,0,0,0,birds,-6.114097,0.49328828,0.34375286,0.684096,-0.09773068,0.3546013,0.23464154,0.2388672,0.27653447,0.17652291,0.27901283,0.13166985,0.17985766
6.076677,-0.9173543,8.380002,6,0,0,00:00.0,00:00.0,uploads\f2e6d795-3777-11f0-84b6-581122bb7f2c\20210509T120000+1000_REC_174.wav,False,0,0,0,0,0,0,0,0,0,0,0,0,birds,-6.097282,0.48997805,0.24680394,0.7520551,-0.20658565,0.4840096,-0.02896758,0.29827404,0.27263886,0.1476512,0.25028336,0.15530248,0.25514877
5.309079,-1.2425753,9.560613,6,0,0,00:00.0,00:00.0,uploads\f2e6d795-3777-11f0-84b6-581122bb7f2c\20210509T120000+1000_REC_175.wav,False,0,0,0,0,0,0,0,0,0,0,0,0,birds,-6.1386094,0.32200393,0.3855147,0.47964755,0.005515153,0.3469136,0.2035474,0.1959698,0.31094474,0.17086227,0.28027278,0.16943933,0.1973302
6.0694184,-0.922996,8.385246,6,0,0,00:00.0,00:00.0,uploads\f2e6d795-3777-11f0-84b6-581122bb7f2c\20210509T120000+1000_REC_176.wav,True,0,1,0,0,0,0,0,0,0,0,0,1,birds,-6.0890765,0.4972455,0.28257033,0.75032705,-0.3259916,0.49871415,0.03847734,0.3463467,0.2541045,0.16475548,0.25375947,0.12185614,0.18603636
5.6762333,-1.0655005,8.7815075,6,0,0,00:00.0,00:00.0,uploads\f2e6d795-3777-11f0-84b6-581122bb7f2c\20210509T120000+1000_REC_177.wav,False,0,0,0,0,0,0,0,0,0,0,0,0,birds,-6.1083617,0.5204717,0.2926784,0.68819624,-0.22042325,0.38223732,0.12114883,0.28196332,0.2207503,0.18325943,0.28016752,0.11234384,0.19088484
5.362335,-1.4328856,9.570416,6,0,0,00:00.0,00:00.0,uploads\f2e6d795-3777-11f0-84b6-581122bb7f2c\20210509T120000+1000_REC_178.wav,False,0,0,0,0,0,0,0,0,0,0,0,0,birds,-6.1199756,0.50635946,0.4598792,0.54058236,0.050830226,0.38069496,0.23085618,0.21484666,0.34308955,0.14118329,0.2652693,0.1833717,0.18059307
5.4328027,-1.3511336,9.474966,6,0,0,00:00.0,00:00.0,uploads\f2e6d795-3777-11f0-84b6-581122bb7f2c\20210509T120000+1000_REC_179.wav,False,0,0,0,0,0,0,0,0,0,0,0,0,birds,-6.112228,0.51554203,0.39954418,0.62739277,-0.11954058,0.42594078,0.122616515,0.23350795,0.30787015,0.1325553,0.26207876,0.17090587,0.18285449
6.944025,-0.2480013,7.2252903,6,0,0,00:00.0,00:00.0,uploads\f2e6d795-3777-11f0-84b6-581122bb7f2c\20210509T120000+1000_REC_180.wav,False,0,0,0,0,0,0,0,0,0,0,0,0,birds,-6.06356,0.76407844,0.31008136,0.78196585,-0.3063616,0.51712024,-0.010712909,0.33489564,0.2402588,0.16708341,0.2164427,0.16174644,0.13507737
6.8589463,0.12549976,6.8987045,6,0,0,00:00.0,00:00.0,uploads\f2e6d795-3777-11f0-84b6-581122bb7f2c\20210509T120000+1000_REC_181.wav,False,0,0,0,0,0,0,0,0,0,0,0,0,birds,-5.9948707,0.85134226,0.1136511,1.0361191,-0.50846756,0.5650191,-0.11237891,0.45059937,0.041163303,0.19630075,0.21713957,0.10459773,-0.011960694
5.408497,-1.6216079,9.605444,6,0,0,00:00.0,00:00.0,uploads\f2e6d795-3777-11f0-84b6-581122bb7f2c\20210509T120000+1000_REC_182.wav,False,0,0,0,0,0,0,0,0,0,0,0,0,birds,-6.12791,0.3817911,0.4703845,0.4832811,0.025476564,0.42799062,0.1628217,0.2560557,0.30592608,0.16757262,0.28384376,0.1792258,0.19898105
5.344422,-1.6895555,9.689006,6,0,0,00:00.0,00:00.0,uploads\f2e6d795-3777-11f0-84b6-581122bb7f2c\20210509T120000+1000_REC_183.wav,False,0,0,0,0,0,0,0,0,0,0,0,0,birds,-6.136703,0.3397644,0.44487512,0.41399166,0.18016134,0.3899499,0.19499758,0.25061768,0.30468586,0.16649655,0.2804245,0.20038895,0.17640384
5.436782,-1.0211612,9.488406,6,0,0,00:00.0,00:00.0,uploads\f2e6d795-3777-11f0-84b6-581122bb7f2c\20210509T120000+1000_REC_184.wav,False,0,0,0,0,0,0,0,0,0,0,0,0,birds,-6.1419897,0.14134647,0.35753864,0.3875206,-0.13892931,0.37974736,0.057730377,0.16443124,0.3086129,0.07255783,0.25887716,0.13092257,0.16708197
5.9477544,-1.0085706,8.616245,6,0,0,00:00.0,00:00.0,uploads\f2e6d795-3777-11f0-84b6-581122bb7f2c\20210509T120000+1000_REC_185.wav,False,0,0,0,0,0,0,0,0,0,0,0,0,birds,-6.1100063,0.47601572,0.37667784,0.6669439,-0.20053113,0.4297884,0.07224123,0.26647168,0.2595593,0.16652074,0.20073657,0.17452961,0.17467867
4.945958,-2.1369705,10.276981,6,0,0,00:00.0,00:00.0,uploads\f2e6d795-3777-11f0-84b6-581122bb7f2c\20210509T120000+1000_REC_186.wav,False,0,0,0,0,0,0,0,0,0,0,0,0,birds,-6.1477714,0.31357712,0.33721638,0.33900413,0.22447911,0.3045108,0.24304768,0.2390473,0.28562343,0.20438996,0.2578564,0.22051997,0.19338818
5.3328285,-1.7519848,9.743258,6,0,0,00:00.0,00:00.0,uploads\f2e6d795-3777-11f0-84b6-581122bb7f2c\20210509T120000+1000_REC_187.wav,False,0,0,0,0,0,0,0,0,0,0,0,0,birds,-6.13357,0.35232663,0.43271512,0.43497616,0.20995629,0.38496774,0.2405648,0.2611502,0.30193633,0.19873609,0.2772032,0.20955335,0.21413375
5.3798294,-1.6550243,9.648097,6,0,0,00:00.0,00:00.0,uploads\f2e6d795-3777-11f0-84b6-581122bb7f2c\20210509T120000+1000_REC_188.wav,False,0,0,0,0,0,0,0,0,0,0,0,0,birds,-6.120469,0.42606407,0.4486548,0.56433475,-0.011349707,0.4016598,0.22064991,0.23904191,0.3529466,0.19007152,0.2542112,0.19058597,0.20404886
7.0452504,-0.24535385,7.262472,6,0,0,00:00.0,00:00.0,uploads\f2e6d795-3777-11f0-84b6-581122bb7f2c\20210509T120000+1000_REC_189.wav,False,0,0,0,0,0,0,0,0,0,0,0,0,birds,-6.067907,0.5964831,0.20114659,0.80941826,-0.3724892,0.577371,-0.051166147,0.3487796,0.20265926,0.1497395,0.22318505,0.21802297,0.14564633
7.386263,-0.06477838,7.2197037,6,0,0,00:00.0,00:00.0,uploads\f2e6d795-3777-11f0-84b6-581122bb7f2c\20210509T120000+1000_REC_190.wav,False,0,0,0,0,0,0,0,0,0,0,0,0,birds,-6.01919,0.64964324,0.1523405,0.850503,-0.66098493,0.6498053,-0.17997818,0.35380453,0.17224045,0.2152088,0.18147027,0.1801821,0.11325604
8.560782,0.8929895,7.3441157,6,0,0,00:00.0,00:00.0,uploads\f2e6d795-3777-11f0-84b6-581122bb7f2c\20210509T120000+1000_REC_191.wav,False,0,0,0,0,0,0,0,0,0,0,0,0,birds,-6.0104833,0.5596255,0.13445115,0.9070425,-0.6861771,0.6238828,-0.26949662,0.37636334,0.09864628,0.2635199,0.12011533,0.21633175,0.05196975
7.3742943,-0.053445306,7.2188616,6,0,0,00:00.0,00:00.0,uploads\f2e6d795-3777-11f0-84b6-581122bb7f2c\20210509T120000+1000_REC_192.wav,False,0,0,0,0,0,0,0,0,0,0,0,0,birds,-6.0215106,0.6934139,0.12877393,0.8629423,-0.66712165,0.5401321,-0.17958432,0.35949478,0.085802406,0.1788782,0.14266299,0.18690266,0.09155373
8.62979,0.90360576,7.306941,6,0,0,00:00.0,00:00.0,uploads\f2e6d795-3777-11f0-84b6-581122bb7f2c\20210509T120000+1000_REC_193.wav,False,0,0,0,0,0,0,0,0,0,0,0,0,birds,-6.0047154,0.6799532,0.22022933,0.9795397,-0.6675009,0.5086889,-0.1887659,0.42113575,0.0952114,0.22760558,0.070524104,0.22910258,0.08653698
6.806359,-0.4280469,7.766724,6,0,0,00:00.0,00:00.0,uploads\f2e6d795-3777-11f0-84b6-581122bb7f2c\20210509T120000+1000_REC_194.wav,False,0,0,0,0,0,0,0,0,0,0,0,0,birds,-6.087807,0.40572476,0.19069228,0.75510716,-0.4836323,0.38485387,-0.06958436,0.3054067,0.11223706,0.18280002,0.10734216,0.15272452,0.1251076
8.81004,1.6221182,7.631087,6,0,0,00:00.0,00:00.0,uploads\f2e6d795-3777-11f0-84b6-581122bb7f2c\20210509T120000+1000_REC_195.wav,False,0,0,0,0,0,0,0,0,0,0,0,0,birds,-6.039379,0.41799432,0.43411472,0.7942166,-0.5094196,0.63866353,-0.2570424,0.48946354,0.07242007,0.2635405,0.11215527,0.23834309,0.10672049
9.14216,1.0456306,7.2459226,6,0,0,00:00.0,00:00.0,uploads\f2e6d795-3777-11f0-84b6-581122bb7f2c\20210509T120000+1000_REC_197.wav,False,0,0,0,0,0,0,0,0,0,0,0,0,birds,-5.9914412,0.45772636,0.22654079,0.83911043,-0.8122343,0.6167784,-0.33591062,0.41009942,-0.006541983,0.3781971,-0.008970203,0.273362,0.010310088
7.868395,0.48232302,7.3869715,6,0,0,00:00.0,00:00.0,uploads\f2e6d795-3777-11f0-84b6-581122bb7f2c\20210509T120000+1000_REC_198.wav,False,0,0,0,0,0,0,0,0,0,0,0,0,birds,-6.0576735,0.41723362,0.14745352,0.75762755,-0.6429027,0.448825,-0.17524526,0.3411899,0.028980576,0.25728402,0.07095251,0.17421697,0.07477121
9.057666,0.99509275,7.24864,6,0,0,00:00.0,00:00.0,uploads\f2e6d795-3777-11f0-84b6-581122bb7f2c\20210509T120000+1000_REC_199.wav,False,0,0,0,0,0,0,0,0,0,0,0,0,birds,-5.986013,0.5618417,0.13555712,0.85202837,-0.85560864,0.6089065,-0.29449362,0.39258653,-0.006112209,0.23206083,-0.015494736,0.23616178,0.016284183
9.180932,1.6891913,7.703955,6,0,0,00:00.0,00:00.0,uploads\f2e6d795-3777-11f0-84b6-581122bb7f2c\20210509T120000+1000_REC_200.wav,False,0,0,0,0,0,0,0,0,0,0,0,0,birds,-6.0310984,0.153836,0.45707747,0.62260926,-0.67322105,0.610604,-0.3418479,0.4048228,-0.08876648,0.30795085,-0.013429884,0.28784108,-0.0015208072
9.049923,0.98774284,7.2487135,6,0,0,00:00.0,00:00.0,uploads\f2e6d795-3777-11f0-84b6-581122bb7f2c\20210509T120000+1000_REC_202.wav,False,0,0,0,0,0,0,0,0,0,0,0,0,birds,-5.980327,0.47493416,0.19990325,0.8848487,-0.8504615,0.646134,-0.38754353,0.3739594,0.024896352,0.20300937,0.036882766,0.2427291,0.007856706
7.8949494,0.51189184,7.384846,6,0,0,00:00.0,00:00.0,uploads\f2e6d795-3777-11f0-84b6-581122bb7f2c\20210509T120000+1000_REC_203.wav,False,0,0,0,0,0,0,0,0,0,0,0,0,birds,-6.072415,0.41957694,0.26885614,0.6689323,-0.5459132,0.5009037,-0.20170406,0.32879105,0.045594517,0.25291997,0.06354637,0.21532767,0.071306705
9.132526,1.040372,7.2193193,6,0,0,00:00.0,00:00.0,uploads\f2e6d795-3777-11f0-84b6-581122bb7f2c\20210509T120000+1000_REC_204.wav,False,0,0,0,0,0,0,0,0,0,0,0,0,birds,-5.9770513,0.5492544,0.24197572,0.9889871,-0.70167804,0.7241016,-0.29676232,0.5192236,0.04831078,0.2996891,0.07123191,0.2540998,0.07618302
9.095538,1.0018766,7.2280846,6,0,0,00:00.0,00:00.0,uploads\f2e6d795-3777-11f0-84b6-581122bb7f2c\20210509T120000+1000_REC_205.wav,False,0,0,0,0,0,0,0,0,0,0,0,0,birds,-5.9775567,0.58580875,0.17113073,0.9050967,-0.84021854,0.6554019,-0.29891858,0.40754592,0.03885292,0.27501532,0.04694205,0.24041893,0.015107653
5.5945787,-1.5176892,9.306659,6,0,0,00:00.0,00:00.0,uploads\f2e6d795-3777-11f0-84b6-581122bb7f2c\20210509T120000+1000_REC_206.wav,False,0,0,0,0,0,0,0,0,0,0,0,0,birds,-6.119016,0.3909548,0.49685574,0.5490623,-0.06150094,0.4353807,0.117385186,0.3080808,0.2669517,0.2142902,0.26438257,0.17233689,0.21649204
9.047643,0.98435205,7.244051,6,0,0,00:00.0,00:00.0,uploads\f2e6d795-3777-11f0-84b6-581122bb7f2c\20210509T120000+1000_REC_207.wav,False,0,0,0,0,0,0,0,0,0,0,0,0,birds,-5.9803214,0.593878,0.17983758,0.9108228,-0.81120455,0.6291891,-0.35799468,0.37539858,0.025784556,0.2249562,0.0070426585,0.25398597,0.07955049
8.87695,0.91221976,7.225956,6,0,0,00:00.0,00:00.0,uploads\f2e6d795-3777-11f0-84b6-581122bb7f2c\20210509T120000+1000_REC_208.wav,False,0,0,0,0,0,0,0,0,0,0,0,0,birds,-5.981889,0.7242082,0.2277424,0.95086294,-0.7247974,0.62277585,-0.31515723,0.33518258,0.05912222,0.25916013,0.062387526,0.27548805,0.05340024
8.748872,0.86719614,7.237412,6,0,0,00:00.0,00:00.0,uploads\f2e6d795-3777-11f0-84b6-581122bb7f2c\20210509T120000+1000_REC_209.wav,False,0,0,0,0,0,0,0,0,0,0,0,0,birds,-6.0105915,0.70414096,0.16280104,0.8462328,-0.65989655,0.6146639,-0.28385395,0.3368409,0.08697878,0.22053422,0.08893047,0.26232067,0.060424622
7.0604544,-0.2759602,7.3416977,6,0,0,00:00.0,00:00.0,uploads\f2e6d795-3777-11f0-84b6-581122bb7f2c\20210509T120000+1000_REC_210.wav,False,0,0,0,0,0,0,0,0,0,0,0,0,birds,-6.0755877,0.5870866,0.20136516,0.73007613,-0.46418864,0.48173848,-0.13121931,0.28286198,0.108426556,0.14164948,0.14993042,0.1829068,0.13293003
7.0128727,-0.28531635,7.349945,6,0,0,00:00.0,00:00.0,uploads\f2e6d795-3777-11f0-84b6-581122bb7f2c\20210509T120000+1000_REC_211.wav,False,0,0,0,0,0,0,0,0,0,0,0,0,birds,-6.0999174,0.5225126,0.19630893,0.6556526,-0.38196677,0.4345572,-0.05241832,0.24267146,0.1811079,0.12678725,0.17757082,0.18588343,0.13520204
9.120766,1.7381643,7.724458,6,0,0,00:00.0,00:00.0,uploads\f2e6d795-3777-11f0-84b6-581122bb7f2c\20210509T120000+1000_REC_212.wav,True,0,1,0,0,0,0,0,0,0,0,0,1,birds,-6.0682216,0.22951645,0.3376434,0.62674034,-0.5118779,0.50609285,-0.2552797,0.4721436,-0.019900315,0.3357763,0.016000815,0.28315234,0.05121762
6.8188615,-0.41338837,7.762323,6,0,0,00:00.0,00:00.0,uploads\f2e6d795-3777-11f0-84b6-581122bb7f2c\20210509T120000+1000_REC_213.wav,False,0,0,0,0,0,0,0,0,0,0,0,0,birds,-6.072254,0.3243996,0.22678466,0.77182627,-0.5431065,0.42728597,-0.17843416,0.40188628,0.09192768,0.20633955,0.10712672,0.13286462,0.17033628
5.4566503,-1.2710586,9.321678,6,0,0,00:00.0,00:00.0,uploads\f2e6d795-3777-11f0-84b6-581122bb7f2c\20210509T120000+1000_REC_214.wav,False,0,0,0,0,0,0,0,0,0,0,0,0,birds,-6.1241245,0.3929305,0.47351855,0.5519412,-0.07470302,0.36881566,0.09531567,0.24839997,0.28383973,0.17434576,0.26219264,0.17176077,0.24320291
5.323558,-1.7250102,9.71047,6,0,0,00:00.0,00:00.0,uploads\f2e6d795-3777-11f0-84b6-581122bb7f2c\20210509T120000+1000_REC_215.wav,False,0,0,0,0,0,0,0,0,0,0,0,0,birds,-6.128454,0.38742372,0.4957373,0.48657364,0.11236824,0.3894854,0.1974494,0.23044446,0.3115078,0.1961885,0.24381682,0.21095024,0.20014161
6.5939817,-0.4742484,7.8964567,6,0,0,00:00.0,00:00.0,uploads\f2e6d795-3777-11f0-84b6-581122bb7f2c\20210509T120000+1000_REC_216.wav,False,0,0,0,0,0,0,0,0,0,0,0,0,birds,-6.099512,0.5206441,0.33182862,0.6370425,-0.33256862,0.41269478,-0.06311494,0.32340932,0.11679,0.26336065,0.106921144,0.25108656,0.12573124
7.6935415,0.3038028,7.355835,6,0,0,00:00.0,00:00.0,uploads\f2e6d795-3777-11f0-84b6-581122bb7f2c\20210509T120000+1000_REC_217.wav,False,0,0,0,0,0,0,0,0,0,0,0,0,birds,-6.0639806,0.5524992,0.16695967,0.7780494,-0.49511486,0.48763075,-0.21026652,0.3424589,0.09617758,0.19784896,0.10750966,0.18865146,0.13435453
5.505986,-0.9438895,9.482331,6,0,0,00:00.0,00:00.0,uploads\f2e6d795-3777-11f0-84b6-581122bb7f2c\20210509T120000+1000_REC_218.wav,False,0,0,0,0,0,0,0,0,0,0,0,0,birds,-6.114946,0.01712514,0.37628525,0.54870874,-0.33925357,0.47403926,-0.026627602,0.18446118,0.25760347,0.06505227,0.20549493,0.13891514,0.17417182
4.981763,-2.0825732,10.236288,6,0,0,00:00.0,00:00.0,uploads\f2e6d795-3777-11f0-84b6-581122bb7f2c\20210509T120000+1000_REC_219.wav,False,0,0,0,0,0,0,0,0,0,0,0,0,birds,-6.143803,0.31874186,0.3041537,0.4793046,0.14209025,0.27789193,0.23816898,0.2281805,0.30808687,0.1760131,0.24538302,0.23642433,0.18615292
8.130183,0.677784,7.373585,6,0,0,00:00.0,00:00.0,uploads\f2e6d795-3777-11f0-84b6-581122bb7f2c\20210509T120000+1000_REC_221.wav,False,0,0,0,0,0,0,0,0,0,0,0,0,birds,-6.0365705,0.62681973,0.15185227,0.8346442,-0.54494005,0.5922782,-0.16687125,0.41424662,0.117888264,0.29239085,0.08834576,0.27143717,0.0898291
8.237006,0.7508426,7.364801,6,0,0,00:00.0,00:00.0,uploads\f2e6d795-3777-11f0-84b6-581122bb7f2c\20210509T120000+1000_REC_222.wav,False,0,0,0,0,0,0,0,0,0,0,0,0,birds,-6.0304165,0.64269257,0.12166518,0.9030094,-0.5625195,0.53663695,-0.16155358,0.42171732,0.052009225,0.24949624,0.1197362,0.21724829,0.06317755
5.757807,-1.203704,8.847469,6,0,0,00:00.0,00:00.0,uploads\f2e6d795-3777-11f0-84b6-581122bb7f2c\20210509T120000+1000_REC_223.wav,False,0,0,0,0,0,0,0,0,0,0,0,0,birds,-6.128443,0.32708415,0.36125764,0.55295944,-0.18429318,0.38835025,0.059475973,0.29516044,0.20981017,0.18552051,0.21593466,0.17347842,0.18538699
8.76476,0.9128474,7.2695208,6,0,0,00:00.0,00:00.0,uploads\f2e6d795-3777-11f0-84b6-581122bb7f2c\20210509T120000+1000_REC_224.wav,False,0,0,0,0,0,0,0,0,0,0,0,0,birds,-6.0158043,0.61318314,0.16733354,0.8957476,-0.64569646,0.57354826,-0.25747934,0.3850647,0.05314785,0.24193728,0.027116885,0.248212,0.0461989
7.928468,0.49365124,7.3538747,6,0,0,00:00.0,00:00.0,uploads\f2e6d795-3777-11f0-84b6-581122bb7f2c\20210509T120000+1000_REC_225.wav,False,0,0,0,0,0,0,0,0,0,0,0,0,birds,-6.040079,0.56430906,0.1180426,0.8199889,-0.61145896,0.5517551,-0.20135686,0.35636958,0.08893254,0.20288591,0.026927637,0.21747778,0.079509065
7.252827,-0.14364593,7.2505755,6,0,0,00:00.0,00:00.0,uploads\f2e6d795-3777-11f0-84b6-581122bb7f2c\20210509T120000+1000_REC_226.wav,False,0,0,0,0,0,0,0,0,0,0,0,0,birds,-6.052325,0.64344156,0.10652713,0.80463743,-0.5521727,0.5200775,-0.09974245,0.31691417,0.16122168,0.1766148,0.10470376,0.22285084,0.12193776
7.3651466,-0.086479075,7.2126603,6,0,0,00:00.0,00:00.0,uploads\f2e6d795-3777-11f0-84b6-581122bb7f2c\20210509T120000+1000_REC_227.wav,False,0,0,0,0,0,0,0,0,0,0,0,0,birds,-6.0212264,0.5644766,0.090238325,0.8737282,-0.67566705,0.61955166,-0.21090998,0.3781301,0.11218995,0.1534069,0.20159827,0.17302857,0.101180755
7.1936584,-0.21979521,7.2654457,6,0,0,00:00.0,00:00.0,uploads\f2e6d795-3777-11f0-84b6-581122bb7f2c\20210509T120000+1000_REC_228.wav,False,0,0,0,0,0,0,0,0,0,0,0,0,birds,-6.0563354,0.6587638,0.15531099,0.80125713,-0.5623304,0.43469706,-0.07485082,0.30531943,0.19762048,0.15093605,0.14176145,0.20481731,0.10568004
7.280676,-0.17147537,7.2545004,6,0,0,00:00.0,00:00.0,uploads\f2e6d795-3777-11f0-84b6-581122bb7f2c\20210509T120000+1000_REC_229.wav,False,0,0,0,0,0,0,0,0,0,0,0,0,birds,-6.037341,0.7000823,0.0741293,0.84577936,-0.6367,0.45508382,-0.10593627,0.28192073,0.13138883,0.115987875,0.12506121,0.16676702,0.08641374
7.2783704,-0.17507987,7.2567997,6,0,0,00:00.0,00:00.0,uploads\f2e6d795-3777-11f0-84b6-581122bb7f2c\20210509T120000+1000_REC_230.wav,False,0,0,0,0,0,0,0,0,0,0,0,0,birds,-6.0244627,0.735184,0.060478576,0.8423155,-0.69715434,0.45670334,-0.14441036,0.27644417,0.14958796,0.12914607,0.09683854,0.1873138,0.0830571
7.292989,-0.15929015,7.2428184,6,0,0,00:00.0,00:00.0,uploads\f2e6d795-3777-11f0-84b6-581122bb7f2c\20210509T120000+1000_REC_231.wav,False,0,0,0,0,0,0,0,0,0,0,0,0,birds,-6.0254064,0.7218637,0.03665846,0.85081774,-0.6692237,0.4896085,-0.16267577,0.28526813,0.14833452,0.13446526,0.16707915,0.17839274,0.07173458
7.3204107,-0.13786405,7.2234178,6,0,0,00:00.0,00:00.0,uploads\f2e6d795-3777-11f0-84b6-581122bb7f2c\20210509T120000+1000_REC_232.wav,False,0,0,0,0,0,0,0,0,0,0,0,0,birds,-6.02387,0.5368179,0.022049986,0.866209,-0.72816175,0.57753384,-0.15313792,0.3102684,0.19440909,0.10461646,0.17165582,0.12082276,0.08062837
7.3608174,-0.098503746,7.1978116,6,0,0,00:00.0,00:00.0,uploads\f2e6d795-3777-11f0-84b6-581122bb7f2c\20210509T120000+1000_REC_233.wav,True,0,1,0,0,1,0,0,0,0,0,0,1,birds,-6.0255737,0.48602882,0.06215397,0.89263964,-0.70966256,0.58200634,-0.19092566,0.30050611,0.16445796,0.1382801,0.14621617,0.16293643,0.1007079
5.7135963,-1.0348374,8.885863,6,0,0,00:00.0,00:00.0,uploads\f2e6d795-3777-11f0-84b6-581122bb7f2c\20210509T120000+1000_REC_234.wav,False,0,0,0,0,0,0,0,0,0,0,0,0,birds,-6.1182137,0.4202485,0.2808819,0.62594,-0.25017998,0.37628356,0.08626377,0.21993303,0.28666583,0.14503321,0.2503059,0.19379216,0.21266782
7.045525,-0.27185085,7.329167,6,0,0,00:00.0,00:00.0,uploads\f2e6d795-3777-11f0-84b6-581122bb7f2c\20210509T120000+1000_REC_235.wav,True,0,1,0,0,0,0,0,0,0,0,0,1,birds,-6.0869994,0.520568,0.16540027,0.7304705,-0.42829546,0.47244865,-0.054818634,0.26865065,0.19576217,0.14525813,0.16257402,0.19320108,0.14406036
5.403843,-1.3741813,9.514375,6,0,0,00:00.0,00:00.0,uploads\f2e6d795-3777-11f0-84b6-581122bb7f2c\20210509T120000+1000_REC_236.wav,False,0,0,0,0,0,0,0,0,0,0,0,0,birds,-6.1237097,0.38674074,0.44946808,0.57390225,-0.04334899,0.4006463,0.17895514,0.22635528,0.33312827,0.1374273,0.24475014,0.15655743,0.2009527
9.118245,1.0213336,7.2259183,6,0,0,00:00.0,00:00.0,uploads\f2e6d795-3777-11f0-84b6-581122bb7f2c\20210509T120000+1000_REC_237.wav,False,0,0,0,0,0,0,0,0,0,0,0,0,birds,-5.989887,0.49687147,0.16749819,0.9076988,-0.7902828,0.63426614,-0.29269972,0.446382,0.013072845,0.2886373,-0.010309133,0.2517025,0.06253711
4.979288,-2.0804853,10.231509,6,0,0,00:00.0,00:00.0,uploads\f2e6d795-3777-11f0-84b6-581122bb7f2c\20210509T120000+1000_REC_238.wav,False,0,0,0,0,0,0,0,0,0,0,0,0,birds,-6.1455655,0.30377403,0.3495181,0.38616204,0.1614213,0.33249044,0.23302019,0.23368436,0.298425,0.19718973,0.28204665,0.20699386,0.16585016
7.1512666,-0.21271566,7.2839484,6,0,0,00:00.0,00:00.0,uploads\f2e6d795-3777-11f0-84b6-581122bb7f2c\20210509T120000+1000_REC_239.wav,False,0,0,0,0,0,0,0,0,0,0,0,0,birds,-6.064475,0.5549806,0.14515387,0.8340452,-0.48997653,0.48617673,-0.04854411,0.34885323,0.19334616,0.20851469,0.16959408,0.21924648,0.1182014
5.3239627,-1.2697195,9.531068,6,0,0,00:00.0,00:00.0,uploads\f2e6d795-3777-11f0-84b6-581122bb7f2c\20210509T120000+1000_REC_240.wav,False,0,0,0,0,0,0,0,0,0,0,0,0,birds,-6.133622,0.38594618,0.34247547,0.5306512,-0.056208633,0.29804438,0.17846297,0.22873236,0.3369111,0.13686189,0.2947046,0.18918982,0.18513212
5.455141,-1.0361466,9.436079,6,0,0,00:00.0,00:00.0,uploads\f2e6d795-3777-11f0-84b6-581122bb7f2c\20210509T120000+1000_REC_241.wav,False,0,0,0,0,0,0,0,0,0,0,0,0,birds,-6.116221,0.2052506,0.29385749,0.5847944,-0.3269696,0.41682822,0.12788817,0.10435497,0.4034881,0.067100994,0.2760833,0.23002729,0.12967683
7.28755,-0.16900808,7.260461,6,0,0,00:00.0,00:00.0,uploads\f2e6d795-3777-11f0-84b6-581122bb7f2c\20210509T120000+1000_REC_242.wav,False,0,0,0,0,0,0,0,0,0,0,0,0,birds,-6.02674,0.51191413,0.0520271,0.97858685,-0.70183164,0.41502064,-0.107667275,0.31695023,0.17870437,0.16519581,0.11227434,0.15244043,0.07587381
6.7966027,-0.4369659,7.7714233,6,0,0,00:00.0,00:00.0,uploads\f2e6d795-3777-11f0-84b6-581122bb7f2c\20210509T120000+1000_REC_243.wav,False,0,0,0,0,0,0,0,0,0,0,0,0,birds,-6.076946,0.66474694,0.0068267332,0.7785401,-0.39905778,0.24227871,-0.09313059,0.35878778,0.084312305,0.15525422,0.1554745,0.101736814,0.114639126
7.941807,0.5737671,7.419637,6,0,0,00:00.0,00:00.0,uploads\f2e6d795-3777-11f0-84b6-581122bb7f2c\20210509T120000+1000_REC_244.wav,False,0,0,0,0,0,0,0,0,0,0,0,0,birds,-6.0392423,0.59458053,0.13602556,0.7790012,-0.6388151,0.45243463,-0.1958455,0.41300595,-0.037849773,0.28312853,0.032647427,0.2346654,0.12720971
6.799443,-0.4295726,7.7737617,6,0,0,00:00.0,00:00.0,uploads\f2e6d795-3777-11f0-84b6-581122bb7f2c\20210509T120000+1000_REC_245.wav,True,0,1,0,0,0,0,0,0,0,0,0,1,birds,-6.0983458,0.41281897,0.168091,0.6612928,-0.43219903,0.36976326,-0.10433139,0.34953368,0.08741391,0.2424182,0.1326711,0.15626696,0.13803178
10.589156,1.8682129,7.2753997,6,0,0,00:00.0,00:00.0,uploads\f2e6d795-3777-11f0-84b6-581122bb7f2c\20210509T120000+1000_REC_246.wav,False,0,0,0,0,0,0,0,0,0,0,0,0,birds,-5.8288136,0.85833323,-0.09254488,1.2298559,-1.0490383,0.6687568,-0.47323686,0.51300067,-0.029540233,0.35425955,-0.082137585,0.33666667,0.053024247
6.4407787,-0.60938436,8.085533,6,0,0,00:00.0,00:00.0,uploads\f2e6d795-3777-11f0-84b6-581122bb7f2c\20210509T120000+1000_REC_247.wav,False,0,0,0,0,0,0,0,0,0,0,0,0,birds,-6.1176805,0.36793885,0.20659563,0.6228341,-0.29261485,0.38277668,-0.050359603,0.2700556,0.16745369,0.23032638,0.13650328,0.20712204,0.19935213
7.7356024,0.40557024,7.4380274,6,0,0,00:00.0,00:00.0,uploads\f2e6d795-3777-11f0-84b6-581122bb7f2c\20210509T120000+1000_REC_248.wav,False,0,0,0,0,0,0,0,0,0,0,0,0,birds,-6.0565877,0.57292575,0.1117168,0.8508387,-0.5066617,0.4715961,-0.077595636,0.39755815,0.10499216,0.27765614,0.11921219,0.21443418,0.17967191
9.13516,0.9830862,7.147496,6,0,0,00:00.0,00:00.0,uploads\f2e6d795-3777-11f0-84b6-581122bb7f2c\20210509T120000+1000_REC_249.wav,False,0,0,0,0,0,0,0,0,0,0,0,0,birds,-5.979183,0.62911516,0.010118648,1.0317713,-0.78349644,0.5244296,-0.19405958,0.438868,0.020525346,0.29108524,-0.009821587,0.20441478,0.08790045
6.354536,-0.67332286,8.1927805,6,0,0,00:00.0,00:00.0,uploads\f2e6d795-3777-11f0-84b6-581122bb7f2c\20210509T120000+1000_REC_250.wav,False,0,0,0,0,0,0,0,0,0,0,0,0,birds,-6.1020484,0.4194969,0.28328893,0.7627396,-0.24174522,0.39478627,0.10881345,0.3805602,0.21150577,0.25977412,0.20934707,0.17301922,0.18329015
5.3695107,-1.2380493,9.139551,6,0,0,00:00.0,00:00.0,uploads\f2e6d795-3777-11f0-84b6-581122bb7f2c\20210509T120000+1000_REC_251.wav,False,0,0,0,0,0,0,0,0,0,0,0,0,birds,-6.1352973,0.33463705,0.28137365,0.56247735,-0.11122777,0.27683002,0.17496765,0.25067595,0.2640344,0.21142724,0.26565257,0.16757177,0.23749486
7.747517,0.4257259,7.4414954,6,0,0,00:00.0,00:00.0,uploads\f2e6d795-3777-11f0-84b6-581122bb7f2c\20210509T120000+1000_REC_252.wav,True,0,1,0,0,0,0,0,0,0,0,1,0,birds,-6.0542927,0.6307794,0.052316613,0.83888566,-0.50575155,0.45868224,-0.04489667,0.39632216,0.11704185,0.27849582,0.16898215,0.24490604,0.18186647
5.405816,-1.2381411,9.105063,6,0,0,00:00.0,00:00.0,uploads\f2e6d795-3777-11f0-84b6-581122bb7f2c\20210509T120000+1000_REC_253.wav,True,0,1,0,0,0,0,0,0,0,0,1,0,birds,-6.1289787,0.36113903,0.23835854,0.61798257,-0.17976843,0.30274588,0.1448867,0.2241519,0.27086708,0.18372089,0.2314431,0.17549868,0.23378247
5.389362,-1.2734431,9.143014,6,0,0,00:00.0,00:00.0,uploads\f2e6d795-3777-11f0-84b6-581122bb7f2c\20210509T120000+1000_REC_254.wav,False,0,0,0,0,0,0,0,0,0,0,0,0,birds,-6.132491,0.33238485,0.36575776,0.5483299,-0.069645405,0.31648338,0.1943699,0.26527864,0.2695767,0.18436421,0.3089356,0.14217547,0.24125254
5.983875,-0.951312,8.5460615,6,0,0,00:00.0,00:00.0,uploads\f2e6d795-3777-11f0-84b6-581122bb7f2c\20210509T120000+1000_REC_255.wav,False,0,0,0,0,0,0,0,0,0,0,0,0,birds,-6.10022,0.5268802,0.24278677,0.7043453,-0.3069344,0.41543818,0.05813499,0.3132077,0.25139004,0.16994476,0.22365092,0.18620674,0.17201835
5.8696704,-0.97226214,8.690895,6,0,0,00:00.0,00:00.0,uploads\f2e6d795-3777-11f0-84b6-581122bb7f2c\20210509T120000+1000_REC_256.wav,True,0,1,0,0,0,0,0,0,0,0,1,0,birds,-6.1163044,0.4879627,0.24342114,0.61823004,-0.25240526,0.41141102,0.059509773,0.22666746,0.2313751,0.11586313,0.21490118,0.18517536,0.18370172
5.322514,-1.3118428,9.548602,6,0,0,00:00.0,00:00.0,uploads\f2e6d795-3777-11f0-84b6-581122bb7f2c\20210509T120000+1000_REC_257.wav,False,0,0,0,0,0,0,0,0,0,0,0,0,birds,-6.133975,0.40086287,0.41065916,0.4795256,-0.006223761,0.35052907,0.18786038,0.20953618,0.31167376,0.15577649,0.26881728,0.19299509,0.21250613
8.689878,0.79812664,7.1981187,6,0,0,00:00.0,00:00.0,uploads\f2e6d795-3777-11f0-84b6-581122bb7f2c\20210509T120000+1000_REC_258.wav,False,0,0,0,0,0,0,0,0,0,0,0,0,birds,-6.026364,0.5595517,0.18725084,0.8701655,-0.6754505,0.5668673,-0.20330185,0.31470892,0.10027144,0.20901251,0.07011,0.2743174,0.078580864
5.3655868,-1.6841543,9.666946,6,0,0,00:00.0,00:00.0,uploads\f2e6d795-3777-11f0-84b6-581122bb7f2c\20210509T120000+1000_REC_259.wav,False,0,0,0,0,0,0,0,0,0,0,0,0,birds,-6.1233735,0.38162667,0.5017348,0.5187737,0.053970207,0.40991032,0.20249555,0.25457934,0.31774437,0.21192534,0.25432914,0.210698,0.22222072
5.4139943,-1.6390387,9.623314,6,0,0,00:00.0,00:00.0,uploads\f2e6d795-3777-11f0-84b6-581122bb7f2c\20210509T120000+1000_REC_260.wav,False,0,0,0,0,0,0,0,0,0,0,0,0,birds,-6.117011,0.41033468,0.48772258,0.5816939,-0.06067904,0.41466418,0.15327495,0.2685331,0.31664246,0.18766654,0.24939887,0.21849105,0.21312498
4.976437,-2.3453643,10.234635,6,0,0,00:00.0,00:00.0,uploads\f2e6d795-3777-11f0-84b6-581122bb7f2c\20210509T120000+1000_REC_261.wav,False,0,0,0,0,0,0,0,0,0,0,0,0,birds,-6.1276402,0.4045609,0.42026109,0.42526358,0.32188806,0.3689303,0.3099222,0.26438203,0.31125715,0.2278798,0.24632378,0.24751264,0.18314974
4.8796916,-2.2813373,10.350816,6,0,0,00:00.0,00:00.0,uploads\f2e6d795-3777-11f0-84b6-581122bb7f2c\20210509T120000+1000_REC_262.wav,False,0,0,0,0,0,0,0,0,0,0,0,0,birds,-6.140712,0.35400406,0.35542536,0.34614113,0.31782937,0.31982592,0.2895815,0.27658665,0.2683445,0.23697329,0.23716645,0.21614988,0.2014875
4.877512,-2.302381,10.350711,6,0,0,00:00.0,00:00.0,uploads\f2e6d795-3777-11f0-84b6-581122bb7f2c\20210509T120000+1000_REC_263.wav,False,0,0,0,0,0,0,0,0,0,0,0,0,birds,-6.137322,0.36144695,0.36013484,0.3523699,0.3315048,0.32733384,0.30420634,0.28883222,0.27823117,0.25183454,0.24491982,0.2258393,0.20855679
6.1088004,-0.83166283,8.523372,6,0,0,00:00.0,00:00.0,uploads\f2e6d795-3777-11f0-84b6-581122bb7f2c\20210509T120000+1000_REC_264.wav,False,0,0,0,0,0,0,0,0,0,0,0,0,birds,-6.111783,0.43301457,0.31610867,0.63657653,-0.2613699,0.45569023,-0.019480394,0.2509581,0.20412406,0.18726338,0.21050936,0.19530483,0.14663032
4.905885,-2.3171346,10.315166,6,0,0,00:00.0,00:00.0,uploads\f2e6d795-3777-11f0-84b6-581122bb7f2c\20210509T120000+1000_REC_265.wav,False,0,0,0,0,0,0,0,0,0,0,0,0,birds,-6.1387334,0.36918706,0.38509545,0.36687815,0.2861229,0.330516,0.26493418,0.266159,0.2831168,0.22474122,0.2571134,0.22538649,0.20438011
4.8916416,-2.2572494,10.338929,6,0,0,00:00.0,00:00.0,uploads\f2e6d795-3777-11f0-84b6-581122bb7f2c\20210509T120000+1000_REC_266.wav,False,0,0,0,0,0,0,0,0,0,0,0,0,birds,-6.1436424,0.35948423,0.36580783,0.34168947,0.2610685,0.30695328,0.2571863,0.26160944,0.27364022,0.22694424,0.23928317,0.21345496,0.20074163
6.7868443,0.06572285,6.911096,6,0,0,00:00.0,00:00.0,uploads\f2e6d795-3777-11f0-84b6-581122bb7f2c\20210509T140000+1000_REC_13.wav,True,0,1,0,0,1,0,0,0,0,0,0,0,birds,-6.1090574,0.18555716,0.3496074,0.45421842,-0.2261516,0.35269508,-0.008092515,0.43693724,0.02915574,0.17062159,0.46028063,-0.12040156,0.44872737
6.5546894,0.3234091,6.7765837,6,0,0,00:00.0,00:00.0,uploads\f2e6d795-3777-11f0-84b6-581122bb7f2c\20210509T140000+1000_REC_14.wav,False,0,0,0,0,0,0,0,0,0,0,0,0,birds,-6.0890555,0.07410935,0.23508748,0.6551949,-0.17633627,0.30177438,0.16215883,0.5064676,-0.051133,0.26518175,0.5481094,-0.17115091,0.45873722
6.536414,0.33714736,6.7633595,6,0,0,00:00.0,00:00.0,uploads\f2e6d795-3777-11f0-84b6-581122bb7f2c\20210509T140000+1000_REC_15.wav,True,0,1,0,0,1,0,0,0,0,0,0,0,birds,-6.049427,-0.0012606217,0.11533263,0.7966452,-0.19025297,0.10971944,0.25866306,0.5714531,-0.26541868,0.29737028,0.5473374,-0.31237045,0.50529855
6.554471,0.3256286,6.7778673,6,0,0,00:00.0,00:00.0,uploads\f2e6d795-3777-11f0-84b6-581122bb7f2c\20210509T140000+1000_REC_17.wav,False,0,0,0,0,0,0,0,0,0,0,0,0,birds,-6.100728,0.043312922,0.22924998,0.5847894,-0.20896403,0.2547265,0.1298593,0.44356558,-0.0902951,0.22130169,0.46095994,-0.1981861,0.45020992
6.5327063,0.34085786,6.7614655,6,0,0,00:00.0,00:00.0,uploads\f2e6d795-3777-11f0-84b6-581122bb7f2c\20210509T140000+1000_REC_32.wav,False,0,0,0,0,0,0,0,0,0,0,0,0,birds,-6.069022,0.10387448,0.094970375,0.79632264,-0.25891563,0.04821693,0.24693072,0.41644338,-0.25007573,0.31984055,0.46174952,-0.23020165,0.44821972
6.7925744,0.09549785,6.9198847,6,0,0,00:00.0,00:00.0,uploads\f2e6d795-3777-11f0-84b6-581122bb7f2c\20210509T140000+1000_REC_59.wav,False,0,0,0,0,0,0,0,0,0,0,0,0,birds,-6.106509,0.24605179,0.3260551,0.48763058,-0.29366773,0.38247994,-0.027678035,0.4642486,0.0255475,0.19958489,0.38370845,-0.07476696,0.41570812
10.435337,1.3091571,6.815386,6,0,0,00:00.0,00:00.0,uploads\f2e6d795-3777-11f0-84b6-581122bb7f2c\20210509T140000+1000_REC_97.wav,True,0,1,0,0,0,0,0,0,0,0,0,1,birds,-5.959325,0.5657887,0.2216239,0.9026754,-0.945641,0.6109659,-0.24342379,0.5304026,0.029405426,0.19391388,0.32434356,0.008048002,0.29727027
10.434508,1.311137,6.817613,6,0,0,00:00.0,00:00.0,uploads\f2e6d795-3777-11f0-84b6-581122bb7f2c\20210509T140000+1000_REC_98.wav,False,0,0,0,0,0,0,0,0,0,0,0,0,birds,-5.984978,0.56682676,0.17970456,0.78289706,-0.9028831,0.64706314,-0.19978029,0.48937225,0.06929948,0.21713097,0.2738305,0.058669247,0.32136357
10.425301,1.2914958,6.796665,6,0,0,00:00.0,00:00.0,uploads\f2e6d795-3777-11f0-84b6-581122bb7f2c\20210509T140000+1000_REC_99.wav,False,0,0,0,0,0,0,0,0,0,0,0,0,birds,-6.0257125,0.58080536,0.25581092,0.7388484,-0.697347,0.58685905,-0.16966434,0.47728267,0.12509538,0.1936612,0.2768512,0.02708778,0.3202869
6.9948435,-0.39553413,7.5334783,6,0,0,00:00.0,00:00.0,uploads\f2e6d795-3777-11f0-84b6-581122bb7f2c\20210509T140000+1000_REC_117.wav,False,0,0,0,0,0,0,0,0,0,0,0,0,birds,-6.1174455,0.20314352,0.31233683,0.46724838,-0.3282121,0.41056153,-0.046879444,0.29952624,0.10438531,0.14057545,0.3262699,-0.039156895,0.3499594
8.464181,0.57753086,7.0459065,6,0,0,00:00.0,00:00.0,uploads\f2e6d795-3777-11f0-84b6-581122bb7f2c\20210509T140000+1000_REC_172.wav,False,0,0,0,0,0,0,0,0,0,0,0,0,birds,-6.087329,0.1522435,-0.05413545,0.6206159,-0.3766641,0.6483854,-0.017976182,0.28361866,0.09721488,0.18894432,0.42066425,0.089457475,0.3821828
7.712006,0.33704662,7.365461,6,0,0,00:00.0,00:00.0,uploads\f2e6d795-3777-11f0-84b6-581122bb7f2c\20210509T140000+1000_REC_235.wav,False,0,0,0,0,0,0,0,0,0,0,0,0,birds,-6.1251416,0.33998632,-0.033040754,0.25573447,-0.19638763,0.48592478,-0.0009487112,0.23397192,0.105396345,0.19845977,0.32666612,-0.037370633,0.44199213
7.6789775,0.27235737,7.3300977,6,0,0,00:00.0,00:00.0,uploads\f2e6d795-3777-11f0-84b6-581122bb7f2c\20210509T140000+1000_REC_258.wav,False,0,0,0,0,0,0,0,0,0,0,0,0,birds,-6.1213026,0.28577486,0.14188749,0.22638343,-0.21590306,0.4737466,-0.037007004,0.43668023,0.1389351,0.12317139,0.32603788,-0.0786421,0.43787616
6.6938763,0.13152283,6.8562355,6,0,0,00:00.0,00:00.0,uploads\f2e6d795-3777-11f0-84b6-581122bb7f2c\20210509T160000+1000_REC_5.wav,False,0,0,0,0,0,0,0,0,0,0,0,0,birds,-6.065172,0.08361907,0.022295414,0.9514695,-0.33385122,0.2989901,0.21450906,0.37011287,0.059332665,0.30849046,0.47898406,-0.09894682,0.39437813
6.846147,-0.08735268,6.8701096,6,0,0,00:00.0,00:00.0,uploads\f2e6d795-3777-11f0-84b6-581122bb7f2c\20210509T160000+1000_REC_8.wav,False,0,0,0,0,0,0,0,0,0,0,0,0,birds,-6.0897484,0.19228418,0.20430383,0.8266266,-0.34512666,0.40497985,0.1641003,0.3702179,0.1596442,0.20865375,0.35440633,0.029067362,0.35077015
6.8284554,0.0960041,6.89726,6,0,0,00:00.0,00:00.0,uploads\f2e6d795-3777-11f0-84b6-581122bb7f2c\20210509T160000+1000_REC_14.wav,False,0,0,0,0,0,0,0,0,0,0,0,0,birds,-6.039162,0.23808996,0.039042752,1.0064288,-0.4983558,0.44566447,0.06209353,0.4946313,0.0297342,0.17409195,0.4562609,-0.072111875,0.27468905
6.8049603,0.010566074,6.885725,6,0,0,00:00.0,00:00.0,uploads\f2e6d795-3777-11f0-84b6-581122bb7f2c\20210509T160000+1000_REC_55.wav,False,0,0,0,0,0,0,0,0,0,0,0,0,birds,-6.0869284,0.098246686,0.08938256,0.82633543,-0.31599948,0.4013658,0.047998615,0.38755697,0.050519314,0.19593853,0.4050582,-0.055476177,0.357325
6.756503,0.1025598,6.878962,6,0,0,00:00.0,00:00.0,uploads\f2e6d795-3777-11f0-84b6-581122bb7f2c\20210509T160000+1000_REC_63.wav,True,0,1,0,0,1,0,0,0,0,0,0,0,birds,-6.0606737,0.14627765,0.10027171,0.946515,-0.4086748,0.26974246,0.115152396,0.42180553,-0.032178897,0.14704005,0.48497376,-0.15076454,0.31772587
7.034118,-0.33092648,6.7637978,6,0,0,00:00.0,00:00.0,uploads\f2e6d795-3777-11f0-84b6-581122bb7f2c\20210509T160000+1000_REC_87.wav,False,0,0,0,0,0,0,0,0,0,0,0,0,birds,-6.064398,0.3166279,0.34630552,0.75436306,-0.42934573,0.69453466,0.050877027,0.3209208,0.19134831,0.23406255,0.3104975,-0.021508222,0.38333133
6.9997735,-0.31652305,6.791373,6,0,0,00:00.0,00:00.0,uploads\f2e6d795-3777-11f0-84b6-581122bb7f2c\20210509T160000+1000_REC_91.wav,False,0,0,0,0,0,0,0,0,0,0,0,0,birds,-6.066903,0.28945127,0.324117,0.748734,-0.5098784,0.6190874,0.03944049,0.24382041,0.1354566,0.19268867,0.30569014,-0.029647684,0.4143547
6.954647,-0.25934464,6.8887596,6,0,0,00:00.0,00:00.0,uploads\f2e6d795-3777-11f0-84b6-581122bb7f2c\20210509T160000+1000_REC_107.wav,False,0,0,0,0,0,0,0,0,0,0,0,0,birds,-6.0847464,0.41938755,0.21353568,0.74249035,-0.39916536,0.4533619,0.11121889,0.29302746,0.19249815,0.1905109,0.32664397,-0.084733985,0.3853794
6.598541,0.2451575,6.812597,6,0,0,00:00.0,00:00.0,uploads\f2e6d795-3777-11f0-84b6-581122bb7f2c\20210509T160000+1000_REC_110.wav,False,0,0,0,0,0,0,0,0,0,0,0,0,birds,-6.036707,0.1957645,0.019665774,1.0540289,-0.28309616,0.15952197,0.38116834,0.44398075,-0.07449484,0.27398413,0.57155883,-0.21325925,0.35122085
6.5432816,0.32306826,6.770549,6,0,0,00:00.0,00:00.0,uploads\f2e6d795-3777-11f0-84b6-581122bb7f2c\20210509T160000+1000_REC_111.wav,False,0,0,0,0,0,0,0,0,0,0,0,0,birds,-5.9681273,-0.001014414,-0.115732946,1.240925,-0.39031452,0.017308848,0.4311872,0.51384425,-0.23052032,0.2757183,0.64069957,-0.29587016,0.33988148
6.8102727,-0.039481167,6.8052664,6,0,0,00:00.0,00:00.0,uploads\f2e6d795-3777-11f0-84b6-581122bb7f2c\20210509T160000+1000_REC_112.wav,False,0,0,0,0,0,0,0,0,0,0,0,0,birds,-6.107811,0.12166744,-0.060480293,0.8130308,-0.10345501,0.23388462,0.081628405,0.36121896,0.15835549,0.15588844,0.3808796,0.026504755,0.34868702
8.762314,0.9066787,7.256017,6,0,0,00:00.0,00:00.0,uploads\f2e6d795-3777-11f0-84b6-581122bb7f2c\20210509T160000+1000_REC_113.wav,True,0,1,0,0,1,0,0,0,0,0,0,0,birds,-5.982113,0.086594,0.06613351,1.169338,-0.6905494,0.600859,-0.05539706,0.5569779,0.08352588,0.26101926,0.37588397,0.14634322,0.26681927
6.946595,-0.24238186,7.2104616,6,0,0,00:00.0,00:00.0,uploads\f2e6d795-3777-11f0-84b6-581122bb7f2c\20210509T160000+1000_REC_169.wav,True,0,1,0,0,1,0,0,0,0,0,0,0,birds,-6.0870647,0.26804027,0.001962038,0.6669564,-0.3791063,0.55609936,0.08979663,0.34149778,0.15799993,0.16554613,0.44745585,-0.043663103,0.3805941
7.0459323,-0.3399197,7.41224,6,0,0,00:00.0,00:00.0,uploads\f2e6d795-3777-11f0-84b6-581122bb7f2c\20210509T160000+1000_REC_185.wav,False,0,0,0,0,0,0,0,0,0,0,0,0,birds,-6.0791383,0.38490182,0.013239215,0.7201878,-0.4931729,0.46364403,-0.068214856,0.30650255,0.15019414,0.11616356,0.26147312,-0.01094694,0.3765618
7.325726,-0.2479714,7.1664844,6,0,0,00:00.0,00:00.0,uploads\f2e6d795-3777-11f0-84b6-581122bb7f2c\20210509T160000+1000_REC_200.wav,False,0,0,0,0,0,0,0,0,0,0,0,0,birds,-6.045819,0.30110294,-0.22002882,0.9215021,-0.50071746,0.45645237,-0.01780225,0.464229,0.17428751,0.16292442,0.3286861,0.046815246,0.3561506
8.755867,1.2175361,7.452563,6,0,0,00:00.0,00:00.0,uploads\f2e6d795-3777-11f0-84b6-581122bb7f2c\20210509T160000+1000_REC_232.wav,False,0,0,0,0,0,0,0,0,0,0,0,0,birds,-5.980605,-0.08663877,0.15921296,1.0161612,-0.851905,0.7310729,-0.096005335,0.35787115,0.19255076,0.25826842,0.15592624,0.25100216,0.26978508
9.97768,1.6593395,7.5234265,6,0,0,00:00.0,00:00.0,uploads\f2e6d795-3777-11f0-84b6-581122bb7f2c\20210509T160000+1000_REC_263.wav,False,0,0,0,0,0,0,0,0,0,0,0,0,birds,-5.888245,0.0048482846,0.43012136,0.83931226,-1.021553,1.0197254,-0.40349206,0.5772365,-0.04454394,0.49969164,-0.04745547,0.1553193,0.29595035
6.814025,6.454061,2.1990259,7,0,0,00:00.0,00:00.0,uploads\f2e6d795-3777-11f0-84b6-581122bb7f2c\20210509T000000+1000_REC_236.wav,False,0,0,0,0,0,0,0,0,0,0,0,0,insects,-6.0931377,0.29901826,-0.23971301,0.75979465,-0.20294356,0.15653391,0.3628743,0.12428106,0.007023526,0.34790587,0.038638216,0.053394962,0.47038698
6.8544054,6.4518747,2.2460563,7,0,0,00:00.0,00:00.0,uploads\f2e6d795-3777-11f0-84b6-581122bb7f2c\20210509T000000+1000_REC_237.wav,False,0,0,0,0,0,0,0,0,0,0,0,0,insects,-6.09615,0.30007464,-0.27042156,0.6568336,-0.21730916,0.13095082,0.36948383,0.11721052,-0.041790213,0.39805782,0.021647487,0.081190996,0.4672168
5.987704,6.283675,1.1804193,7,0,0,00:00.0,00:00.0,uploads\f2e6d795-3777-11f0-84b6-581122bb7f2c\20210509T020000+1000_REC_0.wav,False,0,0,0,0,0,0,0,0,0,0,0,0,insects,-6.047523,0.2648746,-0.32255256,1.0628817,-0.17080693,-0.030384352,0.31823698,0.44236532,-0.16729681,0.26708364,0.31805316,0.09096955,0.19746186
6.262698,6.2974715,1.5215702,7,0,0,00:00.0,00:00.0,uploads\f2e6d795-3777-11f0-84b6-581122bb7f2c\20210509T020000+1000_REC_1.wav,False,0,0,0,0,0,0,0,0,0,0,0,0,insects,-6.0470424,0.16581531,-0.28865963,1.0842918,-0.21022344,0.011509892,0.2764508,0.41492552,-0.17977028,0.21805578,0.34032905,0.011458664,0.21472026
5.836633,6.111275,0.8139483,7,0,0,00:00.0,00:00.0,uploads\f2e6d795-3777-11f0-84b6-581122bb7f2c\20210509T020000+1000_REC_2.wav,False,0,0,0,0,0,0,0,0,0,0,0,0,insects,-6.044247,0.24706241,-0.38319555,1.0174664,-0.13493623,-0.064031444,0.4047257,0.4288267,-0.24443117,0.28797987,0.23885766,0.05278502,0.16212887
6.237715,6.3012295,1.4992055,7,0,0,00:00.0,00:00.0,uploads\f2e6d795-3777-11f0-84b6-581122bb7f2c\20210509T020000+1000_REC_3.wav,False,0,0,0,0,0,0,0,0,0,0,0,0,insects,-6.037259,0.23423515,-0.36205524,1.0331392,-0.28774843,-0.09822325,0.2555159,0.44598463,-0.17904256,0.2943867,0.36881715,0.057432394,0.23641895
6.5092297,6.3990197,1.8691846,7,0,0,00:00.0,00:00.0,uploads\f2e6d795-3777-11f0-84b6-581122bb7f2c\20210509T020000+1000_REC_4.wav,False,0,0,0,0,0,0,0,0,0,0,0,0,insects,-6.046314,0.08096081,-0.21434285,1.04304,-0.14532533,-0.059104376,0.32369336,0.4917594,-0.28927025,0.36135992,0.2750738,0.09554789,0.2659787
6.265066,6.3006287,1.5266982,7,0,0,00:00.0,00:00.0,uploads\f2e6d795-3777-11f0-84b6-581122bb7f2c\20210509T020000+1000_REC_5.wav,False,0,0,0,0,0,0,0,0,0,0,0,0,insects,-6.035642,0.20354791,-0.36015514,1.074284,-0.2450259,0.007841749,0.33581734,0.42441627,-0.21025299,0.20977406,0.36572966,0.003792427,0.24985112
5.873076,6.0342584,0.78811765,7,0,0,00:00.0,00:00.0,uploads\f2e6d795-3777-11f0-84b6-581122bb7f2c\20210509T020000+1000_REC_6.wav,False,0,0,0,0,0,0,0,0,0,0,0,0,insects,-6.055771,0.29104125,-0.2973898,1.0038303,-0.15906939,-0.089734316,0.36674783,0.35008198,-0.2333968,0.28796893,0.22965129,0.11666069,0.20336641
6.2622724,6.301659,1.5244079,7,0,0,00:00.0,00:00.0,uploads\f2e6d795-3777-11f0-84b6-581122bb7f2c\20210509T020000+1000_REC_7.wav,True,0,0,0,0,1,0,0,0,0,0,0,0,insects,-6.0458226,0.19882369,-0.2810888,1.0730574,-0.20631748,0.03426078,0.25077048,0.43921357,-0.2296308,0.20878835,0.36733285,0.037443142,0.23405302
5.850181,6.0778704,0.80597943,7,0,0,00:00.0,00:00.0,uploads\f2e6d795-3777-11f0-84b6-581122bb7f2c\20210509T020000+1000_REC_8.wav,False,0,0,0,0,0,0,0,0,0,0,0,0,insects,-6.0411873,0.2963602,-0.37188444,1.0319529,-0.12333699,-0.09711887,0.41027522,0.41141433,-0.25329664,0.28842732,0.27166364,0.09054106,0.20391497
6.2367415,6.312527,1.498531,7,0,0,00:00.0,00:00.0,uploads\f2e6d795-3777-11f0-84b6-581122bb7f2c\20210509T020000+1000_REC_9.wav,False,0,0,0,0,0,0,0,0,0,0,0,0,insects,-6.0367646,0.28749916,-0.33787575,1.0689795,-0.23892416,-0.047350038,0.20633028,0.45340338,-0.20724821,0.18793975,0.380379,-0.0077626244,0.2297076
5.880025,6.0643926,0.82682085,7,0,0,00:00.0,00:00.0,uploads\f2e6d795-3777-11f0-84b6-581122bb7f2c\20210509T020000+1000_REC_10.wav,False,0,0,0,0,0,0,0,0,0,0,0,0,insects,-6.0350738,0.35951358,-0.34971932,1.051929,-0.15972869,-0.13559999,0.3802588,0.40990305,-0.25658086,0.31280068,0.2953533,0.1085776,0.1971655
5.9144015,6.3564796,1.1466135,7,0,0,00:00.0,00:00.0,uploads\f2e6d795-3777-11f0-84b6-581122bb7f2c\20210509T020000+1000_REC_11.wav,False,0,0,0,0,0,0,0,0,0,0,0,0,insects,-6.055605,0.21314129,-0.3262741,1.0157902,-0.1468207,-0.039320335,0.2989052,0.44446903,-0.17120528,0.2287647,0.3365873,0.052135214,0.17345238
5.624752,6.4471245,0.8744665,7,0,0,00:00.0,00:00.0,uploads\f2e6d795-3777-11f0-84b6-581122bb7f2c\20210509T020000+1000_REC_12.wav,False,0,0,0,0,0,0,0,0,0,0,0,0,insects,-6.0605593,0.32231143,-0.30843386,0.94411725,-0.12159017,-0.13600099,0.32888213,0.4305496,-0.17662987,0.33303356,0.31551978,0.10815715,0.13403131
6.38248,6.287437,1.650567,7,0,0,00:00.0,00:00.0,uploads\f2e6d795-3777-11f0-84b6-581122bb7f2c\20210509T020000+1000_REC_13.wav,True,0,0,0,0,1,0,0,0,0,0,0,0,insects,-6.054378,0.2266093,-0.30280745,1.0095156,-0.22424994,0.0021999648,0.2901522,0.38741708,-0.22842197,0.28938928,0.26819992,0.04196452,0.22804902
5.8681555,6.0383706,0.7888681,7,0,0,00:00.0,00:00.0,uploads\f2e6d795-3777-11f0-84b6-581122bb7f2c\20210509T020000+1000_REC_14.wav,False,0,0,0,0,0,0,0,0,0,0,0,0,insects,-6.0505724,0.2510873,-0.3360729,1.0047663,-0.12993868,-0.12665518,0.3643075,0.38405123,-0.22621256,0.35661757,0.23442332,0.08915078,0.1972288
6.286875,6.299274,1.5518447,7,0,0,00:00.0,00:00.0,uploads\f2e6d795-3777-11f0-84b6-581122bb7f2c\20210509T020000+1000_REC_15.wav,False,0,0,0,0,0,0,0,0,0,0,0,0,insects,-6.050401,0.1817643,-0.30113187,1.0561118,-0.19314587,0.021175167,0.3093582,0.37839255,-0.20407172,0.24737227,0.35412428,0.025375046,0.20171337
5.65673,6.3000655,0.7548553,7,0,0,00:00.0,00:00.0,uploads\f2e6d795-3777-11f0-84b6-581122bb7f2c\20210509T020000+1000_REC_16.wav,True,0,0,0,0,1,0,0,0,0,0,0,0,insects,-6.07169,0.25226673,-0.2794283,0.9355753,-0.08708325,-0.10008905,0.34918863,0.32707566,-0.19836047,0.33721572,0.20892026,0.0884599,0.19099739
6.4623547,6.329688,1.7802718,7,0,0,00:00.0,00:00.0,uploads\f2e6d795-3777-11f0-84b6-581122bb7f2c\20210509T020000+1000_REC_17.wav,False,0,0,0,0,0,0,0,0,0,0,0,0,insects,-6.0528383,0.29538193,-0.31340638,0.98484343,-0.2466417,-0.02873574,0.34807277,0.38580805,-0.2193302,0.27726117,0.25407326,0.031585988,0.23186307
5.6358347,6.3733764,0.81011313,7,0,0,00:00.0,00:00.0,uploads\f2e6d795-3777-11f0-84b6-581122bb7f2c\20210509T020000+1000_REC_18.wav,False,0,0,0,0,0,0,0,0,0,0,0,0,insects,-6.0776324,0.24974065,-0.23673053,0.9094995,-0.04155096,-0.09351863,0.3785918,0.4080986,-0.19338249,0.24327393,0.26330742,0.10104579,0.18004404
5.628666,6.457726,0.88263834,7,0,0,00:00.0,00:00.0,uploads\f2e6d795-3777-11f0-84b6-581122bb7f2c\20210509T020000+1000_REC_19.wav,False,0,0,0,0,0,0,0,0,0,0,0,0,insects,-6.0801077,0.17799705,-0.28352556,0.8691362,-0.09262533,-0.08695059,0.32003015,0.4178596,-0.14867586,0.2203713,0.35046148,0.076884896,0.1417028
5.626595,6.45486,0.87697124,7,0,0,00:00.0,00:00.0,uploads\f2e6d795-3777-11f0-84b6-581122bb7f2c\20210509T020000+1000_REC_20.wav,False,0,0,0,0,0,0,0,0,0,0,0,0,insects,-6.075673,0.15978996,-0.29066622,0.91393995,-0.064947724,-0.10948514,0.34900576,0.41526496,-0.13917474,0.26524514,0.2713502,0.086218506,0.14020851
6.2887588,6.3162866,1.5607297,7,0,0,00:00.0,00:00.0,uploads\f2e6d795-3777-11f0-84b6-581122bb7f2c\20210509T020000+1000_REC_21.wav,False,0,0,0,0,0,0,0,0,0,0,0,0,insects,-6.061711,0.1661811,-0.2803855,0.95612067,-0.17420392,-0.037245415,0.29377088,0.43895856,-0.22814514,0.2936164,0.32709545,0.03332318,0.20116858
5.669192,6.3386364,0.8186317,7,0,0,00:00.0,00:00.0,uploads\f2e6d795-3777-11f0-84b6-581122bb7f2c\20210509T020000+1000_REC_22.wav,False,0,0,0,0,0,0,0,0,0,0,0,0,insects,-6.0629025,0.27862594,-0.30003887,0.97883433,-0.08620056,-0.087289035,0.34792796,0.4081204,-0.2034275,0.28473687,0.23934169,0.10440958,0.16120929
5.716269,6.3311415,0.8654036,7,0,0,00:00.0,00:00.0,uploads\f2e6d795-3777-11f0-84b6-581122bb7f2c\20210509T020000+1000_REC_23.wav,False,0,0,0,0,0,0,0,0,0,0,0,0,insects,-6.0608487,0.27001843,-0.31728315,0.9504778,-0.11741177,-0.05136991,0.3659665,0.46413615,-0.20495051,0.24088311,0.3177703,0.053383745,0.14310105
6.232099,6.3160105,1.4956667,7,0,0,00:00.0,00:00.0,uploads\f2e6d795-3777-11f0-84b6-581122bb7f2c\20210509T020000+1000_REC_24.wav,False,0,0,0,0,0,0,0,0,0,0,0,0,insects,-6.0455923,0.18803592,-0.38587356,0.9927568,-0.1722096,-0.02648752,0.30672067,0.48046294,-0.25300974,0.19722085,0.3478897,0.023649095,0.19647788
5.6392093,6.369827,0.8092075,7,0,0,00:00.0,00:00.0,uploads\f2e6d795-3777-11f0-84b6-581122bb7f2c\20210509T020000+1000_REC_25.wav,False,0,0,0,0,0,0,0,0,0,0,0,0,insects,-6.068906,0.24058841,-0.33337787,0.9178843,-0.086654775,-0.09035655,0.38189197,0.38051936,-0.19638662,0.2695683,0.26445127,0.10531139,0.15868275
5.890493,6.3645644,1.129123,7,0,0,00:00.0,00:00.0,uploads\f2e6d795-3777-11f0-84b6-581122bb7f2c\20210509T020000+1000_REC_26.wav,False,0,0,0,0,0,0,0,0,0,0,0,0,insects,-6.0694985,0.18825382,-0.25238466,0.95629585,-0.13567016,-0.011030175,0.2735243,0.45476753,-0.16603468,0.19794826,0.36181808,0.017325163,0.18004192
5.7032037,6.30856,0.83031917,7,0,0,00:00.0,00:00.0,uploads\f2e6d795-3777-11f0-84b6-581122bb7f2c\20210509T020000+1000_REC_27.wav,False,0,0,0,0,0,0,0,0,0,0,0,0,insects,-6.0571036,0.2570335,-0.3196662,1.00282,-0.10985584,-0.07770334,0.35859606,0.39501998,-0.22225484,0.25978905,0.26265794,0.09592124,0.13705792
5.7829328,6.4066243,1.0244191,7,0,0,00:00.0,00:00.0,uploads\f2e6d795-3777-11f0-84b6-581122bb7f2c\20210509T020000+1000_REC_28.wav,True,0,0,0,0,1,0,0,0,0,0,0,0,insects,-6.0710735,0.16983372,-0.2801356,0.9426713,-0.10427961,-0.03959719,0.29741514,0.44512266,-0.17184275,0.20217684,0.34585777,0.07011297,0.18020688
5.5988,6.418647,0.8041234,7,0,0,00:00.0,00:00.0,uploads\f2e6d795-3777-11f0-84b6-581122bb7f2c\20210509T020000+1000_REC_29.wav,False,0,0,0,0,0,0,0,0,0,0,0,0,insects,-6.0684686,0.22186185,-0.2938783,0.9454565,-0.1069717,-0.11008684,0.340418,0.38301238,-0.1979354,0.25213638,0.27360484,0.121872276,0.15452316
5.2437816,6.638971,0.5912251,7,0,0,00:00.0,00:00.0,uploads\f2e6d795-3777-11f0-84b6-581122bb7f2c\20210509T020000+1000_REC_30.wav,False,0,0,0,0,0,0,0,0,0,0,0,0,insects,-6.0694914,0.42176098,-0.28080338,0.9066396,-0.19807166,0.02828528,0.25759083,0.39775473,-0.1802013,0.32466188,0.260097,0.19498464,0.15810668
5.7771106,6.414562,1.0256532,7,0,0,00:00.0,00:00.0,uploads\f2e6d795-3777-11f0-84b6-581122bb7f2c\20210509T020000+1000_REC_31.wav,False,0,0,0,0,0,0,0,0,0,0,0,0,insects,-6.088309,0.22063832,-0.24450058,0.86786604,-0.1000262,0.066052854,0.18642394,0.46989912,-0.121062346,0.13981815,0.33973292,0.1319404,0.1148488
5.2648273,6.6439166,0.6379166,7,0,0,00:00.0,00:00.0,uploads\f2e6d795-3777-11f0-84b6-581122bb7f2c\20210509T020000+1000_REC_32.wav,False,0,0,0,0,0,0,0,0,0,0,0,0,insects,-6.0964484,0.32006973,-0.21619526,0.82274395,-0.05836298,-0.03748811,0.26114976,0.3694572,-0.1388017,0.24090664,0.25644493,0.18514174,0.13462305
5.7251573,6.4420238,0.9769182,7,0,0,00:00.0,00:00.0,uploads\f2e6d795-3777-11f0-84b6-581122bb7f2c\20210509T020000+1000_REC_33.wav,False,0,0,0,0,0,0,0,0,0,0,0,0,insects,-6.074175,0.19787528,-0.2860989,0.926301,-0.13285704,0.008513163,0.29779223,0.43463224,-0.18863524,0.21947338,0.2701323,0.08901391,0.16262965
5.6296782,6.468614,0.8917568,7,0,0,00:00.0,00:00.0,uploads\f2e6d795-3777-11f0-84b6-581122bb7f2c\20210509T020000+1000_REC_34.wav,False,0,0,0,0,0,0,0,0,0,0,0,0,insects,-6.0774317,0.23191176,-0.29300883,0.8870349,-0.09219081,-0.07258488,0.30197296,0.4157389,-0.18706638,0.25852868,0.28151053,0.09444179,0.1249283
5.6100936,6.470269,0.8790832,7,0,0,00:00.0,00:00.0,uploads\f2e6d795-3777-11f0-84b6-581122bb7f2c\20210509T020000+1000_REC_35.wav,False,0,0,0,0,0,0,0,0,0,0,0,0,insects,-6.081676,0.18491884,-0.27051997,0.8872685,-0.13131975,-0.038081087,0.34621385,0.39944243,-0.1377594,0.22758132,0.26282316,0.09132438,0.15852457
5.6192565,6.4645042,0.87887317,7,0,0,00:00.0,00:00.0,uploads\f2e6d795-3777-11f0-84b6-581122bb7f2c\20210509T020000+1000_REC_36.wav,False,0,0,0,0,0,0,0,0,0,0,0,0,insects,-6.0710683,0.24686457,-0.34306875,0.9073041,-0.08264086,-0.08879429,0.33952606,0.40253982,-0.17177609,0.2339758,0.3066926,0.10064779,0.14399779
5.568212,6.490332,0.8413856,7,0,0,00:00.0,00:00.0,uploads\f2e6d795-3777-11f0-84b6-581122bb7f2c\20210509T020000+1000_REC_37.wav,False,0,0,0,0,0,0,0,0,0,0,0,0,insects,-6.086212,0.24589965,-0.2804225,0.8470725,-0.039994095,-0.08541886,0.32571545,0.39301082,-0.16564913,0.2044968,0.2960508,0.1382207,0.14044161
6.3637514,6.3052225,1.636464,7,0,0,00:00.0,00:00.0,uploads\f2e6d795-3777-11f0-84b6-581122bb7f2c\20210509T020000+1000_REC_38.wav,False,0,0,0,0,0,0,0,0,0,0,0,0,insects,-6.062009,0.2809988,-0.24360499,1.0095693,-0.1706218,-0.0271621,0.286106,0.38105127,-0.19725339,0.29067367,0.28110835,0.047873616,0.20601143
5.619583,6.466704,0.87924606,7,0,0,00:00.0,00:00.0,uploads\f2e6d795-3777-11f0-84b6-581122bb7f2c\20210509T020000+1000_REC_39.wav,False,0,0,0,0,0,0,0,0,0,0,0,0,insects,-6.076986,0.24557441,-0.2774843,0.9172284,-0.10760826,-0.034585528,0.33115578,0.40671912,-0.16530916,0.25766346,0.24182208,0.10240605,0.14071651
5.348216,6.5939827,0.6761376,7,0,0,00:00.0,00:00.0,uploads\f2e6d795-3777-11f0-84b6-581122bb7f2c\20210509T020000+1000_REC_40.wav,False,0,0,0,0,0,0,0,0,0,0,0,0,insects,-6.0711794,0.18899107,-0.30582848,0.9500139,-0.12299276,-0.073920585,0.32798615,0.38902348,-0.14420581,0.2670496,0.24321245,0.18055052,0.12184994
5.7120547,6.4402847,0.96325654,7,0,0,00:00.0,00:00.0,uploads\f2e6d795-3777-11f0-84b6-581122bb7f2c\20210509T020000+1000_REC_41.wav,False,0,0,0,0,0,0,0,0,0,0,0,0,insects,-6.0741234,0.24438444,-0.29136798,0.93622524,-0.1309751,0.06319094,0.3220972,0.44383392,-0.13650633,0.24147797,0.26798305,0.0670166,0.1946453
5.277925,6.635605,0.64156353,7,0,0,00:00.0,00:00.0,uploads\f2e6d795-3777-11f0-84b6-581122bb7f2c\20210509T020000+1000_REC_42.wav,False,0,0,0,0,0,0,0,0,0,0,0,0,insects,-6.0836344,0.30120188,-0.32025295,0.8399325,-0.11145976,-0.09011712,0.28436005,0.4158752,-0.11291063,0.24741815,0.2062484,0.18711653,0.15170963
6.3614907,6.2640185,1.610419,7,0,0,00:00.0,00:00.0,uploads\f2e6d795-3777-11f0-84b6-581122bb7f2c\20210509T020000+1000_REC_43.wav,True,0,0,0,0,1,0,0,0,0,0,0,0,insects,-6.0607386,0.22157586,-0.2468463,1.0089418,-0.23239435,0.0485579,0.30272838,0.3831393,-0.17751873,0.28451023,0.28971016,0.022879642,0.24108364
5.713621,6.3284554,0.8708118,7,0,0,00:00.0,00:00.0,uploads\f2e6d795-3777-11f0-84b6-581122bb7f2c\20210509T020000+1000_REC_44.wav,False,0,0,0,0,0,0,0,0,0,0,0,0,insects,-6.0560555,0.31363302,-0.382704,0.9519711,-0.13330968,-0.11035758,0.36295405,0.4370258,-0.18933438,0.26802722,0.19410437,0.1294258,0.1707823
5.7677546,6.418869,1.0151197,7,0,0,00:00.0,00:00.0,uploads\f2e6d795-3777-11f0-84b6-581122bb7f2c\20210509T020000+1000_REC_45.wav,False,0,0,0,0,0,0,0,0,0,0,0,0,insects,-6.0760636,0.16159843,-0.25498986,0.96338946,-0.13079657,0.01051376,0.23639758,0.42234012,-0.12584369,0.1920893,0.31226888,0.10159518,0.13132547
5.629011,6.3741026,0.80193937,7,0,0,00:00.0,00:00.0,uploads\f2e6d795-3777-11f0-84b6-581122bb7f2c\20210509T020000+1000_REC_46.wav,False,0,0,0,0,0,0,0,0,0,0,0,0,insects,-6.077838,0.25166544,-0.2692798,0.89320755,-0.07794005,-0.05644411,0.3620343,0.38994712,-0.20537771,0.27988827,0.25198507,0.13184461,0.19356044
6.7965264,5.7843995,1.6320022,7,0,0,00:00.0,00:00.0,uploads\f2e6d795-3777-11f0-84b6-581122bb7f2c\20210509T020000+1000_REC_47.wav,False,0,0,0,0,0,0,0,0,0,0,0,0,insects,-6.0579157,0.24551195,-0.27071834,1.0311499,-0.24149534,0.10966446,0.33020824,0.34538957,-0.122846395,0.3003163,0.26268637,0.03616568,0.3140871
6.836602,5.8122196,1.6965965,7,0,0,00:00.0,00:00.0,uploads\f2e6d795-3777-11f0-84b6-581122bb7f2c\20210509T020000+1000_REC_49.wav,False,0,0,0,0,0,0,0,0,0,0,0,0,insects,-6.03036,0.18862225,-0.35918665,1.1398562,-0.28480726,0.03346419,0.24834003,0.39979115,-0.13051693,0.27004555,0.30330136,0.0045357295,0.3152979
5.90537,5.952049,0.74782914,7,0,0,00:00.0,00:00.0,uploads\f2e6d795-3777-11f0-84b6-581122bb7f2c\20210509T020000+1000_REC_50.wav,False,0,0,0,0,0,0,0,0,0,0,0,0,insects,-6.036001,0.28469995,-0.38629156,1.0677937,-0.19128492,-0.12588927,0.35183078,0.35165977,-0.20652404,0.3621569,0.25499967,0.17460808,0.21957377
6.288202,6.294325,1.5497895,7,0,0,00:00.0,00:00.0,uploads\f2e6d795-3777-11f0-84b6-581122bb7f2c\20210509T020000+1000_REC_51.wav,False,0,0,0,0,0,0,0,0,0,0,0,0,insects,-6.0612197,0.2340304,-0.29754955,0.97719616,-0.22522241,0.058960196,0.32482085,0.43218294,-0.14357646,0.19595656,0.34189665,0.050394412,0.26
6.832796,5.8147335,1.6961385,7,0,0,00:00.0,00:00.0,uploads\f2e6d795-3777-11f0-84b6-581122bb7f2c\20210509T020000+1000_REC_53.wav,False,0,0,0,0,0,0,0,0,0,0,0,0,insects,-6.0332656,0.18472789,-0.3237578,1.1065447,-0.35415727,0.086435325,0.2919203,0.3602579,-0.13506512,0.27678803,0.2928985,-0.03231754,0.32396713
6.8418612,5.8157682,1.7105066,7,0,0,00:00.0,00:00.0,uploads\f2e6d795-3777-11f0-84b6-581122bb7f2c\20210509T020000+1000_REC_55.wav,False,0,0,0,0,0,0,0,0,0,0,0,0,insects,-6.0386457,0.18151855,-0.27365673,1.1010208,-0.37796396,0.13405003,0.28362888,0.30789983,-0.13967709,0.27451658,0.22988576,-0.032779798,0.32758817
6.8316803,5.814854,1.6937513,7,0,0,00:00.0,00:00.0,uploads\f2e6d795-3777-11f0-84b6-581122bb7f2c\20210509T020000+1000_REC_57.wav,False,0,0,0,0,0,0,0,0,0,0,0,0,insects,-6.0410166,0.19199255,-0.31453544,1.0859802,-0.3230658,0.06071485,0.26065335,0.32618928,-0.16194938,0.3133126,0.2634622,0.03843303,0.32394108
6.8236213,5.8070455,1.6750028,7,0,0,00:00.0,00:00.0,uploads\f2e6d795-3777-11f0-84b6-581122bb7f2c\20210509T020000+1000_REC_59.wav,False,0,0,0,0,0,0,0,0,0,0,0,0,insects,-6.0454774,0.2416786,-0.33707815,1.0552028,-0.28516716,0.004112459,0.30810404,0.293328,-0.13737346,0.34449238,0.20003112,0.025789594,0.33287102
6.4428587,6.1997733,1.6451331,7,0,0,00:00.0,00:00.0,uploads\f2e6d795-3777-11f0-84b6-581122bb7f2c\20210509T020000+1000_REC_61.wav,False,0,0,0,0,0,0,0,0,0,0,0,0,insects,-6.051682,0.21658279,-0.30188406,1.0542119,-0.21256866,0.04597804,0.315143,0.33384407,-0.2098697,0.29937887,0.23365933,0.03974919,0.27584204
5.9445534,5.916494,0.7355506,7,0,0,00:00.0,00:00.0,uploads\f2e6d795-3777-11f0-84b6-581122bb7f2c\20210509T020000+1000_REC_62.wav,False,0,0,0,0,0,0,0,0,0,0,0,0,insects,-6.0604177,0.2926397,-0.30122676,0.9935599,-0.16142684,-0.075031824,0.31037217,0.36794895,-0.18081659,0.3300575,0.21119978,0.107498765,0.21295567
6.797216,5.7309656,1.5719293,7,0,0,00:00.0,00:00.0,uploads\f2e6d795-3777-11f0-84b6-581122bb7f2c\20210509T020000+1000_REC_90.wav,False,0,0,0,0,0,0,0,0,0,0,0,0,insects,-6.057052,0.1766556,-0.27778947,1.0365474,-0.17137264,0.060008254,0.36078742,0.37502924,-0.13713424,0.3441809,0.2609034,0.034581743,0.31167743
5.8495035,6.268797,0.98587024,7,0,0,00:00.0,00:00.0,uploads\f2e6d795-3777-11f0-84b6-581122bb7f2c\20210509T020000+1000_REC_112.wav,True,0,0,0,0,1,0,0,0,0,0,0,0,insects,-6.0445485,0.3590145,-0.4132269,0.99970514,-0.2021128,-0.092284165,0.32666534,0.42284152,-0.16187075,0.28927425,0.27225974,0.11966384,0.18303041
5.943805,5.8184013,0.65875024,7,0,0,00:00.0,00:00.0,uploads\f2e6d795-3777-11f0-84b6-581122bb7f2c\20210509T020000+1000_REC_113.wav,False,0,0,0,0,0,0,0,0,0,0,0,0,insects,-6.0580835,0.3231549,-0.36277294,0.98912483,-0.17021376,-0.047996473,0.33343065,0.29970074,-0.17806257,0.32166362,0.20423678,0.16278982,0.19146991
5.9147797,5.9567223,0.7606536,7,0,0,00:00.0,00:00.0,uploads\f2e6d795-3777-11f0-84b6-581122bb7f2c\20210509T020000+1000_REC_115.wav,False,0,0,0,0,0,0,0,0,0,0,0,0,insects,-6.0504313,0.31103632,-0.34624907,1.0251054,-0.1370253,-0.108579256,0.35651636,0.37399766,-0.18372984,0.32390937,0.18099456,0.09789095,0.23157
6.792601,5.7850566,1.6254945,7,0,0,00:00.0,00:00.0,uploads\f2e6d795-3777-11f0-84b6-581122bb7f2c\20210509T020000+1000_REC_200.wav,False,0,0,0,0,0,0,0,0,0,0,0,0,insects,-6.062264,0.26575378,-0.26924238,0.9883887,-0.23076153,0.013852073,0.3140961,0.33742797,-0.13318448,0.32240635,0.24170807,0.024756284,0.33235914
3.5125062,8.313914,-0.7651973,7,0,0,00:00.0,00:00.0,uploads\f2e6d795-3777-11f0-84b6-581122bb7f2c\20210509T040000+1000_REC_0.wav,False,0,0,0,0,0,0,0,0,0,0,0,0,insects,-6.0320663,-0.00783112,-0.24690852,0.95488286,0.1000333,-0.2808506,0.34159935,0.61667734,-0.23358099,0.121937044,0.5932708,-0.018228777,0.03622043
3.5353556,8.296779,-0.7426643,7,0,0,00:00.0,00:00.0,uploads\f2e6d795-3777-11f0-84b6-581122bb7f2c\20210509T040000+1000_REC_1.wav,False,0,0,0,0,0,0,0,0,0,0,0,0,insects,-6.041067,-0.039368402,-0.23016912,0.9103494,0.08099031,-0.33697024,0.3503251,0.53866345,-0.22951964,0.13903223,0.57056355,-0.019344732,0.09459141
3.3062668,8.423763,-0.96124923,7,0,0,00:00.0,00:00.0,uploads\f2e6d795-3777-11f0-84b6-581122bb7f2c\20210509T040000+1000_REC_2.wav,False,0,0,0,0,0,0,0,0,0,0,0,0,insects,-6.0142407,-0.055198714,-0.27638873,1.013626,0.026015013,-0.34665132,0.34665135,0.59030056,-0.28262624,0.098578475,0.5768519,-0.044036422,0.12115511
3.2928152,8.422523,-0.9763036,7,0,0,00:00.0,00:00.0,uploads\f2e6d795-3777-11f0-84b6-581122bb7f2c\20210509T040000+1000_REC_3.wav,False,0,0,0,0,0,0,0,0,0,0,0,0,insects,-6.0131946,-0.042750895,-0.32120374,1.0140196,0.08675081,-0.33633193,0.38293156,0.5844606,-0.2854491,0.1266053,0.5655909,-0.029925324,0.08139935
3.3161235,8.412894,-0.9515656,7,0,0,00:00.0,00:00.0,uploads\f2e6d795-3777-11f0-84b6-581122bb7f2c\20210509T040000+1000_REC_4.wav,False,0,0,0,0,0,0,0,0,0,0,0,0,insects,-6.0077095,-0.08391474,-0.31258556,1.0160329,0.023276318,-0.29377663,0.295464,0.6286024,-0.3151718,0.1304653,0.60823107,-0.044888888,0.06397146
3.357162,8.390329,-0.91215926,7,0,0,00:00.0,00:00.0,uploads\f2e6d795-3777-11f0-84b6-581122bb7f2c\20210509T040000+1000_REC_5.wav,False,0,0,0,0,0,0,0,0,0,0,0,0,insects,-6.0206146,-0.000111442474,-0.32497674,0.98541105,0.05868271,-0.26924786,0.3099414,0.60931647,-0.28476954,0.12161337,0.5944112,-0.024472784,0.03689808
3.2898188,8.419215,-0.9805828,7,0,0,00:00.0,00:00.0,uploads\f2e6d795-3777-11f0-84b6-581122bb7f2c\20210509T040000+1000_REC_6.wav,False,0,0,0,0,0,0,0,0,0,0,0,0,insects,-6.0157847,-0.03171582,-0.32230586,1.0491172,0.03871859,-0.30191848,0.36275294,0.57782793,-0.27194715,0.16163033,0.5265622,-0.004565241,0.08075478
3.2943864,8.421814,-0.9756406,7,0,0,00:00.0,00:00.0,uploads\f2e6d795-3777-11f0-84b6-581122bb7f2c\20210509T040000+1000_REC_7.wav,False,0,0,0,0,0,0,0,0,0,0,0,0,insects,-6.014249,-0.026303785,-0.3322967,1.0047102,0.05784163,-0.29698408,0.36697674,0.6356738,-0.28781042,0.12157672,0.5395824,-0.045117754,0.06141209
3.3034663,8.417211,-0.965394,7,0,0,00:00.0,00:00.0,uploads\f2e6d795-3777-11f0-84b6-581122bb7f2c\20210509T040000+1000_REC_8.wav,False,0,0,0,0,0,0,0,0,0,0,0,0,insects,-6.013374,-0.10116598,-0.29685232,1.0155759,0.03914418,-0.2949242,0.3692617,0.587921,-0.29253986,0.17510489,0.5799022,-0.053734317,0.10228588
3.5144696,8.312147,-0.76338,7,0,0,00:00.0,00:00.0,uploads\f2e6d795-3777-11f0-84b6-581122bb7f2c\20210509T040000+1000_REC_9.wav,False,0,0,0,0,0,0,0,0,0,0,0,0,insects,-6.036729,-0.03747368,-0.26063168,0.9046572,0.05719701,-0.29075715,0.31878328,0.5932274,-0.24954379,0.10935217,0.60461426,-0.011304687,0.093524046
3.5173225,8.302222,-0.76081336,7,0,0,00:00.0,00:00.0,uploads\f2e6d795-3777-11f0-84b6-581122bb7f2c\20210509T040000+1000_REC_10.wav,False,0,0,0,0,0,0,0,0,0,0,0,0,insects,-6.0302753,-0.061195385,-0.29881912,0.94483584,0.035975676,-0.26975882,0.35858774,0.5826988,-0.25489858,0.10259303,0.5642609,-0.041812792,0.08838008
3.5167694,8.309249,-0.76115257,7,0,0,00:00.0,00:00.0,uploads\f2e6d795-3777-11f0-84b6-581122bb7f2c\20210509T040000+1000_REC_11.wav,True,0,0,0,0,1,0,0,0,0,0,0,0,insects,-6.0369735,-0.01844255,-0.25687155,0.933109,0.08665819,-0.27380192,0.34036836,0.56910485,-0.2701467,0.10147463,0.5607695,-0.049287327,0.08265158
3.51859,8.298991,-0.75956625,7,0,0,00:00.0,00:00.0,uploads\f2e6d795-3777-11f0-84b6-581122bb7f2c\20210509T040000+1000_REC_12.wav,False,0,0,0,0,0,0,0,0,0,0,0,0,insects,-6.0327654,-0.032146744,-0.26858547,0.92252034,0.04966761,-0.31285968,0.33595523,0.5783681,-0.26673013,0.13433245,0.5777376,-0.03506867,0.068686135
3.556767,8.300193,-0.72183806,7,0,0,00:00.0,00:00.0,uploads\f2e6d795-3777-11f0-84b6-581122bb7f2c\20210509T040000+1000_REC_13.wav,False,0,0,0,0,0,0,0,0,0,0,0,0,insects,-6.036857,-0.03732679,-0.255196,0.92531604,0.10741146,-0.30155784,0.34820333,0.5725032,-0.26259482,0.14256711,0.54819286,-0.05449763,0.103159815
3.5675073,8.246642,-0.71284044,7,0,0,00:00.0,00:00.0,uploads\f2e6d795-3777-11f0-84b6-581122bb7f2c\20210509T040000+1000_REC_14.wav,False,0,0,0,0,0,0,0,0,0,0,0,0,insects,-6.031221,-0.02574528,-0.24856666,0.9308537,0.050618365,-0.3235185,0.33423287,0.57944775,-0.2881452,0.18962555,0.5847468,-0.022866584,0.098619446
3.5341578,8.298458,-0.7440323,7,0,0,00:00.0,00:00.0,uploads\f2e6d795-3777-11f0-84b6-581122bb7f2c\20210509T040000+1000_REC_15.wav,True,0,0,0,0,1,0,0,0,0,0,0,0,insects,-6.0349517,-0.05499015,-0.2277113,0.9083031,0.09385076,-0.36337915,0.39282057,0.52201015,-0.2793871,0.13807826,0.56206137,-0.029833328,0.067547634
3.3060322,8.424434,-0.9615329,7,0,0,00:00.0,00:00.0,uploads\f2e6d795-3777-11f0-84b6-581122bb7f2c\20210509T040000+1000_REC_16.wav,False,0,0,0,0,0,0,0,0,0,0,0,0,insects,-6.017736,-0.14781046,-0.26959395,0.97389126,0.053442985,-0.28535283,0.37245053,0.5822269,-0.28425243,0.13793842,0.60585856,-0.08535945,0.1158553
3.5300322,8.298618,-0.7483433,7,0,0,00:00.0,00:00.0,uploads\f2e6d795-3777-11f0-84b6-581122bb7f2c\20210509T040000+1000_REC_17.wav,False,0,0,0,0,0,0,0,0,0,0,0,0,insects,-6.034653,-0.05032258,-0.26515704,0.92223746,0.07529727,-0.30762735,0.35924882,0.54111665,-0.26624414,0.12722637,0.57926685,-0.04633051,0.08191702
3.3087428,8.422304,-0.95897543,7,0,0,00:00.0,00:00.0,uploads\f2e6d795-3777-11f0-84b6-581122bb7f2c\20210509T040000+1000_REC_18.wav,True,0,0,0,0,1,0,0,0,0,0,0,0,insects,-6.0147185,-0.074415974,-0.27964923,1.010638,-0.0013802282,-0.29052112,0.3346734,0.5865779,-0.27852598,0.13543661,0.60315615,-0.094221696,0.10030199
3.3057952,8.423482,-0.9618801,7,0,0,00:00.0,00:00.0,uploads\f2e6d795-3777-11f0-84b6-581122bb7f2c\20210509T040000+1000_REC_19.wav,False,0,0,0,0,0,0,0,0,0,0,0,0,insects,-6.011958,-0.08686205,-0.25242057,0.99448943,0.02730685,-0.33547786,0.36776122,0.6025857,-0.29241154,0.1345823,0.6142516,-0.07784057,0.07589537
3.384283,8.390908,-0.8875317,7,0,0,00:00.0,00:00.0,uploads\f2e6d795-3777-11f0-84b6-581122bb7f2c\20210509T040000+1000_REC_20.wav,False,0,0,0,0,0,0,0,0,0,0,0,0,insects,-6.026414,-0.052065693,-0.25104654,0.952618,0.055693008,-0.30214244,0.35748923,0.6106885,-0.29043832,0.12169321,0.55763316,-0.062082198,0.08412319
3.336417,8.412826,-0.93175495,7,0,0,00:00.0,00:00.0,uploads\f2e6d795-3777-11f0-84b6-581122bb7f2c\20210509T040000+1000_REC_21.wav,False,0,0,0,0,0,0,0,0,0,0,0,0,insects,-6.0239162,-0.055084843,-0.25401405,0.9838447,0.0105954,-0.26155815,0.3452226,0.59075487,-0.28976813,0.13426407,0.5720941,-0.09347678,0.0971073
3.5845997,8.245396,-0.6957653,7,0,0,00:00.0,00:00.0,uploads\f2e6d795-3777-11f0-84b6-581122bb7f2c\20210509T040000+1000_REC_22.wav,True,0,0,0,0,1,0,0,0,0,0,0,0,insects,-6.0454855,-0.09282076,-0.24413714,0.8966053,0.046921227,-0.2689352,0.33191764,0.55840397,-0.22611535,0.16196229,0.5261169,-0.05875912,0.10094421
3.2913306,8.418785,-0.9782783,7,0,0,00:00.0,00:00.0,uploads\f2e6d795-3777-11f0-84b6-581122bb7f2c\20210509T040000+1000_REC_23.wav,False,0,0,0,0,0,0,0,0,0,0,0,0,insects,-6.0163693,-0.040429704,-0.28090343,1.0177119,0.056868948,-0.3098225,0.40303284,0.5839578,-0.29998425,0.17599015,0.5318851,-0.041751925,0.020521209
3.5576434,8.273096,-0.721416,7,0,0,00:00.0,00:00.0,uploads\f2e6d795-3777-11f0-84b6-581122bb7f2c\20210509T040000+1000_REC_24.wav,False,0,0,0,0,0,0,0,0,0,0,0,0,insects,-6.038291,-0.04472882,-0.24889144,0.9075112,0.038530093,-0.30020165,0.34300688,0.5723867,-0.23763086,0.12752235,0.56641895,-0.06564558,0.08511213
3.4843028,8.226386,-0.7982783,7,0,0,00:00.0,00:00.0,uploads\f2e6d795-3777-11f0-84b6-581122bb7f2c\20210509T040000+1000_REC_25.wav,False,0,0,0,0,0,0,0,0,0,0,0,0,insects,-6.0318184,-0.0032139176,-0.3237579,0.9535446,0.05414099,-0.30123413,0.38990712,0.54237324,-0.2867424,0.18483299,0.4917793,0.003766873,0.0542838
3.2962818,8.394427,-0.9781097,7,0,0,00:00.0,00:00.0,uploads\f2e6d795-3777-11f0-84b6-581122bb7f2c\20210509T040000+1000_REC_26.wav,False,0,0,0,0,0,0,0,0,0,0,0,0,insects,-6.013439,-0.03363621,-0.3033858,1.0344498,-0.032670714,-0.3055041,0.39264923,0.5462823,-0.31044644,0.1926125,0.5527926,-0.013246273,0.08173301
4.3238215,7.1412735,0.22510748,7,0,0,00:00.0,00:00.0,uploads\f2e6d795-3777-11f0-84b6-581122bb7f2c\20210509T040000+1000_REC_27.wav,False,0,0,0,0,0,0,0,0,0,0,0,0,insects,-6.067637,-0.04730746,-0.19526318,0.83688873,0.14253949,-0.22649942,0.40196782,0.49777618,-0.1451451,0.14172997,0.5378495,0.005099114,0.09492084
3.293218,8.413384,-0.9772463,7,0,0,00:00.0,00:00.0,uploads\f2e6d795-3777-11f0-84b6-581122bb7f2c\20210509T040000+1000_REC_28.wav,False,0,0,0,0,0,0,0,0,0,0,0,0,insects,-6.017193,-0.047389083,-0.30487347,0.9971419,0.0316366,-0.32035443,0.39217737,0.5736149,-0.3018231,0.1695576,0.5327935,-0.05439698,0.0623551
3.5163336,8.2638445,-0.7638467,7,0,0,00:00.0,00:00.0,uploads\f2e6d795-3777-11f0-84b6-581122bb7f2c\20210509T040000+1000_REC_29.wav,False,0,0,0,0,0,0,0,0,0,0,0,0,insects,-6.031005,-0.0025776913,-0.29530916,0.95287853,0.0034073957,-0.2962764,0.36040676,0.560661,-0.25589213,0.15689349,0.55604804,-0.0343475,0.08216452
3.527949,8.303555,-0.7503152,7,0,0,00:00.0,00:00.0,uploads\f2e6d795-3777-11f0-84b6-581122bb7f2c\20210509T040000+1000_REC_30.wav,False,0,0,0,0,0,0,0,0,0,0,0,0,insects,-6.043302,-0.05099877,-0.2608218,0.92273724,0.06067058,-0.2763163,0.3592957,0.536511,-0.22944888,0.12213835,0.5350737,-0.022268958,0.08964053
3.3074486,8.399896,-0.9641893,7,0,0,00:00.0,00:00.0,uploads\f2e6d795-3777-11f0-84b6-581122bb7f2c\20210509T040000+1000_REC_31.wav,False,0,0,0,0,0,0,0,0,0,0,0,0,insects,-6.0199647,-0.027498862,-0.3177607,1.0019302,-0.016295996,-0.29747897,0.35022372,0.52654207,-0.28669205,0.20580201,0.5857379,-0.032982506,0.10839214
4.1843276,7.378936,0.023622418,7,0,0,00:00.0,00:00.0,uploads\f2e6d795-3777-11f0-84b6-581122bb7f2c\20210509T040000+1000_REC_32.wav,False,0,0,0,0,0,0,0,0,0,0,0,0,insects,-6.0561337,-0.06720498,-0.2401003,0.89441377,0.06528835,-0.24876283,0.38805932,0.48107815,-0.18658175,0.13774604,0.5058418,-0.01851338,0.10114124
3.639375,8.109415,-0.6491477,7,0,0,00:00.0,00:00.0,uploads\f2e6d795-3777-11f0-84b6-581122bb7f2c\20210509T040000+1000_REC_33.wav,False,0,0,0,0,0,0,0,0,0,0,0,0,insects,-6.0399823,-0.023320427,-0.260417,0.94825894,0.022226995,-0.28197378,0.35814327,0.50484055,-0.26808295,0.18610859,0.530577,-0.0135913845,0.107786484
3.4559562,8.260365,-0.824358,7,0,0,00:00.0,00:00.0,uploads\f2e6d795-3777-11f0-84b6-581122bb7f2c\20210509T040000+1000_REC_34.wav,False,0,0,0,0,0,0,0,0,0,0,0,0,insects,-6.026062,-0.08822551,-0.25537112,1.0144292,-0.0074517797,-0.27162072,0.38080332,0.5433811,-0.27956912,0.20688215,0.50770736,-0.034540325,0.11056748
3.8378122,7.9191804,-0.4664786,7,0,0,00:00.0,00:00.0,uploads\f2e6d795-3777-11f0-84b6-581122bb7f2c\20210509T040000+1000_REC_35.wav,False,0,0,0,0,0,0,0,0,0,0,0,0,insects,-6.042834,-0.0033285052,-0.22376864,0.9709374,0.0088045215,-0.21294129,0.2909744,0.5407016,-0.2723806,0.14503528,0.5348531,-0.03331214,0.110379554
3.8763173,7.875718,-0.42883804,7,0,0,00:00.0,00:00.0,uploads\f2e6d795-3777-11f0-84b6-581122bb7f2c\20210509T040000+1000_REC_36.wav,True,0,0,0,0,1,0,0,0,0,0,0,0,insects,-6.0450892,0.048445243,-0.2080456,0.9140824,0.0057344516,-0.27293098,0.31791762,0.5758188,-0.2500541,0.14477263,0.54548645,-0.057133097,0.08693988
3.7617898,7.9998503,-0.53540105,7,0,0,00:00.0,00:00.0,uploads\f2e6d795-3777-11f0-84b6-581122bb7f2c\20210509T040000+1000_REC_37.wav,False,0,0,0,0,0,0,0,0,0,0,0,0,insects,-6.0456715,-0.033612743,-0.25217792,0.9360714,-0.0069004144,-0.2103497,0.3312114,0.52710277,-0.24659048,0.18372285,0.53227943,-0.04183837,0.09793877
3.9312003,7.7932653,-0.35251948,7,0,0,00:00.0,00:00.0,uploads\f2e6d795-3777-11f0-84b6-581122bb7f2c\20210509T040000+1000_REC_38.wav,False,0,0,0,0,0,0,0,0,0,0,0,0,insects,-6.055779,-0.026117904,-0.17903703,0.8599876,0.05955519,-0.25391304,0.31331208,0.54503995,-0.2534866,0.12694453,0.5621134,-0.020531822,0.10363668
3.8834317,7.8656244,-0.41869068,7,0,0,00:00.0,00:00.0,uploads\f2e6d795-3777-11f0-84b6-581122bb7f2c\20210509T040000+1000_REC_39.wav,False,0,0,0,0,0,0,0,0,0,0,0,0,insects,-6.051029,-0.0492328,-0.17177525,0.8935942,-0.0054100696,-0.25653264,0.28064606,0.52695906,-0.26367402,0.17028652,0.5566044,-0.030592194,0.08761446
4.2445345,7.2133183,0.19241604,7,0,0,00:00.0,00:00.0,uploads\f2e6d795-3777-11f0-84b6-581122bb7f2c\20210509T040000+1000_REC_40.wav,False,0,0,0,0,0,0,0,0,0,0,0,0,insects,-6.0652027,-0.017697483,-0.19465056,0.82058257,0.06291056,-0.28823572,0.34289283,0.48929015,-0.2025909,0.15532547,0.5351545,0.009420474,0.09661435
4.493337,7.168261,0.07414201,7,0,0,00:00.0,00:00.0,uploads\f2e6d795-3777-11f0-84b6-581122bb7f2c\20210509T040000+1000_REC_41.wav,False,0,0,0,0,0,0,0,0,0,0,0,0,insects,-6.0719323,0.15192434,-0.15587683,0.6799278,-0.12592979,-0.40425226,0.3078134,0.4824884,-0.092007115,0.21629286,0.55100614,-0.037074983,0.104427785
3.8706114,7.8842816,-0.43744144,7,0,0,00:00.0,00:00.0,uploads\f2e6d795-3777-11f0-84b6-581122bb7f2c\20210509T040000+1000_REC_42.wav,False,0,0,0,0,0,0,0,0,0,0,0,0,insects,-6.0462008,0.06448551,-0.23401204,0.89172053,-0.067016385,-0.2739435,0.31276357,0.58493286,-0.2259755,0.1575373,0.5435334,-0.036772683,0.11148434
3.836432,7.9105644,-0.45987272,7,0,0,00:00.0,00:00.0,uploads\f2e6d795-3777-11f0-84b6-581122bb7f2c\20210509T040000+1000_REC_43.wav,False,0,0,0,0,0,0,0,0,0,0,0,0,insects,-6.0355067,0.050211255,-0.21215446,0.97906333,-0.03906878,-0.30450055,0.3320558,0.528744,-0.26856712,0.2139279,0.5428059,-0.02293426,0.08970731
3.872171,7.8819976,-0.4345211,7,0,0,00:00.0,00:00.0,uploads\f2e6d795-3777-11f0-84b6-581122bb7f2c\20210509T040000+1000_REC_44.wav,False,0,0,0,0,0,0,0,0,0,0,0,0,insects,-6.052131,-0.025797537,-0.17692682,0.8441852,-0.061159443,-0.25891545,0.26666486,0.601225,-0.22775249,0.15619253,0.5607043,-0.05559376,0.1079121
3.8893406,7.860524,-0.4116776,7,0,0,00:00.0,00:00.0,uploads\f2e6d795-3777-11f0-84b6-581122bb7f2c\20210509T040000+1000_REC_45.wav,False,0,0,0,0,0,0,0,0,0,0,0,0,insects,-6.037627,0.050474446,-0.19877099,0.9367511,-0.026313215,-0.30252054,0.3268453,0.5721948,-0.2948281,0.21089068,0.54152286,-0.040059563,0.115612455
3.876584,7.867019,-0.42004657,7,0,0,00:00.0,00:00.0,uploads\f2e6d795-3777-11f0-84b6-581122bb7f2c\20210509T040000+1000_REC_46.wav,False,0,0,0,0,0,0,0,0,0,0,0,0,insects,-6.0337896,0.004624381,-0.24411376,0.95291555,-0.04967176,-0.32427648,0.2938091,0.52106833,-0.3043785,0.24913087,0.53409624,-0.0052639605,0.12927961
3.8832076,7.865543,-0.4187688,7,0,0,00:00.0,00:00.0,uploads\f2e6d795-3777-11f0-84b6-581122bb7f2c\20210509T040000+1000_REC_47.wav,False,0,0,0,0,0,0,0,0,0,0,0,0,insects,-6.0474234,-0.00012980872,-0.17198084,0.9003937,0.018181745,-0.28583178,0.32568568,0.52627695,-0.28011826,0.2013111,0.5417558,-0.082442954,0.12017094
4.1842346,7.465052,-0.07353804,7,0,0,00:00.0,00:00.0,uploads\f2e6d795-3777-11f0-84b6-581122bb7f2c\20210509T040000+1000_REC_48.wav,False,0,0,0,0,0,0,0,0,0,0,0,0,insects,-6.0566554,0.06456094,-0.18847378,0.90946645,0.042579368,-0.27984914,0.35263026,0.49484986,-0.23255937,0.20835066,0.48822692,-0.025102813,0.09447423
4.0453086,7.661167,-0.24460936,7,0,0,00:00.0,00:00.0,uploads\f2e6d795-3777-11f0-84b6-581122bb7f2c\20210509T040000+1000_REC_49.wav,False,0,0,0,0,0,0,0,0,0,0,0,0,insects,-6.0492435,-0.0028632903,-0.22745499,0.9380979,-0.02995315,-0.24559955,0.36136466,0.5002887,-0.2598282,0.21161167,0.4724517,-0.0029861205,0.12248427
4.1957474,7.433082,-0.04136618,7,0,0,00:00.0,00:00.0,uploads\f2e6d795-3777-11f0-84b6-581122bb7f2c\20210509T040000+1000_REC_50.wav,False,0,0,0,0,0,0,0,0,0,0,0,0,insects,-6.057354,0.04444187,-0.23219442,0.9169297,-0.010641926,-0.249374,0.3513895,0.47804108,-0.21480949,0.17560905,0.45769557,-0.033660684,0.12668084
4.406718,7.0758414,0.25109974,7,0,0,00:00.0,00:00.0,uploads\f2e6d795-3777-11f0-84b6-581122bb7f2c\20210509T040000+1000_REC_51.wav,False,0,0,0,0,0,0,0,0,0,0,0,0,insects,-6.0763755,-0.008605405,-0.1637138,0.8064552,0.07329466,-0.22718555,0.34649232,0.4564706,-0.17767338,0.16016382,0.50411004,-0.028727327,0.080543034
4.17987,7.3747487,0.026506599,7,0,0,00:00.0,00:00.0,uploads\f2e6d795-3777-11f0-84b6-581122bb7f2c\20210509T040000+1000_REC_52.wav,False,0,0,0,0,0,0,0,0,0,0,0,0,insects,-6.060521,-0.023590267,-0.21223527,0.86475843,0.07689827,-0.24064103,0.36606315,0.5000636,-0.2553898,0.17556345,0.4776363,-0.02382901,0.12356559
4.2418556,7.2120256,0.18338199,7,0,0,00:00.0,00:00.0,uploads\f2e6d795-3777-11f0-84b6-581122bb7f2c\20210509T040000+1000_REC_53.wav,False,0,0,0,0,0,0,0,0,0,0,0,0,insects,-6.067829,-0.0578111,-0.20093185,0.84061563,0.07992049,-0.22756837,0.344138,0.47909364,-0.19353352,0.15277666,0.5057975,-0.012228903,0.09296464
4.033538,7.679983,-0.2589199,7,0,0,00:00.0,00:00.0,uploads\f2e6d795-3777-11f0-84b6-581122bb7f2c\20210509T040000+1000_REC_54.wav,False,0,0,0,0,0,0,0,0,0,0,0,0,insects,-6.049733,0.021927517,-0.22038122,0.9123569,-0.028019918,-0.22964548,0.37319925,0.53927886,-0.2602987,0.21040516,0.49506465,-0.03502748,0.11834122
4.1977124,7.4295454,-0.030372972,7,0,0,00:00.0,00:00.0,uploads\f2e6d795-3777-11f0-84b6-581122bb7f2c\20210509T040000+1000_REC_55.wav,False,0,0,0,0,0,0,0,0,0,0,0,0,insects,-6.0534906,0.031555925,-0.2297836,0.9101957,0.00997245,-0.27935725,0.34934074,0.52692896,-0.20439535,0.18618259,0.47826043,-0.012961689,0.066757984
4.280186,7.387248,0.020420894,7,0,0,00:00.0,00:00.0,uploads\f2e6d795-3777-11f0-84b6-581122bb7f2c\20210509T040000+1000_REC_56.wav,False,0,0,0,0,0,0,0,0,0,0,0,0,insects,-6.0533032,0.0678024,-0.23602259,0.9272763,0.033044316,-0.2725906,0.38877976,0.49341854,-0.21577631,0.19366217,0.48491615,0.015370179,0.10390232
3.5206892,8.206793,-0.7633008,7,0,0,00:00.0,00:00.0,uploads\f2e6d795-3777-11f0-84b6-581122bb7f2c\20210509T040000+1000_REC_57.wav,False,0,0,0,0,0,0,0,0,0,0,0,0,insects,-6.037573,-0.030953074,-0.26396078,0.970695,0.023241084,-0.2593096,0.3617149,0.5323541,-0.28236997,0.17739983,0.4906996,-0.014593284,0.08922799
3.8730369,7.874495,-0.42837638,7,0,0,00:00.0,00:00.0,uploads\f2e6d795-3777-11f0-84b6-581122bb7f2c\20210509T040000+1000_REC_58.wav,False,0,0,0,0,0,0,0,0,0,0,0,0,insects,-6.0422935,-0.006438596,-0.22586879,0.9488826,-0.03909845,-0.2508865,0.3545535,0.5271767,-0.24377598,0.19828932,0.52879566,-0.061740022,0.14843659
3.8840714,7.871195,-0.42401245,7,0,0,00:00.0,00:00.0,uploads\f2e6d795-3777-11f0-84b6-581122bb7f2c\20210509T040000+1000_REC_59.wav,False,0,0,0,0,0,0,0,0,0,0,0,0,insects,-6.0510297,0.061482828,-0.22431104,0.9215204,-0.015840484,-0.24490462,0.2770339,0.54045606,-0.21745853,0.14701886,0.5385908,-0.050887104,0.14342159
4.2998433,7.1757555,0.20895699,7,0,0,00:00.0,00:00.0,uploads\f2e6d795-3777-11f0-84b6-581122bb7f2c\20210509T040000+1000_REC_60.wav,False,0,0,0,0,0,0,0,0,0,0,0,0,insects,-6.0680733,0.026990268,-0.20624878,0.8167118,0.08495063,-0.28038394,0.360915,0.48653993,-0.19640623,0.14120771,0.52337193,0.027835224,0.10614711
4.167735,7.490214,-0.09649893,7,0,0,00:00.0,00:00.0,uploads\f2e6d795-3777-11f0-84b6-581122bb7f2c\20210509T040000+1000_REC_61.wav,False,0,0,0,0,0,0,0,0,0,0,0,0,insects,-6.0517817,0.026553232,-0.19723895,0.92717034,0.013230332,-0.27916875,0.36383766,0.48189443,-0.24219538,0.17934018,0.4920913,-0.044613045,0.09682335
4.3836045,7.151069,0.20526668,7,0,0,00:00.0,00:00.0,uploads\f2e6d795-3777-11f0-84b6-581122bb7f2c\20210509T040000+1000_REC_62.wav,False,0,0,0,0,0,0,0,0,0,0,0,0,insects,-6.071478,0.019821025,-0.2342301,0.78330564,0.021885538,-0.25228882,0.36055666,0.471929,-0.18953611,0.18478951,0.5063436,-0.0119228605,0.09907736
4.189626,7.473469,-0.08718217,7,0,0,00:00.0,00:00.0,uploads\f2e6d795-3777-11f0-84b6-581122bb7f2c\20210509T040000+1000_REC_63.wav,False,0,0,0,0,0,0,0,0,0,0,0,0,insects,-6.0500684,0.09168976,-0.21264128,0.9300447,0.017139165,-0.27691233,0.37264743,0.48994985,-0.2395955,0.20024048,0.5146835,-0.046954308,0.123082146
4.4601912,7.196787,0.089946985,7,0,0,00:00.0,00:00.0,uploads\f2e6d795-3777-11f0-84b6-581122bb7f2c\20210509T040000+1000_REC_64.wav,False,0,0,0,0,0,0,0,0,0,0,0,0,insects,-6.063928,0.09184131,-0.15696827,0.89967734,0.004809338,-0.21025547,0.3574784,0.46763274,-0.21432953,0.18506749,0.51612264,-0.050736915,0.12157506
4.468497,7.193462,0.07664913,7,0,0,00:00.0,00:00.0,uploads\f2e6d795-3777-11f0-84b6-581122bb7f2c\20210509T040000+1000_REC_65.wav,False,0,0,0,0,0,0,0,0,0,0,0,0,insects,-6.065973,0.11603168,-0.18443005,0.88952476,-0.009896219,-0.20775928,0.33990753,0.47312576,-0.21608023,0.16219299,0.48599625,-0.038272332,0.12474017
4.192273,7.393783,0.002036649,7,0,0,00:00.0,00:00.0,uploads\f2e6d795-3777-11f0-84b6-581122bb7f2c\20210509T040000+1000_REC_66.wav,False,0,0,0,0,0,0,0,0,0,0,0,0,insects,-6.0576296,-0.028117998,-0.22549984,0.89847964,0.025959685,-0.2430676,0.3539509,0.49596807,-0.21019539,0.18692754,0.49353814,-2.6392641e-05,0.09342016
4.221849,7.311617,0.07178151,7,0,0,00:00.0,00:00.0,uploads\f2e6d795-3777-11f0-84b6-581122bb7f2c\20210509T040000+1000_REC_67.wav,False,0,0,0,0,0,0,0,0,0,0,0,0,insects,-6.0631742,-0.014755622,-0.20405269,0.8793007,0.032521714,-0.24636133,0.34522763,0.47072634,-0.2169897,0.16700985,0.4859317,-0.00028549126,0.1028734
4.137007,7.4196215,0.008717954,7,0,0,00:00.0,00:00.0,uploads\f2e6d795-3777-11f0-84b6-581122bb7f2c\20210509T040000+1000_REC_68.wav,False,0,0,0,0,0,0,0,0,0,0,0,0,insects,-6.0553136,-0.01328746,-0.24972034,0.8785271,0.08159649,-0.25665486,0.3628979,0.5133345,-0.2259613,0.1685057,0.5128433,-0.013718913,0.09293013
4.202425,7.3450274,0.048865017,7,0,0,00:00.0,00:00.0,uploads\f2e6d795-3777-11f0-84b6-581122bb7f2c\20210509T040000+1000_REC_69.wav,False,0,0,0,0,0,0,0,0,0,0,0,0,insects,-6.062147,-0.02584071,-0.20134015,0.8804106,0.022927864,-0.17581622,0.34703767,0.4802446,-0.22579733,0.14955968,0.51614195,-0.07166938,0.14072134
4.216093,7.3177385,0.08249238,7,0,0,00:00.0,00:00.0,uploads\f2e6d795-3777-11f0-84b6-581122bb7f2c\20210509T040000+1000_REC_70.wav,False,0,0,0,0,0,0,0,0,0,0,0,0,insects,-6.066312,-0.016495919,-0.20278856,0.83664095,0.046503372,-0.23312949,0.35970932,0.47036976,-0.20127982,0.15832315,0.5189557,-0.05583581,0.13150229
4.2049956,7.3289423,0.067457445,7,0,0,00:00.0,00:00.0,uploads\f2e6d795-3777-11f0-84b6-581122bb7f2c\20210509T040000+1000_REC_71.wav,False,0,0,0,0,0,0,0,0,0,0,0,0,insects,-6.0639462,-0.0026626892,-0.1941611,0.8659422,0.07176923,-0.21876049,0.33105212,0.504507,-0.22671145,0.15777765,0.5092656,-0.036567576,0.12495165
3.8809776,7.8713436,-0.42686552,7,0,0,00:00.0,00:00.0,uploads\f2e6d795-3777-11f0-84b6-581122bb7f2c\20210509T040000+1000_REC_72.wav,False,0,0,0,0,0,0,0,0,0,0,0,0,insects,-6.052415,0.062332883,-0.20422035,0.90530497,-0.07847817,-0.22766992,0.31942457,0.5220544,-0.24037702,0.18012585,0.53489006,-0.043689962,0.14838627
4.3322425,7.2240496,0.055129424,7,0,0,00:00.0,00:00.0,uploads\f2e6d795-3777-11f0-84b6-581122bb7f2c\20210509T040000+1000_REC_73.wav,True,0,0,0,0,1,0,0,0,0,0,0,0,insects,-6.067715,0.038288657,-0.21109095,0.8481386,0.0141368965,-0.23671715,0.34435284,0.4859135,-0.22998251,0.19779128,0.46858,0.045242254,0.0768331
4.206511,7.3431077,0.050833322,7,0,0,00:00.0,00:00.0,uploads\f2e6d795-3777-11f0-84b6-581122bb7f2c\20210509T040000+1000_REC_74.wav,False,0,0,0,0,0,0,0,0,0,0,0,0,insects,-6.064948,-0.016542338,-0.19940199,0.8787729,0.011239361,-0.18301103,0.3225935,0.46509066,-0.19030237,0.112871945,0.5258411,-0.06679779,0.12332202
4.2984967,7.1923637,0.1810836,7,0,0,00:00.0,00:00.0,uploads\f2e6d795-3777-11f0-84b6-581122bb7f2c\20210509T040000+1000_REC_75.wav,False,0,0,0,0,0,0,0,0,0,0,0,0,insects,-6.067285,0.012512626,-0.19128755,0.84626484,0.0756535,-0.24429715,0.39375973,0.45831278,-0.20080557,0.13914368,0.49568418,-0.046067934,0.10476699
4.3544226,7.2052,0.1693071,7,0,0,00:00.0,00:00.0,uploads\f2e6d795-3777-11f0-84b6-581122bb7f2c\20210509T040000+1000_REC_76.wav,True,0,0,0,0,1,0,0,0,0,0,0,0,insects,-6.0625587,0.06602919,-0.21951897,0.8633628,0.017946403,-0.25902116,0.40492126,0.4530994,-0.22415711,0.19319977,0.48037794,-0.013427881,0.074664034
4.3762436,7.085246,0.26198918,7,0,0,00:00.0,00:00.0,uploads\f2e6d795-3777-11f0-84b6-581122bb7f2c\20210509T040000+1000_REC_77.wav,False,0,0,0,0,0,0,0,0,0,0,0,0,insects,-6.071781,0.021648519,-0.20011832,0.82014793,0.09123609,-0.24986206,0.3941925,0.45199108,-0.17541656,0.12511708,0.48711252,-0.026741989,0.061238844
4.301735,7.2678013,0.111813635,7,0,0,00:00.0,00:00.0,uploads\f2e6d795-3777-11f0-84b6-581122bb7f2c\20210509T040000+1000_REC_78.wav,False,0,0,0,0,0,0,0,0,0,0,0,0,insects,-6.062842,0.024382066,-0.23528734,0.8634014,0.027796974,-0.21818139,0.37899503,0.46506938,-0.21697184,0.16104998,0.5012181,-0.04528742,0.108425476
4.422331,7.058954,0.27032652,7,0,0,00:00.0,00:00.0,uploads\f2e6d795-3777-11f0-84b6-581122bb7f2c\20210509T040000+1000_REC_79.wav,False,0,0,0,0,0,0,0,0,0,0,0,0,insects,-6.0774727,0.030913917,-0.18039858,0.79129565,0.072408766,-0.23424225,0.3890747,0.42857605,-0.19179252,0.15099019,0.48231837,-0.042300504,0.09474372
4.2981334,7.2724338,0.1097989,7,0,0,00:00.0,00:00.0,uploads\f2e6d795-3777-11f0-84b6-581122bb7f2c\20210509T040000+1000_REC_80.wav,False,0,0,0,0,0,0,0,0,0,0,0,0,insects,-6.0614696,0.029005341,-0.21402363,0.8863046,0.020086167,-0.22604415,0.39735198,0.45360598,-0.22220618,0.18519881,0.49077526,-0.031518564,0.10438055
4.4098377,7.080315,0.24566783,7,0,0,00:00.0,00:00.0,uploads\f2e6d795-3777-11f0-84b6-581122bb7f2c\20210509T040000+1000_REC_81.wav,False,0,0,0,0,0,0,0,0,0,0,0,0,insects,-6.076811,-0.0019799087,-0.18192445,0.8036069,0.020513061,-0.21104683,0.36911848,0.43854788,-0.18483292,0.15742406,0.49253768,-0.010903517,0.08727625
4.4139657,7.065944,0.26470897,7,0,0,00:00.0,00:00.0,uploads\f2e6d795-3777-11f0-84b6-581122bb7f2c\20210509T040000+1000_REC_82.wav,False,0,0,0,0,0,0,0,0,0,0,0,0,insects,-6.076432,0.027394189,-0.19887383,0.8096509,0.07247219,-0.22764732,0.36654198,0.44874313,-0.16260388,0.1383563,0.4922848,-0.023157563,0.0956707
4.4216204,7.148982,0.20812707,7,0,0,00:00.0,00:00.0,uploads\f2e6d795-3777-11f0-84b6-581122bb7f2c\20210509T040000+1000_REC_83.wav,False,0,0,0,0,0,0,0,0,0,0,0,0,insects,-6.068724,0.052439496,-0.23682393,0.8361997,0.06773119,-0.2605519,0.39805055,0.4406909,-0.20305617,0.16436213,0.46066022,-0.0016813705,0.08641855
4.4092355,7.142712,0.23089747,7,0,0,00:00.0,00:00.0,uploads\f2e6d795-3777-11f0-84b6-581122bb7f2c\20210509T040000+1000_REC_84.wav,False,0,0,0,0,0,0,0,0,0,0,0,0,insects,-6.0658326,0.038610753,-0.25640583,0.84164876,0.04099929,-0.23968665,0.3807613,0.48384055,-0.18949966,0.15596025,0.48833337,0.0067606573,0.10064524
4.521082,7.1612687,0.07636926,7,0,0,00:00.0,00:00.0,uploads\f2e6d795-3777-11f0-84b6-581122bb7f2c\20210509T040000+1000_REC_85.wav,False,0,0,0,0,0,0,0,0,0,0,0,0,insects,-6.07777,0.09208503,-0.16612206,0.8289018,-0.0098382225,-0.20165652,0.35171205,0.42395014,-0.20722464,0.1853029,0.46391574,-0.027765157,0.13078253
4.3644323,7.1271524,0.20751339,7,0,0,00:00.0,00:00.0,uploads\f2e6d795-3777-11f0-84b6-581122bb7f2c\20210509T040000+1000_REC_86.wav,False,0,0,0,0,0,0,0,0,0,0,0,0,insects,-6.070875,0.013032136,-0.17294401,0.837127,0.028677216,-0.19707906,0.3640554,0.464937,-0.21768431,0.17302804,0.5005201,-0.04015831,0.08784104
4.275024,7.3035216,0.07812295,7,0,0,00:00.0,00:00.0,uploads\f2e6d795-3777-11f0-84b6-581122bb7f2c\20210509T040000+1000_REC_87.wav,False,0,0,0,0,0,0,0,0,0,0,0,0,insects,-6.063414,0.0027054138,-0.23143542,0.87775093,-0.02102885,-0.18900764,0.3865267,0.45601752,-0.20347945,0.17062034,0.46739945,-0.06772132,0.12261397
4.418055,7.145772,0.21310425,7,0,0,00:00.0,00:00.0,uploads\f2e6d795-3777-11f0-84b6-581122bb7f2c\20210509T040000+1000_REC_88.wav,False,0,0,0,0,0,0,0,0,0,0,0,0,insects,-6.0682707,0.045433357,-0.2291498,0.83761525,0.043252956,-0.23533535,0.38032237,0.4470452,-0.22015513,0.1711276,0.47946686,-0.017449187,0.10035162
4.949466,6.8594,0.40985,7,0,0,00:00.0,00:00.0,uploads\f2e6d795-3777-11f0-84b6-581122bb7f2c\20210509T040000+1000_REC_89.wav,False,0,0,0,0,0,0,0,0,0,0,0,0,insects,-6.0485783,0.06362424,-0.29991248,0.94174737,0.005336412,-0.25847825,0.3978466,0.46655253,-0.23485464,0.19765607,0.46452615,0.041800864,0.081026
4.2692018,7.3105783,0.07770254,7,0,0,00:00.0,00:00.0,uploads\f2e6d795-3777-11f0-84b6-581122bb7f2c\20210509T040000+1000_REC_90.wav,False,0,0,0,0,0,0,0,0,0,0,0,0,insects,-6.0627446,0.020525347,-0.22528884,0.8896675,-0.011647541,-0.20460354,0.3616462,0.46440354,-0.19544186,0.17148219,0.4865833,-0.05327249,0.1294849
4.27716,7.293936,0.09762284,7,0,0,00:00.0,00:00.0,uploads\f2e6d795-3777-11f0-84b6-581122bb7f2c\20210509T040000+1000_REC_91.wav,False,0,0,0,0,0,0,0,0,0,0,0,0,insects,-6.0639834,0.10669861,-0.25300127,0.8595477,-0.021469286,-0.20889163,0.38191217,0.46663162,-0.21987443,0.17553116,0.4780531,-0.03572951,0.12542316
4.2840867,7.2573633,0.106931284,7,0,0,00:00.0,00:00.0,uploads\f2e6d795-3777-11f0-84b6-581122bb7f2c\20210509T040000+1000_REC_92.wav,True,0,0,0,0,1,0,0,0,0,0,0,0,insects,-6.0717287,-0.019355642,-0.18330604,0.8375309,0.007875765,-0.21833755,0.35458666,0.4545704,-0.21925129,0.20974348,0.4618076,0.014382696,0.09346853
4.6157575,6.9628415,0.29710746,7,0,0,00:00.0,00:00.0,uploads\f2e6d795-3777-11f0-84b6-581122bb7f2c\20210509T040000+1000_REC_93.wav,False,0,0,0,0,0,0,0,0,0,0,0,0,insects,-6.0818067,0.0191066,-0.18991867,0.80234456,0.059038866,-0.21953224,0.41545984,0.40637526,-0.14662838,0.17165679,0.44652048,0.0078071365,0.100450315
4.6312776,7.0233054,0.27173907,7,0,0,00:00.0,00:00.0,uploads\f2e6d795-3777-11f0-84b6-581122bb7f2c\20210509T040000+1000_REC_94.wav,False,0,0,0,0,0,0,0,0,0,0,0,0,insects,-6.070602,0.0066766324,-0.2135687,0.87326646,0.06492739,-0.22659373,0.3760158,0.42568538,-0.18682358,0.13280691,0.44541907,0.003070293,0.10704087
4.498563,7.168542,0.07888497,7,0,0,00:00.0,00:00.0,uploads\f2e6d795-3777-11f0-84b6-581122bb7f2c\20210509T040000+1000_REC_95.wav,False,0,0,0,0,0,0,0,0,0,0,0,0,insects,-6.073387,0.086011894,-0.18521394,0.84124666,-0.02389954,-0.22414796,0.34174123,0.45080808,-0.20922346,0.11740904,0.4489496,-0.01715651,0.121960044
4.6403255,7.009149,0.27144998,7,0,0,00:00.0,00:00.0,uploads\f2e6d795-3777-11f0-84b6-581122bb7f2c\20210509T040000+1000_REC_96.wav,False,0,0,0,0,0,0,0,0,0,0,0,0,insects,-6.070152,0.045645807,-0.22981992,0.8891404,0.042071365,-0.20291954,0.36493003,0.43148342,-0.20039895,0.1527426,0.43337682,0.020109387,0.12559865
4.6259694,7.0084577,0.26780775,7,0,0,00:00.0,00:00.0,uploads\f2e6d795-3777-11f0-84b6-581122bb7f2c\20210509T040000+1000_REC_97.wav,False,0,0,0,0,0,0,0,0,0,0,0,0,insects,-6.072177,0.18322532,-0.21089405,0.86807215,0.016087936,-0.21295182,0.35835376,0.43719319,-0.19717875,0.14416066,0.47194088,0.05530872,0.079592206
4.6232266,6.9740396,0.28810054,7,0,0,00:00.0,00:00.0,uploads\f2e6d795-3777-11f0-84b6-581122bb7f2c\20210509T040000+1000_REC_98.wav,False,0,0,0,0,0,0,0,0,0,0,0,0,insects,-6.081479,0.039352532,-0.19501607,0.81978595,0.058145076,-0.19200918,0.3483854,0.4369085,-0.14801034,0.13846144,0.48414698,0.032196034,0.10381173
4.643012,6.98995,0.2941733,7,0,0,00:00.0,00:00.0,uploads\f2e6d795-3777-11f0-84b6-581122bb7f2c\20210509T040000+1000_REC_99.wav,False,0,0,0,0,0,0,0,0,0,0,0,0,insects,-6.0712214,0.03643128,-0.21732013,0.87364715,0.054562878,-0.23159975,0.39397717,0.4521063,-0.17052141,0.18526077,0.41940644,0.038395315,0.07752456
4.6549754,6.960798,0.30006158,7,0,0,00:00.0,00:00.0,uploads\f2e6d795-3777-11f0-84b6-581122bb7f2c\20210509T040000+1000_REC_100.wav,False,0,0,0,0,0,0,0,0,0,0,0,0,insects,-6.0790834,0.0677431,-0.21945198,0.82748616,0.031722695,-0.19706205,0.37491062,0.41866484,-0.17172417,0.16463022,0.44509387,0.009840699,0.104639426
4.6610456,6.949083,0.30780026,7,0,0,00:00.0,00:00.0,uploads\f2e6d795-3777-11f0-84b6-581122bb7f2c\20210509T040000+1000_REC_101.wav,False,0,0,0,0,0,0,0,0,0,0,0,0,insects,-6.082493,0.071093515,-0.19607764,0.82502556,0.049609724,-0.20541678,0.3882881,0.39844987,-0.16088915,0.18913074,0.43556172,0.040250733,0.09782134
4.6650095,6.9407544,0.30774122,7,0,0,00:00.0,00:00.0,uploads\f2e6d795-3777-11f0-84b6-581122bb7f2c\20210509T040000+1000_REC_102.wav,False,0,0,0,0,0,0,0,0,0,0,0,0,insects,-6.0855613,0.030304193,-0.19736552,0.800026,0.07548365,-0.18679228,0.399789,0.41081712,-0.13952594,0.15875322,0.43863454,0.02667289,0.09497831
4.5302625,7.0803423,0.21731806,7,0,0,00:00.0,00:00.0,uploads\f2e6d795-3777-11f0-84b6-581122bb7f2c\20210509T040000+1000_REC_103.wav,True,0,0,0,0,1,0,0,0,0,0,0,0,insects,-6.069843,0.065506674,-0.20696461,0.8585909,0.012600741,-0.20061976,0.3923856,0.4728491,-0.20339449,0.16616975,0.46829468,0.02120348,0.08484927
4.490425,7.1501937,0.12607309,7,0,0,00:00.0,00:00.0,uploads\f2e6d795-3777-11f0-84b6-581122bb7f2c\20210509T040000+1000_REC_104.wav,False,0,0,0,0,0,0,0,0,0,0,0,0,insects,-6.0695214,0.07168057,-0.19747044,0.8693157,0.018812798,-0.18171237,0.3648788,0.46023923,-0.21171561,0.1568968,0.5006315,-0.004116231,0.108513065
4.491821,7.1746736,0.068643734,7,0,0,00:00.0,00:00.0,uploads\f2e6d795-3777-11f0-84b6-581122bb7f2c\20210509T040000+1000_REC_105.wav,False,0,0,0,0,0,0,0,0,0,0,0,0,insects,-6.0754256,0.097211555,-0.16882586,0.81444013,-0.057175662,-0.18985647,0.34354582,0.48520765,-0.16594374,0.15385415,0.5080165,-0.04079338,0.13349956
4.6393623,6.976608,0.262438,7,0,0,00:00.0,00:00.0,uploads\f2e6d795-3777-11f0-84b6-581122bb7f2c\20210509T040000+1000_REC_106.wav,False,0,0,0,0,0,0,0,0,0,0,0,0,insects,-6.08961,0.086109236,-0.14220409,0.80986667,0.019387364,-0.18340547,0.36593935,0.39239922,-0.15365931,0.19138367,0.40063763,-0.013753901,0.15512119
4.508127,7.169226,0.080506586,7,0,0,00:00.0,00:00.0,uploads\f2e6d795-3777-11f0-84b6-581122bb7f2c\20210509T040000+1000_REC_107.wav,False,0,0,0,0,0,0,0,0,0,0,0,0,insects,-6.0672054,0.06451488,-0.1866891,0.8914887,-0.051841322,-0.2018803,0.3588208,0.42038852,-0.21371174,0.20017715,0.47081602,-0.020979585,0.116122164
4.666828,6.969268,0.2643015,7,0,0,00:00.0,00:00.0,uploads\f2e6d795-3777-11f0-84b6-581122bb7f2c\20210509T040000+1000_REC_108.wav,False,0,0,0,0,0,0,0,0,0,0,0,0,insects,-6.0983596,0.08183648,-0.12671816,0.75269425,0.059832618,-0.15947789,0.32741195,0.41340262,-0.13580969,0.1448698,0.41868967,-0.017745756,0.13114884
4.48479,7.1821556,0.06433901,7,0,0,00:00.0,00:00.0,uploads\f2e6d795-3777-11f0-84b6-581122bb7f2c\20210509T040000+1000_REC_109.wav,True,0,0,0,0,1,0,1,0,0,0,0,0,insects,-6.0723324,0.25646564,-0.17228705,0.814599,-0.02217102,-0.20491365,0.27108476,0.52182513,-0.18511991,0.13325568,0.51040506,-0.061274152,0.07723055
4.414003,7.2683654,0.01126451,7,0,0,00:00.0,00:00.0,uploads\f2e6d795-3777-11f0-84b6-581122bb7f2c\20210509T040000+1000_REC_110.wav,False,0,0,0,0,0,0,0,0,0,0,0,0,insects,-6.0556693,0.18823747,-0.21927144,0.9220953,-0.036425173,-0.1926336,0.33420593,0.53643274,-0.21863309,0.18413599,0.49273905,-0.043116488,0.078574054
4.209145,7.46243,-0.0850076,7,0,0,00:00.0,00:00.0,uploads\f2e6d795-3777-11f0-84b6-581122bb7f2c\20210509T040000+1000_REC_111.wav,False,0,0,0,0,0,0,0,0,0,0,0,0,insects,-6.0457907,0.1422777,-0.26815906,0.9703265,-0.060006842,-0.21214363,0.35462794,0.49089494,-0.25152156,0.20701617,0.4836119,-0.026339488,0.13488777
4.614444,7.0722504,0.17106277,7,0,0,00:00.0,00:00.0,uploads\f2e6d795-3777-11f0-84b6-581122bb7f2c\20210509T040000+1000_REC_112.wav,False,0,0,0,0,0,0,0,0,0,0,0,0,insects,-6.062583,0.26216957,-0.15875155,0.8858993,-0.12668341,-0.28753576,0.33826417,0.44027576,-0.19728051,0.23332734,0.42913195,-0.01820265,0.066489525
4.9355264,6.8493514,0.40965307,7,0,0,00:00.0,00:00.0,uploads\f2e6d795-3777-11f0-84b6-581122bb7f2c\20210509T040000+1000_REC_113.wav,False,0,0,0,0,0,0,0,0,0,0,0,0,insects,-6.057546,0.13359714,-0.2666983,0.9561743,-0.028616834,-0.21610317,0.36915478,0.43618885,-0.2116722,0.2288644,0.41350374,0.029602423,0.111248426
4.269616,7.309102,0.06964428,7,0,0,00:00.0,00:00.0,uploads\f2e6d795-3777-11f0-84b6-581122bb7f2c\20210509T040000+1000_REC_114.wav,False,0,0,0,0,0,0,0,0,0,0,0,0,insects,-6.068185,0.004262229,-0.23085104,0.8562927,-0.0076210415,-0.17738329,0.36576933,0.43046823,-0.2009268,0.19054359,0.4974841,-0.04865653,0.16310686
4.4916296,7.1906667,0.06326703,7,0,0,00:00.0,00:00.0,uploads\f2e6d795-3777-11f0-84b6-581122bb7f2c\20210509T040000+1000_REC_116.wav,False,0,0,0,0,0,0,0,0,0,0,0,0,insects,-6.0652504,0.12956281,-0.17796737,0.9216534,-0.07252685,-0.1442823,0.37391132,0.4370601,-0.20012836,0.2276363,0.47201383,-0.054682028,0.19032167
4.7820086,6.9132457,0.33967,7,0,0,00:00.0,00:00.0,uploads\f2e6d795-3777-11f0-84b6-581122bb7f2c\20210509T040000+1000_REC_117.wav,False,0,0,0,0,0,0,0,0,0,0,0,0,insects,-6.0670877,0.15241764,-0.1816393,0.9293776,0.017087692,-0.21973571,0.39915282,0.41584235,-0.20373309,0.21974291,0.41525328,0.027017005,0.08137296
4.841158,6.8609405,0.3779161,7,0,0,00:00.0,00:00.0,uploads\f2e6d795-3777-11f0-84b6-581122bb7f2c\20210509T040000+1000_REC_118.wav,False,0,0,0,0,0,0,0,0,0,0,0,0,insects,-6.0663714,0.21906239,-0.23177934,0.88273597,0.0049433187,-0.22476982,0.39765188,0.43848452,-0.20919909,0.25469324,0.42589647,-0.0029449349,0.1219425
4.7136807,6.9279556,0.3296543,7,0,0,00:00.0,00:00.0,uploads\f2e6d795-3777-11f0-84b6-581122bb7f2c\20210509T040000+1000_REC_119.wav,False,0,0,0,0,0,0,0,0,0,0,0,0,insects,-6.0780554,0.12954532,-0.208855,0.83974403,0.016655719,-0.20503396,0.37099433,0.42422947,-0.19220704,0.19172359,0.42846268,0.030100374,0.09850365
4.650368,6.9522433,0.3079841,7,0,0,00:00.0,00:00.0,uploads\f2e6d795-3777-11f0-84b6-581122bb7f2c\20210509T040000+1000_REC_120.wav,True,0,0,0,0,1,0,0,0,0,0,0,0,insects,-6.0787125,0.05415976,-0.22466849,0.8120398,0.00577154,-0.20592979,0.37168944,0.3929999,-0.17457062,0.1687619,0.48253888,0.022122454,0.13943759
4.927852,6.780541,0.44160062,7,0,0,00:00.0,00:00.0,uploads\f2e6d795-3777-11f0-84b6-581122bb7f2c\20210509T040000+1000_REC_121.wav,False,0,0,0,0,0,0,0,0,0,0,0,0,insects,-6.062021,0.111326,-0.26025754,0.90566766,0.042394225,-0.18297383,0.42534027,0.42360726,-0.2453328,0.26696882,0.41018936,-0.038981337,0.15399396
4.2685738,7.3172503,0.08445617,7,0,0,00:00.0,00:00.0,uploads\f2e6d795-3777-11f0-84b6-581122bb7f2c\20210509T040000+1000_REC_123.wav,False,0,0,0,0,0,0,0,0,0,0,0,0,insects,-6.0563374,0.10068046,-0.22265527,0.9133686,-0.025213325,-0.23022035,0.4110767,0.44903418,-0.2513131,0.1806409,0.45838168,-0.05402725,0.14115913
4.4741893,7.2157574,0.028931726,7,0,0,00:00.0,00:00.0,uploads\f2e6d795-3777-11f0-84b6-581122bb7f2c\20210509T040000+1000_REC_124.wav,False,0,0,0,0,0,0,0,0,0,0,0,0,insects,-6.075644,0.09377811,-0.18006511,0.83111084,-0.012467044,-0.19241486,0.41585636,0.4061124,-0.18407643,0.22152448,0.45258036,-0.075449154,0.19691968
6.5449405,6.4065027,1.9099823,7,0,0,00:00.0,00:00.0,uploads\f2e6d795-3777-11f0-84b6-581122bb7f2c\20210509T040000+1000_REC_125.wav,False,0,0,0,0,0,0,0,0,0,0,0,0,insects,-6.0469146,0.052033156,-0.23252882,0.9585799,-0.0678286,-0.21475086,0.40025377,0.4407838,-0.27948532,0.2720166,0.45739248,-0.054289207,0.16976894
6.9071712,6.3925986,2.3265674,7,0,0,00:00.0,00:00.0,uploads\f2e6d795-3777-11f0-84b6-581122bb7f2c\20210509T040000+1000_REC_126.wav,False,0,0,0,0,0,0,0,0,0,0,0,0,insects,-6.015389,0.16566904,-0.38909873,1.0749279,-0.07784416,-0.23590559,0.4153935,0.47843933,-0.29840901,0.28077742,0.43670017,-0.044346817,0.18353713
6.7721815,6.3795943,2.1961975,7,0,0,00:00.0,00:00.0,uploads\f2e6d795-3777-11f0-84b6-581122bb7f2c\20210509T040000+1000_REC_127.wav,True,0,0,0,0,1,0,0,0,0,0,0,0,insects,-6.026045,0.12763995,-0.2798039,1.0554105,-0.13905248,-0.14934902,0.3685583,0.50420284,-0.28033695,0.23561208,0.49505475,-0.10362,0.23017316
6.818548,6.3877106,2.2351336,7,0,0,00:00.0,00:00.0,uploads\f2e6d795-3777-11f0-84b6-581122bb7f2c\20210509T040000+1000_REC_128.wav,False,0,0,0,0,0,0,0,0,0,0,0,0,insects,-6.023579,0.10796115,-0.3295382,1.027898,-0.06442814,-0.22036579,0.3713751,0.5046935,-0.29515654,0.26963788,0.5290464,-0.06594691,0.1418199
6.551434,6.4013395,1.9185507,7,0,0,00:00.0,00:00.0,uploads\f2e6d795-3777-11f0-84b6-581122bb7f2c\20210509T040000+1000_REC_129.wav,False,0,0,0,0,0,0,0,0,0,0,0,0,insects,-6.039366,0.11737305,-0.24389103,0.9808146,-0.026369896,-0.2005992,0.36142614,0.48194236,-0.34112322,0.23988415,0.48730054,-0.06924893,0.19029497
6.5790234,6.38645,1.9491563,7,0,0,00:00.0,00:00.0,uploads\f2e6d795-3777-11f0-84b6-581122bb7f2c\20210509T040000+1000_REC_130.wav,False,0,0,0,0,0,0,0,0,0,0,0,0,insects,-6.0375996,0.11869832,-0.24690667,1.0392246,-0.10559887,-0.16770242,0.33943862,0.45123655,-0.26915202,0.23036651,0.4682311,-0.09971819,0.19215223
6.7389655,6.3861294,2.1557665,7,0,0,00:00.0,00:00.0,uploads\f2e6d795-3777-11f0-84b6-581122bb7f2c\20210509T040000+1000_REC_131.wav,False,0,0,0,0,0,0,0,0,0,0,0,0,insects,-6.029684,0.020963538,-0.26766703,1.0329486,-0.103287645,-0.089997314,0.3246749,0.47306657,-0.3350048,0.24139793,0.5141708,-0.12840101,0.22715625
6.79431,6.3958087,2.2120063,7,0,0,00:00.0,00:00.0,uploads\f2e6d795-3777-11f0-84b6-581122bb7f2c\20210509T040000+1000_REC_132.wav,False,0,0,0,0,0,0,0,0,0,0,0,0,insects,-6.0347323,-0.008025095,-0.2890108,1.0399573,-0.14350787,-0.14649515,0.36692947,0.47199553,-0.22897816,0.24636371,0.4637473,-0.04540313,0.1636876
6.9679213,6.4105306,2.3899589,7,0,0,00:00.0,00:00.0,uploads\f2e6d795-3777-11f0-84b6-581122bb7f2c\20210509T040000+1000_REC_133.wav,False,0,0,0,0,0,0,0,0,0,0,0,0,insects,-6.0380483,0.10415302,-0.32395458,0.99601066,-0.098386176,-0.21249804,0.39879167,0.42611417,-0.2787644,0.30590066,0.38921615,-0.049730036,0.20940787
6.7255187,6.3777533,2.1466331,7,0,0,00:00.0,00:00.0,uploads\f2e6d795-3777-11f0-84b6-581122bb7f2c\20210509T040000+1000_REC_134.wav,False,0,0,0,0,0,0,0,0,0,0,0,0,insects,-6.0289526,0.015222552,-0.31599468,1.0278043,-0.072447546,-0.16320616,0.38173452,0.49759308,-0.27628312,0.25036004,0.48463878,-0.098811455,0.20368679
6.554205,6.399268,1.9206426,7,0,0,00:00.0,00:00.0,uploads\f2e6d795-3777-11f0-84b6-581122bb7f2c\20210509T040000+1000_REC_135.wav,False,0,0,0,0,0,0,0,0,0,0,0,0,insects,-6.049483,0.094964474,-0.26007253,0.94274944,-0.056151975,-0.1503548,0.36815536,0.47440186,-0.2810138,0.25629625,0.44915015,-0.1081688,0.21129882
6.8744426,6.4064703,2.2848966,7,0,0,00:00.0,00:00.0,uploads\f2e6d795-3777-11f0-84b6-581122bb7f2c\20210509T040000+1000_REC_139.wav,False,0,0,0,0,0,0,0,0,0,0,0,0,insects,-6.0455914,0.0700367,-0.3060363,1.0002079,-0.089578226,-0.13965796,0.35182917,0.4680324,-0.24900663,0.27437225,0.39127135,-0.03719189,0.19297187
6.9547977,6.4145265,2.3692694,7,0,0,00:00.0,00:00.0,uploads\f2e6d795-3777-11f0-84b6-581122bb7f2c\20210509T040000+1000_REC_141.wav,False,0,0,0,0,0,0,0,0,0,0,0,0,insects,-6.04206,0.16368826,-0.33285362,1.0162752,-0.09100461,-0.14288655,0.34441963,0.43048432,-0.26927856,0.26359722,0.40438613,-0.029391507,0.22050071
6.975466,6.4087644,2.3995261,7,0,0,00:00.0,00:00.0,uploads\f2e6d795-3777-11f0-84b6-581122bb7f2c\20210509T040000+1000_REC_146.wav,False,0,0,0,0,0,0,0,0,0,0,0,0,insects,-6.028897,0.12239353,-0.32351053,1.025388,-0.1420253,-0.16796336,0.34613624,0.47129795,-0.29975754,0.30516303,0.46443582,-0.065824434,0.23013227
6.749713,6.386907,2.16695,7,0,0,00:00.0,00:00.0,uploads\f2e6d795-3777-11f0-84b6-581122bb7f2c\20210509T040000+1000_REC_252.wav,True,0,0,0,0,1,0,0,0,0,0,0,0,insects,-6.036044,0.17047973,-0.25276357,1.0197796,-0.17189154,-0.042245623,0.31448343,0.4913052,-0.31406596,0.24518739,0.47697324,-0.116541326,0.21500812
4.8299007,6.861494,0.37937388,7,0,0,00:00.0,00:00.0,uploads\f2e6d795-3777-11f0-84b6-581122bb7f2c\20210509T060000+1000_REC_16.wav,False,0,0,0,0,0,0,0,0,0,0,0,0,insects,-6.09733,0.77569175,-0.3036881,0.39894482,-0.22651647,0.08317897,0.23466972,0.21378705,0.16016641,0.25915515,0.15396686,0.23977835,0.2512782
6.41966,6.331584,1.7285243,7,0,0,00:00.0,00:00.0,uploads\f2e6d795-3777-11f0-84b6-581122bb7f2c\20210509T140000+1000_REC_33.wav,False,0,0,0,0,0,0,0,0,0,0,0,0,insects,-6.08081,0.1395202,0.105545826,0.8053416,-0.34884706,0.23370758,-0.027137794,0.49521846,-0.08016327,0.13198207,0.4687132,-0.008111372,0.3392788
4.5242305,6.999122,0.28443128,7,0,0,00:00.0,00:00.0,uploads\f2e6d795-3777-11f0-84b6-581122bb7f2c\20210509T160000+1000_REC_131.wav,False,0,0,0,0,0,0,0,0,0,0,0,0,insects,-6.142713,-0.040760674,-0.07702291,0.45823705,0.19590646,0.101967275,0.079958394,0.3498041,0.15431628,0.0684209,0.32978785,0.102383174,0.18048142
6.9152217,5.7431436,1.7078875,7,0,0,00:00.0,00:00.0,uploads\f2e6d795-3777-11f0-84b6-581122bb7f2c\20210509T160000+1000_REC_167.wav,False,0,0,0,0,0,0,0,0,0,0,0,0,insects,-5.933766,0.3313416,-0.6543263,1.3071337,-0.4060987,0.5586938,-0.117837295,0.4768992,0.17377298,0.16555403,0.45159113,0.09925566,0.42209327
6.8279347,6.3443227,2.2911115,7,0,0,00:00.0,00:00.0,uploads\f2e6d795-3777-11f0-84b6-581122bb7f2c\20210509T160000+1000_REC_202.wav,False,0,0,0,0,0,0,0,0,0,0,0,0,insects,-5.970655,0.4303484,-0.13759016,1.1203115,-0.673964,0.42930803,0.044213302,0.62534636,-0.0823656,0.24968487,0.45604756,-0.14893569,0.38396704
6.973558,5.700033,1.7069381,7,0,0,00:00.0,00:00.0,uploads\f2e6d795-3777-11f0-84b6-581122bb7f2c\20210509T160000+1000_REC_225.wav,False,0,0,0,0,0,0,0,0,0,0,0,0,insects,-5.982224,0.43500882,-0.44162148,1.0853451,-0.60817856,0.64450014,-0.0025942423,0.24717279,0.113407105,0.2167198,0.36597818,0.009330214,0.34506434
7.0075827,6.414934,2.4256625,7,0,0,00:00.0,00:00.0,uploads\f2e6d795-3777-11f0-84b6-581122bb7f2c\20210509T180000+1000_REC_52.wav,False,0,0,0,0,0,0,0,0,0,0,0,0,insects,-5.943246,0.3868307,-0.9717909,0.9215095,0.12534459,0.0057631577,0.11633537,0.3359555,-0.380209,0.5207008,0.5030273,-0.3202001,0.22780107
3.994072,7.72967,-0.30138612,7,0,0,00:00.0,00:00.0,uploads\f2e6d795-3777-11f0-84b6-581122bb7f2c\20210509T180000+1000_REC_59.wav,True,0,0,0,0,1,0,0,0,0,0,0,0,insects,-5.9705667,0.07722238,-0.82757217,0.8553786,0.16282335,-0.022012496,0.021422178,0.5245654,-0.4383338,0.45029724,0.5829735,-0.20237945,0.22873451
4.65004,6.930019,0.33469024,7,0,0,00:00.0,00:00.0,uploads\f2e6d795-3777-11f0-84b6-581122bb7f2c\20210509T180000+1000_REC_81.wav,True,0,1,0,0,1,0,0,0,0,0,0,0,insects,-6.02089,-0.047839392,-0.69152933,0.8485858,0.32342532,-0.075316556,0.22235772,0.35882583,-0.192088,0.35522738,0.5330468,-0.18226892,0.24724779
4.7248645,6.95201,0.2521136,7,0,0,00:00.0,00:00.0,uploads\f2e6d795-3777-11f0-84b6-581122bb7f2c\20210509T220000+1000_REC_187.wav,False,0,0,0,0,0,0,0,0,0,0,0,0,insects,-6.1128893,0.19609256,0.13506842,0.52526295,0.2116878,0.5137744,0.31531724,0.04072413,0.10929493,0.63584477,0.22430514,-0.027772821,0.30286735
6.5229673,5.0051837,0.68983257,8,0,0,00:00.0,00:00.0,uploads\f2e6d795-3777-11f0-84b6-581122bb7f2c\20210509T020000+1000_REC_48.wav,False,0,0,0,0,0,0,0,0,0,0,0,0,insects,-6.0448937,0.31509346,-0.33999866,1.0415344,-0.16110341,-0.07656058,0.3747758,0.3330428,-0.22280978,0.36853522,0.15401083,0.119975515,0.2861575
6.5191035,4.990839,0.6976078,8,0,0,00:00.0,00:00.0,uploads\f2e6d795-3777-11f0-84b6-581122bb7f2c\20210509T020000+1000_REC_52.wav,False,0,0,0,0,0,0,0,0,0,0,0,0,insects,-6.04541,0.4019538,-0.33282304,1.0054837,-0.17307581,-0.08767898,0.40512413,0.3078357,-0.2123019,0.39262173,0.14875215,0.08496781,0.29201746
6.3938885,4.8578463,0.26204318,8,0,0,00:00.0,00:00.0,uploads\f2e6d795-3777-11f0-84b6-581122bb7f2c\20210509T020000+1000_REC_54.wav,False,0,0,0,0,0,0,0,0,0,0,0,0,insects,-6.057185,0.3198332,-0.32107538,0.98611546,-0.17668517,-0.055839397,0.33258492,0.31942448,-0.17398512,0.39234936,0.14734426,0.09159353,0.29183853
6.533935,5.0031724,0.71782917,8,0,0,00:00.0,00:00.0,uploads\f2e6d795-3777-11f0-84b6-581122bb7f2c\20210509T020000+1000_REC_56.wav,False,0,0,0,0,0,0,0,0,0,0,0,0,insects,-6.03715,0.3511304,-0.3786872,1.0273447,-0.1939365,-0.1188908,0.39344823,0.3014931,-0.21024755,0.4129609,0.13960606,0.09472605,0.32869428
6.5389214,5.0102844,0.73974687,8,0,0,00:00.0,00:00.0,uploads\f2e6d795-3777-11f0-84b6-581122bb7f2c\20210509T020000+1000_REC_58.wav,False,0,0,0,0,0,0,0,0,0,0,0,0,insects,-6.049409,0.3019019,-0.34708935,0.9604355,-0.16200131,-0.0833566,0.43042785,0.2927535,-0.23135868,0.4334251,0.1461146,0.074945904,0.3383366
6.379459,4.8683977,0.25285494,8,0,0,00:00.0,00:00.0,uploads\f2e6d795-3777-11f0-84b6-581122bb7f2c\20210509T020000+1000_REC_60.wav,False,0,0,0,0,0,0,0,0,0,0,0,0,insects,-6.057581,0.3709511,-0.3371803,0.95698446,-0.16743527,-0.04554996,0.36602685,0.30382863,-0.1725724,0.41984987,0.10941838,0.10703904,0.27712223
6.45061,4.877262,0.40651354,8,0,0,00:00.0,00:00.0,uploads\f2e6d795-3777-11f0-84b6-581122bb7f2c\20210509T020000+1000_REC_63.wav,False,0,0,0,0,0,0,0,0,0,0,0,0,insects,-6.063605,0.1618581,-0.2694953,1.0026455,-0.18323605,-0.021639029,0.36579418,0.2889694,-0.14838016,0.38087755,0.19327441,0.082996644,0.24989079
6.3533955,4.9026723,0.30160373,8,0,0,00:00.0,00:00.0,uploads\f2e6d795-3777-11f0-84b6-581122bb7f2c\20210509T020000+1000_REC_64.wav,False,0,0,0,0,0,0,0,0,0,0,0,0,insects,-6.0595565,0.18033217,-0.28903374,1.004666,-0.18627205,-0.046709042,0.39558792,0.3101452,-0.15680927,0.37140745,0.16023223,0.12920885,0.26510063
6.497229,4.945802,0.5863749,8,0,0,00:00.0,00:00.0,uploads\f2e6d795-3777-11f0-84b6-581122bb7f2c\20210509T020000+1000_REC_65.wav,False,0,0,0,0,0,0,0,0,0,0,0,0,insects,-6.0577602,0.19690146,-0.2875001,1.0235343,-0.22174232,-0.009686245,0.37251487,0.29888815,-0.14395566,0.35065815,0.20739333,0.051802423,0.24589688
6.528001,4.9947925,0.6904069,8,0,0,00:00.0,00:00.0,uploads\f2e6d795-3777-11f0-84b6-581122bb7f2c\20210509T020000+1000_REC_66.wav,False,0,0,0,0,0,0,0,0,0,0,0,0,insects,-6.044122,0.23545852,-0.3734145,1.0316098,-0.16623703,-0.0778795,0.40954855,0.31958538,-0.21304753,0.37913284,0.2164856,0.079556175,0.24935085
6.36101,4.597165,-0.13803844,8,0,0,00:00.0,00:00.0,uploads\f2e6d795-3777-11f0-84b6-581122bb7f2c\20210509T020000+1000_REC_67.wav,False,0,0,0,0,0,0,0,0,0,0,0,0,insects,-6.0807962,0.24066392,-0.2793249,0.8854162,-0.13035694,-0.039739992,0.3739942,0.25848633,-0.1407266,0.33121973,0.1813457,0.0725427,0.28961542
6.5261335,4.983836,0.6778993,8,0,0,00:00.0,00:00.0,uploads\f2e6d795-3777-11f0-84b6-581122bb7f2c\20210509T020000+1000_REC_68.wav,False,0,0,0,0,0,0,0,0,0,0,0,0,insects,-6.052839,0.22252567,-0.32190636,1.0231271,-0.16415806,-0.033433247,0.4049854,0.34345457,-0.19713955,0.3346944,0.22581042,0.07205744,0.25283885
6.341425,4.8136506,0.119819134,8,0,0,00:00.0,00:00.0,uploads\f2e6d795-3777-11f0-84b6-581122bb7f2c\20210509T020000+1000_REC_69.wav,False,0,0,0,0,0,0,0,0,0,0,0,0,insects,-6.076623,0.23530899,-0.2883123,0.9292188,-0.1249937,-0.012347663,0.3202174,0.31566322,-0.14503816,0.34640715,0.17174292,0.13841666,0.27387497
6.2584414,4.9815526,0.20466423,8,0,0,00:00.0,00:00.0,uploads\f2e6d795-3777-11f0-84b6-581122bb7f2c\20210509T020000+1000_REC_70.wav,False,0,0,0,0,0,0,0,0,0,0,0,0,insects,-6.0699086,0.23454131,-0.27106592,0.98216367,-0.115591645,-0.034662172,0.3807317,0.31863776,-0.14608279,0.324266,0.19658624,0.15487684,0.22966896
6.538778,4.953707,0.68504524,8,0,0,00:00.0,00:00.0,uploads\f2e6d795-3777-11f0-84b6-581122bb7f2c\20210509T020000+1000_REC_71.wav,False,0,0,0,0,0,0,0,0,0,0,0,0,insects,-6.063838,0.21995728,-0.2978799,0.9450363,-0.18825522,-0.052515812,0.42251024,0.2847206,-0.15939943,0.40126762,0.13292189,0.071471184,0.2698944
6.3681793,4.440526,-0.37152374,8,0,0,00:00.0,00:00.0,uploads\f2e6d795-3777-11f0-84b6-581122bb7f2c\20210509T020000+1000_REC_72.wav,True,0,0,0,0,1,0,0,0,0,0,0,0,insects,-6.0704517,0.18955222,-0.27549133,0.9556683,-0.14513224,-0.070729904,0.4105378,0.24178445,-0.12305982,0.36042538,0.13651875,0.12303413,0.28967234
6.282913,4.9865623,0.25485173,8,0,0,00:00.0,00:00.0,uploads\f2e6d795-3777-11f0-84b6-581122bb7f2c\20210509T020000+1000_REC_73.wav,False,0,0,0,0,0,0,0,0,0,0,0,0,insects,-6.066262,0.24728271,-0.32624653,0.98679763,-0.08359235,-0.064611875,0.3700498,0.264966,-0.14906777,0.33559048,0.15293638,0.10860379,0.25431544
6.4767103,3.941544,-1.0378706,8,0,0,00:00.0,00:00.0,uploads\f2e6d795-3777-11f0-84b6-581122bb7f2c\20210509T020000+1000_REC_74.wav,False,0,0,0,0,0,0,0,0,0,0,0,0,insects,-6.0749087,0.24196358,-0.27173054,0.8935408,-0.13485561,-0.051386774,0.4039171,0.22352698,-0.13815765,0.42648232,0.08029834,0.14208406,0.33084902
6.2537847,5.0350566,0.27376097,8,0,0,00:00.0,00:00.0,uploads\f2e6d795-3777-11f0-84b6-581122bb7f2c\20210509T020000+1000_REC_75.wav,False,0,0,0,0,0,0,0,0,0,0,0,0,insects,-6.0627856,0.27650312,-0.35546243,0.97535264,-0.11762304,-0.07304452,0.3743723,0.30058676,-0.15394638,0.33866227,0.16426663,0.12340321,0.19680326
6.5038586,4.957495,0.644809,8,0,0,00:00.0,00:00.0,uploads\f2e6d795-3777-11f0-84b6-581122bb7f2c\20210509T020000+1000_REC_76.wav,False,0,0,0,0,0,0,0,0,0,0,0,0,insects,-6.061711,0.25566873,-0.30564225,0.96087253,-0.16957568,-0.07518558,0.36319065,0.31051227,-0.19445941,0.36974433,0.19861925,0.05915054,0.26634988
6.234421,5.0513086,0.27864125,8,0,0,00:00.0,00:00.0,uploads\f2e6d795-3777-11f0-84b6-581122bb7f2c\20210509T020000+1000_REC_77.wav,False,0,0,0,0,0,0,0,0,0,0,0,0,insects,-6.051217,0.19605646,-0.36712855,1.0277297,-0.11787585,-0.0989858,0.4136265,0.33489966,-0.16719563,0.34050298,0.17887476,0.14151007,0.23410219
6.529981,4.9983563,0.69505334,8,0,0,00:00.0,00:00.0,uploads\f2e6d795-3777-11f0-84b6-581122bb7f2c\20210509T020000+1000_REC_78.wav,False,0,0,0,0,0,0,0,0,0,0,0,0,insects,-6.0478897,0.18192537,-0.34773287,1.0263445,-0.12796186,-0.060731117,0.37456554,0.3643561,-0.21983056,0.37853235,0.20915045,0.103083104,0.33417732
6.2353907,5.048737,0.30026034,8,0,0,00:00.0,00:00.0,uploads\f2e6d795-3777-11f0-84b6-581122bb7f2c\20210509T020000+1000_REC_79.wav,False,0,0,0,0,0,0,0,0,0,0,0,0,insects,-6.0478644,0.26004305,-0.31034192,1.090901,-0.13295063,-0.047091264,0.4003502,0.3456521,-0.13925742,0.3447332,0.21102284,0.13640621,0.2332408
6.4736967,3.876641,-1.0056164,8,0,0,00:00.0,00:00.0,uploads\f2e6d795-3777-11f0-84b6-581122bb7f2c\20210509T020000+1000_REC_80.wav,False,0,0,0,0,0,0,0,0,0,0,0,0,insects,-6.077199,0.28868613,-0.32689297,0.85222197,-0.1261702,0.02857334,0.40670106,0.18250209,-0.15018162,0.4212823,0.03836766,0.15315549,0.30834827
6.472225,3.8134506,-1.0829822,8,0,0,00:00.0,00:00.0,uploads\f2e6d795-3777-11f0-84b6-581122bb7f2c\20210509T020000+1000_REC_81.wav,False,0,0,0,0,0,0,0,0,0,0,0,0,insects,-6.079658,0.23376466,-0.2428201,0.8811253,-0.16766377,0.01224166,0.4030783,0.19172437,-0.11386069,0.40893996,0.072821535,0.1555818,0.3610917
6.535714,3.9098356,-1.3255367,8,0,0,00:00.0,00:00.0,uploads\f2e6d795-3777-11f0-84b6-581122bb7f2c\20210509T020000+1000_REC_82.wav,False,0,0,0,0,0,0,0,0,0,0,0,0,insects,-6.073212,0.27348632,-0.26381385,0.879052,-0.18285191,-0.0042862725,0.43752435,0.25484,-0.11381954,0.4447478,0.04733005,0.11502657,0.3355769
6.4937944,3.8924394,-0.7809879,8,0,0,00:00.0,00:00.0,uploads\f2e6d795-3777-11f0-84b6-581122bb7f2c\20210509T020000+1000_REC_83.wav,False,0,0,0,0,0,0,0,0,0,0,0,0,insects,-6.0787992,0.27298358,-0.26089558,0.9069545,-0.15399347,-0.007963864,0.39322972,0.23650883,-0.09170794,0.38107142,0.03522667,0.18573894,0.26064658
6.4056115,4.1278358,-0.6961287,8,0,0,00:00.0,00:00.0,uploads\f2e6d795-3777-11f0-84b6-581122bb7f2c\20210509T020000+1000_REC_84.wav,False,0,0,0,0,0,0,0,0,0,0,0,0,insects,-6.0798683,0.29378018,-0.25579965,0.8613156,-0.21740104,-0.084298,0.3740412,0.30120245,-0.06809164,0.34984285,0.056964558,0.1623695,0.27187052
6.4217815,3.655112,-0.8647223,8,0,0,00:00.0,00:00.0,uploads\f2e6d795-3777-11f0-84b6-581122bb7f2c\20210509T020000+1000_REC_85.wav,False,0,0,0,0,0,0,0,0,0,0,0,0,insects,-6.084573,0.26188633,-0.2423503,0.86898273,-0.14448114,0.0001163268,0.3888415,0.22236171,-0.10295425,0.40087438,0.08008207,0.13272928,0.29291552
6.3341804,4.7939262,0.09005266,8,0,0,00:00.0,00:00.0,uploads\f2e6d795-3777-11f0-84b6-581122bb7f2c\20210509T020000+1000_REC_86.wav,False,0,0,0,0,0,0,0,0,0,0,0,0,insects,-6.076116,0.276563,-0.29407108,0.9242357,-0.13790406,-0.043876294,0.32496324,0.31960115,-0.09101117,0.365622,0.17244956,0.13240112,0.27213246
6.3349104,4.6167407,-0.14654653,8,0,0,00:00.0,00:00.0,uploads\f2e6d795-3777-11f0-84b6-581122bb7f2c\20210509T020000+1000_REC_87.wav,True,0,0,0,0,1,0,0,0,0,0,0,0,insects,-6.075889,0.27818117,-0.2490755,0.9364856,-0.17546317,-0.085762866,0.33485416,0.27081737,-0.111939915,0.32757324,0.1574027,0.1844368,0.24775206
6.328794,4.7176433,-0.009524862,8,0,0,00:00.0,00:00.0,uploads\f2e6d795-3777-11f0-84b6-581122bb7f2c\20210509T020000+1000_REC_88.wav,False,0,0,0,0,0,0,0,0,0,0,0,0,insects,-6.0721726,0.28676063,-0.24224564,0.9538604,-0.20498429,-0.060780596,0.35844785,0.27506056,-0.08751016,0.35899693,0.15750183,0.12102052,0.26269576
6.3103046,4.7882166,0.053483907,8,0,0,00:00.0,00:00.0,uploads\f2e6d795-3777-11f0-84b6-581122bb7f2c\20210509T020000+1000_REC_89.wav,False,0,0,0,0,0,0,0,0,0,0,0,0,insects,-6.0680556,0.21156791,-0.31408188,0.9694039,-0.15756306,-0.047424182,0.36265033,0.28971338,-0.12432802,0.34432074,0.17029366,0.1386888,0.25280142
6.4196973,4.0833526,-0.89909774,8,0,0,00:00.0,00:00.0,uploads\f2e6d795-3777-11f0-84b6-581122bb7f2c\20210509T020000+1000_REC_91.wav,False,0,0,0,0,0,0,0,0,0,0,0,0,insects,-6.0692334,0.24439596,-0.25293002,0.9670484,-0.120475754,-0.033298194,0.39224517,0.28322288,-0.11916835,0.3937161,0.073084705,0.13486679,0.3444357
6.4272428,3.637441,-0.7900668,8,0,0,00:00.0,00:00.0,uploads\f2e6d795-3777-11f0-84b6-581122bb7f2c\20210509T020000+1000_REC_92.wav,False,0,0,0,0,0,0,0,0,0,0,0,0,insects,-6.0816708,0.21299459,-0.25014654,0.91468817,-0.14952531,0.015071963,0.35367647,0.2431672,-0.09201878,0.37530026,0.11479407,0.1854726,0.30741397
6.4713125,3.785459,-1.4258755,8,0,0,00:00.0,00:00.0,uploads\f2e6d795-3777-11f0-84b6-581122bb7f2c\20210509T020000+1000_REC_93.wav,False,0,0,0,0,0,0,0,0,0,0,0,0,insects,-6.0800934,0.24520096,-0.23212434,0.88156533,-0.16079232,-0.008622528,0.39929968,0.16070752,-0.1254792,0.42022535,0.09544495,0.10321921,0.33658528
6.411877,4.145222,-0.762985,8,0,0,00:00.0,00:00.0,uploads\f2e6d795-3777-11f0-84b6-581122bb7f2c\20210509T020000+1000_REC_94.wav,False,0,0,0,0,0,0,0,0,0,0,0,0,insects,-6.0729322,0.22865139,-0.27595326,0.9318504,-0.16023245,-0.02823503,0.39551604,0.26032016,-0.10437898,0.38230792,0.06267286,0.10856836,0.3079463
6.4022603,3.615282,-0.84547347,8,0,0,00:00.0,00:00.0,uploads\f2e6d795-3777-11f0-84b6-581122bb7f2c\20210509T020000+1000_REC_95.wav,False,0,0,0,0,0,0,0,0,0,0,0,0,insects,-6.084898,0.28752947,-0.22227694,0.8890173,-0.13773544,-0.011142418,0.35293052,0.24887188,-0.106650434,0.36794022,0.057306025,0.16162384,0.28404975
6.498073,3.9505954,-0.827203,8,0,0,00:00.0,00:00.0,uploads\f2e6d795-3777-11f0-84b6-581122bb7f2c\20210509T020000+1000_REC_96.wav,False,0,0,0,0,0,0,0,0,0,0,0,0,insects,-6.0721254,0.24937217,-0.24539608,0.9475795,-0.14722098,-0.032096043,0.42156574,0.22511241,-0.10239589,0.40575632,0.07874379,0.17981812,0.3041236
6.345821,4.5821667,-0.16061836,8,0,0,00:00.0,00:00.0,uploads\f2e6d795-3777-11f0-84b6-581122bb7f2c\20210509T020000+1000_REC_97.wav,False,0,0,0,0,0,0,0,0,0,0,0,0,insects,-6.0761356,0.24654438,-0.23732811,0.9541302,-0.13229738,0.0043620532,0.3791642,0.29857346,-0.07959181,0.38555586,0.1612959,0.1442264,0.29323843
6.4921756,3.9398844,-0.8206451,8,0,0,00:00.0,00:00.0,uploads\f2e6d795-3777-11f0-84b6-581122bb7f2c\20210509T020000+1000_REC_98.wav,False,0,0,0,0,0,0,0,0,0,0,0,0,insects,-6.0714865,0.27396965,-0.25574893,0.9385696,-0.15799335,-0.039924454,0.39888915,0.20758988,-0.10666365,0.4101661,0.028260125,0.1918192,0.29938254
6.338028,4.600362,-0.1660102,8,0,0,00:00.0,00:00.0,uploads\f2e6d795-3777-11f0-84b6-581122bb7f2c\20210509T020000+1000_REC_99.wav,False,0,0,0,0,0,0,0,0,0,0,0,0,insects,-6.0761538,0.22923082,-0.30551833,0.9241039,-0.12632962,-0.03699593,0.37136716,0.26082274,-0.1270864,0.33463383,0.14184985,0.14983568,0.27489182
6.3349986,4.6085963,-0.15293887,8,0,0,00:00.0,00:00.0,uploads\f2e6d795-3777-11f0-84b6-581122bb7f2c\20210509T020000+1000_REC_100.wav,False,0,0,0,0,0,0,0,0,0,0,0,0,insects,-6.074929,0.23461886,-0.24903367,0.93966407,-0.15062332,-0.058418535,0.36560512,0.27327102,-0.13271697,0.35504976,0.13043693,0.15504101,0.29073575
6.3317122,4.6353602,-0.12829782,8,0,0,00:00.0,00:00.0,uploads\f2e6d795-3777-11f0-84b6-581122bb7f2c\20210509T020000+1000_REC_101.wav,False,0,0,0,0,0,0,0,0,0,0,0,0,insects,-6.0722694,0.22098249,-0.29514205,0.95686346,-0.12855792,-0.036652695,0.38518652,0.26673955,-0.12086481,0.3271818,0.1254611,0.19286014,0.2839908
6.368874,4.4427733,-0.37182358,8,0,0,00:00.0,00:00.0,uploads\f2e6d795-3777-11f0-84b6-581122bb7f2c\20210509T020000+1000_REC_102.wav,False,0,0,0,0,0,0,0,0,0,0,0,0,insects,-6.0689282,0.22121957,-0.3062456,0.95759463,-0.1265986,-0.039298657,0.40795517,0.2880643,-0.117841765,0.37667036,0.084661365,0.12217686,0.2534206
6.3353567,4.610831,-0.15296687,8,0,0,00:00.0,00:00.0,uploads\f2e6d795-3777-11f0-84b6-581122bb7f2c\20210509T020000+1000_REC_103.wav,True,0,0,0,0,1,0,0,0,0,0,0,0,insects,-6.083227,0.23013711,-0.28611037,0.8947577,-0.1317862,-0.024937086,0.35081306,0.2682443,-0.103716895,0.32129174,0.115258716,0.1667397,0.26349828
6.321087,4.6404853,-0.12276983,8,0,0,00:00.0,00:00.0,uploads\f2e6d795-3777-11f0-84b6-581122bb7f2c\20210509T020000+1000_REC_104.wav,False,0,0,0,0,0,0,0,0,0,0,0,0,insects,-6.0749555,0.20100683,-0.27483466,0.9424254,-0.14166103,-0.045854483,0.35923028,0.25304186,-0.12800281,0.36570555,0.13809057,0.20058864,0.25900528
6.367928,4.4331484,-0.37847695,8,0,0,00:00.0,00:00.0,uploads\f2e6d795-3777-11f0-84b6-581122bb7f2c\20210509T020000+1000_REC_105.wav,False,0,0,0,0,0,0,0,0,0,0,0,0,insects,-6.0756893,0.18914934,-0.29177314,0.90961987,-0.14096008,-0.046648312,0.40140122,0.25498453,-0.12416139,0.35757536,0.12783091,0.13055316,0.31587797
6.501914,3.9684303,-0.8502177,8,0,0,00:00.0,00:00.0,uploads\f2e6d795-3777-11f0-84b6-581122bb7f2c\20210509T020000+1000_REC_106.wav,False,0,0,0,0,0,0,0,0,0,0,0,0,insects,-6.0700207,0.24810615,-0.28886977,0.94559705,-0.16025026,-0.0335213,0.40561378,0.21060348,-0.12574498,0.3814517,0.08728622,0.17478259,0.29281485
6.3031225,4.937197,0.24106832,8,0,0,00:00.0,00:00.0,uploads\f2e6d795-3777-11f0-84b6-581122bb7f2c\20210509T020000+1000_REC_107.wav,False,0,0,0,0,0,0,0,0,0,0,0,0,insects,-6.057648,0.26176602,-0.31146687,1.02055,-0.11072048,-0.029869288,0.39481312,0.36062747,-0.12615989,0.39934188,0.19228278,0.12780128,0.25438344
6.3355875,4.611075,-0.1528407,8,0,0,00:00.0,00:00.0,uploads\f2e6d795-3777-11f0-84b6-581122bb7f2c\20210509T020000+1000_REC_108.wav,False,0,0,0,0,0,0,0,0,0,0,0,0,insects,-6.0708914,0.3344236,-0.25501522,0.9560582,-0.2217355,-0.037002277,0.31181625,0.2860655,-0.11348905,0.3054646,0.15897416,0.19870088,0.27735254
6.368528,4.416393,-0.3965644,8,0,0,00:00.0,00:00.0,uploads\f2e6d795-3777-11f0-84b6-581122bb7f2c\20210509T020000+1000_REC_109.wav,False,0,0,0,0,0,0,0,0,0,0,0,0,insects,-6.066746,0.25231183,-0.34099823,0.93968093,-0.190185,-0.041574035,0.38470715,0.26721266,-0.09891886,0.37058568,0.12105084,0.14957973,0.29547745
6.3695393,4.67717,-0.008823874,8,0,0,00:00.0,00:00.0,uploads\f2e6d795-3777-11f0-84b6-581122bb7f2c\20210509T020000+1000_REC_110.wav,False,0,0,0,0,0,0,0,0,0,0,0,0,insects,-6.0660663,0.2777036,-0.26737535,0.9732193,-0.17309296,-0.058670484,0.35776448,0.2555342,-0.15720758,0.36642042,0.18191952,0.10875154,0.3033934
6.318577,4.9199576,0.24461727,8,0,0,00:00.0,00:00.0,uploads\f2e6d795-3777-11f0-84b6-581122bb7f2c\20210509T020000+1000_REC_111.wav,False,0,0,0,0,0,0,0,0,0,0,0,0,insects,-6.046071,0.2562866,-0.3104216,1.0654358,-0.15942378,-0.07220809,0.45720425,0.31262904,-0.10317043,0.43447614,0.14126618,0.13422187,0.25378853
6.1383767,5.2953506,0.39364615,8,0,0,00:00.0,00:00.0,uploads\f2e6d795-3777-11f0-84b6-581122bb7f2c\20210509T020000+1000_REC_114.wav,False,0,0,0,0,0,0,0,0,0,0,0,0,insects,-6.0566864,0.39806142,-0.29612637,1.0462201,-0.0791923,-0.03566426,0.33132088,0.3734214,-0.14197025,0.3168421,0.19375794,0.14416598,0.19859272
6.372223,4.8696675,0.25253516,8,0,0,00:00.0,00:00.0,uploads\f2e6d795-3777-11f0-84b6-581122bb7f2c\20210509T020000+1000_REC_116.wav,False,0,0,0,0,0,0,0,0,0,0,0,0,insects,-6.0615664,0.36812168,-0.31109044,0.9697965,-0.17104621,-0.010034044,0.36537078,0.3245773,-0.152832,0.36072633,0.15695864,0.10722743,0.28183123
6.3795867,4.907837,0.31456187,8,0,0,00:00.0,00:00.0,uploads\f2e6d795-3777-11f0-84b6-581122bb7f2c\20210509T020000+1000_REC_117.wav,True,0,0,0,0,1,0,0,0,0,0,0,0,insects,-6.0559716,0.37053624,-0.33227235,0.98582256,-0.1372828,-0.0802847,0.3840692,0.28176853,-0.17150307,0.38963574,0.11157483,0.10966161,0.25893083
6.5378184,4.9999094,0.71171314,8,0,0,00:00.0,00:00.0,uploads\f2e6d795-3777-11f0-84b6-581122bb7f2c\20210509T020000+1000_REC_118.wav,False,0,0,0,0,0,0,0,0,0,0,0,0,insects,-6.0336156,0.3806208,-0.3632005,1.0703907,-0.20750439,-0.06986617,0.40305743,0.31961566,-0.21658841,0.3546453,0.17250416,0.08842903,0.3128392
6.3539186,4.8541107,0.18070272,8,0,0,00:00.0,00:00.0,uploads\f2e6d795-3777-11f0-84b6-581122bb7f2c\20210509T020000+1000_REC_119.wav,False,0,0,0,0,0,0,0,0,0,0,0,0,insects,-6.070831,0.3640657,-0.30931792,0.91527486,-0.13224426,-0.045635227,0.2895577,0.32202962,-0.19718392,0.3002984,0.18168668,0.10381412,0.29995784
6.3577766,3.5230486,-0.887978,8,0,0,00:00.0,00:00.0,uploads\f2e6d795-3777-11f0-84b6-581122bb7f2c\20210509T020000+1000_REC_120.wav,False,0,0,0,0,0,0,0,0,0,0,0,0,insects,-6.088894,0.30354786,-0.2139719,0.856631,-0.17180131,0.038626924,0.3392529,0.23550013,-0.10234725,0.3584717,0.08380887,0.11400133,0.31210026
6.299066,3.4770136,-0.98646677,8,0,0,00:00.0,00:00.0,uploads\f2e6d795-3777-11f0-84b6-581122bb7f2c\20210509T020000+1000_REC_121.wav,False,0,0,0,0,0,0,0,0,0,0,0,0,insects,-6.0838947,0.264546,-0.21446317,0.9062102,-0.18119793,0.032109223,0.33782735,0.19670919,-0.10768118,0.3606522,0.10766488,0.12562421,0.3043558
6.4853168,3.7410035,-1.555838,8,0,0,00:00.0,00:00.0,uploads\f2e6d795-3777-11f0-84b6-581122bb7f2c\20210509T020000+1000_REC_122.wav,False,0,0,0,0,0,0,0,0,0,0,0,0,insects,-6.0706162,0.556108,-0.26696053,0.67849004,-0.2866342,-0.096528016,0.38610694,0.21220748,-0.07708932,0.557527,0.13095178,-0.013134299,0.22968465
6.3501863,4.105346,-0.84936696,8,0,0,00:00.0,00:00.0,uploads\f2e6d795-3777-11f0-84b6-581122bb7f2c\20210509T020000+1000_REC_123.wav,False,0,0,0,0,0,0,0,0,0,0,0,0,insects,-6.06665,0.2474062,-0.30801088,0.9205087,-0.21208104,-0.05060358,0.36800277,0.29726902,-0.14905265,0.38359925,0.11880312,0.10922612,0.32304233
6.3372736,4.5904408,-0.18018033,8,0,0,00:00.0,00:00.0,uploads\f2e6d795-3777-11f0-84b6-581122bb7f2c\20210509T020000+1000_REC_124.wav,False,0,0,0,0,0,0,0,0,0,0,0,0,insects,-6.078523,0.32025757,-0.3093122,0.83548206,-0.20744826,-0.051825896,0.3527325,0.29029968,-0.14910749,0.33817512,0.1446022,0.17042975,0.2822015
6.396729,4.174043,-0.71165794,8,0,0,00:00.0,00:00.0,uploads\f2e6d795-3777-11f0-84b6-581122bb7f2c\20210509T020000+1000_REC_125.wav,False,0,0,0,0,0,0,0,0,0,0,0,0,insects,-6.0736594,0.27486727,-0.30592263,0.88989985,-0.18587391,-0.05246017,0.37575388,0.26111326,-0.12660332,0.37224385,0.07953217,0.12806152,0.30200335
6.3843656,3.948111,-1.2137206,8,0,0,00:00.0,00:00.0,uploads\f2e6d795-3777-11f0-84b6-581122bb7f2c\20210509T020000+1000_REC_126.wav,False,0,0,0,0,0,0,0,0,0,0,0,0,insects,-6.060481,0.2749143,-0.29593468,0.9647415,-0.1624682,-0.018985996,0.4001449,0.24056883,-0.1770142,0.41956055,0.07905243,0.083963014,0.35752654
6.414132,4.0206895,-1.03617,8,0,0,00:00.0,00:00.0,uploads\f2e6d795-3777-11f0-84b6-581122bb7f2c\20210509T020000+1000_REC_127.wav,True,0,0,0,0,1,0,0,0,0,0,0,0,insects,-6.066772,0.33645856,-0.25237283,0.96931976,-0.12797482,-0.040715165,0.364439,0.20684372,-0.18423115,0.39520657,0.06637339,0.08770294,0.2740963
6.469079,3.9865742,-1.0288365,8,0,0,00:00.0,00:00.0,uploads\f2e6d795-3777-11f0-84b6-581122bb7f2c\20210509T020000+1000_REC_128.wav,False,0,0,0,0,0,0,0,0,0,0,0,0,insects,-6.0627246,0.42209396,-0.20889218,0.9821181,-0.14456275,-0.0658182,0.3852995,0.2092119,-0.15570892,0.3972411,0.020688277,0.08925352,0.2793187
6.3884773,3.9629338,-1.1871803,8,0,0,00:00.0,00:00.0,uploads\f2e6d795-3777-11f0-84b6-581122bb7f2c\20210509T020000+1000_REC_129.wav,True,0,0,0,0,1,0,0,0,0,0,0,0,insects,-6.0570626,0.3016582,-0.3132393,0.95087844,-0.18389577,-0.026015619,0.43204767,0.2339039,-0.18494548,0.44570437,0.08300526,0.118955486,0.34116215
6.460596,4.028183,-1.0217848,8,0,0,00:00.0,00:00.0,uploads\f2e6d795-3777-11f0-84b6-581122bb7f2c\20210509T020000+1000_REC_130.wav,True,0,0,0,0,1,0,0,0,0,0,0,0,insects,-6.0648146,0.23182702,-0.35885933,0.9021687,-0.21229477,-0.018687924,0.42472085,0.23123492,-0.12515615,0.38683084,0.055497877,0.13190357,0.3452923
6.1073318,3.7273197,-1.383295,8,0,0,00:00.0,00:00.0,uploads\f2e6d795-3777-11f0-84b6-581122bb7f2c\20210509T020000+1000_REC_131.wav,False,0,0,0,0,0,0,0,0,0,0,0,0,insects,-6.0642257,0.26170874,-0.31548405,0.9421354,-0.21942215,-0.052375607,0.32132256,0.2537817,-0.1328793,0.40878755,0.115395516,0.06959862,0.32414794
6.5292363,4.979199,0.702024,8,0,0,00:00.0,00:00.0,uploads\f2e6d795-3777-11f0-84b6-581122bb7f2c\20210509T020000+1000_REC_132.wav,False,0,0,0,0,0,0,0,0,0,0,0,0,insects,-6.061332,0.2522574,-0.2927148,0.94751054,-0.17404437,-0.050855618,0.45336607,0.27772683,-0.19444066,0.39304408,0.122570574,0.05413087,0.26156926
6.2939415,4.9736476,0.26933908,8,0,0,00:00.0,00:00.0,uploads\f2e6d795-3777-11f0-84b6-581122bb7f2c\20210509T020000+1000_REC_133.wav,False,0,0,0,0,0,0,0,0,0,0,0,0,insects,-6.0603213,0.2395485,-0.3399524,0.9978552,-0.10225261,-0.04503056,0.38459283,0.32471466,-0.1585874,0.36149713,0.19039646,0.12877737,0.26339665
6.3701816,4.883217,0.25599426,8,0,0,00:00.0,00:00.0,uploads\f2e6d795-3777-11f0-84b6-581122bb7f2c\20210509T020000+1000_REC_134.wav,False,0,0,0,0,0,0,0,0,0,0,0,0,insects,-6.0574646,0.2811343,-0.40688187,0.9494949,-0.15385537,-0.039469056,0.39645225,0.35848966,-0.13847461,0.36610678,0.1487048,0.08963953,0.26036426
6.5084043,4.9648147,0.6621317,8,0,0,00:00.0,00:00.0,uploads\f2e6d795-3777-11f0-84b6-581122bb7f2c\20210509T020000+1000_REC_135.wav,False,0,0,0,0,0,0,0,0,0,0,0,0,insects,-6.0476856,0.23136312,-0.3351378,1.0245677,-0.2240794,-0.082702644,0.40340242,0.26152518,-0.18203536,0.39252582,0.15166833,0.09587301,0.27554357
6.3638954,4.925939,0.326462,8,0,0,00:00.0,00:00.0,uploads\f2e6d795-3777-11f0-84b6-581122bb7f2c\20210509T020000+1000_REC_136.wav,False,0,0,0,0,0,0,0,0,0,0,0,0,insects,-6.0559897,0.23040676,-0.3330719,0.9970679,-0.15927806,-0.08671785,0.38164976,0.30698156,-0.17752127,0.3788887,0.1560085,0.13576992,0.2754515
6.531455,4.99619,0.71989155,8,0,0,00:00.0,00:00.0,uploads\f2e6d795-3777-11f0-84b6-581122bb7f2c\20210509T020000+1000_REC_137.wav,False,0,0,0,0,0,0,0,0,0,0,0,0,insects,-6.05315,0.2313559,-0.3972598,0.94501734,-0.18234158,-0.027043495,0.42838085,0.28978717,-0.21566947,0.40412164,0.13597703,0.079248935,0.27848434
6.5388956,4.995154,0.70347375,8,0,0,00:00.0,00:00.0,uploads\f2e6d795-3777-11f0-84b6-581122bb7f2c\20210509T020000+1000_REC_138.wav,False,0,0,0,0,0,0,0,0,0,0,0,0,insects,-6.052805,0.20795307,-0.311235,1.0273324,-0.17885138,-0.018679928,0.36425942,0.3520655,-0.18026115,0.37893733,0.20674303,0.057418168,0.2918111
6.301462,4.82109,0.069941446,8,0,0,00:00.0,00:00.0,uploads\f2e6d795-3777-11f0-84b6-581122bb7f2c\20210509T020000+1000_REC_139.wav,True,0,0,0,0,1,0,1,0,0,0,0,0,insects,-6.0619144,0.30299625,-0.2944067,1.0000805,-0.14210868,-0.027266787,0.38755685,0.33436364,-0.124529436,0.36357096,0.15938574,0.1961648,0.26404285
6.5388136,4.9921637,0.7067803,8,0,0,00:00.0,00:00.0,uploads\f2e6d795-3777-11f0-84b6-581122bb7f2c\20210509T020000+1000_REC_140.wav,False,0,0,0,0,0,0,0,0,0,0,0,0,insects,-6.0349298,0.18401578,-0.31869686,1.120631,-0.22627325,-0.045452263,0.3958952,0.32538858,-0.17876603,0.37961715,0.20932107,0.07296975,0.28984886
6.464187,3.8647988,-1.3740762,8,0,0,00:00.0,00:00.0,uploads\f2e6d795-3777-11f0-84b6-581122bb7f2c\20210509T020000+1000_REC_141.wav,False,0,0,0,0,0,0,0,0,0,0,0,0,insects,-6.07313,0.31601533,-0.26652747,0.8638925,-0.15717942,-0.032480285,0.4025244,0.23592539,-0.14948247,0.47508836,0.10488525,0.09202794,0.34893993
6.3327594,4.8355403,0.16923457,8,0,0,00:00.0,00:00.0,uploads\f2e6d795-3777-11f0-84b6-581122bb7f2c\20210509T020000+1000_REC_142.wav,False,0,0,0,0,0,0,0,0,0,0,0,0,insects,-6.070005,0.3133093,-0.26111534,0.96373814,-0.14682136,-0.011646253,0.34526345,0.3273631,-0.1320102,0.34044415,0.2063118,0.092873834,0.3042252
6.3822694,3.5988398,-0.88579637,8,0,0,00:00.0,00:00.0,uploads\f2e6d795-3777-11f0-84b6-581122bb7f2c\20210509T020000+1000_REC_143.wav,True,0,0,0,0,1,0,0,0,0,0,0,0,insects,-6.0825844,0.31069586,-0.19684981,0.8799193,-0.16759889,0.0028766822,0.32938835,0.26421276,-0.15981394,0.40347204,0.077104665,0.15533528,0.29141802
6.4583664,3.9626548,-1.0485749,8,0,0,00:00.0,00:00.0,uploads\f2e6d795-3777-11f0-84b6-581122bb7f2c\20210509T020000+1000_REC_144.wav,False,0,0,0,0,0,0,0,0,0,0,0,0,insects,-6.077193,0.2628945,-0.24616142,0.88827944,-0.1238084,-0.019383151,0.39724365,0.24881473,-0.16466413,0.43688062,0.07753201,0.11922219,0.30046427
6.3306923,3.5075758,-0.940655,8,0,0,00:00.0,00:00.0,uploads\f2e6d795-3777-11f0-84b6-581122bb7f2c\20210509T020000+1000_REC_145.wav,False,0,0,0,0,0,0,0,0,0,0,0,0,insects,-6.0823054,0.294766,-0.2335014,0.8881997,-0.19384654,0.051258113,0.35507956,0.23074017,-0.11776331,0.36908966,0.11088007,0.11142896,0.30306903
6.713237,3.760663,-1.7268772,8,0,0,00:00.0,00:00.0,uploads\f2e6d795-3777-11f0-84b6-581122bb7f2c\20210509T020000+1000_REC_146.wav,False,0,0,0,0,0,0,0,0,0,0,0,0,insects,-6.0674257,0.26585758,-0.26837248,0.89426804,-0.21473016,0.0358767,0.43064645,0.17276955,-0.1440982,0.46986848,0.06308768,0.039518304,0.36123106
6.7293034,3.7625053,-1.7159967,8,0,0,00:00.0,00:00.0,uploads\f2e6d795-3777-11f0-84b6-581122bb7f2c\20210509T020000+1000_REC_147.wav,False,0,0,0,0,0,0,0,0,0,0,0,0,insects,-6.0655947,0.24101166,-0.22204421,0.93472904,-0.19944239,-0.014424958,0.42404854,0.14253962,-0.16265361,0.464304,0.076621,0.035812717,0.35417306
6.568758,3.8824077,-1.421319,8,0,0,00:00.0,00:00.0,uploads\f2e6d795-3777-11f0-84b6-581122bb7f2c\20210509T020000+1000_REC_148.wav,False,0,0,0,0,0,0,0,0,0,0,0,0,insects,-6.0655327,0.28602922,-0.2457089,0.9255626,-0.16066839,-0.05054651,0.40959242,0.197941,-0.15992281,0.47305638,0.048389364,0.07267144,0.3617685
6.3177433,3.9431524,-1.1918281,8,0,0,00:00.0,00:00.0,uploads\f2e6d795-3777-11f0-84b6-581122bb7f2c\20210509T020000+1000_REC_149.wav,False,0,0,0,0,0,0,0,0,0,0,0,0,insects,-6.0683866,0.24049261,-0.2656854,0.93664235,-0.16938442,-0.043159764,0.38777596,0.26016858,-0.14354865,0.42141134,0.09009877,0.09316912,0.33592555
6.3782926,3.7532485,-1.4699444,8,0,0,00:00.0,00:00.0,uploads\f2e6d795-3777-11f0-84b6-581122bb7f2c\20210509T020000+1000_REC_150.wav,False,0,0,0,0,0,0,0,0,0,0,0,0,insects,-6.0720077,0.28867832,-0.24336736,0.8890513,-0.19770038,-0.075357966,0.37546006,0.25119653,-0.115498126,0.48416212,0.15109622,0.07446238,0.3022232
6.407149,3.5967035,-0.8445139,8,0,0,00:00.0,00:00.0,uploads\f2e6d795-3777-11f0-84b6-581122bb7f2c\20210509T020000+1000_REC_151.wav,False,0,0,0,0,0,0,0,0,0,0,0,0,insects,-6.080287,0.2516545,-0.24698213,0.9077077,-0.16257325,0.019903643,0.36708,0.2419577,-0.08837365,0.4012769,0.073792234,0.14460257,0.30112255
6.417946,3.5728416,-0.8143633,8,0,0,00:00.0,00:00.0,uploads\f2e6d795-3777-11f0-84b6-581122bb7f2c\20210509T020000+1000_REC_152.wav,False,0,0,0,0,0,0,0,0,0,0,0,0,insects,-6.087737,0.24340355,-0.22655289,0.8640595,-0.16348961,0.014590129,0.33752188,0.22265588,-0.074840955,0.40512377,0.106287204,0.15199746,0.33158737
6.432927,4.051259,-0.9041726,8,0,0,00:00.0,00:00.0,uploads\f2e6d795-3777-11f0-84b6-581122bb7f2c\20210509T020000+1000_REC_153.wav,False,0,0,0,0,0,0,0,0,0,0,0,0,insects,-6.0725503,0.25821227,-0.2486385,0.9341125,-0.16017833,-0.025340179,0.37966105,0.24847996,-0.14148943,0.394095,0.04988794,0.13695629,0.3161865
6.393008,3.5347965,-0.8306117,8,0,0,00:00.0,00:00.0,uploads\f2e6d795-3777-11f0-84b6-581122bb7f2c\20210509T020000+1000_REC_154.wav,False,0,0,0,0,0,0,0,0,0,0,0,0,insects,-6.092125,0.24296196,-0.23805292,0.85121477,-0.13526694,0.017415045,0.34197596,0.24780472,-0.08879935,0.33691195,0.10160165,0.149568,0.30019805
6.382942,3.5697808,-0.8673355,8,0,0,00:00.0,00:00.0,uploads\f2e6d795-3777-11f0-84b6-581122bb7f2c\20210509T020000+1000_REC_155.wav,False,0,0,0,0,0,0,0,0,0,0,0,0,insects,-6.0892215,0.28147745,-0.21461658,0.8499886,-0.14480099,0.0007627302,0.35107714,0.26562288,-0.111399464,0.36505777,0.08327305,0.13107947,0.31388828
6.3593316,3.5579803,-0.9203132,8,0,0,00:00.0,00:00.0,uploads\f2e6d795-3777-11f0-84b6-581122bb7f2c\20210509T020000+1000_REC_156.wav,True,0,0,0,0,1,0,0,0,0,0,0,0,insects,-6.084427,0.21637037,-0.23216182,0.8736053,-0.1767231,0.008616588,0.36098123,0.23146033,-0.116607584,0.37128952,0.068996176,0.11807119,0.32033342
6.0935655,3.306996,-1.629621,8,0,0,00:00.0,00:00.0,uploads\f2e6d795-3777-11f0-84b6-581122bb7f2c\20210509T020000+1000_REC_157.wav,False,0,0,0,0,0,0,0,0,0,0,0,0,insects,-6.094395,0.28000483,-0.29151785,0.7613602,-0.16843812,0.122347645,0.32504773,0.19571686,-0.078169234,0.40958416,0.12268609,0.060200833,0.3388568
6.3891773,3.5240822,-0.8353656,8,0,0,00:00.0,00:00.0,uploads\f2e6d795-3777-11f0-84b6-581122bb7f2c\20210509T020000+1000_REC_158.wav,False,0,0,0,0,0,0,0,0,0,0,0,0,insects,-6.0942163,0.20948696,-0.1943854,0.8603672,-0.14015764,0.018782968,0.30938083,0.23889506,-0.06958133,0.35231206,0.09663515,0.13437934,0.33256492
6.392381,3.5846555,-0.93844306,8,0,0,00:00.0,00:00.0,uploads\f2e6d795-3777-11f0-84b6-581122bb7f2c\20210509T020000+1000_REC_159.wav,False,0,0,0,0,0,0,0,0,0,0,0,0,insects,-6.079288,0.2750971,-0.208272,0.9178178,-0.1466545,0.04184307,0.3875353,0.23982827,-0.089087315,0.4040093,0.048355162,0.10308874,0.3514395
6.2652183,3.36991,-1.8122727,8,0,0,00:00.0,00:00.0,uploads\f2e6d795-3777-11f0-84b6-581122bb7f2c\20210509T020000+1000_REC_160.wav,False,0,0,0,0,0,0,0,0,0,0,0,0,insects,-6.0811434,0.26833797,-0.14011744,0.8719888,-0.22835353,0.091207795,0.40474015,0.18932837,-0.08223498,0.45156258,0.07478324,0.034895185,0.38082954
6.55207,3.886142,-1.3898486,8,0,0,00:00.0,00:00.0,uploads\f2e6d795-3777-11f0-84b6-581122bb7f2c\20210509T020000+1000_REC_161.wav,False,0,0,0,0,0,0,0,0,0,0,0,0,insects,-6.067327,0.25213417,-0.2286819,0.9258039,-0.1679332,-0.039902057,0.42737362,0.22546396,-0.1463118,0.45333394,0.010467593,0.076855525,0.3553335
6.530251,3.6491218,-1.6917471,8,0,0,00:00.0,00:00.0,uploads\f2e6d795-3777-11f0-84b6-581122bb7f2c\20210509T020000+1000_REC_162.wav,False,0,0,0,0,0,0,0,0,0,0,0,0,insects,-6.0650854,0.22324345,-0.22679606,0.9523716,-0.23800321,0.06237438,0.4049973,0.19213627,-0.13958672,0.44749147,0.1041641,0.04577041,0.3703549
6.55798,3.8827274,-1.4114574,8,0,0,00:00.0,00:00.0,uploads\f2e6d795-3777-11f0-84b6-581122bb7f2c\20210509T020000+1000_REC_163.wav,False,0,0,0,0,0,0,0,0,0,0,0,0,insects,-6.067797,0.28285927,-0.25823158,0.90713227,-0.18358272,-0.02247828,0.44162768,0.21079879,-0.14802213,0.43216076,0.035506826,0.06828546,0.35187912
6.5845504,3.6631722,-1.676621,8,0,0,00:00.0,00:00.0,uploads\f2e6d795-3777-11f0-84b6-581122bb7f2c\20210509T020000+1000_REC_164.wav,False,0,0,0,0,0,0,0,0,0,0,0,0,insects,-6.0843315,0.25776988,-0.15584123,0.8375913,-0.17285489,0.015515548,0.41022328,0.12463123,-0.122960724,0.4681056,0.041586027,0.075283624,0.37075523
6.5827465,3.7885883,-1.5471973,8,0,0,00:00.0,00:00.0,uploads\f2e6d795-3777-11f0-84b6-581122bb7f2c\20210509T020000+1000_REC_165.wav,False,0,0,0,0,0,0,0,0,0,0,0,0,insects,-6.0807557,0.3723877,-0.18064612,0.8674239,-0.12728968,-0.04794993,0.4048365,0.14748248,-0.13108462,0.3966521,0.02622762,0.082734376,0.35220906
6.7146893,3.788452,-1.700707,8,0,0,00:00.0,00:00.0,uploads\f2e6d795-3777-11f0-84b6-581122bb7f2c\20210509T020000+1000_REC_166.wav,False,0,0,0,0,0,0,0,0,0,0,0,0,insects,-6.0741415,0.30990428,-0.15335333,0.90410924,-0.18134923,0.03184204,0.39923775,0.15256748,-0.17658517,0.4196389,0.008527981,0.027148964,0.3752098
6.5430675,3.6290183,-1.6900489,8,0,0,00:00.0,00:00.0,uploads\f2e6d795-3777-11f0-84b6-581122bb7f2c\20210509T020000+1000_REC_167.wav,False,0,0,0,0,0,0,0,0,0,0,0,0,insects,-6.0635557,0.29965538,-0.18954186,0.9774774,-0.22476284,0.049664106,0.4187265,0.17159456,-0.12566435,0.45227334,0.049601097,0.051249307,0.33928147
6.7275653,3.7695277,-1.732228,8,0,0,00:00.0,00:00.0,uploads\f2e6d795-3777-11f0-84b6-581122bb7f2c\20210509T020000+1000_REC_168.wav,False,0,0,0,0,0,0,0,0,0,0,0,0,insects,-6.069435,0.24747138,-0.19804679,0.8857885,-0.22576067,0.009028071,0.42693204,0.16173506,-0.15955803,0.4896012,0.051140882,0.05710525,0.3876968
6.1935897,3.319229,-1.8310621,8,0,0,00:00.0,00:00.0,uploads\f2e6d795-3777-11f0-84b6-581122bb7f2c\20210509T020000+1000_REC_169.wav,False,0,0,0,0,0,0,0,0,0,0,0,0,insects,-6.080947,0.17339702,-0.14330101,0.8694923,-0.24236453,0.04823952,0.38023853,0.21729468,-0.11556571,0.4335009,0.09467533,-0.011585242,0.3644677
6.086088,3.22376,-1.8575755,8,0,0,00:00.0,00:00.0,uploads\f2e6d795-3777-11f0-84b6-581122bb7f2c\20210509T020000+1000_REC_170.wav,False,0,0,0,0,0,0,0,0,0,0,0,0,insects,-6.0663543,0.2985316,-0.2210003,0.92616665,-0.3060906,0.06945054,0.301964,0.20106366,-0.15365003,0.37378153,0.123073965,0.044766355,0.42869434
6.6848736,3.7911506,-1.6762774,8,0,0,00:00.0,00:00.0,uploads\f2e6d795-3777-11f0-84b6-581122bb7f2c\20210509T020000+1000_REC_171.wav,False,0,0,0,0,0,0,0,0,0,0,0,0,insects,-6.065625,0.2508804,-0.23719555,0.9049457,-0.22617893,-0.0053492906,0.446684,0.20104265,-0.1459733,0.4745485,0.039470177,0.04751396,0.35330164
6.169407,3.6792843,-1.3852055,8,0,0,00:00.0,00:00.0,uploads\f2e6d795-3777-11f0-84b6-581122bb7f2c\20210509T020000+1000_REC_172.wav,False,0,0,0,0,0,0,0,0,0,0,0,0,insects,-6.076495,0.20674878,-0.26127273,0.9052664,-0.16644348,-0.006196277,0.35357973,0.24991018,-0.1269721,0.40076724,0.09757331,0.096721925,0.35982215
6.6248436,3.7523026,-1.6701881,8,0,0,00:00.0,00:00.0,uploads\f2e6d795-3777-11f0-84b6-581122bb7f2c\20210509T020000+1000_REC_173.wav,False,0,0,0,0,0,0,0,0,0,0,0,0,insects,-6.0637827,0.2606862,-0.18989277,0.96232593,-0.21458578,0.0032683117,0.43447295,0.24245094,-0.13981006,0.44892934,0.086115494,0.06240524,0.37050104
6.0653553,3.205286,-1.870146,8,0,0,00:00.0,00:00.0,uploads\f2e6d795-3777-11f0-84b6-581122bb7f2c\20210509T020000+1000_REC_174.wav,False,0,0,0,0,0,0,0,0,0,0,0,0,insects,-6.084327,0.2104962,-0.103808634,0.8513096,-0.32619762,0.07291328,0.26758748,0.27542382,-0.086499475,0.387596,0.10058996,0.03078383,0.39248985
6.2671475,3.3854258,-1.7849035,8,0,0,00:00.0,00:00.0,uploads\f2e6d795-3777-11f0-84b6-581122bb7f2c\20210509T020000+1000_REC_175.wav,False,0,0,0,0,0,0,0,0,0,0,0,0,insects,-6.068801,0.2275339,-0.21105427,0.9018966,-0.27968276,0.044897042,0.3806926,0.21607037,-0.11624985,0.45951453,0.08738507,0.033673406,0.40448466
6.2226295,3.386485,-1.5241164,8,0,0,00:00.0,00:00.0,uploads\f2e6d795-3777-11f0-84b6-581122bb7f2c\20210509T020000+1000_REC_176.wav,True,0,0,0,0,1,0,0,0,0,0,0,0,insects,-6.082875,0.26000866,-0.20939471,0.8699578,-0.19597141,0.052631505,0.35787284,0.17827886,-0.08820756,0.41897628,0.050364587,0.07301982,0.3755473
6.180743,3.4692342,-1.4349103,8,0,0,00:00.0,00:00.0,uploads\f2e6d795-3777-11f0-84b6-581122bb7f2c\20210509T020000+1000_REC_177.wav,False,0,0,0,0,0,0,0,0,0,0,0,0,insects,-6.083088,0.21127748,-0.21720707,0.8821439,-0.18866242,0.0073260064,0.3450458,0.20160791,-0.09581626,0.37766856,0.11998391,0.10858544,0.39644122
6.464046,3.7980757,-1.4212397,8,0,0,00:00.0,00:00.0,uploads\f2e6d795-3777-11f0-84b6-581122bb7f2c\20210509T020000+1000_REC_178.wav,False,0,0,0,0,0,0,0,0,0,0,0,0,insects,-6.0801396,0.22779422,-0.2269699,0.86621374,-0.16892761,-0.03549302,0.40615046,0.19272749,-0.122446045,0.41326582,0.07274248,0.09330702,0.36207652
6.1856112,3.4900405,-1.4353675,8,0,0,00:00.0,00:00.0,uploads\f2e6d795-3777-11f0-84b6-581122bb7f2c\20210509T020000+1000_REC_179.wav,False,0,0,0,0,0,0,0,0,0,0,0,0,insects,-6.0750604,0.17270865,-0.27906898,0.9204724,-0.17463213,0.027639529,0.32856792,0.217842,-0.09370722,0.3969112,0.07846062,0.057935517,0.38683626
6.431595,3.6555586,-0.86088973,8,0,0,00:00.0,00:00.0,uploads\f2e6d795-3777-11f0-84b6-581122bb7f2c\20210509T020000+1000_REC_180.wav,False,0,0,0,0,0,0,0,0,0,0,0,0,insects,-6.080721,0.2786658,-0.23453109,0.89681363,-0.13898492,-0.014812052,0.3659957,0.20174058,-0.102304906,0.40302458,0.08044691,0.16906093,0.35072225
6.156337,3.3635585,-1.4926648,8,0,0,00:00.0,00:00.0,uploads\f2e6d795-3777-11f0-84b6-581122bb7f2c\20210509T020000+1000_REC_181.wav,False,0,0,0,0,0,0,0,0,0,0,0,0,insects,-6.082531,0.23139049,-0.24345922,0.8834194,-0.20090361,0.06102376,0.33379757,0.19571239,-0.11311155,0.37208593,0.10310653,0.09758376,0.35663143
6.173495,3.6397343,-1.4149246,8,0,0,00:00.0,00:00.0,uploads\f2e6d795-3777-11f0-84b6-581122bb7f2c\20210509T020000+1000_REC_182.wav,False,0,0,0,0,0,0,0,0,0,0,0,0,insects,-6.0816894,0.23869267,-0.23257802,0.88715917,-0.15558875,-0.013533995,0.35275272,0.21633431,-0.10787235,0.39177445,0.10691382,0.06428685,0.36405185
6.657485,3.765641,-1.6533276,8,0,0,00:00.0,00:00.0,uploads\f2e6d795-3777-11f0-84b6-581122bb7f2c\20210509T020000+1000_REC_183.wav,False,0,0,0,0,0,0,0,0,0,0,0,0,insects,-6.0820527,0.3033943,-0.18799013,0.8584179,-0.14644326,-0.001088203,0.40559813,0.12621714,-0.14631076,0.42345572,0.062093135,0.051034704,0.35555798
6.152764,3.3065233,-1.8416032,8,0,0,00:00.0,00:00.0,uploads\f2e6d795-3777-11f0-84b6-581122bb7f2c\20210509T020000+1000_REC_184.wav,False,0,0,0,0,0,0,0,0,0,0,0,0,insects,-6.0827227,0.2184476,-0.18619363,0.8659843,-0.24536411,0.047105864,0.3626147,0.23041588,-0.11053547,0.37340632,0.14680322,0.0061621205,0.3563613
6.428832,3.6961453,-1.5680143,8,0,0,00:00.0,00:00.0,uploads\f2e6d795-3777-11f0-84b6-581122bb7f2c\20210509T020000+1000_REC_185.wav,False,0,0,0,0,0,0,0,0,0,0,0,0,insects,-6.070617,0.22879797,-0.21468967,0.9236143,-0.22978231,0.027517036,0.3614407,0.20312287,-0.16110578,0.44106355,0.08405759,0.061479535,0.35707983
6.018114,3.3007574,-1.7732434,8,0,0,00:00.0,00:00.0,uploads\f2e6d795-3777-11f0-84b6-581122bb7f2c\20210509T020000+1000_REC_186.wav,False,0,0,0,0,0,0,0,0,0,0,0,0,insects,-6.0682144,0.1662391,-0.23122813,0.9532783,-0.2456418,0.065309554,0.32230172,0.26153257,-0.15014097,0.36761793,0.15673454,-0.007628377,0.37683034
6.5224247,3.9027946,-1.301479,8,0,0,00:00.0,00:00.0,uploads\f2e6d795-3777-11f0-84b6-581122bb7f2c\20210509T020000+1000_REC_187.wav,False,0,0,0,0,0,0,0,0,0,0,0,0,insects,-6.071488,0.27163044,-0.2688253,0.89029044,-0.13449508,-0.081774,0.4281095,0.22326182,-0.15314622,0.4303374,0.045092884,0.10072791,0.32503635
6.018291,3.3140461,-1.7569904,8,0,0,00:00.0,00:00.0,uploads\f2e6d795-3777-11f0-84b6-581122bb7f2c\20210509T020000+1000_REC_188.wav,False,0,0,0,0,0,0,0,0,0,0,0,0,insects,-6.0713706,0.17429216,-0.22956738,0.95465755,-0.2316251,0.053432833,0.32732654,0.24654582,-0.11181403,0.37428087,0.15500218,0.034303453,0.37737155
6.528756,3.8853881,-1.362391,8,0,0,00:00.0,00:00.0,uploads\f2e6d795-3777-11f0-84b6-581122bb7f2c\20210509T020000+1000_REC_189.wav,True,0,0,0,0,1,0,0,0,0,0,0,0,insects,-6.077615,0.26111537,-0.21751253,0.87656176,-0.16058433,-0.057845928,0.4164058,0.20699006,-0.13915494,0.4274746,0.06858655,0.09352438,0.33567554
6.755217,3.7964692,-1.7233891,8,0,0,00:00.0,00:00.0,uploads\f2e6d795-3777-11f0-84b6-581122bb7f2c\20210509T020000+1000_REC_190.wav,False,0,0,0,0,0,0,0,0,0,0,0,0,insects,-6.0666504,0.2511334,-0.24533875,0.9085554,-0.19811511,0.0020046737,0.405004,0.16562134,-0.1389365,0.4851617,0.018647088,0.03385597,0.38115993
6.3095098,3.7032773,-1.459992,8,0,0,00:00.0,00:00.0,uploads\f2e6d795-3777-11f0-84b6-581122bb7f2c\20210509T020000+1000_REC_191.wav,False,0,0,0,0,0,0,0,0,0,0,0,0,insects,-6.076809,0.2226265,-0.21148318,0.89590466,-0.19734229,0.0013781427,0.37293494,0.23710977,-0.1143373,0.458849,0.105853476,0.057787444,0.3402996
6.4262333,3.7303007,-1.481775,8,0,0,00:00.0,00:00.0,uploads\f2e6d795-3777-11f0-84b6-581122bb7f2c\20210509T020000+1000_REC_192.wav,False,0,0,0,0,0,0,0,0,0,0,0,0,insects,-6.0776076,0.2676999,-0.23600164,0.8665576,-0.19196035,-0.0015443185,0.36919746,0.19804993,-0.13759115,0.46137473,0.085855894,0.09850442,0.3531009
6.399986,3.6033165,-0.86429393,8,0,0,00:00.0,00:00.0,uploads\f2e6d795-3777-11f0-84b6-581122bb7f2c\20210509T020000+1000_REC_193.wav,False,0,0,0,0,0,0,0,0,0,0,0,0,insects,-6.0815353,0.30414683,-0.2292661,0.89700127,-0.15356624,-0.01565276,0.3377074,0.24060589,-0.113766424,0.38147914,0.063095815,0.13337296,0.31043243
6.0547714,3.6784096,-1.45279,8,0,0,00:00.0,00:00.0,uploads\f2e6d795-3777-11f0-84b6-581122bb7f2c\20210509T020000+1000_REC_194.wav,False,0,0,0,0,0,0,0,0,0,0,0,0,insects,-6.0745974,0.23183154,-0.22745135,0.9077363,-0.19258142,-0.03132715,0.31016204,0.24521294,-0.17143309,0.40825844,0.16174744,0.061353337,0.36202115
6.6943126,3.7934303,-1.6806624,8,0,0,00:00.0,00:00.0,uploads\f2e6d795-3777-11f0-84b6-581122bb7f2c\20210509T020000+1000_REC_195.wav,False,0,0,0,0,0,0,0,0,0,0,0,0,insects,-6.068877,0.26296493,-0.2202546,0.8781177,-0.20084292,-0.06647148,0.45386103,0.18305011,-0.15486118,0.46204734,0.06244659,0.023246048,0.3619192
6.125476,3.6656065,-1.4482396,8,0,0,00:00.0,00:00.0,uploads\f2e6d795-3777-11f0-84b6-581122bb7f2c\20210509T020000+1000_REC_196.wav,False,0,0,0,0,0,0,0,0,0,0,0,0,insects,-6.080672,0.21995226,-0.21740612,0.89995104,-0.16573894,-0.0076585137,0.35415673,0.24778165,-0.12023677,0.403946,0.15283157,0.040820606,0.3186002
6.2406664,3.643887,-1.4228852,8,0,0,00:00.0,00:00.0,uploads\f2e6d795-3777-11f0-84b6-581122bb7f2c\20210509T020000+1000_REC_197.wav,False,0,0,0,0,0,0,0,0,0,0,0,0,insects,-6.071938,0.24105899,-0.24476999,0.92056966,-0.1946595,-0.034834407,0.37735388,0.2382463,-0.10648592,0.41445184,0.0804778,0.08996461,0.37425792
6.527695,3.5746698,-1.6997107,8,0,0,00:00.0,00:00.0,uploads\f2e6d795-3777-11f0-84b6-581122bb7f2c\20210509T020000+1000_REC_199.wav,False,0,0,0,0,0,0,0,0,0,0,0,0,insects,-6.0732393,0.26143265,-0.19440563,0.9181852,-0.20711328,0.044068895,0.42416427,0.17478068,-0.107086204,0.44981384,0.05572411,0.087776326,0.3595565
6.082915,3.3005114,-1.6921178,8,0,0,00:00.0,00:00.0,uploads\f2e6d795-3777-11f0-84b6-581122bb7f2c\20210509T020000+1000_REC_201.wav,False,0,0,0,0,0,0,0,0,0,0,0,0,insects,-6.0891137,0.25392208,-0.18568577,0.8575598,-0.21201079,0.08522809,0.32629415,0.20679106,-0.09914589,0.35960832,0.1333406,0.05787326,0.35565272
6.2343173,3.379054,-1.7822938,8,0,0,00:00.0,00:00.0,uploads\f2e6d795-3777-11f0-84b6-581122bb7f2c\20210509T020000+1000_REC_202.wav,False,0,0,0,0,0,0,0,0,0,0,0,0,insects,-6.077313,0.21949202,-0.18337479,0.90046453,-0.2152043,0.029789649,0.3731453,0.19916207,-0.12345977,0.41146842,0.1434725,0.0004908782,0.38049424
6.5266466,3.8935227,-1.3275405,8,0,0,00:00.0,00:00.0,uploads\f2e6d795-3777-11f0-84b6-581122bb7f2c\20210509T020000+1000_REC_203.wav,False,0,0,0,0,0,0,0,0,0,0,0,0,insects,-6.073886,0.31906736,-0.21958396,0.9128772,-0.13336132,0.023181377,0.43793777,0.21216178,-0.12713178,0.42165622,0.012114582,0.124334395,0.34776777
6.0868893,3.2243893,-1.8538834,8,0,0,00:00.0,00:00.0,uploads\f2e6d795-3777-11f0-84b6-581122bb7f2c\20210509T020000+1000_REC_204.wav,False,0,0,0,0,0,0,0,0,0,0,0,0,insects,-6.0743694,0.19835353,-0.12674563,0.9026779,-0.33011916,0.09564062,0.34407705,0.20817864,-0.13879697,0.40558293,0.11076173,0.08324115,0.39452732
6.3407307,3.585773,-1.4943584,8,0,0,00:00.0,00:00.0,uploads\f2e6d795-3777-11f0-84b6-581122bb7f2c\20210509T020000+1000_REC_205.wav,False,0,0,0,0,0,0,0,0,0,0,0,0,insects,-6.0705,0.25337192,-0.19261934,0.9274328,-0.23265564,-0.0173233,0.35577285,0.23553646,-0.119090065,0.43252826,0.06451827,0.13912152,0.40727392
6.0904374,3.2294848,-1.8575118,8,0,0,00:00.0,00:00.0,uploads\f2e6d795-3777-11f0-84b6-581122bb7f2c\20210509T020000+1000_REC_206.wav,False,0,0,0,0,0,0,0,0,0,0,0,0,insects,-6.069225,0.13432892,-0.2019586,0.91863245,-0.3140624,0.08746123,0.31926373,0.23875277,-0.13035743,0.39890566,0.106791936,0.032262154,0.41559848
6.2212853,3.4271646,-1.4231429,8,0,0,00:00.0,00:00.0,uploads\f2e6d795-3777-11f0-84b6-581122bb7f2c\20210509T020000+1000_REC_207.wav,False,0,0,0,0,0,0,0,0,0,0,0,0,insects,-6.082399,0.20165922,-0.17468123,0.8784196,-0.22313859,0.044289142,0.32241216,0.22242804,-0.13847864,0.41232994,0.031539634,0.105827376,0.35429895
6.0641727,3.2376316,-1.8449792,8,0,0,00:00.0,00:00.0,uploads\f2e6d795-3777-11f0-84b6-581122bb7f2c\20210509T020000+1000_REC_208.wav,False,0,0,0,0,0,0,0,0,0,0,0,0,insects,-6.071918,0.1639816,-0.16963296,0.92300576,-0.2832033,0.049654868,0.31148103,0.24062134,-0.14932749,0.38904408,0.15259784,0.012529608,0.40881455
6.111657,3.685374,-1.4100324,8,0,0,00:00.0,00:00.0,uploads\f2e6d795-3777-11f0-84b6-581122bb7f2c\20210509T020000+1000_REC_209.wav,False,0,0,0,0,0,0,0,0,0,0,0,0,insects,-6.075365,0.18776345,-0.27235413,0.91914266,-0.1484129,0.009210283,0.362031,0.26212522,-0.13854933,0.39241636,0.1272757,0.052054852,0.32871702
6.1989946,3.4046583,-1.424393,8,0,0,00:00.0,00:00.0,uploads\f2e6d795-3777-11f0-84b6-581122bb7f2c\20210509T020000+1000_REC_210.wav,False,0,0,0,0,0,0,0,0,0,0,0,0,insects,-6.0727854,0.24412605,-0.23164643,0.95703435,-0.22596072,0.021223007,0.2990832,0.19276349,-0.11461211,0.37206352,0.09804916,0.10531736,0.35498548
6.7037063,3.793227,-1.6820773,8,0,0,00:00.0,00:00.0,uploads\f2e6d795-3777-11f0-84b6-581122bb7f2c\20210509T020000+1000_REC_211.wav,False,0,0,0,0,0,0,0,0,0,0,0,0,insects,-6.0693455,0.36871716,-0.15872002,0.92520034,-0.14718948,-0.059206735,0.39370358,0.17158197,-0.205377,0.3749608,0.020140331,-0.01390261,0.34881812
6.352569,3.9592214,-1.1770796,8,0,0,00:00.0,00:00.0,uploads\f2e6d795-3777-11f0-84b6-581122bb7f2c\20210509T020000+1000_REC_212.wav,False,0,0,0,0,0,0,0,0,0,0,0,0,insects,-6.059899,0.16866542,-0.33594877,0.9673643,-0.1872236,-0.028861374,0.38528088,0.22301057,-0.1507742,0.4358112,0.11046993,0.10066159,0.31226876
6.5306287,4.9677477,0.6969295,8,0,0,00:00.0,00:00.0,uploads\f2e6d795-3777-11f0-84b6-581122bb7f2c\20210509T020000+1000_REC_213.wav,False,0,0,0,0,0,0,0,0,0,0,0,0,insects,-6.054447,0.20383167,-0.29597887,0.9979752,-0.19064154,-0.07412151,0.38661498,0.3158031,-0.19539735,0.3832383,0.16780742,0.031053519,0.3006617
6.5323486,4.964476,0.6953827,8,0,0,00:00.0,00:00.0,uploads\f2e6d795-3777-11f0-84b6-581122bb7f2c\20210509T020000+1000_REC_214.wav,False,0,0,0,0,0,0,0,0,0,0,0,0,insects,-6.060879,0.058471482,-0.19902998,0.96990556,-0.2274191,-0.09998052,0.4261568,0.33068055,-0.15254344,0.39738497,0.16568589,0.047784146,0.29727393
5.9996214,3.3839161,-1.7137568,8,0,0,00:00.0,00:00.0,uploads\f2e6d795-3777-11f0-84b6-581122bb7f2c\20210509T020000+1000_REC_215.wav,True,0,0,0,0,1,0,0,0,0,0,0,0,insects,-6.0647025,0.15671891,-0.2777033,0.9619025,-0.21589985,0.058094908,0.35109606,0.28617674,-0.14178434,0.41451675,0.16791783,-0.0062599587,0.32668605
6.033592,3.6140716,-1.5272858,8,0,0,00:00.0,00:00.0,uploads\f2e6d795-3777-11f0-84b6-581122bb7f2c\20210509T020000+1000_REC_216.wav,False,0,0,0,0,0,0,0,0,0,0,0,0,insects,-6.0772095,0.19174542,-0.20647605,0.9257736,-0.17820324,0.020713635,0.33092508,0.24234901,-0.14615749,0.38313586,0.12549636,0.043011967,0.37049168
6.0515428,3.2071397,-1.8672411,8,0,0,00:00.0,00:00.0,uploads\f2e6d795-3777-11f0-84b6-581122bb7f2c\20210509T020000+1000_REC_217.wav,False,0,0,0,0,0,0,0,0,0,0,0,0,insects,-6.0765333,0.13636388,-0.16222577,0.894553,-0.28074837,0.0605498,0.324003,0.3025087,-0.12977517,0.42001712,0.13087416,0.042930037,0.3629462
6.2120557,3.3977668,-1.4623848,8,0,0,00:00.0,00:00.0,uploads\f2e6d795-3777-11f0-84b6-581122bb7f2c\20210509T020000+1000_REC_218.wav,False,0,0,0,0,0,0,0,0,0,0,0,0,insects,-6.0787816,0.16219495,-0.21693827,0.8795654,-0.26622647,0.0041092327,0.3002237,0.24454902,-0.090412356,0.41280675,0.042392187,0.13565294,0.3638446
6.278022,3.4892194,-1.5164095,8,0,0,00:00.0,00:00.0,uploads\f2e6d795-3777-11f0-84b6-581122bb7f2c\20210509T020000+1000_REC_220.wav,False,0,0,0,0,0,0,0,0,0,0,0,0,insects,-6.07533,0.26566175,-0.20928523,0.9108969,-0.20632306,-0.011499488,0.34860155,0.17324038,-0.10152178,0.4209874,0.053186335,0.09419602,0.39233953
6.387316,3.5096684,-0.83876127,8,0,0,00:00.0,00:00.0,uploads\f2e6d795-3777-11f0-84b6-581122bb7f2c\20210509T020000+1000_REC_221.wav,False,0,0,0,0,0,0,0,0,0,0,0,0,insects,-6.100254,0.29565495,-0.18935627,0.79440176,-0.20145398,0.08176985,0.2736837,0.2452321,-0.06569818,0.32184693,0.07043598,0.16854787,0.30613947
6.391019,3.5175219,-0.82845354,8,0,0,00:00.0,00:00.0,uploads\f2e6d795-3777-11f0-84b6-581122bb7f2c\20210509T020000+1000_REC_222.wav,True,0,1,0,0,1,0,0,0,0,0,0,0,insects,-6.09534,0.26636687,-0.21305127,0.84883916,-0.15524307,0.06855163,0.30297363,0.27684003,-0.064639315,0.3272586,0.1296218,0.167263,0.2971978
6.4857574,3.5587056,-1.641269,8,0,0,00:00.0,00:00.0,uploads\f2e6d795-3777-11f0-84b6-581122bb7f2c\20210509T020000+1000_REC_223.wav,False,0,0,0,0,0,0,0,0,0,0,0,0,insects,-6.0751185,0.26905295,-0.19572742,0.92255473,-0.1744617,0.06212633,0.41419205,0.18699574,-0.09385721,0.46665075,0.07559956,0.08874727,0.35026395
6.100911,3.2583933,-1.8317206,8,0,0,00:00.0,00:00.0,uploads\f2e6d795-3777-11f0-84b6-581122bb7f2c\20210509T020000+1000_REC_224.wav,False,0,0,0,0,0,0,0,0,0,0,0,0,insects,-6.0719395,0.1903967,-0.2031972,0.9262374,-0.27212548,0.063839905,0.3291418,0.18807025,-0.12394153,0.4077568,0.13476278,0.00855645,0.38304806
6.5483027,3.8902316,-1.38702,8,0,0,00:00.0,00:00.0,uploads\f2e6d795-3777-11f0-84b6-581122bb7f2c\20210509T020000+1000_REC_225.wav,False,0,0,0,0,0,0,0,0,0,0,0,0,insects,-6.0767694,0.30234092,-0.244505,0.8383463,-0.17801675,-0.004530582,0.41094443,0.2233198,-0.14338034,0.4718776,0.044836413,0.06969391,0.34965706
6.1025615,3.2947667,-1.6811415,8,0,0,00:00.0,00:00.0,uploads\f2e6d795-3777-11f0-84b6-581122bb7f2c\20210509T020000+1000_REC_226.wav,False,0,0,0,0,0,0,0,0,0,0,0,0,insects,-6.086279,0.2183093,-0.20264298,0.8444403,-0.20521826,0.067948855,0.3327242,0.15403707,-0.11180836,0.42570347,0.12973365,0.04473911,0.37822068
6.0670724,3.6770358,-1.4483626,8,0,0,00:00.0,00:00.0,uploads\f2e6d795-3777-11f0-84b6-581122bb7f2c\20210509T020000+1000_REC_227.wav,False,0,0,0,0,0,0,0,0,0,0,0,0,insects,-6.0757556,0.3259784,-0.22939259,0.9134894,-0.20000857,-0.00044864908,0.31078362,0.2885229,-0.12328151,0.3873027,0.14863864,0.07546442,0.3307664
6.11823,3.7279747,-1.367409,8,0,0,00:00.0,00:00.0,uploads\f2e6d795-3777-11f0-84b6-581122bb7f2c\20210509T020000+1000_REC_228.wav,False,0,0,0,0,0,0,0,0,0,0,0,0,insects,-6.068492,0.32256526,-0.31333902,0.8954026,-0.15553318,-0.031446323,0.33584106,0.24443525,-0.16481313,0.45121762,0.095632315,0.07579718,0.3485198
6.0358734,3.2933798,-1.7154018,8,0,0,00:00.0,00:00.0,uploads\f2e6d795-3777-11f0-84b6-581122bb7f2c\20210509T020000+1000_REC_229.wav,True,0,0,0,0,1,0,1,0,0,0,0,0,insects,-6.0865645,0.23746441,-0.21813096,0.8842593,-0.19415466,0.08957093,0.27198538,0.2704118,-0.11872163,0.30397537,0.19204833,0.019863402,0.3335831
6.751804,3.7767744,-1.7496314,8,0,0,00:00.0,00:00.0,uploads\f2e6d795-3777-11f0-84b6-581122bb7f2c\20210509T020000+1000_REC_230.wav,False,0,0,0,0,0,0,0,0,0,0,0,0,insects,-6.06269,0.4020791,-0.1845298,0.9117729,-0.18861634,-0.0028846185,0.4226062,0.17932352,-0.1217345,0.5069839,-0.032547396,0.052735373,0.40593275
6.123763,3.2511878,-1.8400066,8,0,0,00:00.0,00:00.0,uploads\f2e6d795-3777-11f0-84b6-581122bb7f2c\20210509T020000+1000_REC_231.wav,False,0,0,0,0,0,0,0,0,0,0,0,0,insects,-6.0729284,0.18096666,-0.20286193,0.87570107,-0.33191195,0.16240756,0.34769872,0.21238689,-0.07130813,0.41757783,0.123668514,0.0076176557,0.43881902
6.670457,3.8639584,-1.5657196,8,0,0,00:00.0,00:00.0,uploads\f2e6d795-3777-11f0-84b6-581122bb7f2c\20210509T020000+1000_REC_232.wav,False,0,0,0,0,0,0,0,0,0,0,0,0,insects,-6.058152,0.37287775,-0.283512,0.92736334,-0.19677243,-0.0038432893,0.3950547,0.2333919,-0.18660438,0.47399402,0.0456376,0.025222365,0.34660482
6.74112,3.797262,-1.7227731,8,0,0,00:00.0,00:00.0,uploads\f2e6d795-3777-11f0-84b6-581122bb7f2c\20210509T020000+1000_REC_234.wav,False,0,0,0,0,0,0,0,0,0,0,0,0,insects,-6.0734334,0.26337737,-0.20804724,0.8573752,-0.17929053,0.020765183,0.41802225,0.17415841,-0.16408703,0.48578718,0.019975163,0.025300043,0.40153623
6.493666,3.5624118,-1.6819298,8,0,0,00:00.0,00:00.0,uploads\f2e6d795-3777-11f0-84b6-581122bb7f2c\20210509T020000+1000_REC_235.wav,False,0,0,0,0,0,0,0,0,0,0,0,0,insects,-6.071358,0.33137092,-0.17295085,0.8880308,-0.24838722,-0.013847979,0.3996822,0.17767625,-0.10339967,0.5092715,0.09175039,0.071563855,0.34550408
6.073379,3.194676,-1.8828746,8,0,0,00:00.0,00:00.0,uploads\f2e6d795-3777-11f0-84b6-581122bb7f2c\20210509T020000+1000_REC_236.wav,True,0,0,0,0,1,1,0,0,0,0,0,0,insects,-6.0711527,0.18388803,-0.18659855,0.87358165,-0.31365675,0.02461313,0.29769123,0.24179463,-0.16789898,0.45099282,0.14344397,0.06614541,0.42613322
6.589332,3.710439,-1.6358124,8,0,0,00:00.0,00:00.0,uploads\f2e6d795-3777-11f0-84b6-581122bb7f2c\20210509T020000+1000_REC_237.wav,False,0,0,0,0,0,0,0,0,0,0,0,0,insects,-6.0725536,0.37420008,-0.18517941,0.85065883,-0.22139294,-0.034111302,0.36519772,0.13684575,-0.17055413,0.5030566,0.07533933,0.09366301,0.37178445
6.1641593,3.2751887,-1.8540742,8,0,0,00:00.0,00:00.0,uploads\f2e6d795-3777-11f0-84b6-581122bb7f2c\20210509T020000+1000_REC_238.wav,False,0,0,0,0,0,0,0,0,0,0,0,0,insects,-6.0736365,0.18202491,-0.17240867,0.8756586,-0.29158843,0.10462039,0.356312,0.2020836,-0.13470592,0.4531505,0.07898328,-0.0035662695,0.41018516
6.5758004,3.8453076,-1.4354199,8,0,0,00:00.0,00:00.0,uploads\f2e6d795-3777-11f0-84b6-581122bb7f2c\20210509T020000+1000_REC_240.wav,False,0,0,0,0,0,0,0,0,0,0,0,0,insects,-6.066862,0.23164019,-0.24082737,0.90580624,-0.20372258,0.005263893,0.42873448,0.21310522,-0.13137327,0.48835286,-0.0051374217,0.10598985,0.3733035
6.2652907,3.3906002,-1.7980728,8,0,0,00:00.0,00:00.0,uploads\f2e6d795-3777-11f0-84b6-581122bb7f2c\20210509T020000+1000_REC_241.wav,True,0,0,0,0,1,0,0,0,0,0,0,0,insects,-6.059059,0.15154418,-0.23533711,0.956491,-0.2987845,0.059557077,0.35531804,0.20675905,-0.16299923,0.4629486,0.11385308,0.026824664,0.3909216
6.7194514,3.7986395,-1.6880924,8,0,0,00:00.0,00:00.0,uploads\f2e6d795-3777-11f0-84b6-581122bb7f2c\20210509T020000+1000_REC_242.wav,False,0,0,0,0,0,0,0,0,0,0,0,0,insects,-6.0668387,0.29405105,-0.22865176,0.88583183,-0.22171201,-0.012158838,0.40429956,0.17257494,-0.1772823,0.49077114,0.047129106,0.059947137,0.37574846
6.238433,3.4156199,-1.4500525,8,0,0,00:00.0,00:00.0,uploads\f2e6d795-3777-11f0-84b6-581122bb7f2c\20210509T020000+1000_REC_243.wav,False,0,0,0,0,0,0,0,0,0,0,0,0,insects,-6.082835,0.2657171,-0.19007196,0.8413533,-0.23379987,0.06899629,0.34363884,0.18580619,-0.098998174,0.44557795,0.018943535,0.10636161,0.39684033
6.088239,3.2508087,-1.7870175,8,0,0,00:00.0,00:00.0,uploads\f2e6d795-3777-11f0-84b6-581122bb7f2c\20210509T020000+1000_REC_244.wav,True,0,0,0,0,1,0,0,0,0,0,0,0,insects,-6.083755,0.18954322,-0.1510588,0.88188523,-0.23464444,0.11887836,0.31115705,0.20147932,-0.11523107,0.40890253,0.086385556,0.04570439,0.39473855
6.727144,3.7527165,-1.7572055,8,0,0,00:00.0,00:00.0,uploads\f2e6d795-3777-11f0-84b6-581122bb7f2c\20210509T020000+1000_REC_245.wav,False,0,0,0,0,0,0,0,0,0,0,0,0,insects,-6.0667205,0.2295652,-0.19156753,0.88542545,-0.26287562,0.030114073,0.40520036,0.16134588,-0.14351289,0.50177795,0.07208593,0.034490634,0.44412363
6.0826206,3.2190962,-1.8437601,8,0,0,00:00.0,00:00.0,uploads\f2e6d795-3777-11f0-84b6-581122bb7f2c\20210509T020000+1000_REC_246.wav,False,0,0,0,0,0,0,0,0,0,0,0,0,insects,-6.084869,0.18900995,-0.12987137,0.88626367,-0.30199254,0.20801516,0.28320402,0.21160696,-0.055548232,0.35688016,0.162016,0.007857109,0.3673815
6.726198,3.7593384,-1.7447674,8,0,0,00:00.0,00:00.0,uploads\f2e6d795-3777-11f0-84b6-581122bb7f2c\20210509T020000+1000_REC_247.wav,False,0,0,0,0,0,0,0,0,0,0,0,0,insects,-6.0675106,0.26296386,-0.23871288,0.8734488,-0.23637243,0.010346873,0.4014434,0.1856202,-0.14657407,0.49901327,0.06296325,0.06107025,0.42233896
6.258321,3.360372,-1.8273364,8,0,0,00:00.0,00:00.0,uploads\f2e6d795-3777-11f0-84b6-581122bb7f2c\20210509T020000+1000_REC_248.wav,False,0,0,0,0,0,0,0,0,0,0,0,0,insects,-6.0969787,0.2694551,-0.11544503,0.74433523,-0.2438647,0.022974951,0.37985486,0.16793004,-0.002790689,0.45941713,0.11553565,-0.01991472,0.35235393
6.723494,3.7728367,-1.7269925,8,0,0,00:00.0,00:00.0,uploads\f2e6d795-3777-11f0-84b6-581122bb7f2c\20210509T020000+1000_REC_250.wav,True,0,1,0,0,1,0,0,0,0,0,0,0,insects,-6.077809,0.30063197,-0.2500613,0.81592625,-0.18035573,0.07221556,0.4222371,0.12717403,-0.11247789,0.53590924,0.09745391,-0.010663966,0.32102916
6.2278895,3.347345,-1.7356893,8,0,0,00:00.0,00:00.0,uploads\f2e6d795-3777-11f0-84b6-581122bb7f2c\20210509T020000+1000_REC_254.wav,False,0,0,0,0,0,0,0,0,0,0,0,0,insects,-6.0659375,0.27527303,-0.28180245,0.9033356,-0.3104581,0.0792871,0.3533016,0.18598762,-0.056702934,0.4284036,0.053656887,0.026718277,0.40511912
6.716134,3.7608845,-1.728058,8,0,0,00:00.0,00:00.0,uploads\f2e6d795-3777-11f0-84b6-581122bb7f2c\20210509T020000+1000_REC_257.wav,False,0,0,0,0,0,0,0,0,0,0,0,0,insects,-6.059881,0.25182354,-0.38131133,0.90119386,-0.2030903,0.04077537,0.41968912,0.15982625,-0.11639062,0.48398843,0.063670866,0.0364506,0.3613644
6.223242,3.3902817,-1.5556066,8,0,0,00:00.0,00:00.0,uploads\f2e6d795-3777-11f0-84b6-581122bb7f2c\20210509T020000+1000_REC_258.wav,False,0,0,0,0,0,0,0,0,0,0,0,0,insects,-6.0695744,0.23589137,-0.3203612,0.9005892,-0.22812507,0.06742359,0.37560225,0.18533076,-0.062020067,0.43853325,0.06465333,0.08619538,0.3964782
6.479388,3.7331362,-1.4840597,8,0,0,00:00.0,00:00.0,uploads\f2e6d795-3777-11f0-84b6-581122bb7f2c\20210509T020000+1000_REC_260.wav,True,0,0,0,0,1,0,0,0,0,0,0,0,insects,-6.061226,0.30806252,-0.14495951,0.9216196,-0.25398165,-0.07563519,0.41157705,0.20549294,-0.14101148,0.5182993,0.03903134,0.17063119,0.41468036
6.722218,3.7544441,-1.7447983,8,0,0,00:00.0,00:00.0,uploads\f2e6d795-3777-11f0-84b6-581122bb7f2c\20210509T020000+1000_REC_261.wav,False,0,0,0,0,0,0,0,0,0,0,0,0,insects,-6.0683703,0.35774538,-0.20926027,0.8444022,-0.2509771,0.000971429,0.4219907,0.19941436,-0.12085928,0.5184987,0.032308638,0.03683981,0.39390013
6.55431,3.8620546,-1.4167761,8,0,0,00:00.0,00:00.0,uploads\f2e6d795-3777-11f0-84b6-581122bb7f2c\20210509T020000+1000_REC_263.wav,False,0,0,0,0,0,0,0,0,0,0,0,0,insects,-6.066826,0.3317165,-0.25209638,0.91268545,-0.1840861,-0.03483105,0.4143173,0.14368133,-0.13435195,0.44508836,-0.0041613695,0.13110933,0.36030427
6.536621,3.5963864,-1.6839491,8,0,0,00:00.0,00:00.0,uploads\f2e6d795-3777-11f0-84b6-581122bb7f2c\20210509T020000+1000_REC_264.wav,False,0,0,0,0,0,0,0,0,0,0,0,0,insects,-6.0754366,0.29470718,-0.20034891,0.8647519,-0.22071955,-0.0022040189,0.37623093,0.14109704,-0.10652543,0.49506977,0.02361235,0.09546051,0.3757531
6.5639467,3.628942,-1.6948749,8,0,0,00:00.0,00:00.0,uploads\f2e6d795-3777-11f0-84b6-581122bb7f2c\20210509T020000+1000_REC_265.wav,False,0,0,0,0,0,0,0,0,0,0,0,0,insects,-6.077317,0.262372,-0.189725,0.8547971,-0.21609151,0.031068405,0.41595468,0.13949016,-0.09461581,0.47791597,0.03133566,0.060769256,0.40442833
6.7591767,3.7737129,-1.7572377,8,0,0,00:00.0,00:00.0,uploads\f2e6d795-3777-11f0-84b6-581122bb7f2c\20210509T020000+1000_REC_266.wav,False,0,0,0,0,0,0,0,0,0,0,0,0,insects,-6.0644875,0.23621412,-0.22005467,0.9143909,-0.23514533,-0.0077488148,0.41828135,0.14230902,-0.14129327,0.4715213,0.022011343,0.059176367,0.4155257
6.2547164,3.1437898,-1.1001773,8,0,0,00:00.0,00:00.0,uploads\f2e6d795-3777-11f0-84b6-581122bb7f2c\20210509T040000+1000_REC_202.wav,False,0,0,0,0,0,0,0,0,0,0,0,0,insects,-6.1032953,0.064626575,-0.20213693,0.7096294,-0.25617465,0.13074444,0.42405018,0.088905945,0.008994055,0.2854405,0.20565471,0.07306978,0.33273453
6.316974,4.8698974,0.190683,8,0,0,00:00.0,00:00.0,uploads\f2e6d795-3777-11f0-84b6-581122bb7f2c\20210509T060000+1000_REC_187.wav,False,0,0,0,0,0,0,0,0,0,0,0,0,insects,-6.083828,0.36098185,-0.37333718,0.8673503,-0.016804993,0.0444619,0.24076995,0.18198082,0.19233829,0.38678542,0.026588148,0.07786964,0.38511974
6.1878443,5.1052775,0.3543275,8,0,0,00:00.0,00:00.0,uploads\f2e6d795-3777-11f0-84b6-581122bb7f2c\20210509T060000+1000_REC_230.wav,False,0,0,0,0,0,0,0,0,0,0,0,0,insects,-6.028384,0.30016154,-0.5682181,1.1526893,-0.12076491,0.02485422,0.21062842,0.24130969,0.32140306,0.13910955,0.18800017,0.118742876,0.31237447
6.5106177,4.947873,0.67830527,8,0,0,00:00.0,00:00.0,uploads\f2e6d795-3777-11f0-84b6-581122bb7f2c\20210509T080000+1000_REC_140.wav,False,0,0,0,0,0,0,0,0,0,0,0,0,insects,-5.9821105,0.7548368,-0.14443997,1.0339676,-0.7410195,0.2620593,-0.07655667,0.3796114,-0.13558416,0.29435146,0.016030362,0.1515054,0.0622048
6.180835,3.450386,-1.3098284,8,0,0,00:00.0,00:00.0,uploads\f2e6d795-3777-11f0-84b6-581122bb7f2c\20210509T100000+1000_REC_228.wav,False,0,0,0,0,0,0,0,0,0,0,0,0,insects,-6.09293,0.38517395,-0.15393403,0.39763215,0.4071474,0.3435292,-0.16824557,0.12603481,0.7488445,0.14396253,-0.10818048,0.26914066,0.34362382
6.129021,3.395456,-1.3952701,8,0,0,00:00.0,00:00.0,uploads\f2e6d795-3777-11f0-84b6-581122bb7f2c\20210509T100000+1000_REC_242.wav,False,0,0,0,0,0,0,0,0,0,0,0,0,insects,-6.0881095,0.44399303,-0.34779045,0.13212946,0.67544836,0.35387924,-0.15004641,0.09755182,0.5062872,0.27711377,-0.010254389,0.15233916,0.36331788
6.4137607,3.5739422,-0.8227446,8,0,0,00:00.0,00:00.0,uploads\f2e6d795-3777-11f0-84b6-581122bb7f2c\20210509T140000+1000_REC_131.wav,False,0,0,0,0,0,0,0,0,0,0,0,0,insects,-6.127068,0.18738925,0.3303889,0.5345222,-0.060468744,0.43376127,0.19961002,0.2289704,0.32407117,0.27889144,0.23300494,0.11406915,0.41066554
6.536763,4.9665546,0.7092631,8,0,0,00:00.0,00:00.0,uploads\f2e6d795-3777-11f0-84b6-581122bb7f2c\20210509T140000+1000_REC_215.wav,False,0,0,0,0,0,0,0,0,0,0,0,0,insects,-6.078776,-0.14947724,0.044319015,0.841454,-0.28636676,0.19531322,0.20249943,0.34367862,-0.03376452,0.22846669,0.43402246,-0.13967873,0.40117782
8.910265,7.449193,4.7523932,9,0,0,00:00.0,00:00.0,uploads\f2e6d795-3777-11f0-84b6-581122bb7f2c\20210509T020000+1000_REC_198.wav,False,0,0,0,0,0,0,0,0,0,0,0,0,insects,-6.0384865,0.4175123,-0.27166083,0.9779667,-0.25801674,-0.14855528,0.42620265,0.1817186,-0.21829851,0.5079035,0.1291282,0.07242315,0.35476333
8.68908,7.2243257,5.229422,9,0,0,00:00.0,00:00.0,uploads\f2e6d795-3777-11f0-84b6-581122bb7f2c\20210509T040000+1000_REC_162.wav,False,0,0,0,0,0,0,0,0,0,0,0,0,insects,-6.0406837,0.16373573,-0.24646993,1.0182297,-0.27353358,-0.11034846,0.41194573,0.3246754,-0.20266892,0.411695,0.2933637,-0.07909994,0.32037213
10.064275,8.663602,5.423987,9,0,0,00:00.0,00:00.0,uploads\f2e6d795-3777-11f0-84b6-581122bb7f2c\20210509T060000+1000_REC_0.wav,False,0,0,0,0,0,0,0,0,0,0,0,0,insects,-6.076965,0.67340124,-0.1790422,0.639324,-0.22396271,0.16504802,0.22512315,0.1086914,0.049113408,0.5820727,0.058961295,0.06142519,0.4816205
10.030209,8.900423,5.441994,9,0,0,00:00.0,00:00.0,uploads\f2e6d795-3777-11f0-84b6-581122bb7f2c\20210509T060000+1000_REC_1.wav,False,0,0,0,0,0,0,0,0,0,0,0,0,insects,-6.0261807,0.9088968,-0.14621358,0.6640212,-0.41135818,0.1490452,0.3110234,0.07756284,0.032295737,0.7199194,0.082756534,-0.028112317,0.40857613
9.994096,8.924289,5.398136,9,0,0,00:00.0,00:00.0,uploads\f2e6d795-3777-11f0-84b6-581122bb7f2c\20210509T060000+1000_REC_2.wav,False,0,0,0,0,0,0,0,0,0,0,0,0,insects,-6.0411396,0.7784449,-0.030600138,0.75698924,-0.40800455,0.08405913,0.3280732,0.054082416,-0.04679267,0.5904433,-0.013113967,0.035000693,0.4865822
10.049839,8.903952,5.4391775,9,0,0,00:00.0,00:00.0,uploads\f2e6d795-3777-11f0-84b6-581122bb7f2c\20210509T060000+1000_REC_3.wav,False,0,0,0,0,0,0,0,0,0,0,0,0,insects,-6.0369563,0.6903313,-0.24947205,0.8062638,-0.19364236,0.25126246,0.3295946,-0.027955811,-0.08213312,0.65682644,-0.046932798,-0.05293731,0.504954
10.037685,8.653832,5.3413877,9,0,0,00:00.0,00:00.0,uploads\f2e6d795-3777-11f0-84b6-581122bb7f2c\20210509T060000+1000_REC_4.wav,False,0,0,0,0,0,0,0,0,0,0,0,0,insects,-6.062324,0.72695136,-0.29798397,0.6214283,-0.096885666,0.25731748,0.19857904,0.02375114,0.026809352,0.66637635,0.062680796,-0.10673203,0.42810327
10.110181,8.788155,5.5181746,9,0,0,00:00.0,00:00.0,uploads\f2e6d795-3777-11f0-84b6-581122bb7f2c\20210509T060000+1000_REC_5.wav,False,0,0,0,0,0,0,0,0,0,0,0,0,insects,-6.0613904,0.7576778,-0.039244246,0.7420693,-0.29444203,0.17846869,0.27028167,0.07394201,-0.03832056,0.5540817,0.010679814,0.034237538,0.43230668
10.04987,8.877333,5.4560323,9,0,0,00:00.0,00:00.0,uploads\f2e6d795-3777-11f0-84b6-581122bb7f2c\20210509T060000+1000_REC_6.wav,False,0,0,0,0,0,0,0,0,0,0,0,0,insects,-6.035094,0.87281656,-0.13867706,0.66156876,-0.3968225,0.1893079,0.33861655,0.0723024,-0.025882872,0.6485882,0.033204965,-0.01848321,0.4318167
10.057993,8.750948,5.471217,9,0,0,00:00.0,00:00.0,uploads\f2e6d795-3777-11f0-84b6-581122bb7f2c\20210509T060000+1000_REC_8.wav,True,0,1,0,0,1,0,0,0,0,0,0,0,insects,-6.048243,0.7916614,-0.08929851,0.74994916,-0.36711678,0.19061762,0.30244806,0.12525548,-0.05860436,0.5421049,0.028320251,-0.00796614,0.4493758
10.072012,8.571229,5.6169906,9,0,0,00:00.0,00:00.0,uploads\f2e6d795-3777-11f0-84b6-581122bb7f2c\20210509T060000+1000_REC_9.wav,False,0,0,0,0,0,0,0,0,0,0,0,0,insects,-6.0627775,0.70242584,-0.028390482,0.69765836,-0.36130494,0.11540428,0.3102206,0.1579297,-0.022853486,0.5941423,0.06154636,-0.0073918677,0.44000363
10.02823,8.642321,5.352467,9,0,0,00:00.0,00:00.0,uploads\f2e6d795-3777-11f0-84b6-581122bb7f2c\20210509T060000+1000_REC_10.wav,False,0,0,0,0,0,0,0,0,0,0,0,0,insects,-6.0437603,0.7659203,-0.19890295,0.79880834,-0.20016666,0.303389,0.23605998,0.119597174,-0.044584483,0.5956556,0.071026854,-0.05522427,0.5117207
9.660295,7.853407,5.585962,9,0,0,00:00.0,00:00.0,uploads\f2e6d795-3777-11f0-84b6-581122bb7f2c\20210509T060000+1000_REC_14.wav,False,0,0,0,0,0,0,0,0,0,0,0,0,insects,-6.0483494,0.906281,-0.15152487,0.7290574,-0.33213443,0.19094177,0.30847266,0.22466576,0.124198735,0.45129263,-0.037747387,0.14773312,0.35560355
9.221723,7.6299586,5.5825024,9,0,0,00:00.0,00:00.0,uploads\f2e6d795-3777-11f0-84b6-581122bb7f2c\20210509T060000+1000_REC_15.wav,False,0,0,0,0,0,0,0,0,0,0,0,0,insects,-6.056271,0.7757142,-0.04036531,0.8266612,-0.34699386,0.15193723,0.29346275,0.13030095,-0.03879071,0.41817507,-0.055493765,0.12588534,0.36831143
10.035741,8.945244,5.430793,9,0,0,00:00.0,00:00.0,uploads\f2e6d795-3777-11f0-84b6-581122bb7f2c\20210509T060000+1000_REC_19.wav,False,0,0,0,0,0,0,0,0,0,0,0,0,insects,-6.0477366,0.7825958,-0.13389365,0.6967596,-0.39062908,0.13027924,0.3411652,0.07880979,-0.10485688,0.51964223,-0.0432308,-0.012773913,0.4411866
10.075994,8.837594,5.485146,9,0,0,00:00.0,00:00.0,uploads\f2e6d795-3777-11f0-84b6-581122bb7f2c\20210509T060000+1000_REC_20.wav,True,0,1,0,0,1,0,0,0,0,0,0,0,insects,-6.036522,0.81077045,-0.20042372,0.7066764,-0.3784152,0.1676991,0.37755686,0.07054892,-0.058592077,0.61326176,-0.015357257,-0.0027125136,0.43729067
9.992971,8.684362,5.365336,9,0,0,00:00.0,00:00.0,uploads\f2e6d795-3777-11f0-84b6-581122bb7f2c\20210509T060000+1000_REC_21.wav,False,0,0,0,0,0,0,0,0,0,0,0,0,insects,-6.0437136,0.8507689,-0.17514853,0.69076604,-0.34242272,0.16123302,0.2804432,0.13301589,-0.038971562,0.5611351,-0.013527331,0.020460624,0.48101833
10.106336,8.890432,5.5031834,9,0,0,00:00.0,00:00.0,uploads\f2e6d795-3777-11f0-84b6-581122bb7f2c\20210509T060000+1000_REC_22.wav,False,0,0,0,0,0,0,0,0,0,0,0,0,insects,-6.0661645,0.69050896,-0.010980206,0.73995787,-0.29393283,0.18617828,0.3320116,0.09933345,-0.084541254,0.50404906,-0.051943857,0.006621068,0.44760433
9.976467,8.950262,5.364359,9,0,0,00:00.0,00:00.0,uploads\f2e6d795-3777-11f0-84b6-581122bb7f2c\20210509T060000+1000_REC_23.wav,True,0,1,0,0,1,0,0,0,0,0,0,0,insects,-6.032855,0.8525118,-0.14931686,0.6415396,-0.46567148,0.14219463,0.42232606,0.1313151,-0.09726185,0.5245209,-0.03670973,-0.018287672,0.47141594
10.101885,8.761131,5.475647,9,0,0,00:00.0,00:00.0,uploads\f2e6d795-3777-11f0-84b6-581122bb7f2c\20210509T060000+1000_REC_24.wav,False,0,0,0,0,0,0,0,0,0,0,0,0,insects,-6.085049,0.56890637,-0.09170297,0.67171234,-0.2365178,0.19916934,0.19949707,0.0819087,0.0004067181,0.55570304,-0.040560868,-0.005150901,0.44116214
10.114239,8.597468,5.622605,9,0,0,00:00.0,00:00.0,uploads\f2e6d795-3777-11f0-84b6-581122bb7f2c\20210509T060000+1000_REC_26.wav,False,0,0,0,0,0,0,0,0,0,0,0,0,insects,-6.050719,0.7140072,0.054696776,0.80647796,-0.25784263,0.20233959,0.42201912,0.17746271,0.0023161743,0.6198595,0.040922787,0.06320304,0.48334748
10.065476,8.565525,5.625715,9,0,0,00:00.0,00:00.0,uploads\f2e6d795-3777-11f0-84b6-581122bb7f2c\20210509T060000+1000_REC_28.wav,False,0,0,0,0,0,0,0,0,0,0,0,0,insects,-6.055505,0.74145734,-0.056640014,0.7397439,-0.42671695,0.17167422,0.2437058,0.16407412,-0.0017844994,0.5474025,0.010116071,0.03624846,0.4076872
10.060981,8.588851,5.5877743,9,0,0,00:00.0,00:00.0,uploads\f2e6d795-3777-11f0-84b6-581122bb7f2c\20210509T060000+1000_REC_29.wav,False,0,0,0,0,0,0,0,0,0,0,0,0,insects,-6.0765095,0.5883207,-0.04092255,0.7112353,-0.3660037,0.2493803,0.26304045,0.1509003,0.024186468,0.5150468,0.0014719719,0.06498486,0.4484046
10.090294,8.714567,5.551682,9,0,0,00:00.0,00:00.0,uploads\f2e6d795-3777-11f0-84b6-581122bb7f2c\20210509T060000+1000_REC_30.wav,False,0,0,0,0,0,0,0,0,0,0,0,0,insects,-6.0647874,0.50487995,-0.10614912,0.8008062,-0.42458075,0.21183324,0.26012233,0.14193591,-0.036625963,0.49493754,0.011670937,-0.0070787105,0.45670632
10.107353,8.662975,5.6067543,9,0,0,00:00.0,00:00.0,uploads\f2e6d795-3777-11f0-84b6-581122bb7f2c\20210509T060000+1000_REC_32.wav,False,0,0,0,0,0,0,0,0,0,0,0,0,insects,-6.058216,0.7041012,-0.026982024,0.7512865,-0.3928643,0.1786621,0.31399566,0.13520668,-0.037977934,0.5421014,0.023826117,0.06998876,0.44957736
10.035741,8.562018,5.584942,9,0,0,00:00.0,00:00.0,uploads\f2e6d795-3777-11f0-84b6-581122bb7f2c\20210509T060000+1000_REC_33.wav,True,0,1,0,0,1,0,0,0,0,0,0,0,insects,-6.056489,0.7218103,-0.068048835,0.7942625,-0.3776359,0.2489936,0.24311443,0.1431811,-0.02456478,0.4883961,-0.008397608,0.03445393,0.42985314
10.045648,8.906371,5.446871,9,0,0,00:00.0,00:00.0,uploads\f2e6d795-3777-11f0-84b6-581122bb7f2c\20210509T060000+1000_REC_36.wav,False,0,0,0,0,0,0,0,0,0,0,0,0,insects,-6.0428047,0.81492776,-0.011641542,0.83708155,-0.3001659,0.14972267,0.3722803,0.11926439,-0.07913881,0.5173412,-0.03837087,-0.010914135,0.41198194
10.042498,8.594224,5.3640413,9,0,0,00:00.0,00:00.0,uploads\f2e6d795-3777-11f0-84b6-581122bb7f2c\20210509T060000+1000_REC_37.wav,False,0,0,0,0,0,0,0,0,0,0,0,0,insects,-6.0467467,0.7525712,-0.19257694,0.83917123,-0.11386048,0.213148,0.28766033,0.15145001,0.049143374,0.5978338,0.0155964615,0.058082152,0.5374962
9.96952,8.936382,5.3686075,9,0,0,00:00.0,00:00.0,uploads\f2e6d795-3777-11f0-84b6-581122bb7f2c\20210509T060000+1000_REC_39.wav,False,0,0,0,0,0,0,0,0,0,0,0,0,insects,-6.0402145,0.7103883,-0.086946875,0.7812268,-0.37631077,0.06682022,0.355147,0.09476308,-0.104231454,0.5713846,-0.027366687,-0.023310525,0.5400995
10.097314,8.572675,5.630973,9,0,0,00:00.0,00:00.0,uploads\f2e6d795-3777-11f0-84b6-581122bb7f2c\20210509T060000+1000_REC_40.wav,False,0,0,0,0,0,0,0,0,0,0,0,0,insects,-6.0723248,0.67303926,0.008909006,0.71671116,-0.28090543,0.2093153,0.35947952,0.18223517,0.0123597635,0.52998817,0.021411726,0.062148012,0.46590108
10.126545,8.629243,5.644929,9,0,0,00:00.0,00:00.0,uploads\f2e6d795-3777-11f0-84b6-581122bb7f2c\20210509T060000+1000_REC_41.wav,True,0,1,0,0,1,0,0,0,0,0,0,0,insects,-6.062074,0.73004615,-0.023295147,0.742746,-0.30135426,0.19500192,0.3611742,0.1426438,-0.007869895,0.5292475,0.0042260294,0.03262427,0.46037206
10.131962,8.704312,5.6115212,9,0,0,00:00.0,00:00.0,uploads\f2e6d795-3777-11f0-84b6-581122bb7f2c\20210509T060000+1000_REC_42.wav,False,0,0,0,0,0,0,0,0,0,0,0,0,insects,-6.064615,0.6272809,-0.045153737,0.7552599,-0.27777088,0.13348083,0.37854934,0.1375536,-0.03731377,0.5765144,-0.00020007657,-0.016514692,0.480534
10.121206,8.635994,5.6468797,9,0,0,00:00.0,00:00.0,uploads\f2e6d795-3777-11f0-84b6-581122bb7f2c\20210509T060000+1000_REC_43.wav,False,0,0,0,0,0,0,0,0,0,0,0,0,insects,-6.0906463,0.62333035,0.0070253275,0.6395885,-0.23893493,0.16853303,0.33805993,0.114904925,-0.039382953,0.44965294,0.04961484,0.010576201,0.46332383
10.093775,8.788696,5.511521,9,0,0,00:00.0,00:00.0,uploads\f2e6d795-3777-11f0-84b6-581122bb7f2c\20210509T060000+1000_REC_44.wav,False,0,0,0,0,0,0,0,0,0,0,0,0,insects,-6.06027,0.6971028,-0.050843056,0.7308117,-0.36930248,0.17677544,0.28850955,0.102586344,-0.07300816,0.52428824,-0.0022767019,-0.009066297,0.46427268
10.098786,8.7524805,5.550277,9,0,0,00:00.0,00:00.0,uploads\f2e6d795-3777-11f0-84b6-581122bb7f2c\20210509T060000+1000_REC_45.wav,False,0,0,0,0,0,0,0,0,0,0,0,0,insects,-6.061127,0.62797076,-0.039173234,0.7722655,-0.3866247,0.18512578,0.29679805,0.12563367,-0.081594616,0.5115828,0.032007806,-0.04339969,0.46186247
10.099868,8.868843,5.490533,9,0,0,00:00.0,00:00.0,uploads\f2e6d795-3777-11f0-84b6-581122bb7f2c\20210509T060000+1000_REC_46.wav,False,0,0,0,0,0,0,0,0,0,0,0,0,insects,-6.0605354,0.6028374,-0.058341485,0.78666806,-0.32719666,0.14855053,0.33713365,0.07247224,-0.08581895,0.542398,-0.02212829,-0.033721898,0.47858122
10.1235485,8.870099,5.5280457,9,0,0,00:00.0,00:00.0,uploads\f2e6d795-3777-11f0-84b6-581122bb7f2c\20210509T060000+1000_REC_47.wav,False,0,0,0,0,0,0,0,0,0,0,0,0,insects,-6.074384,0.506699,-0.012571078,0.7452252,-0.34567088,0.17526382,0.2834965,0.14236958,-0.115173124,0.56022936,-0.025400821,0.014811425,0.4210393
10.095887,8.95297,5.477865,9,0,0,00:00.0,00:00.0,uploads\f2e6d795-3777-11f0-84b6-581122bb7f2c\20210509T060000+1000_REC_48.wav,False,0,0,0,0,0,0,0,0,0,0,0,0,insects,-6.0552187,0.6130868,-0.039656986,0.7598931,-0.39354098,0.114516556,0.3663722,0.088743106,-0.11566504,0.5616161,-0.089391105,0.026743352,0.44855842
9.937813,8.939515,5.3471994,9,0,0,00:00.0,00:00.0,uploads\f2e6d795-3777-11f0-84b6-581122bb7f2c\20210509T060000+1000_REC_49.wav,False,0,0,0,0,0,0,0,0,0,0,0,0,insects,-6.0327444,0.7824755,-0.08070159,0.8286985,-0.39810592,0.118052594,0.33609998,0.10197497,-0.05908128,0.5686899,-0.049677823,0.015002851,0.4838683
9.930102,8.270587,5.235287,9,0,0,00:00.0,00:00.0,uploads\f2e6d795-3777-11f0-84b6-581122bb7f2c\20210509T060000+1000_REC_50.wav,False,0,0,0,0,0,0,0,0,0,0,0,0,insects,-6.0370526,0.839756,-0.026310597,0.79763216,-0.30701825,0.24693017,0.32813606,0.18800177,0.048539516,0.5967583,0.0135857025,0.021585798,0.50623506
10.109473,8.939454,5.4927683,9,0,0,00:00.0,00:00.0,uploads\f2e6d795-3777-11f0-84b6-581122bb7f2c\20210509T060000+1000_REC_51.wav,False,0,0,0,0,0,0,0,0,0,0,0,0,insects,-6.037833,0.6644302,0.053391423,0.8396129,-0.4539578,0.23319958,0.33722365,0.12030026,-0.117889084,0.6193926,-0.061373856,0.04499464,0.41651103
9.967373,8.928918,5.373351,9,0,0,00:00.0,00:00.0,uploads\f2e6d795-3777-11f0-84b6-581122bb7f2c\20210509T060000+1000_REC_52.wav,False,0,0,0,0,0,0,0,0,0,0,0,0,insects,-6.033474,0.746659,-0.09462565,0.82721347,-0.447047,0.15641806,0.2779976,0.084630065,-0.07369094,0.54625916,-0.021645093,-0.05010807,0.48216897
9.87187,8.490111,5.300178,9,0,0,00:00.0,00:00.0,uploads\f2e6d795-3777-11f0-84b6-581122bb7f2c\20210509T060000+1000_REC_53.wav,False,0,0,0,0,0,0,0,0,0,0,0,0,insects,-6.0280657,0.80284786,-0.11062507,0.82437277,-0.40156293,0.18060327,0.2815936,0.15950526,-0.09114401,0.55019677,0.0019100994,-0.08394992,0.5143905
9.965737,8.922834,5.378152,9,0,0,00:00.0,00:00.0,uploads\f2e6d795-3777-11f0-84b6-581122bb7f2c\20210509T060000+1000_REC_54.wav,False,0,0,0,0,0,0,0,0,0,0,0,0,insects,-6.045171,0.6827378,-0.12883419,0.7679952,-0.4123931,0.16360228,0.2774978,0.11379356,-0.027737891,0.56856793,-0.023878755,-0.06450674,0.51521474
9.882495,8.63969,5.3021426,9,0,0,00:00.0,00:00.0,uploads\f2e6d795-3777-11f0-84b6-581122bb7f2c\20210509T060000+1000_REC_55.wav,False,0,0,0,0,0,0,0,0,0,0,0,0,insects,-6.033952,0.7726713,-0.09868657,0.7929262,-0.40446535,0.15400763,0.3384592,0.1328283,-0.12769304,0.54757434,0.007464286,-0.0724187,0.49444762
9.845249,8.41073,5.291135,9,0,0,00:00.0,00:00.0,uploads\f2e6d795-3777-11f0-84b6-581122bb7f2c\20210509T060000+1000_REC_56.wav,True,0,1,0,0,1,0,0,0,0,0,0,0,insects,-6.026538,0.8017125,-0.010210574,0.8412088,-0.4508594,0.18458717,0.26723865,0.15944259,-0.046693128,0.55708355,0.00022279969,-0.06511599,0.517656
9.739155,8.346774,5.2211056,9,0,0,00:00.0,00:00.0,uploads\f2e6d795-3777-11f0-84b6-581122bb7f2c\20210509T060000+1000_REC_57.wav,False,0,0,0,0,0,0,0,0,0,0,0,0,insects,-6.0404773,0.81602895,-0.07180331,0.7756555,-0.38876253,0.1360448,0.29243174,0.17697601,-0.054734554,0.5418854,-0.008898106,-0.03640609,0.45756826
10.107318,8.7890625,5.535563,9,0,0,00:00.0,00:00.0,uploads\f2e6d795-3777-11f0-84b6-581122bb7f2c\20210509T060000+1000_REC_58.wav,False,0,0,0,0,0,0,0,0,0,0,0,0,insects,-6.057308,0.7125304,-0.05867427,0.73782915,-0.36579224,0.16410586,0.31817695,0.11231516,-0.051321838,0.5484484,0.0066031828,-0.01760841,0.45188564
9.856106,8.450465,5.2987475,9,0,0,00:00.0,00:00.0,uploads\f2e6d795-3777-11f0-84b6-581122bb7f2c\20210509T060000+1000_REC_59.wav,False,0,0,0,0,0,0,0,0,0,0,0,0,insects,-6.0250006,0.8399857,-0.04215547,0.7894999,-0.47741196,0.20987134,0.20464943,0.19662844,-0.144713,0.5599281,0.031334154,-0.040069092,0.47891328
9.975423,8.941296,5.3755803,9,0,0,00:00.0,00:00.0,uploads\f2e6d795-3777-11f0-84b6-581122bb7f2c\20210509T060000+1000_REC_61.wav,False,0,0,0,0,0,0,0,0,0,0,0,0,insects,-6.0127163,0.86241716,-0.09736853,0.82028705,-0.48097834,0.06523227,0.29331404,0.09252984,-0.09419686,0.5781749,-0.0086006755,-0.036221437,0.52660143
10.011783,8.908926,5.412548,9,0,0,00:00.0,00:00.0,uploads\f2e6d795-3777-11f0-84b6-581122bb7f2c\20210509T060000+1000_REC_62.wav,False,0,0,0,0,0,0,0,0,0,0,0,0,insects,-6.035564,0.790661,-0.11289207,0.80058134,-0.41634992,0.09729525,0.31913888,0.07917081,-0.08303542,0.54472375,0.010739447,-0.008397942,0.461369
9.685302,8.00255,5.3015647,9,0,0,00:00.0,00:00.0,uploads\f2e6d795-3777-11f0-84b6-581122bb7f2c\20210509T060000+1000_REC_63.wav,False,0,0,0,0,0,0,0,0,0,0,0,0,insects,-5.9976697,1.0968193,0.01821887,0.7274711,-0.53480905,0.19471556,0.15441316,0.18022221,0.01051601,0.53633183,0.05868475,-0.0005145383,0.5186846
9.805309,8.367258,5.232527,9,0,0,00:00.0,00:00.0,uploads\f2e6d795-3777-11f0-84b6-581122bb7f2c\20210509T060000+1000_REC_64.wav,False,0,0,0,0,0,0,0,0,0,0,0,0,insects,-6.0416927,0.78405195,-0.052125532,0.7014662,-0.43257236,0.12790005,0.32907286,0.19412425,-0.06293815,0.57046145,0.033539988,-0.0537471,0.51352173
9.479572,7.9613647,5.0018826,9,0,0,00:00.0,00:00.0,uploads\f2e6d795-3777-11f0-84b6-581122bb7f2c\20210509T060000+1000_REC_65.wav,False,0,0,0,0,0,0,0,0,0,0,0,0,insects,-6.0278015,0.9314497,0.011682392,0.8022427,-0.33831522,0.23018803,0.35270745,0.15135168,-0.08525958,0.48678732,-0.030594144,-0.08008407,0.45715716
9.861937,8.457024,5.29903,9,0,0,00:00.0,00:00.0,uploads\f2e6d795-3777-11f0-84b6-581122bb7f2c\20210509T060000+1000_REC_66.wav,False,0,0,0,0,0,0,0,0,0,0,0,0,insects,-6.049262,0.72491837,-0.040310137,0.7692256,-0.386907,0.20820287,0.2976388,0.17007107,-0.062259976,0.5121548,0.025496839,-0.079568975,0.50836074
9.589393,7.990562,5.1055174,9,0,0,00:00.0,00:00.0,uploads\f2e6d795-3777-11f0-84b6-581122bb7f2c\20210509T060000+1000_REC_67.wav,False,0,0,0,0,0,0,0,0,0,0,0,0,insects,-6.03003,0.8621004,-0.22628105,0.7873783,-0.33642015,0.15094446,0.21003681,0.17477109,-0.028603971,0.5240486,-0.0632894,-0.04282635,0.5076546
10.059479,8.756334,5.50432,9,0,0,00:00.0,00:00.0,uploads\f2e6d795-3777-11f0-84b6-581122bb7f2c\20210509T060000+1000_REC_68.wav,False,0,0,0,0,0,0,0,0,0,0,0,0,insects,-6.0596943,0.77292484,-0.05666352,0.6934547,-0.3619906,0.16482799,0.33255154,0.12121155,-0.06275066,0.4732579,-0.009732563,-0.03830864,0.43329638
10.056557,8.503241,5.633403,9,0,0,00:00.0,00:00.0,uploads\f2e6d795-3777-11f0-84b6-581122bb7f2c\20210509T060000+1000_REC_69.wav,False,0,0,0,0,0,0,0,0,0,0,0,0,insects,-6.0595436,0.82387805,-0.07127168,0.6655018,-0.33309746,0.17861414,0.31252488,0.17726335,-0.013375736,0.51700354,0.020472419,0.021539286,0.43522784
10.034106,8.91601,5.445648,9,0,0,00:00.0,00:00.0,uploads\f2e6d795-3777-11f0-84b6-581122bb7f2c\20210509T060000+1000_REC_70.wav,False,0,0,0,0,0,0,0,0,0,0,0,0,insects,-6.0476255,0.8374014,-0.041402172,0.7243132,-0.3635396,0.16508676,0.31597498,0.101182155,-0.08651888,0.49827147,-0.065815255,-0.04791241,0.4097389
9.84565,8.558427,5.3313136,9,0,0,00:00.0,00:00.0,uploads\f2e6d795-3777-11f0-84b6-581122bb7f2c\20210509T060000+1000_REC_71.wav,False,0,0,0,0,0,0,0,0,0,0,0,0,insects,-6.052674,0.7807101,-0.09278648,0.7108076,-0.36753792,0.12920049,0.2948187,0.14733708,-0.053919077,0.5286944,0.00422048,-0.07129552,0.44163102
9.978631,8.948623,5.3768215,9,0,0,00:00.0,00:00.0,uploads\f2e6d795-3777-11f0-84b6-581122bb7f2c\20210509T060000+1000_REC_72.wav,True,0,0,0,0,1,0,0,0,0,0,0,0,insects,-6.0360527,0.77932394,-0.10748116,0.7522792,-0.42301583,0.12015478,0.34619766,0.10654942,-0.07734809,0.55148995,-0.044830907,-0.041780856,0.50165695
9.877098,8.462023,5.3372073,9,0,0,00:00.0,00:00.0,uploads\f2e6d795-3777-11f0-84b6-581122bb7f2c\20210509T060000+1000_REC_73.wav,False,0,0,0,0,0,0,0,0,0,0,0,0,insects,-6.0442395,0.7694794,-0.09551174,0.79170823,-0.41719413,0.20162633,0.25654006,0.17241792,-0.04813736,0.46576345,0.021921247,-0.10671909,0.4524951
9.180497,7.622325,4.774847,9,0,0,00:00.0,00:00.0,uploads\f2e6d795-3777-11f0-84b6-581122bb7f2c\20210509T060000+1000_REC_74.wav,False,0,0,0,0,0,0,0,0,0,0,0,0,insects,-6.005757,1.0249543,-0.23348989,0.7052002,-0.45341736,0.17000428,0.26319686,0.123569354,-0.013195802,0.55387527,-0.111287974,-0.06302476,0.4300634
10.002574,8.560126,5.5392456,9,0,0,00:00.0,00:00.0,uploads\f2e6d795-3777-11f0-84b6-581122bb7f2c\20210509T060000+1000_REC_75.wav,False,0,0,0,0,0,0,0,0,0,0,0,0,insects,-6.0614023,0.7697728,-0.015525469,0.7379239,-0.3769839,0.16110484,0.2309136,0.12617345,-0.028004015,0.45244688,0.032131962,-0.03186847,0.43194315
9.98364,8.89385,5.397565,9,0,0,00:00.0,00:00.0,uploads\f2e6d795-3777-11f0-84b6-581122bb7f2c\20210509T060000+1000_REC_76.wav,False,0,0,0,0,0,0,0,0,0,0,0,0,insects,-6.0411005,0.8202641,-0.059251707,0.75565827,-0.3945106,0.1581338,0.28799504,0.089485385,-0.061854973,0.50925523,-0.035036005,-0.080814466,0.47110152
10.017387,8.947292,5.414843,9,0,0,00:00.0,00:00.0,uploads\f2e6d795-3777-11f0-84b6-581122bb7f2c\20210509T060000+1000_REC_77.wav,False,0,0,0,0,0,0,0,0,0,0,0,0,insects,-6.0490904,0.7492489,-0.087641746,0.7430785,-0.38778266,0.113645025,0.33878908,0.08953341,-0.045520317,0.5041235,-0.0691182,-0.056700878,0.45919386
10.044281,8.652973,5.5404534,9,0,0,00:00.0,00:00.0,uploads\f2e6d795-3777-11f0-84b6-581122bb7f2c\20210509T060000+1000_REC_78.wav,False,0,0,0,0,0,0,0,0,0,0,0,0,insects,-6.067629,0.6977749,-0.04196065,0.7289843,-0.33335748,0.17169842,0.27149656,0.12040765,-0.036213614,0.48938707,0.02690463,-0.06138566,0.43863308
9.987128,8.923969,5.3882284,9,0,0,00:00.0,00:00.0,uploads\f2e6d795-3777-11f0-84b6-581122bb7f2c\20210509T060000+1000_REC_79.wav,False,0,0,0,0,0,0,0,0,0,0,0,0,insects,-6.043107,0.7808696,-0.09741917,0.7364494,-0.39304358,0.1042484,0.3682225,0.13728932,-0.04632383,0.52979267,-0.049875487,-0.037301514,0.48414174
10.049332,8.788183,5.4573064,9,0,0,00:00.0,00:00.0,uploads\f2e6d795-3777-11f0-84b6-581122bb7f2c\20210509T060000+1000_REC_80.wav,True,0,0,0,0,1,0,0,0,0,0,0,0,insects,-6.046854,0.779051,-0.113796085,0.7366427,-0.3918273,0.17254892,0.31596333,0.11816798,-0.079117425,0.5075845,0.006821549,-0.03129734,0.47531903
9.365297,8.09602,5.045283,9,0,0,00:00.0,00:00.0,uploads\f2e6d795-3777-11f0-84b6-581122bb7f2c\20210509T060000+1000_REC_81.wav,False,0,0,0,0,0,0,0,0,0,0,0,0,insects,-6.0254154,0.92490566,-0.08230487,0.72276247,-0.44384712,0.12990905,0.3048569,0.122835085,-0.09606617,0.5091384,-0.06241486,-0.07441019,0.4550226
9.684942,8.481637,5.248391,9,0,0,00:00.0,00:00.0,uploads\f2e6d795-3777-11f0-84b6-581122bb7f2c\20210509T060000+1000_REC_82.wav,False,0,0,0,0,0,0,0,0,0,0,0,0,insects,-6.029995,0.87683105,-0.09854948,0.778036,-0.40317264,0.15208535,0.27365094,0.12779129,-0.1180349,0.51576,-0.010584927,-0.113695964,0.4237831
9.995903,8.682656,5.3881297,9,0,0,00:00.0,00:00.0,uploads\f2e6d795-3777-11f0-84b6-581122bb7f2c\20210509T060000+1000_REC_83.wav,False,0,0,0,0,0,0,0,0,0,0,0,0,insects,-6.0642877,0.72814596,-0.1565064,0.63123935,-0.32021597,0.19433744,0.29397273,0.14120202,-0.079170994,0.52219343,-0.016754704,-0.028563857,0.47211447
9.825647,8.35595,5.2440624,9,0,0,00:00.0,00:00.0,uploads\f2e6d795-3777-11f0-84b6-581122bb7f2c\20210509T060000+1000_REC_84.wav,False,0,0,0,0,0,0,0,0,0,0,0,0,insects,-6.035422,0.79328805,-0.031697292,0.7943382,-0.4162434,0.18381433,0.34354398,0.19944373,0.005060222,0.5408493,0.00072865724,-0.056366645,0.516861
9.700378,8.043507,5.292446,9,0,0,00:00.0,00:00.0,uploads\f2e6d795-3777-11f0-84b6-581122bb7f2c\20210509T060000+1000_REC_85.wav,False,0,0,0,0,0,0,0,0,0,0,0,0,insects,-6.023088,0.9049924,0.032125317,0.77115333,-0.52526796,0.259937,0.24163263,0.1668467,-0.023414936,0.50767535,-0.02442016,-0.023598658,0.4510536
9.383007,7.8983164,5.101676,9,0,0,00:00.0,00:00.0,uploads\f2e6d795-3777-11f0-84b6-581122bb7f2c\20210509T060000+1000_REC_86.wav,False,0,0,0,0,0,0,0,0,0,0,0,0,insects,-6.0111785,1.016009,-0.11024804,0.77328175,-0.38915277,0.18434605,0.32977548,0.15918285,-0.039727442,0.578407,-0.012426462,-0.016279006,0.4462352
9.885272,8.381684,5.476114,9,0,0,00:00.0,00:00.0,uploads\f2e6d795-3777-11f0-84b6-581122bb7f2c\20210509T060000+1000_REC_87.wav,False,0,0,0,0,0,0,0,0,0,0,0,0,insects,-6.054571,0.8326973,-0.02589893,0.7144839,-0.36952725,0.2609378,0.22848547,0.1710369,0.0022411859,0.43854964,-0.0013214952,-0.076843426,0.447121
9.552685,7.8934073,5.440368,9,0,0,00:00.0,00:00.0,uploads\f2e6d795-3777-11f0-84b6-581122bb7f2c\20210509T060000+1000_REC_88.wav,False,0,0,0,0,0,0,0,0,0,0,0,0,insects,-6.039295,0.9641315,-0.08290767,0.71306604,-0.3668097,0.20106168,0.20332062,0.13547261,-0.021304157,0.49109182,0.014029316,-0.025280945,0.3936591
8.600435,7.1879673,5.4870944,9,0,0,00:00.0,00:00.0,uploads\f2e6d795-3777-11f0-84b6-581122bb7f2c\20210509T060000+1000_REC_89.wav,False,0,0,0,0,0,0,0,0,0,0,0,0,insects,-6.0297766,0.7297925,-0.09232022,0.9024653,-0.5576326,0.2427731,0.28004324,0.03078071,0.06614891,0.46279722,0.013489662,0.018570865,0.35360214
9.718104,8.336429,5.2120686,9,0,0,00:00.0,00:00.0,uploads\f2e6d795-3777-11f0-84b6-581122bb7f2c\20210509T060000+1000_REC_90.wav,False,0,0,0,0,0,0,0,0,0,0,0,0,insects,-6.0406604,0.8451203,-0.08863878,0.7109004,-0.4063458,0.13172075,0.34270793,0.16837516,-0.048324693,0.5427871,-0.0033570759,-0.02261162,0.45783
9.775511,8.361705,5.2241755,9,0,0,00:00.0,00:00.0,uploads\f2e6d795-3777-11f0-84b6-581122bb7f2c\20210509T060000+1000_REC_91.wav,False,0,0,0,0,0,0,0,0,0,0,0,0,insects,-6.0429854,0.80880034,-0.09201035,0.73397726,-0.36695144,0.14669023,0.35387135,0.19168013,-0.07100714,0.53762764,0.023966637,-0.061787847,0.48005322
10.075186,8.554662,5.625146,9,0,0,00:00.0,00:00.0,uploads\f2e6d795-3777-11f0-84b6-581122bb7f2c\20210509T060000+1000_REC_92.wav,False,0,0,0,0,0,0,0,0,0,0,0,0,insects,-6.0685706,0.7984673,-0.03632747,0.63869506,-0.2852356,0.19407684,0.3336445,0.18048672,-0.025276236,0.5107506,0.030014286,0.008314325,0.42787397
9.861901,8.454058,5.3121977,9,0,0,00:00.0,00:00.0,uploads\f2e6d795-3777-11f0-84b6-581122bb7f2c\20210509T060000+1000_REC_93.wav,False,0,0,0,0,0,0,0,0,0,0,0,0,insects,-6.040194,0.83470255,-0.05911197,0.7501443,-0.42541286,0.20382977,0.24589385,0.15970422,-0.056129187,0.47094277,0.033805273,-0.091352746,0.4945716
9.869281,8.481558,5.301036,9,0,0,00:00.0,00:00.0,uploads\f2e6d795-3777-11f0-84b6-581122bb7f2c\20210509T060000+1000_REC_94.wav,True,0,0,0,0,1,0,0,0,0,0,0,0,insects,-6.027439,0.7778266,-0.15398763,0.8049388,-0.43917263,0.21271531,0.2917016,0.16375735,-0.034592763,0.5228042,0.031937584,-0.14773865,0.53313226
9.880245,8.50135,5.3098593,9,0,0,00:00.0,00:00.0,uploads\f2e6d795-3777-11f0-84b6-581122bb7f2c\20210509T060000+1000_REC_95.wav,False,0,0,0,0,0,0,0,0,0,0,0,0,insects,-6.038615,0.82397205,-0.09724971,0.7386813,-0.42061675,0.19922955,0.24667037,0.14030798,-0.06815453,0.51913506,0.046815637,-0.10769371,0.48595524
8.590513,7.141838,5.398835,9,0,0,00:00.0,00:00.0,uploads\f2e6d795-3777-11f0-84b6-581122bb7f2c\20210509T060000+1000_REC_98.wav,False,0,0,0,0,0,0,0,0,0,0,0,0,insects,-6.0110016,0.85616904,-0.14743245,0.94856566,-0.52566254,0.31870407,0.12713654,0.12146957,0.1699098,0.3213867,-0.09028122,0.08628524,0.47405317
9.906493,7.986487,5.1249413,9,0,0,00:00.0,00:00.0,uploads\f2e6d795-3777-11f0-84b6-581122bb7f2c\20210509T060000+1000_REC_99.wav,False,0,0,0,0,0,0,0,0,0,0,0,0,insects,-6.020771,1.0322027,-0.05890366,0.6687621,-0.38877714,0.27019903,0.3080734,0.21376163,0.017150614,0.5350397,-0.014809636,0.017752714,0.50528836
8.96188,7.522911,5.3276114,9,0,0,00:00.0,00:00.0,uploads\f2e6d795-3777-11f0-84b6-581122bb7f2c\20210509T060000+1000_REC_100.wav,False,0,0,0,0,0,0,0,0,0,0,0,0,insects,-6.0318623,0.9342,-0.08074328,0.7629057,-0.4431288,0.3036728,0.2545932,0.08410239,0.063026994,0.4420112,-0.023592032,0.052315887,0.43022636
8.946836,7.506424,5.3620944,9,0,0,00:00.0,00:00.0,uploads\f2e6d795-3777-11f0-84b6-581122bb7f2c\20210509T060000+1000_REC_101.wav,False,0,0,0,0,0,0,0,0,0,0,0,0,insects,-6.0372677,0.7947925,-0.072196245,0.8590803,-0.4249496,0.1850595,0.32016125,0.063650236,0.007745746,0.4869268,-0.039478395,0.036626976,0.40903935
10.013627,8.934134,5.415744,9,0,0,00:00.0,00:00.0,uploads\f2e6d795-3777-11f0-84b6-581122bb7f2c\20210509T060000+1000_REC_102.wav,False,0,0,0,0,0,0,0,0,0,0,0,0,insects,-6.0497994,0.83391684,-0.07165355,0.71267295,-0.30762148,0.12800893,0.31565398,0.1110518,-0.061121598,0.5327082,-0.055078536,-0.0369711,0.4551461
9.648779,7.846848,5.6055264,9,0,0,00:00.0,00:00.0,uploads\f2e6d795-3777-11f0-84b6-581122bb7f2c\20210509T060000+1000_REC_105.wav,False,0,0,0,0,0,0,0,0,0,0,0,0,insects,-6.055441,0.9298822,-0.00896165,0.66648144,-0.32548827,0.12215732,0.25839263,0.17124665,-0.008786364,0.44620624,-0.01655889,0.045949247,0.41084233
8.536259,7.143501,5.531223,9,0,0,00:00.0,00:00.0,uploads\f2e6d795-3777-11f0-84b6-581122bb7f2c\20210509T060000+1000_REC_106.wav,False,0,0,0,0,0,0,0,0,0,0,0,0,insects,-6.0377464,0.72640264,-0.13361806,0.90081626,-0.4935079,0.25652897,0.31969935,0.077948816,0.064071424,0.4247781,-0.013156798,0.09289395,0.3329895
9.513583,7.892659,5.378065,9,0,0,00:00.0,00:00.0,uploads\f2e6d795-3777-11f0-84b6-581122bb7f2c\20210509T060000+1000_REC_107.wav,False,0,0,0,0,0,0,0,0,0,0,0,0,insects,-6.036283,0.9789393,-0.04446647,0.6839539,-0.3556894,0.16572489,0.28216836,0.14924458,-0.019871475,0.5159781,-0.051154073,-0.0337134,0.42350507
9.532609,7.858488,5.3714495,9,0,0,00:00.0,00:00.0,uploads\f2e6d795-3777-11f0-84b6-581122bb7f2c\20210509T060000+1000_REC_109.wav,False,0,0,0,0,0,0,0,0,0,0,0,0,insects,-6.0434985,0.90716505,-0.12747526,0.7105856,-0.34074292,0.20336148,0.2491281,0.15449949,0.027234765,0.4865176,-0.056670427,-0.039644662,0.4402852
9.201062,7.629699,5.513589,9,0,0,00:00.0,00:00.0,uploads\f2e6d795-3777-11f0-84b6-581122bb7f2c\20210509T060000+1000_REC_110.wav,False,0,0,0,0,0,0,0,0,0,0,0,0,insects,-6.0440207,0.8975126,-0.04299501,0.69381994,-0.43643755,0.14898887,0.27323744,0.098548405,0.05112259,0.5053957,-0.06634622,0.12703146,0.40383542
9.991123,8.522295,5.5453734,9,0,0,00:00.0,00:00.0,uploads\f2e6d795-3777-11f0-84b6-581122bb7f2c\20210509T060000+1000_REC_111.wav,False,0,0,0,0,0,0,0,0,0,0,0,0,insects,-6.054893,0.82412976,-0.0115796905,0.7677983,-0.3203318,0.19368196,0.27353993,0.14214712,-0.015419764,0.44858566,0.0043692226,-0.027500145,0.45594242
9.891725,8.395498,5.4561057,9,0,0,00:00.0,00:00.0,uploads\f2e6d795-3777-11f0-84b6-581122bb7f2c\20210509T060000+1000_REC_112.wav,False,0,0,0,0,0,0,0,0,0,0,0,0,insects,-6.0507855,0.87591296,-0.06580599,0.746273,-0.30119404,0.2125711,0.25651723,0.20526351,-0.01612924,0.4364762,0.040069584,-0.09692022,0.43478158
9.971163,8.480917,5.5334387,9,0,0,00:00.0,00:00.0,uploads\f2e6d795-3777-11f0-84b6-581122bb7f2c\20210509T060000+1000_REC_113.wav,True,0,1,0,0,1,0,0,0,0,0,0,0,insects,-6.047936,0.84105414,-0.05812184,0.7663041,-0.36218002,0.26014367,0.28461087,0.16889837,-0.011301383,0.43822417,0.029476317,-0.007963731,0.4713092
9.152117,7.985092,4.932428,9,0,0,00:00.0,00:00.0,uploads\f2e6d795-3777-11f0-84b6-581122bb7f2c\20210509T060000+1000_REC_115.wav,True,0,1,0,0,1,0,0,0,0,0,0,0,insects,-6.02514,0.87454236,-0.14963894,0.77073824,-0.45309827,0.049299803,0.33040327,0.09807636,-0.032691833,0.5479173,-0.05066494,0.020834135,0.4385591
8.695827,7.2363653,5.237427,9,0,0,00:00.0,00:00.0,uploads\f2e6d795-3777-11f0-84b6-581122bb7f2c\20210509T060000+1000_REC_117.wav,False,0,0,0,0,0,0,0,0,0,0,0,0,insects,-6.020356,0.81355065,-0.21906029,0.928393,-0.47690114,0.21315867,0.3489084,0.09935815,-0.0023753287,0.37463897,-0.031796556,-0.013609588,0.3643016
9.269743,8.001083,4.978865,9,0,0,00:00.0,00:00.0,uploads\f2e6d795-3777-11f0-84b6-581122bb7f2c\20210509T060000+1000_REC_118.wav,False,0,0,0,0,0,0,0,0,0,0,0,0,insects,-6.0210147,0.927567,-0.032718245,0.7606248,-0.4270118,0.13226607,0.36133614,0.0989213,-0.07611697,0.54236084,-0.08315718,-0.05907151,0.45430136
8.187658,6.9004383,5.6822877,9,0,0,00:00.0,00:00.0,uploads\f2e6d795-3777-11f0-84b6-581122bb7f2c\20210509T060000+1000_REC_119.wav,True,0,1,0,0,1,0,0,0,0,0,0,0,insects,-5.9775276,0.6279862,-0.2887292,1.0982956,-0.76833206,0.34385374,0.3642942,0.031066155,0.14411756,0.25478023,-0.037021294,0.1330148,0.29935488
9.086691,7.6110764,5.0843735,9,0,0,00:00.0,00:00.0,uploads\f2e6d795-3777-11f0-84b6-581122bb7f2c\20210509T060000+1000_REC_121.wav,False,0,0,0,0,0,0,0,0,0,0,0,0,insects,-5.9766054,0.9602069,-0.07632719,0.9542667,-0.5912262,0.31961372,0.3939937,0.10548824,0.02252639,0.47749352,-0.07405089,-0.035082504,0.4831056
9.563473,7.953969,5.457398,9,0,0,00:00.0,00:00.0,uploads\f2e6d795-3777-11f0-84b6-581122bb7f2c\20210509T060000+1000_REC_122.wav,False,0,0,0,0,0,0,0,0,0,0,0,0,insects,-6.0636854,0.7966773,-0.0038618054,0.6685632,-0.39042562,0.25034022,0.2477206,0.12949158,-3.994822e-07,0.4495812,-0.04803799,-0.03642837,0.3849664
8.477438,7.10365,5.534488,9,0,0,00:00.0,00:00.0,uploads\f2e6d795-3777-11f0-84b6-581122bb7f2c\20210509T060000+1000_REC_123.wav,False,0,0,0,0,0,0,0,0,0,0,0,0,insects,-6.019249,0.647108,-0.241332,0.95620847,-0.5903819,0.34016576,0.330584,0.053637378,0.09471355,0.34347185,-0.00992013,0.12986307,0.41253626
8.200242,6.908367,5.671782,9,0,0,00:00.0,00:00.0,uploads\f2e6d795-3777-11f0-84b6-581122bb7f2c\20210509T060000+1000_REC_125.wav,False,0,0,0,0,0,0,0,0,0,0,0,0,insects,-5.9852853,0.6632373,-0.27756742,1.0998279,-0.6826575,0.34224486,0.39438722,0.08888915,0.16189209,0.27779138,0.020652186,0.18891336,0.365483
9.900631,8.006096,5.153558,9,0,0,00:00.0,00:00.0,uploads\f2e6d795-3777-11f0-84b6-581122bb7f2c\20210509T060000+1000_REC_126.wav,False,0,0,0,0,0,0,0,0,0,0,0,0,insects,-6.030368,0.9600228,0.00052298687,0.7643176,-0.35076663,0.2662038,0.31122652,0.23732062,0.00030051748,0.47905913,0.0024855556,-0.0007568341,0.48347268
9.673266,7.880767,5.486409,9,0,0,00:00.0,00:00.0,uploads\f2e6d795-3777-11f0-84b6-581122bb7f2c\20210509T060000+1000_REC_127.wav,False,0,0,0,0,0,0,0,0,0,0,0,0,insects,-6.0339465,0.97214943,-0.054810904,0.7417633,-0.36906415,0.2142158,0.3064164,0.21820033,-0.005198107,0.45694345,-0.05300473,0.011526443,0.40884703
9.832955,7.9899344,5.152405,9,0,0,00:00.0,00:00.0,uploads\f2e6d795-3777-11f0-84b6-581122bb7f2c\20210509T060000+1000_REC_128.wav,False,0,0,0,0,0,0,0,0,0,0,0,0,insects,-6.024517,1.0219165,-0.063375935,0.7653075,-0.31444514,0.14022912,0.31708798,0.21933512,-0.040964115,0.48287064,-0.030520968,0.0020388218,0.45240247
8.485477,7.108127,5.5134773,9,0,0,00:00.0,00:00.0,uploads\f2e6d795-3777-11f0-84b6-581122bb7f2c\20210509T060000+1000_REC_129.wav,False,0,0,0,0,0,0,0,0,0,0,0,0,insects,-5.9880004,0.78269637,-0.17685536,1.0579507,-0.59990424,0.30259418,0.3925363,0.08769083,0.108823836,0.4458265,-0.04115443,0.14102551,0.41330352
9.916352,7.96911,5.2135463,9,0,0,00:00.0,00:00.0,uploads\f2e6d795-3777-11f0-84b6-581122bb7f2c\20210509T060000+1000_REC_130.wav,False,0,0,0,0,0,0,0,0,0,0,0,0,insects,-6.046409,0.9885527,-0.00087409175,0.61286026,-0.27318674,0.18031271,0.3255955,0.23974884,0.0048373425,0.51307786,0.024456458,0.03983635,0.47377515
8.1304035,6.8481545,5.729155,9,0,0,00:00.0,00:00.0,uploads\f2e6d795-3777-11f0-84b6-581122bb7f2c\20210509T060000+1000_REC_131.wav,False,0,0,0,0,0,0,0,0,0,0,0,0,insects,-6.0149717,0.5765614,-0.16468933,1.0666112,-0.6174855,0.40083155,0.32253668,0.06565055,0.2185387,0.25371227,0.078771725,0.19462343,0.30571422
8.203142,6.9058847,5.6572337,9,0,0,00:00.0,00:00.0,uploads\f2e6d795-3777-11f0-84b6-581122bb7f2c\20210509T060000+1000_REC_132.wav,False,0,0,0,0,0,0,0,0,0,0,0,0,insects,-5.957076,0.7695978,-0.21264961,1.1335055,-0.76201874,0.44589195,0.36751282,0.092929624,0.23104179,0.2853063,-0.009477568,0.16227943,0.37644896
9.817531,8.169999,5.173841,9,0,0,00:00.0,00:00.0,uploads\f2e6d795-3777-11f0-84b6-581122bb7f2c\20210509T060000+1000_REC_133.wav,False,0,0,0,0,0,0,0,0,0,0,0,0,insects,-6.0455427,0.8750049,-0.004550776,0.6733134,-0.36014098,0.17626363,0.28009015,0.23080654,-0.08095148,0.50986636,0.01071218,-0.02007779,0.51967084
9.494408,7.8741684,4.982888,9,0,0,00:00.0,00:00.0,uploads\f2e6d795-3777-11f0-84b6-581122bb7f2c\20210509T060000+1000_REC_134.wav,False,0,0,0,0,0,0,0,0,0,0,0,0,insects,-5.9993377,1.148284,-0.01850005,0.7412053,-0.39900813,0.1643203,0.25165275,0.2114179,-0.03989958,0.4761022,-0.05941189,-0.0634071,0.4906336
9.25721,7.745995,5.1096354,9,0,0,00:00.0,00:00.0,uploads\f2e6d795-3777-11f0-84b6-581122bb7f2c\20210509T060000+1000_REC_135.wav,False,0,0,0,0,0,0,0,0,0,0,0,0,insects,-6.0159082,1.1275469,-0.07352087,0.6416845,-0.34846416,0.23685451,0.32052824,0.13656603,-0.03591945,0.5079077,-0.033399437,0.037113648,0.44924158
8.531313,7.1438828,5.52021,9,0,0,00:00.0,00:00.0,uploads\f2e6d795-3777-11f0-84b6-581122bb7f2c\20210509T060000+1000_REC_136.wav,True,0,1,0,0,1,0,0,0,0,0,0,0,insects,-6.037251,0.8271538,-0.13675037,0.850661,-0.47828373,0.29216063,0.30076134,0.083854936,0.1029894,0.3519911,8.603199e-05,0.12793534,0.35994977
8.151241,6.8659263,5.7187777,9,0,0,00:00.0,00:00.0,uploads\f2e6d795-3777-11f0-84b6-581122bb7f2c\20210509T060000+1000_REC_137.wav,False,0,0,0,0,0,0,0,0,0,0,0,0,insects,-6.004404,0.61923355,-0.24088874,1.0498918,-0.63920796,0.39954147,0.3365198,-0.00043483288,0.18123658,0.2926352,0.00034303273,0.2054236,0.29828382
9.557806,7.9809284,5.0755353,9,0,0,00:00.0,00:00.0,uploads\f2e6d795-3777-11f0-84b6-581122bb7f2c\20210509T060000+1000_REC_138.wav,False,0,0,0,0,0,0,0,0,0,0,0,0,insects,-6.026876,1.006234,-0.06755478,0.72980344,-0.29006845,0.115894355,0.26912823,0.17171709,-0.06694254,0.5018943,-0.062380485,-0.07547361,0.49190226
8.979245,7.546724,5.293994,9,0,0,00:00.0,00:00.0,uploads\f2e6d795-3777-11f0-84b6-581122bb7f2c\20210509T060000+1000_REC_139.wav,False,0,0,0,0,0,0,0,0,0,0,0,0,insects,-6.0100965,0.93713427,-0.15149751,0.85661626,-0.4618272,0.21294904,0.32183665,0.076352954,-0.011796176,0.51100963,-0.05033423,0.04460511,0.44073647
9.416574,7.7702894,4.878786,9,0,0,00:00.0,00:00.0,uploads\f2e6d795-3777-11f0-84b6-581122bb7f2c\20210509T060000+1000_REC_140.wav,False,0,0,0,0,0,0,0,0,0,0,0,0,insects,-5.9886312,1.1132425,-0.06360881,0.81954324,-0.45400807,0.13684295,0.22844012,0.19917025,0.073549315,0.54734135,-0.08699875,0.06565497,0.51503164
9.18079,7.700155,5.0906715,9,0,0,00:00.0,00:00.0,uploads\f2e6d795-3777-11f0-84b6-581122bb7f2c\20210509T060000+1000_REC_141.wav,False,0,0,0,0,0,0,0,0,0,0,0,0,insects,-6.0133085,0.95077974,-0.070240095,0.81116056,-0.43616748,0.2830779,0.38399866,0.15538208,0.04161987,0.5693546,-0.04242831,0.062329344,0.42463106
9.9061365,7.9762588,5.112971,9,0,0,00:00.0,00:00.0,uploads\f2e6d795-3777-11f0-84b6-581122bb7f2c\20210509T060000+1000_REC_142.wav,False,0,0,0,0,0,0,0,0,0,0,0,0,insects,-6.0137324,1.0879657,-0.053236682,0.6799339,-0.32010394,0.23403007,0.36221647,0.19745249,0.0013700906,0.56083876,-0.011550312,0.036605034,0.5052662
9.692529,7.9808326,5.0538797,9,0,0,00:00.0,00:00.0,uploads\f2e6d795-3777-11f0-84b6-581122bb7f2c\20210509T060000+1000_REC_143.wav,False,0,0,0,0,0,0,0,0,0,0,0,0,insects,-5.998455,1.0192667,-0.34448144,0.9375277,-0.20493153,0.104463145,0.2625316,0.21349853,-0.0348953,0.5038808,0.02597479,0.037032254,0.45198825
8.530184,7.134168,5.480176,9,0,0,00:00.0,00:00.0,uploads\f2e6d795-3777-11f0-84b6-581122bb7f2c\20210509T060000+1000_REC_144.wav,False,0,0,0,0,0,0,0,0,0,0,0,0,insects,-6.004901,0.82672685,-0.13371883,0.9752071,-0.5890252,0.30147442,0.36416787,0.11013819,0.1102205,0.41255066,0.0036025282,0.09913664,0.3560206
9.883983,7.9673386,5.1173506,9,0,0,00:00.0,00:00.0,uploads\f2e6d795-3777-11f0-84b6-581122bb7f2c\20210509T060000+1000_REC_145.wav,False,0,0,0,0,0,0,0,0,0,0,0,0,insects,-6.01526,1.0426925,-0.026518634,0.7058971,-0.3850833,0.1679052,0.3439182,0.19890955,-0.033616938,0.53180337,-0.01724478,0.0031866778,0.5243901
9.430328,7.793701,4.932623,9,0,0,00:00.0,00:00.0,uploads\f2e6d795-3777-11f0-84b6-581122bb7f2c\20210509T060000+1000_REC_146.wav,True,0,1,0,0,1,0,0,0,0,0,0,0,insects,-5.9887176,1.1341703,-0.04168798,0.7776325,-0.44264334,0.20144218,0.30813134,0.17802231,0.0035141131,0.55726254,-0.050864242,-0.034587834,0.48914787
9.908968,7.97331,5.106499,9,0,0,00:00.0,00:00.0,uploads\f2e6d795-3777-11f0-84b6-581122bb7f2c\20210509T060000+1000_REC_147.wav,True,0,1,0,0,1,0,0,0,0,0,0,0,insects,-5.996731,1.1408163,-0.022356348,0.68112916,-0.42025962,0.15366778,0.3487025,0.20200233,-0.07637547,0.5316735,-0.016884606,0.023256715,0.544063
9.903142,7.9687676,5.117668,9,0,0,00:00.0,00:00.0,uploads\f2e6d795-3777-11f0-84b6-581122bb7f2c\20210509T060000+1000_REC_148.wav,False,0,0,0,0,0,0,0,0,0,0,0,0,insects,-6.0019727,1.1182935,-0.15302184,0.6440701,-0.36458766,0.19688839,0.39078036,0.252247,-0.07025753,0.51852214,-0.0025330912,0.039560553,0.55225515
9.89971,7.9813156,5.076021,9,0,0,00:00.0,00:00.0,uploads\f2e6d795-3777-11f0-84b6-581122bb7f2c\20210509T060000+1000_REC_149.wav,False,0,0,0,0,0,0,0,0,0,0,0,0,insects,-6.007445,1.0760432,0.013232136,0.7526541,-0.3415544,0.16813637,0.33407727,0.21717061,-0.022335168,0.57473093,-0.01805002,-0.015509662,0.5074972
9.898556,7.9861426,5.0902443,9,0,0,00:00.0,00:00.0,uploads\f2e6d795-3777-11f0-84b6-581122bb7f2c\20210509T060000+1000_REC_150.wav,False,0,0,0,0,0,0,0,0,0,0,0,0,insects,-6.0074368,1.0895933,-0.05495394,0.73526406,-0.3859326,0.20475888,0.3418981,0.19671977,-0.008355903,0.5313878,-0.008406417,0.03168394,0.48793644
9.735579,7.9809113,5.043607,9,0,0,00:00.0,00:00.0,uploads\f2e6d795-3777-11f0-84b6-581122bb7f2c\20210509T060000+1000_REC_151.wav,False,0,0,0,0,0,0,0,0,0,0,0,0,insects,-5.997913,1.0793005,-0.16517918,0.79109234,-0.30399022,0.097772464,0.32631668,0.2227225,0.00783234,0.6125379,-0.04581097,-0.029694965,0.49360391
9.886189,7.9497495,5.1226134,9,0,0,00:00.0,00:00.0,uploads\f2e6d795-3777-11f0-84b6-581122bb7f2c\20210509T060000+1000_REC_152.wav,False,0,0,0,0,0,0,0,0,0,0,0,0,insects,-6.0073094,1.0869956,-0.19263838,0.67490643,-0.370138,0.16098607,0.35729575,0.22707167,-0.04523537,0.4930315,-0.046044126,0.03818202,0.5277955
9.465298,7.9407687,4.9808655,9,0,0,00:00.0,00:00.0,uploads\f2e6d795-3777-11f0-84b6-581122bb7f2c\20210509T060000+1000_REC_153.wav,False,0,0,0,0,0,0,0,0,0,0,0,0,insects,-6.007112,0.94471806,-0.1556845,0.85490936,-0.41173366,0.20283164,0.32465017,0.18280855,-0.03522497,0.54843384,-0.028551146,-0.053322073,0.47807035
9.150858,7.6779127,5.0657954,9,0,0,00:00.0,00:00.0,uploads\f2e6d795-3777-11f0-84b6-581122bb7f2c\20210509T060000+1000_REC_154.wav,False,0,0,0,0,0,0,0,0,0,0,0,0,insects,-6.0021505,1.0668385,-0.055552304,0.7401739,-0.48656482,0.2300759,0.32584876,0.107587844,0.0040869038,0.51902366,-0.10677982,0.04373071,0.46100238
9.565382,7.8539686,5.3750825,9,0,0,00:00.0,00:00.0,uploads\f2e6d795-3777-11f0-84b6-581122bb7f2c\20210509T060000+1000_REC_155.wav,False,0,0,0,0,0,0,0,0,0,0,0,0,insects,-6.0322304,1.0378269,-0.070542976,0.6279948,-0.3377512,0.18920489,0.21367767,0.20311908,0.024587136,0.508902,-0.104176134,-0.03599228,0.44885656
9.418844,8.010088,5.06212,9,0,0,00:00.0,00:00.0,uploads\f2e6d795-3777-11f0-84b6-581122bb7f2c\20210509T060000+1000_REC_156.wav,False,0,0,0,0,0,0,0,0,0,0,0,0,insects,-6.0094995,1.0525753,-0.11826386,0.70299834,-0.41924506,0.12336762,0.30172393,0.14905727,-0.10356276,0.5366711,-0.05536829,-0.042131867,0.4598607
9.537691,7.9785995,5.0423822,9,0,0,00:00.0,00:00.0,uploads\f2e6d795-3777-11f0-84b6-581122bb7f2c\20210509T060000+1000_REC_157.wav,False,0,0,0,0,0,0,0,0,0,0,0,0,insects,-6.0185213,0.9786973,-0.11173652,0.73751104,-0.4300541,0.17376958,0.28840265,0.2032657,-0.085177965,0.45302954,-0.02823642,-0.11278486,0.4847865
8.716601,7.25365,5.234118,9,0,0,00:00.0,00:00.0,uploads\f2e6d795-3777-11f0-84b6-581122bb7f2c\20210509T060000+1000_REC_158.wav,False,0,0,0,0,0,0,0,0,0,0,0,0,insects,-6.0206413,0.85453045,-0.1937397,0.8379332,-0.5275997,0.19552436,0.29164886,0.108145,0.01314767,0.44624314,-0.041793082,-0.0016308052,0.39589417
9.497907,7.86827,5.384896,9,0,0,00:00.0,00:00.0,uploads\f2e6d795-3777-11f0-84b6-581122bb7f2c\20210509T060000+1000_REC_159.wav,False,0,0,0,0,0,0,0,0,0,0,0,0,insects,-6.041582,0.90145683,-0.10183058,0.67480797,-0.43241683,0.155224,0.24163151,0.14203374,-0.021689884,0.47729346,-0.06409362,-0.029224118,0.42196038
9.421142,7.811157,5.450507,9,0,0,00:00.0,00:00.0,uploads\f2e6d795-3777-11f0-84b6-581122bb7f2c\20210509T060000+1000_REC_160.wav,False,0,0,0,0,0,0,0,0,0,0,0,0,insects,-6.0444565,0.88606036,-0.07605822,0.6820006,-0.42698628,0.15450692,0.2706738,0.0923731,0.0029020738,0.4860524,-0.09516684,-0.010444719,0.38926166
9.46616,7.7070465,5.3679934,9,0,0,00:00.0,00:00.0,uploads\f2e6d795-3777-11f0-84b6-581122bb7f2c\20210509T060000+1000_REC_161.wav,False,0,0,0,0,0,0,0,0,0,0,0,0,insects,-6.034039,1.0494496,-0.21193606,0.5313989,-0.3407427,0.20575999,0.17014875,0.15125905,0.0044984496,0.4708941,-0.08416064,-0.06854322,0.42810753
9.867481,7.9947076,5.162724,9,0,0,00:00.0,00:00.0,uploads\f2e6d795-3777-11f0-84b6-581122bb7f2c\20210509T060000+1000_REC_162.wav,False,0,0,0,0,0,0,0,0,0,0,0,0,insects,-6.0446935,0.93500906,-0.12699847,0.56220466,-0.40487188,0.17444661,0.3233935,0.27586746,-0.0591465,0.42315197,-0.046796065,0.024595544,0.47628763
9.671919,7.8720083,5.5658627,9,0,0,00:00.0,00:00.0,uploads\f2e6d795-3777-11f0-84b6-581122bb7f2c\20210509T060000+1000_REC_163.wav,True,0,1,0,0,1,0,0,0,0,0,0,0,insects,-6.0562296,0.93483984,-0.076944694,0.6387644,-0.27819952,0.13134585,0.31030908,0.18109636,-0.006648579,0.45106256,-0.043849494,0.012589545,0.3992316
8.110795,6.8136168,5.7833424,9,0,0,00:00.0,00:00.0,uploads\f2e6d795-3777-11f0-84b6-581122bb7f2c\20210509T060000+1000_REC_164.wav,False,0,0,0,0,0,0,0,0,0,0,0,0,insects,-6.0462217,0.4648917,-0.25483558,0.9215567,-0.5534236,0.363852,0.30287328,0.03903664,0.24527031,0.17450343,0.019195646,0.27455392,0.23191513
9.541484,7.774266,5.53918,9,0,0,00:00.0,00:00.0,uploads\f2e6d795-3777-11f0-84b6-581122bb7f2c\20210509T060000+1000_REC_165.wav,False,0,0,0,0,0,0,0,0,0,0,0,0,insects,-6.031568,0.8826478,-0.11967071,0.80919987,-0.52581376,0.32300988,0.24578802,0.19412006,0.09946864,0.35357326,-0.057326082,0.111100055,0.3080877
8.08966,6.7649555,5.8912907,9,0,0,00:00.0,00:00.0,uploads\f2e6d795-3777-11f0-84b6-581122bb7f2c\20210509T060000+1000_REC_166.wav,False,0,0,0,0,0,0,0,0,0,0,0,0,insects,-6.077731,0.47255206,-0.13246937,0.8030062,-0.46987167,0.33478555,0.27367598,-0.019962003,0.2122374,0.21521011,0.0643034,0.16091573,0.20779778
9.873121,7.9519563,5.1452417,9,0,0,00:00.0,00:00.0,uploads\f2e6d795-3777-11f0-84b6-581122bb7f2c\20210509T060000+1000_REC_167.wav,False,0,0,0,0,0,0,0,0,0,0,0,0,insects,-6.0179157,1.1190253,-0.1420615,0.6216745,-0.2535568,0.2668366,0.23873274,0.2091307,0.04521776,0.5417615,-0.055233754,0.016379325,0.518702
9.6063,7.8863153,5.463,9,0,0,00:00.0,00:00.0,uploads\f2e6d795-3777-11f0-84b6-581122bb7f2c\20210509T060000+1000_REC_168.wav,False,0,0,0,0,0,0,0,0,0,0,0,0,insects,-6.0448794,0.99784654,-0.0778489,0.57267994,-0.32571456,0.096352525,0.3220098,0.16904674,0.0182434,0.4680626,-0.057111666,-0.018309379,0.45634308
9.7095,7.826742,5.6462717,9,0,0,00:00.0,00:00.0,uploads\f2e6d795-3777-11f0-84b6-581122bb7f2c\20210509T060000+1000_REC_169.wav,False,0,0,0,0,0,0,0,0,0,0,0,0,insects,-6.074735,0.79679245,-0.20032416,0.6103374,-0.2066483,-0.0166374,0.18733108,0.21929494,0.049405817,0.3920894,0.021209469,0.0012376679,0.47743112
8.637819,7.1802325,5.2795277,9,0,0,00:00.0,00:00.0,uploads\f2e6d795-3777-11f0-84b6-581122bb7f2c\20210509T060000+1000_REC_170.wav,False,0,0,0,0,0,0,0,0,0,0,0,0,insects,-5.988177,0.8853152,-0.17388776,0.9706487,-0.6289765,0.34562528,0.28847092,0.11087326,0.09279363,0.44208083,-0.053581435,-0.022881862,0.35990843
8.690569,7.2295966,5.233389,9,0,0,00:00.0,00:00.0,uploads\f2e6d795-3777-11f0-84b6-581122bb7f2c\20210509T060000+1000_REC_171.wav,False,0,0,0,0,0,0,0,0,0,0,0,0,insects,-6.019241,0.8150335,-0.24389108,0.84574217,-0.5417065,0.16011676,0.29853985,0.08560824,0.0375455,0.47865662,-0.07427004,0.059064224,0.3760385
8.684414,7.2243843,5.2360506,9,0,0,00:00.0,00:00.0,uploads\f2e6d795-3777-11f0-84b6-581122bb7f2c\20210509T060000+1000_REC_172.wav,False,0,0,0,0,0,0,0,0,0,0,0,0,insects,-6.007843,0.6523905,-0.262691,1.0101916,-0.6095169,0.31027508,0.19938329,0.04040662,0.10703833,0.4210441,-0.108963735,0.020609016,0.2885391
9.520983,7.801508,5.4598784,9,0,0,00:00.0,00:00.0,uploads\f2e6d795-3777-11f0-84b6-581122bb7f2c\20210509T060000+1000_REC_173.wav,False,0,0,0,0,0,0,0,0,0,0,0,0,insects,-6.0067554,0.9263246,-0.066546835,0.8382588,-0.61827934,0.20581283,0.1639668,0.23893642,-0.039425142,0.4456334,-0.06905979,0.05162986,0.3966325
9.534272,7.7755556,5.539854,9,0,0,00:00.0,00:00.0,uploads\f2e6d795-3777-11f0-84b6-581122bb7f2c\20210509T060000+1000_REC_175.wav,False,0,0,0,0,0,0,0,0,0,0,0,0,insects,-6.0277915,0.93145615,-0.028059347,0.75781745,-0.54687625,0.23315102,0.16768764,0.18813871,-0.0156201,0.436248,-0.04463263,0.03926136,0.35504916
9.51094,7.782282,5.5132136,9,0,0,00:00.0,00:00.0,uploads\f2e6d795-3777-11f0-84b6-581122bb7f2c\20210509T060000+1000_REC_176.wav,True,0,1,0,0,1,0,0,0,0,0,0,0,insects,-6.0322576,0.9046286,-0.106231764,0.7887273,-0.47582152,0.23594843,0.1836917,0.14091799,0.024208738,0.45888704,-0.06686745,0.037453353,0.34573284
9.328684,7.792561,4.9706497,9,0,0,00:00.0,00:00.0,uploads\f2e6d795-3777-11f0-84b6-581122bb7f2c\20210509T060000+1000_REC_178.wav,False,0,0,0,0,0,0,0,0,0,0,0,0,insects,-5.990346,1.1374407,-0.08474436,0.75501287,-0.50378704,0.16496176,0.2390679,0.19887838,-0.071264915,0.48263133,-0.11028571,-0.0528793,0.40000084
9.338762,7.8764906,5.1574597,9,0,0,00:00.0,00:00.0,uploads\f2e6d795-3777-11f0-84b6-581122bb7f2c\20210509T060000+1000_REC_181.wav,False,0,0,0,0,0,0,0,0,0,0,0,0,insects,-6.019648,0.8717368,-0.15716052,0.8720114,-0.42538145,0.19598109,0.34451172,0.1627456,-0.026590815,0.5597539,-0.023670563,0.013812391,0.35564876
9.729965,7.7891393,5.7083635,9,0,0,00:00.0,00:00.0,uploads\f2e6d795-3777-11f0-84b6-581122bb7f2c\20210509T060000+1000_REC_182.wav,False,0,0,0,0,0,0,0,0,0,0,0,0,insects,-6.08187,0.7290488,-0.17716484,0.6771806,-0.27839574,0.14546803,0.30007732,0.21920566,0.0058444,0.34500346,0.117633924,0.051658962,0.34217763
9.738581,7.789022,5.723989,9,0,0,00:00.0,00:00.0,uploads\f2e6d795-3777-11f0-84b6-581122bb7f2c\20210509T060000+1000_REC_183.wav,True,0,1,0,0,1,0,0,0,0,0,0,0,insects,-6.0814114,0.8046089,-0.026438752,0.5709444,-0.29187307,0.1682977,0.29125595,0.17785907,0.08462598,0.42648202,0.045994863,-0.021424618,0.4048054
9.128124,7.547747,4.8914165,9,0,0,00:00.0,00:00.0,uploads\f2e6d795-3777-11f0-84b6-581122bb7f2c\20210509T060000+1000_REC_184.wav,False,0,0,0,0,0,0,0,0,0,0,0,0,insects,-5.9640718,1.1152887,-0.14100352,0.83995,-0.6433716,0.22151509,0.29445398,0.10418667,0.04464301,0.5359848,-0.15306152,0.015197414,0.39997807
9.759395,7.766035,5.7458997,9,0,0,00:00.0,00:00.0,uploads\f2e6d795-3777-11f0-84b6-581122bb7f2c\20210509T060000+1000_REC_185.wav,False,0,0,0,0,0,0,0,0,0,0,0,0,insects,-6.0831976,0.7374402,-0.1228796,0.68122524,-0.28648847,0.16181862,0.33457804,0.17716192,0.09894775,0.40417838,0.10699891,0.07721,0.2720908
9.768815,7.7953796,5.71918,9,0,0,00:00.0,00:00.0,uploads\f2e6d795-3777-11f0-84b6-581122bb7f2c\20210509T060000+1000_REC_186.wav,False,0,0,0,0,0,0,0,0,0,0,0,0,insects,-6.083827,0.71573436,-0.072657645,0.6936428,-0.27654108,0.31310678,0.21804969,0.20558678,0.14433552,0.4090322,0.101017214,0.06491935,0.3510831
9.003457,7.5777626,5.288948,9,0,0,00:00.0,00:00.0,uploads\f2e6d795-3777-11f0-84b6-581122bb7f2c\20210509T060000+1000_REC_188.wav,False,0,0,0,0,0,0,0,0,0,0,0,0,insects,-6.01738,0.87830025,-0.090485096,0.8129224,-0.5127039,0.19415513,0.29098535,0.08142055,-0.017650168,0.5493243,-0.03961612,0.002731897,0.4549707
9.288823,7.9378147,4.9135175,9,0,0,00:00.0,00:00.0,uploads\f2e6d795-3777-11f0-84b6-581122bb7f2c\20210509T060000+1000_REC_189.wav,True,0,1,0,0,1,0,0,0,0,0,0,0,insects,-6.0032644,0.9646961,-0.13311759,0.8343868,-0.47114062,0.14826004,0.35258752,0.14997706,-0.051359966,0.54186547,-0.09169535,-0.04381487,0.42364246
9.202432,7.6310024,4.7873774,9,0,0,00:00.0,00:00.0,uploads\f2e6d795-3777-11f0-84b6-581122bb7f2c\20210509T060000+1000_REC_190.wav,False,0,0,0,0,0,0,0,0,0,0,0,0,insects,-5.994204,1.0766877,-0.16775972,0.78188854,-0.49443877,0.1856084,0.22338277,0.123481445,0.028590921,0.49601936,-0.112681545,-0.028837368,0.4660148
9.31557,7.887995,4.8414855,9,0,0,00:00.0,00:00.0,uploads\f2e6d795-3777-11f0-84b6-581122bb7f2c\20210509T060000+1000_REC_191.wav,False,0,0,0,0,0,0,0,0,0,0,0,0,insects,-5.9847865,1.006676,-0.10341578,0.8714636,-0.485017,0.13387448,0.38478434,0.14448376,-0.06444092,0.5828317,-0.0800532,-0.06378453,0.48487794
9.184698,7.6152606,4.776476,9,0,0,00:00.0,00:00.0,uploads\f2e6d795-3777-11f0-84b6-581122bb7f2c\20210509T060000+1000_REC_192.wav,False,0,0,0,0,0,0,0,0,0,0,0,0,insects,-5.992574,1.0134709,-0.387779,0.85029614,-0.30630052,0.14313866,0.22795154,0.13199995,0.03890821,0.52732956,-0.18082207,0.035259705,0.49547789
9.2476015,7.6571074,4.8213506,9,0,0,00:00.0,00:00.0,uploads\f2e6d795-3777-11f0-84b6-581122bb7f2c\20210509T060000+1000_REC_194.wav,False,0,0,0,0,0,0,0,0,0,0,0,0,insects,-5.967893,1.2171351,-0.12334435,0.7764741,-0.50009876,0.24429516,0.30842268,0.14806527,-0.011575922,0.4674202,-0.18566075,-0.08458808,0.42725492
9.2270355,7.7286906,5.078052,9,0,0,00:00.0,00:00.0,uploads\f2e6d795-3777-11f0-84b6-581122bb7f2c\20210509T060000+1000_REC_195.wav,False,0,0,0,0,0,0,0,0,0,0,0,0,insects,-6.00173,1.1310095,-0.04034558,0.7398787,-0.44755134,0.16019331,0.30667835,0.15771985,-0.02440197,0.48040405,-0.06660285,0.006866495,0.42874387
9.434365,7.932059,4.965697,9,0,0,00:00.0,00:00.0,uploads\f2e6d795-3777-11f0-84b6-581122bb7f2c\20210509T060000+1000_REC_196.wav,False,0,0,0,0,0,0,0,0,0,0,0,0,insects,-6.007628,0.99837875,-0.048650876,0.8679154,-0.33075753,0.15353785,0.35640243,0.1686176,-0.03564526,0.54401857,-0.075756595,-0.07701328,0.45205763
9.47623,7.9177146,4.9872704,9,0,0,00:00.0,00:00.0,uploads\f2e6d795-3777-11f0-84b6-581122bb7f2c\20210509T060000+1000_REC_197.wav,False,0,0,0,0,0,0,0,0,0,0,0,0,insects,-6.007461,1.0225948,-0.0345006,0.84239507,-0.34494242,0.18185371,0.3278678,0.16186891,-0.054178614,0.5379893,-0.028229982,-0.057138428,0.48207188
8.027907,6.7761045,5.7094107,9,0,0,00:00.0,00:00.0,uploads\f2e6d795-3777-11f0-84b6-581122bb7f2c\20210509T060000+1000_REC_198.wav,False,0,0,0,0,0,0,0,0,0,0,0,0,insects,-6.0373254,0.07977713,-0.1230127,0.99854237,-0.5930134,0.5894454,0.18336834,0.1306824,0.31681177,0.12297731,0.108809546,0.13549294,0.27839735
9.497955,8.016367,5.151281,9,0,0,00:00.0,00:00.0,uploads\f2e6d795-3777-11f0-84b6-581122bb7f2c\20210509T060000+1000_REC_199.wav,False,0,0,0,0,0,0,0,0,0,0,0,0,insects,-6.040095,0.90951294,-0.055878233,0.6815045,-0.39018306,0.12724702,0.3297852,0.16047257,-0.051010408,0.48914742,-0.062603265,-0.05977917,0.43905658
9.226321,7.9051476,4.982082,9,0,0,00:00.0,00:00.0,uploads\f2e6d795-3777-11f0-84b6-581122bb7f2c\20210509T060000+1000_REC_200.wav,True,0,1,0,0,1,0,0,0,0,0,0,0,insects,-6.017876,0.9729758,-0.022236077,0.7691788,-0.42542127,0.1872491,0.38821897,0.11887923,-0.02583671,0.52329344,-0.09233982,-0.021487374,0.42885503
9.345924,7.8588624,5.076262,9,0,0,00:00.0,00:00.0,uploads\f2e6d795-3777-11f0-84b6-581122bb7f2c\20210509T060000+1000_REC_202.wav,False,0,0,0,0,0,0,0,0,0,0,0,0,insects,-6.0217967,0.894844,-0.12542969,0.8147395,-0.45009965,0.1956741,0.30743012,0.15542737,-0.035235416,0.49269247,-0.019050557,-0.015084912,0.47655678
9.414543,7.962502,4.9925623,9,0,0,00:00.0,00:00.0,uploads\f2e6d795-3777-11f0-84b6-581122bb7f2c\20210509T060000+1000_REC_203.wav,False,0,0,0,0,0,0,0,0,0,0,0,0,insects,-6.0201283,0.86693174,-0.1124484,0.79463583,-0.47620696,0.17401437,0.3457221,0.15804018,-0.019440668,0.52094525,-0.057424016,-0.111147486,0.45505148
9.258571,7.9495664,4.9278455,9,0,0,00:00.0,00:00.0,uploads\f2e6d795-3777-11f0-84b6-581122bb7f2c\20210509T060000+1000_REC_204.wav,True,0,1,0,0,1,0,0,0,0,0,0,0,insects,-6.0093536,0.98084104,-0.074112915,0.78402734,-0.46868452,0.122945085,0.3372451,0.1255848,-0.06021961,0.49565634,-0.113885164,-0.068342246,0.45131683
8.02231,6.7690387,5.6971703,9,0,0,00:00.0,00:00.0,uploads\f2e6d795-3777-11f0-84b6-581122bb7f2c\20210509T060000+1000_REC_207.wav,False,0,0,0,0,0,0,0,0,0,0,0,0,insects,-6.051272,0.054125585,-0.32860702,0.92179817,-0.49857724,0.5107355,0.2329668,0.094258405,0.24783207,0.1173741,0.18911278,0.11269085,0.24368085
9.397767,7.7905965,5.3457813,9,0,0,00:00.0,00:00.0,uploads\f2e6d795-3777-11f0-84b6-581122bb7f2c\20210509T060000+1000_REC_208.wav,False,0,0,0,0,0,0,0,0,0,0,0,0,insects,-6.0219893,0.8447966,-0.26996055,0.8085901,-0.39894807,0.117140405,0.3455192,0.15216601,-0.14703858,0.5596729,0.06487249,-0.11389594,0.2794035
9.487653,8.011882,5.1318827,9,0,0,00:00.0,00:00.0,uploads\f2e6d795-3777-11f0-84b6-581122bb7f2c\20210509T060000+1000_REC_209.wav,False,0,0,0,0,0,0,0,0,0,0,0,0,insects,-6.0298977,0.92651105,-0.13712217,0.71176034,-0.40708557,0.14764412,0.31732255,0.17756754,-0.05824953,0.5107798,-0.035546005,-0.055161234,0.44896054
8.160851,6.8826013,5.686937,9,0,0,00:00.0,00:00.0,uploads\f2e6d795-3777-11f0-84b6-581122bb7f2c\20210509T060000+1000_REC_210.wav,False,0,0,0,0,0,0,0,0,0,0,0,0,insects,-5.9951663,0.61574364,-0.36587778,0.9819126,-0.70660955,0.47322777,0.36015007,0.068022735,0.13129885,0.2558415,0.07625312,0.053068776,0.29651105
7.9971623,6.754805,5.642899,9,0,0,00:00.0,00:00.0,uploads\f2e6d795-3777-11f0-84b6-581122bb7f2c\20210509T060000+1000_REC_212.wav,False,0,0,0,0,0,0,0,0,0,0,0,0,insects,-6.025619,0.31371734,-0.38041696,0.8951274,-0.6110891,0.5582359,0.07496295,0.023216404,0.24536787,0.268017,0.14017794,-0.08291947,0.30828354
8.872161,7.345562,4.805587,9,0,0,00:00.0,00:00.0,uploads\f2e6d795-3777-11f0-84b6-581122bb7f2c\20210509T060000+1000_REC_213.wav,False,0,0,0,0,0,0,0,0,0,0,0,0,insects,-5.927401,0.7314596,-0.5773592,1.1912901,-0.58359855,0.14979292,0.39489904,-0.082954675,-0.0017799956,0.5872336,-0.02359695,-0.06729912,0.36669928
10.044187,8.7330885,5.5260234,9,0,0,00:00.0,00:00.0,uploads\f2e6d795-3777-11f0-84b6-581122bb7f2c\20210509T060000+1000_REC_215.wav,False,0,0,0,0,0,0,0,0,0,0,0,0,insects,-6.0739613,0.7157454,-0.12492937,0.62652814,-0.33902463,0.07158734,0.32416457,0.12408677,-0.042894613,0.40111208,0.014028278,-0.089276485,0.40372354
9.174288,7.949909,4.913875,9,0,0,00:00.0,00:00.0,uploads\f2e6d795-3777-11f0-84b6-581122bb7f2c\20210509T060000+1000_REC_216.wav,False,0,0,0,0,0,0,0,0,0,0,0,0,insects,-6.0146236,0.9524673,-0.13434952,0.74068546,-0.5055202,0.09949508,0.30797806,0.09735216,-0.055643376,0.49014246,-0.11164503,0.0014350055,0.45114455
8.302107,6.9458785,5.5095186,9,0,0,00:00.0,00:00.0,uploads\f2e6d795-3777-11f0-84b6-581122bb7f2c\20210509T060000+1000_REC_217.wav,False,0,0,0,0,0,0,0,0,0,0,0,0,insects,-5.964565,0.6951083,-0.25208598,0.95535475,-0.9161091,0.4593031,0.23559137,0.08477181,0.19673231,0.26552102,-0.042684145,0.024715476,0.411296
8.674257,7.2166104,5.232391,9,0,0,00:00.0,00:00.0,uploads\f2e6d795-3777-11f0-84b6-581122bb7f2c\20210509T060000+1000_REC_218.wav,False,0,0,0,0,0,0,0,0,0,0,0,0,insects,-6.010095,0.7346325,-0.26474535,0.96488667,-0.5304875,0.1905779,0.2829359,0.063098796,0.031226475,0.5356629,-0.038028654,0.0121498015,0.35594013
8.885882,7.3691387,4.863116,9,0,0,00:00.0,00:00.0,uploads\f2e6d795-3777-11f0-84b6-581122bb7f2c\20210509T060000+1000_REC_219.wav,False,0,0,0,0,0,0,0,0,0,0,0,0,insects,-5.9973,0.75723255,-0.44524696,0.93357253,-0.38970253,0.117342815,0.36079594,0.028411362,-0.16099499,0.5980404,0.067249306,-0.11022745,0.31374526
8.064977,6.8079476,5.683772,9,0,0,00:00.0,00:00.0,uploads\f2e6d795-3777-11f0-84b6-581122bb7f2c\20210509T060000+1000_REC_220.wav,False,0,0,0,0,0,0,0,0,0,0,0,0,insects,-5.965352,0.47409925,-0.38995162,1.0743994,-0.8795594,0.5250683,0.1871555,0.052776854,0.1849492,0.17133139,0.18837464,0.06976482,0.22626397
9.279639,7.739431,4.799308,9,0,0,00:00.0,00:00.0,uploads\f2e6d795-3777-11f0-84b6-581122bb7f2c\20210509T060000+1000_REC_226.wav,False,0,0,0,0,0,0,0,0,0,0,0,0,insects,-5.965697,1.1662579,-0.096406735,0.8046985,-0.55931944,0.1492853,0.29301807,0.1409973,-0.077637024,0.5117693,-0.12634757,-0.052271485,0.49184725
9.295516,7.8694067,4.8162494,9,0,0,00:00.0,00:00.0,uploads\f2e6d795-3777-11f0-84b6-581122bb7f2c\20210509T060000+1000_REC_227.wav,False,0,0,0,0,0,0,0,0,0,0,0,0,insects,-5.979028,1.0260284,-0.15159667,0.81407356,-0.51827836,0.1447044,0.34905812,0.13234521,-0.08013609,0.5886267,-0.08779142,-0.1299814,0.5179156
9.345313,7.7303314,4.8224316,9,0,0,00:00.0,00:00.0,uploads\f2e6d795-3777-11f0-84b6-581122bb7f2c\20210509T060000+1000_REC_228.wav,False,0,0,0,0,0,0,0,0,0,0,0,0,insects,-5.979866,1.2032291,-0.10959908,0.7147749,-0.48127502,0.17303099,0.25062764,0.16191587,-0.035728555,0.5060752,-0.09577067,-0.03160251,0.5030675
8.527873,7.127476,5.4772234,9,0,0,00:00.0,00:00.0,uploads\f2e6d795-3777-11f0-84b6-581122bb7f2c\20210509T060000+1000_REC_229.wav,False,0,0,0,0,0,0,0,0,0,0,0,0,insects,-6.002516,0.8207665,-0.18423608,0.88206756,-0.6704621,0.39151835,0.31143314,0.16336137,0.18836643,0.2924442,-0.07688492,0.12951663,0.43410814
9.319568,7.8735547,4.8191786,9,0,0,00:00.0,00:00.0,uploads\f2e6d795-3777-11f0-84b6-581122bb7f2c\20210509T060000+1000_REC_234.wav,False,0,0,0,0,0,0,0,0,0,0,0,0,insects,-5.9612937,1.0667564,-0.13286187,0.8827638,-0.5302964,0.17903,0.44013566,0.20381567,0.000500838,0.5955235,-0.10654645,-0.020496342,0.5519689
9.582347,7.8035827,5.5712776,9,0,0,00:00.0,00:00.0,uploads\f2e6d795-3777-11f0-84b6-581122bb7f2c\20210509T060000+1000_REC_235.wav,False,0,0,0,0,0,0,0,0,0,0,0,0,insects,-6.058856,0.92699313,-0.01433082,0.62115216,-0.38807708,0.25876102,0.18395194,0.17897522,0.06161023,0.35215664,-0.047733273,0.05965785,0.41047642
9.027836,7.608263,5.2759666,9,0,0,00:00.0,00:00.0,uploads\f2e6d795-3777-11f0-84b6-581122bb7f2c\20210509T060000+1000_REC_236.wav,False,0,0,0,0,0,0,0,0,0,0,0,0,insects,-5.996326,1.0153382,-0.24618727,0.84041625,-0.41243443,0.18991196,0.34969068,0.092962995,-0.039758254,0.5347031,-0.019707793,-0.011191649,0.4671125
9.700917,7.8054023,5.6591387,9,0,0,00:00.0,00:00.0,uploads\f2e6d795-3777-11f0-84b6-581122bb7f2c\20210509T060000+1000_REC_238.wav,False,0,0,0,0,0,0,0,0,0,0,0,0,insects,-6.050961,0.9138582,-0.117222995,0.6945688,-0.37456205,0.16699015,0.27320915,0.1695855,-0.036923554,0.42856625,0.06226682,-0.03627107,0.3067672
9.476757,7.9916253,5.2060847,9,0,0,00:00.0,00:00.0,uploads\f2e6d795-3777-11f0-84b6-581122bb7f2c\20210509T060000+1000_REC_239.wav,False,0,0,0,0,0,0,0,0,0,0,0,0,insects,-6.0246515,0.95888937,-0.08382901,0.7451488,-0.4333343,0.17372638,0.322069,0.17670925,-0.064942926,0.520234,-0.0025313424,-0.02397082,0.4093382
9.156075,7.676079,5.1028795,9,0,0,00:00.0,00:00.0,uploads\f2e6d795-3777-11f0-84b6-581122bb7f2c\20210509T060000+1000_REC_240.wav,False,0,0,0,0,0,0,0,0,0,0,0,0,insects,-6.011919,1.049545,-0.08825069,0.7732869,-0.45345092,0.22500682,0.2964498,0.13411553,0.017618375,0.47156838,-0.0069349953,0.047096044,0.4363288
9.152671,7.667396,5.0809875,9,0,0,00:00.0,00:00.0,uploads\f2e6d795-3777-11f0-84b6-581122bb7f2c\20210509T060000+1000_REC_241.wav,False,0,0,0,0,0,0,0,0,0,0,0,0,insects,-6.002767,0.9165899,-0.10702654,0.85093206,-0.54546833,0.2288519,0.33355325,0.13596125,0.048120793,0.53410274,-0.02216401,0.038141232,0.5043412
9.785396,7.8149157,5.69559,9,0,0,00:00.0,00:00.0,uploads\f2e6d795-3777-11f0-84b6-581122bb7f2c\20210509T060000+1000_REC_242.wav,False,0,0,0,0,0,0,0,0,0,0,0,0,insects,-6.0662494,0.9443778,0.03630076,0.60305256,-0.2385428,0.2550116,0.30455756,0.24570745,0.08150528,0.4390931,0.072117485,0.07379075,0.37514943
9.0448,7.5673237,5.062497,9,0,0,00:00.0,00:00.0,uploads\f2e6d795-3777-11f0-84b6-581122bb7f2c\20210509T060000+1000_REC_243.wav,False,0,0,0,0,0,0,0,0,0,0,0,0,insects,-5.976891,1.0897038,-0.07542747,0.8966865,-0.55461603,0.26544085,0.3061794,0.10790808,0.08680651,0.51823246,-0.044406388,0.051137105,0.44091645
9.536998,7.76869,5.5235453,9,0,0,00:00.0,00:00.0,uploads\f2e6d795-3777-11f0-84b6-581122bb7f2c\20210509T060000+1000_REC_244.wav,False,0,0,0,0,0,0,0,0,0,0,0,0,insects,-6.012085,0.9216909,-0.11464233,0.8747322,-0.5506509,0.35332453,0.22122563,0.2244725,0.12482733,0.39253217,0.032392595,0.08376042,0.40510428
9.702417,7.987183,5.149829,9,0,0,00:00.0,00:00.0,uploads\f2e6d795-3777-11f0-84b6-581122bb7f2c\20210509T060000+1000_REC_245.wav,False,0,0,0,0,0,0,0,0,0,0,0,0,insects,-6.0230384,1.0228741,-0.008467487,0.7091569,-0.403262,0.14819914,0.27494678,0.20033315,-0.029942064,0.49233225,-0.024456624,-0.056310166,0.476394
9.343687,7.6890073,4.8447294,9,0,0,00:00.0,00:00.0,uploads\f2e6d795-3777-11f0-84b6-581122bb7f2c\20210509T060000+1000_REC_246.wav,False,0,0,0,0,0,0,0,0,0,0,0,0,insects,-5.9618373,1.2211319,-0.03605827,0.81842,-0.5602071,0.23235409,0.19139124,0.1836477,0.00042614402,0.49967408,-0.08732301,-0.04966493,0.4848599
9.558432,7.7794404,5.5659566,9,0,0,00:00.0,00:00.0,uploads\f2e6d795-3777-11f0-84b6-581122bb7f2c\20210509T060000+1000_REC_249.wav,False,0,0,0,0,0,0,0,0,0,0,0,0,insects,-6.0245533,1.1440887,0.010801555,0.62782335,-0.39797163,0.2288613,0.17559862,0.1906249,0.042300466,0.43512842,-0.03164344,0.04706042,0.3755951
9.771564,7.809018,5.6951594,9,0,0,00:00.0,00:00.0,uploads\f2e6d795-3777-11f0-84b6-581122bb7f2c\20210509T060000+1000_REC_251.wav,False,0,0,0,0,0,0,0,0,0,0,0,0,insects,-6.0532866,0.9952411,0.017227307,0.6489783,-0.29039067,0.19962244,0.23456681,0.20941713,0.053177036,0.4400492,0.06923565,0.06307106,0.41399175
9.4377165,7.939292,4.841872,9,0,0,00:00.0,00:00.0,uploads\f2e6d795-3777-11f0-84b6-581122bb7f2c\20210509T060000+1000_REC_253.wav,False,0,0,0,0,0,0,0,0,0,0,0,0,insects,-5.9714093,1.0800374,-0.087125815,0.89932424,-0.51372284,0.22267812,0.27804142,0.225138,-0.010782775,0.590083,0.053246275,-0.0957355,0.4989878
9.432212,7.935203,4.848905,9,0,0,00:00.0,00:00.0,uploads\f2e6d795-3777-11f0-84b6-581122bb7f2c\20210509T060000+1000_REC_254.wav,False,0,0,0,0,0,0,0,0,0,0,0,0,insects,-5.979548,1.0848635,-0.14396039,0.848398,-0.47543007,0.17482181,0.29551563,0.17022932,-0.07794697,0.57893866,0.029786576,-0.080222696,0.48944554
9.557733,7.782728,5.488276,9,0,0,00:00.0,00:00.0,uploads\f2e6d795-3777-11f0-84b6-581122bb7f2c\20210509T060000+1000_REC_255.wav,False,0,0,0,0,0,0,0,0,0,0,0,0,insects,-6.0185843,0.5706906,0.118805826,0.8372836,-0.7054585,0.5318728,0.087672725,0.3063725,0.037441194,0.4566886,0.067101516,-0.047786042,0.46820787
9.371455,7.9118547,4.8347244,9,0,0,00:00.0,00:00.0,uploads\f2e6d795-3777-11f0-84b6-581122bb7f2c\20210509T060000+1000_REC_256.wav,False,0,0,0,0,0,0,0,0,0,0,0,0,insects,-5.9578547,1.0683615,-0.16507526,0.93451005,-0.5961651,0.14993693,0.3366574,0.15931813,-0.02270109,0.5720622,-0.013271324,-0.058176655,0.49437255
8.032046,6.7788653,5.711489,9,0,0,00:00.0,00:00.0,uploads\f2e6d795-3777-11f0-84b6-581122bb7f2c\20210509T060000+1000_REC_257.wav,False,0,0,0,0,0,0,0,0,0,0,0,0,insects,-5.996169,0.38197067,-0.24146467,1.0913358,-0.70404994,0.55461216,0.1877283,0.13356505,0.43664122,0.035048872,0.15498613,0.1543151,0.26615387
9.468674,7.945951,4.827424,9,0,0,00:00.0,00:00.0,uploads\f2e6d795-3777-11f0-84b6-581122bb7f2c\20210509T060000+1000_REC_258.wav,False,0,0,0,0,0,0,0,0,0,0,0,0,insects,-5.9663944,1.1183197,-0.1266539,0.8303351,-0.5763722,0.19188368,0.3067344,0.22127679,-0.083100304,0.598712,0.045627303,-0.086966954,0.43793488
9.500028,7.9377775,4.9649,9,0,0,00:00.0,00:00.0,uploads\f2e6d795-3777-11f0-84b6-581122bb7f2c\20210509T060000+1000_REC_261.wav,False,0,0,0,0,0,0,0,0,0,0,0,0,insects,-5.998293,1.0291924,-0.15446463,0.85307014,-0.47510797,0.22541982,0.29277414,0.22442795,-0.050147835,0.44729245,0.036996424,-0.057904437,0.44808483
9.765182,7.788008,5.7338805,9,0,0,00:00.0,00:00.0,uploads\f2e6d795-3777-11f0-84b6-581122bb7f2c\20210509T060000+1000_REC_262.wav,False,0,0,0,0,0,0,0,0,0,0,0,0,insects,-6.06705,0.8443369,-0.07233478,0.65301764,-0.3370697,0.15210421,0.27856597,0.19574733,0.0646976,0.42568335,0.04139765,-0.048169337,0.36165962
9.732719,7.815274,5.679583,9,0,0,00:00.0,00:00.0,uploads\f2e6d795-3777-11f0-84b6-581122bb7f2c\20210509T060000+1000_REC_263.wav,True,0,1,0,0,1,0,0,0,0,0,0,0,insects,-6.0524035,0.9065957,-0.09433674,0.67055595,-0.36077866,0.18584132,0.24875702,0.21010448,0.002299356,0.4676107,0.021781275,-0.006042823,0.386641
9.707528,7.8199954,5.6656775,9,0,0,00:00.0,00:00.0,uploads\f2e6d795-3777-11f0-84b6-581122bb7f2c\20210509T060000+1000_REC_264.wav,False,0,0,0,0,0,0,0,0,0,0,0,0,insects,-6.0511804,0.8926284,-0.01606216,0.69111645,-0.4442047,0.2374298,0.17895357,0.20015672,0.021161478,0.4505824,0.07081846,-0.0030691326,0.35309458
9.619955,7.861905,5.431332,9,0,0,00:00.0,00:00.0,uploads\f2e6d795-3777-11f0-84b6-581122bb7f2c\20210509T060000+1000_REC_265.wav,False,0,0,0,0,0,0,0,0,0,0,0,0,insects,-6.0189576,0.9892755,-0.06453752,0.7750417,-0.47272307,0.19889888,0.20990533,0.23625916,-0.011552756,0.49030358,0.029409658,-0.027387014,0.42297626
9.718569,7.823728,5.6495996,9,0,0,00:00.0,00:00.0,uploads\f2e6d795-3777-11f0-84b6-581122bb7f2c\20210509T060000+1000_REC_266.wav,False,0,0,0,0,0,0,0,0,0,0,0,0,insects,-6.0459876,0.860609,-0.047022656,0.7204982,-0.4428291,0.2032457,0.24748378,0.23192413,-0.019272335,0.49207854,0.03264067,-0.020330925,0.37309682
8.958124,7.5220942,5.3334446,9,0,0,00:00.0,00:00.0,uploads\f2e6d795-3777-11f0-84b6-581122bb7f2c\20210509T100000+1000_REC_234.wav,False,0,0,0,0,0,0,0,0,0,0,0,0,insects,-6.0221586,0.8299141,0.09478551,0.95650816,-0.40500352,0.5861077,0.24341874,0.19954026,0.17124851,0.33948538,0.09231224,0.25224376,0.2817885
9.682415,7.777284,5.68138,9,0,0,00:00.0,00:00.0,uploads\f2e6d795-3777-11f0-84b6-581122bb7f2c\20210509T100000+1000_REC_245.wav,False,0,0,0,0,0,0,0,0,0,0,0,0,insects,-6.079195,0.775044,0.117092356,0.68710417,-0.21364245,0.4162999,0.096779406,0.40870604,0.16167367,0.33941236,0.075254954,0.2929381,0.2164538
8.976502,7.5114555,5.010537,9,0,0,00:00.0,00:00.0,uploads\f2e6d795-3777-11f0-84b6-581122bb7f2c\20210509T220000+1000_REC_67.wav,False,0,0,0,0,0,0,0,0,0,0,0,0,insects,-6.0033197,0.61350846,-0.26106718,0.8203774,-0.06475084,0.5876839,0.40600017,-0.045693446,0.024930751,0.8853142,0.11306148,-0.103928156,0.52655834
5.4427333,1.6249804,-2.1820045,10,0,0,00:00.0,00:00.0,uploads\f2e6d795-3777-11f0-84b6-581122bb7f2c\20210509T020000+1000_REC_219.wav,False,0,0,0,0,0,0,0,0,0,0,0,0,insects,-6.074591,0.14893237,-0.2718469,0.8589327,-0.30921003,0.02921064,0.28704292,0.2226397,-0.03802925,0.46183744,0.035661265,0.074235246,0.36605233
5.318934,1.4449266,-2.2371655,10,0,0,00:00.0,00:00.0,uploads\f2e6d795-3777-11f0-84b6-581122bb7f2c\20210509T020000+1000_REC_251.wav,False,0,0,0,0,0,0,0,0,0,0,0,0,insects,-6.0639243,0.61418283,-0.33782694,0.62797195,-0.36540756,0.0076685925,0.32901525,0.18481329,-0.07239431,0.5130942,0.21349739,0.048000894,0.4073688
5.4738936,1.6720836,-2.1483195,10,0,0,00:00.0,00:00.0,uploads\f2e6d795-3777-11f0-84b6-581122bb7f2c\20210509T020000+1000_REC_252.wav,False,0,0,0,0,0,0,0,0,0,0,0,0,insects,-6.0606375,0.47211874,-0.16779852,0.86614466,-0.3376,-0.0536115,0.34878996,0.16808198,-0.118068226,0.5353577,0.14736436,0.1026222,0.36211365
5.32733,1.4524194,-2.2320902,10,0,0,00:00.0,00:00.0,uploads\f2e6d795-3777-11f0-84b6-581122bb7f2c\20210509T020000+1000_REC_253.wav,False,0,0,0,0,0,0,0,0,0,0,0,0,insects,-6.0691876,0.6112633,-0.104721844,0.66270286,-0.39362252,-0.23527244,0.2761111,0.12363078,-0.019975854,0.4439983,0.14124861,0.13288663,0.43611348
5.3752003,1.5248846,-2.2079117,10,0,0,00:00.0,00:00.0,uploads\f2e6d795-3777-11f0-84b6-581122bb7f2c\20210509T020000+1000_REC_255.wav,False,0,0,0,0,0,0,0,0,0,0,0,0,insects,-6.0689564,0.4255755,-0.24174163,0.8421682,-0.32799646,-0.062459696,0.28147963,0.1861661,-0.040942177,0.4950427,0.094630904,0.11893222,0.3538966
5.4317765,1.608244,-2.174999,10,0,0,00:00.0,00:00.0,uploads\f2e6d795-3777-11f0-84b6-581122bb7f2c\20210509T020000+1000_REC_259.wav,False,0,0,0,0,0,0,0,0,0,0,0,0,insects,-6.060457,0.36740527,-0.2029453,0.939549,-0.32062453,-0.021155722,0.30000636,0.16242312,-0.10213601,0.50924027,0.098476425,0.06219224,0.33914107
5.2596555,1.378314,-2.2911556,10,0,0,00:00.0,00:00.0,uploads\f2e6d795-3777-11f0-84b6-581122bb7f2c\20210509T020000+1000_REC_262.wav,False,0,0,0,0,0,0,0,0,0,0,0,0,insects,-6.0725393,0.4380871,-0.2904291,0.77372587,-0.30075175,0.0116407825,0.3377603,0.22855234,-0.075475134,0.47509733,0.066018246,0.13235442,0.40081316
5.23218,1.35982,-2.2986891,10,0,0,00:00.0,00:00.0,uploads\f2e6d795-3777-11f0-84b6-581122bb7f2c\20210509T080000+1000_REC_25.wav,False,0,0,0,0,0,0,0,0,0,0,0,0,insects,-5.935846,0.7741087,-0.27357984,0.73856705,-1.061816,0.3079032,-0.3095925,0.33422443,-0.009609154,0.36149728,-0.10365345,0.31168747,0.15771851
5.380873,1.4853383,-2.159636,10,0,0,00:00.0,00:00.0,uploads\f2e6d795-3777-11f0-84b6-581122bb7f2c\20210509T200000+1000_REC_0.wav,True,0,0,0,0,1,0,0,0,0,0,0,0,insects,-6.0345764,0.3549059,-0.8693574,0.79664975,0.38724,0.14684725,0.13062891,0.22423917,0.24156441,0.2645387,0.1854506,0.33856535,0.22401257
5.34457,1.4697078,-2.207641,10,0,0,00:00.0,00:00.0,uploads\f2e6d795-3777-11f0-84b6-581122bb7f2c\20210509T200000+1000_REC_1.wav,False,0,0,0,0,0,0,0,0,0,0,0,0,insects,-6.0263295,0.36891094,-0.885969,0.809914,0.44314286,0.093149364,0.10442149,0.18916123,0.19017585,0.3204455,0.17583066,0.34645954,0.2405936
5.3975067,1.4907756,-2.1405954,10,0,0,00:00.0,00:00.0,uploads\f2e6d795-3777-11f0-84b6-581122bb7f2c\20210509T200000+1000_REC_2.wav,False,0,0,0,0,0,0,0,0,0,0,0,0,insects,-6.049813,0.25341552,-0.82476354,0.7498946,0.4000105,0.10311551,0.14574182,0.19105932,0.21217968,0.2339243,0.16338769,0.3172356,0.2657368
5.358239,1.4637518,-2.1793401,10,0,0,00:00.0,00:00.0,uploads\f2e6d795-3777-11f0-84b6-581122bb7f2c\20210509T200000+1000_REC_3.wav,False,0,0,0,0,0,0,0,0,0,0,0,0,insects,-6.0282483,0.22592042,-0.89939994,0.83520883,0.3808156,0.187879,0.048518173,0.24300401,0.20995405,0.22267447,0.18531321,0.34199578,0.24406213
5.31641,1.4401666,-2.239788,10,0,0,00:00.0,00:00.0,uploads\f2e6d795-3777-11f0-84b6-581122bb7f2c\20210509T200000+1000_REC_4.wav,False,0,0,0,0,0,0,0,0,0,0,0,0,insects,-6.0349054,0.31553882,-0.8932927,0.7433534,0.42937446,0.07422592,0.15125857,0.27033108,0.2155735,0.26584816,0.14925295,0.30816793,0.26960886
5.312772,1.4323874,-2.2410471,10,0,0,00:00.0,00:00.0,uploads\f2e6d795-3777-11f0-84b6-581122bb7f2c\20210509T200000+1000_REC_5.wav,True,0,0,0,0,1,0,0,0,0,0,0,0,insects,-6.022573,0.35323727,-0.95019317,0.76755106,0.3780002,0.096673824,0.14373429,0.29829794,0.26476017,0.24528123,0.1497576,0.34165344,0.22975308
5.3179235,1.4196612,-2.2127154,10,0,0,00:00.0,00:00.0,uploads\f2e6d795-3777-11f0-84b6-581122bb7f2c\20210509T200000+1000_REC_6.wav,False,0,0,0,0,0,0,0,0,0,0,0,0,insects,-6.012645,0.21566842,-0.94784194,0.8961627,0.32946992,0.19098768,0.018040933,0.25414237,0.20973583,0.22393095,0.22347753,0.31218046,0.32118535
5.322326,1.4441234,-2.233704,10,0,0,00:00.0,00:00.0,uploads\f2e6d795-3777-11f0-84b6-581122bb7f2c\20210509T200000+1000_REC_7.wav,False,0,0,0,0,0,0,0,0,0,0,0,0,insects,-6.023007,0.29877642,-0.90802354,0.8398983,0.40039626,0.0577969,0.164649,0.2533574,0.22076868,0.27568865,0.12937503,0.33650354,0.26820323
5.3935285,1.4965698,-2.1472628,10,0,0,00:00.0,00:00.0,uploads\f2e6d795-3777-11f0-84b6-581122bb7f2c\20210509T200000+1000_REC_8.wav,False,0,0,0,0,0,0,0,0,0,0,0,0,insects,-6.022601,0.25049385,-0.92002314,0.83661926,0.42085108,0.10445076,0.1371565,0.19912323,0.21426775,0.24777992,0.17586471,0.35705692,0.26659808
5.3331475,1.4618684,-2.2210429,10,0,0,00:00.0,00:00.0,uploads\f2e6d795-3777-11f0-84b6-581122bb7f2c\20210509T200000+1000_REC_9.wav,False,0,0,0,0,0,0,0,0,0,0,0,0,insects,-6.029812,0.28029647,-0.90190196,0.78474706,0.43618745,0.070373416,0.16229397,0.20461932,0.22040513,0.30347025,0.16042581,0.3206354,0.25394967
5.397092,1.4983504,-2.142003,10,0,0,00:00.0,00:00.0,uploads\f2e6d795-3777-11f0-84b6-581122bb7f2c\20210509T200000+1000_REC_10.wav,False,0,0,0,0,0,0,0,0,0,0,0,0,insects,-6.0293665,0.21821053,-0.8751193,0.8478729,0.41347274,0.1299134,0.13867617,0.18782344,0.21938755,0.2328441,0.20740296,0.3625101,0.27925974
5.3298187,1.4375757,-2.221063,10,0,0,00:00.0,00:00.0,uploads\f2e6d795-3777-11f0-84b6-581122bb7f2c\20210509T200000+1000_REC_11.wav,False,0,0,0,0,0,0,0,0,0,0,0,0,insects,-6.022308,0.2330852,-0.8980318,0.8505555,0.430063,0.108907714,0.14017436,0.21739188,0.23879085,0.29734087,0.14025193,0.33275777,0.33074725
5.316229,1.4393655,-2.240232,10,0,0,00:00.0,00:00.0,uploads\f2e6d795-3777-11f0-84b6-581122bb7f2c\20210509T200000+1000_REC_12.wav,False,0,0,0,0,0,0,0,0,0,0,0,0,insects,-6.0429335,0.2650455,-0.8140182,0.7969146,0.41203132,0.024442207,0.15772316,0.25591716,0.26423508,0.2391413,0.16888705,0.3349121,0.25403494
5.3937354,1.4977523,-2.1407752,10,0,0,00:00.0,00:00.0,uploads\f2e6d795-3777-11f0-84b6-581122bb7f2c\20210509T200000+1000_REC_13.wav,False,0,0,0,0,0,0,0,0,0,0,0,0,insects,-6.052355,0.1724186,-0.7782535,0.7600571,0.44670203,0.07499024,0.14871106,0.19824852,0.21987496,0.21501985,0.2175647,0.36374816,0.28193513
5.366748,1.4939815,-2.1930625,10,0,0,00:00.0,00:00.0,uploads\f2e6d795-3777-11f0-84b6-581122bb7f2c\20210509T200000+1000_REC_14.wav,False,0,0,0,0,0,0,0,0,0,0,0,0,insects,-6.029491,0.24766137,-0.87698025,0.8175712,0.45429808,0.044532157,0.16390009,0.24205345,0.24596772,0.25277638,0.13733585,0.32372394,0.2816045
5.296725,1.4094381,-2.2533445,10,0,0,00:00.0,00:00.0,uploads\f2e6d795-3777-11f0-84b6-581122bb7f2c\20210509T200000+1000_REC_15.wav,False,0,0,0,0,0,0,0,0,0,0,0,0,insects,-6.0222325,0.25497738,-0.91000754,0.85646325,0.36399537,0.078586064,0.13510385,0.2801914,0.22430241,0.23405138,0.19598733,0.3386751,0.31320345
5.2530026,1.3668702,-2.298469,10,0,0,00:00.0,00:00.0,uploads\f2e6d795-3777-11f0-84b6-581122bb7f2c\20210509T200000+1000_REC_16.wav,True,0,0,0,0,1,0,0,0,0,0,0,0,insects,-6.0040665,0.32675922,-0.9349041,0.9378688,0.3901533,0.094414875,0.14969136,0.25638634,0.23165329,0.2648917,0.16627175,0.38542506,0.29227042
5.2603645,1.3763038,-2.2889245,10,0,0,00:00.0,00:00.0,uploads\f2e6d795-3777-11f0-84b6-581122bb7f2c\20210509T200000+1000_REC_17.wav,True,0,0,0,0,1,0,0,0,0,0,0,0,insects,-6.0127635,0.27243844,-0.91459006,0.93018174,0.36666018,0.072735205,0.116380945,0.28001636,0.22435378,0.22718054,0.1633819,0.36654794,0.24530368
5.239421,1.3549914,-2.3099904,10,0,0,00:00.0,00:00.0,uploads\f2e6d795-3777-11f0-84b6-581122bb7f2c\20210509T200000+1000_REC_18.wav,False,0,0,0,0,0,0,0,0,0,0,0,0,insects,-5.9980016,0.2749692,-0.95366126,0.9933891,0.29959747,0.13348971,0.12832385,0.3023146,0.15960668,0.22487931,0.20960818,0.4010615,0.25780272
5.284214,1.4016865,-2.266632,10,0,0,00:00.0,00:00.0,uploads\f2e6d795-3777-11f0-84b6-581122bb7f2c\20210509T200000+1000_REC_19.wav,False,0,0,0,0,0,0,0,0,0,0,0,0,insects,-6.025159,0.26207957,-0.8611038,0.8968881,0.39583752,0.0579881,0.1400949,0.28742966,0.2320229,0.18841997,0.15709364,0.35248736,0.26246026
5.255839,1.366233,-2.299827,10,0,0,00:00.0,00:00.0,uploads\f2e6d795-3777-11f0-84b6-581122bb7f2c\20210509T200000+1000_REC_20.wav,False,0,0,0,0,0,0,0,0,0,0,0,0,insects,-6.0136595,0.31292942,-0.9200294,0.8642255,0.4318638,0.10245516,0.1505666,0.25798175,0.20777345,0.28728944,0.12652522,0.40042722,0.29181886
5.2564263,1.3290234,-2.338105,10,0,0,00:00.0,00:00.0,uploads\f2e6d795-3777-11f0-84b6-581122bb7f2c\20210509T200000+1000_REC_21.wav,False,0,0,0,0,0,0,0,0,0,0,0,0,insects,-5.9918337,0.29224417,-1.0107757,0.91941106,0.45112455,0.09238203,0.12427559,0.26371816,0.20630352,0.22671722,0.09898248,0.38776082,0.28254476
5.23539,1.3556311,-2.3094497,10,0,0,00:00.0,00:00.0,uploads\f2e6d795-3777-11f0-84b6-581122bb7f2c\20210509T200000+1000_REC_22.wav,False,0,0,0,0,0,0,0,0,0,0,0,0,insects,-6.0031924,0.37976244,-0.95378524,0.9079684,0.3826202,0.035517514,0.1079796,0.27680042,0.19261537,0.29431117,0.17635366,0.37705323,0.23041584
5.305894,1.4130399,-2.2428112,10,0,0,00:00.0,00:00.0,uploads\f2e6d795-3777-11f0-84b6-581122bb7f2c\20210509T200000+1000_REC_23.wav,False,0,0,0,0,0,0,0,0,0,0,0,0,insects,-6.0017405,0.31164363,-0.9640307,0.92458177,0.32372844,0.083158314,0.033160836,0.28774324,0.27423412,0.28141382,0.18697324,0.31764483,0.33321404
5.326647,1.4432163,-2.2271814,10,0,0,00:00.0,00:00.0,uploads\f2e6d795-3777-11f0-84b6-581122bb7f2c\20210509T200000+1000_REC_24.wav,False,0,0,0,0,0,0,0,0,0,0,0,0,insects,-6.018883,0.23876138,-0.9356088,0.8407162,0.3966776,0.07916036,0.1747015,0.22345224,0.21967167,0.27858803,0.12983158,0.35517532,0.29757148
5.255598,1.3693997,-2.2939074,10,0,0,00:00.0,00:00.0,uploads\f2e6d795-3777-11f0-84b6-581122bb7f2c\20210509T200000+1000_REC_26.wav,False,0,0,0,0,0,0,0,0,0,0,0,0,insects,-6.00487,0.4044318,-0.9689159,0.84165907,0.39387482,0.06226835,0.051934414,0.26040715,0.27705345,0.30382943,0.121213056,0.38380298,0.2611508
5.2903724,1.4009995,-2.2597933,10,0,0,00:00.0,00:00.0,uploads\f2e6d795-3777-11f0-84b6-581122bb7f2c\20210509T200000+1000_REC_27.wav,False,0,0,0,0,0,0,0,0,0,0,0,0,insects,-6.024519,0.28314754,-0.8975281,0.85064626,0.37442335,0.08972536,0.1046735,0.23679912,0.2708325,0.25024018,0.11404214,0.34037215,0.29046747
5.341897,1.4608376,-2.2141056,10,0,0,00:00.0,00:00.0,uploads\f2e6d795-3777-11f0-84b6-581122bb7f2c\20210509T200000+1000_REC_28.wav,False,0,0,0,0,0,0,0,0,0,0,0,0,insects,-6.0240865,0.2865017,-0.89626825,0.8357039,0.40652418,0.05167933,0.16094004,0.22694653,0.19667502,0.29218048,0.13701595,0.37105963,0.28968325
5.2825465,1.3961905,-2.2751384,10,0,0,00:00.0,00:00.0,uploads\f2e6d795-3777-11f0-84b6-581122bb7f2c\20210509T200000+1000_REC_29.wav,False,0,0,0,0,0,0,0,0,0,0,0,0,insects,-6.010013,0.3536361,-0.9403973,0.8452689,0.4509355,0.04895195,0.1363241,0.22929479,0.20385337,0.29814455,0.07501688,0.38255808,0.30207065
5.3175716,1.4249033,-2.2293808,10,0,0,00:00.0,00:00.0,uploads\f2e6d795-3777-11f0-84b6-581122bb7f2c\20210509T200000+1000_REC_30.wav,False,0,0,0,0,0,0,0,0,0,0,0,0,insects,-6.0200744,0.2695578,-0.9092178,0.8808157,0.34549543,0.110368446,0.12554085,0.24476433,0.24724609,0.26166713,0.18155363,0.3460733,0.30290526
5.246011,1.3605666,-2.3024447,10,0,0,00:00.0,00:00.0,uploads\f2e6d795-3777-11f0-84b6-581122bb7f2c\20210509T200000+1000_REC_32.wav,False,0,0,0,0,0,0,0,0,0,0,0,0,insects,-6.0012274,0.3510962,-0.9543711,0.8986117,0.41307077,0.08374964,0.14501092,0.29219583,0.22935557,0.2925669,0.15217066,0.41602075,0.28528446
5.237879,1.3527285,-2.3076434,10,0,0,00:00.0,00:00.0,uploads\f2e6d795-3777-11f0-84b6-581122bb7f2c\20210509T200000+1000_REC_33.wav,False,0,0,0,0,0,0,0,0,0,0,0,0,insects,-6.0051804,0.30456498,-0.9640607,0.88862824,0.40624753,0.064846456,0.1742843,0.28672248,0.21811761,0.26604894,0.16222106,0.37515712,0.27131134
5.2930336,1.4121811,-2.258527,10,0,0,00:00.0,00:00.0,uploads\f2e6d795-3777-11f0-84b6-581122bb7f2c\20210509T200000+1000_REC_34.wav,False,0,0,0,0,0,0,0,0,0,0,0,0,insects,-6.0178804,0.40370944,-0.90405524,0.8119514,0.37624684,0.018959489,0.15962088,0.34639537,0.30134988,0.25105256,0.14719523,0.3975944,0.2584767
8.8498335,5.894081,3.9386494,11,0,0,00:00.0,00:00.0,uploads\f2e6d795-3777-11f0-84b6-581122bb7f2c\20210509T020000+1000_REC_233.wav,False,0,0,0,0,0,0,0,0,0,0,0,0,insects,-6.043559,0.2945724,-0.22863892,1.035357,-0.34651196,0.111162014,0.28975144,0.24594189,-0.17460495,0.38392192,0.2180341,-0.095050596,0.40968484
8.210054,6.5915236,3.7773566,11,0,0,00:00.0,00:00.0,uploads\f2e6d795-3777-11f0-84b6-581122bb7f2c\20210509T040000+1000_REC_136.wav,False,0,0,0,0,0,0,0,0,0,0,0,0,insects,-6.025732,0.2354478,-0.23855275,1.081747,-0.13255592,-0.21343541,0.39326146,0.3712507,-0.32964075,0.34443468,0.4117172,-0.057542525,0.25867423
8.076913,6.216946,3.5065536,11,0,0,00:00.0,00:00.0,uploads\f2e6d795-3777-11f0-84b6-581122bb7f2c\20210509T040000+1000_REC_137.wav,False,0,0,0,0,0,0,0,0,0,0,0,0,insects,-6.01108,0.34320968,-0.29930115,1.0410467,-0.25773385,-0.27250925,0.25891954,0.43649688,-0.33288166,0.30597964,0.51395774,-0.052301273,0.27102742
8.231257,6.590636,3.8145475,11,0,0,00:00.0,00:00.0,uploads\f2e6d795-3777-11f0-84b6-581122bb7f2c\20210509T040000+1000_REC_138.wav,False,0,0,0,0,0,0,0,0,0,0,0,0,insects,-6.0379105,0.2225121,-0.26900268,1.0079417,-0.2485878,-0.16505149,0.3978509,0.39021578,-0.25719535,0.3041517,0.3574862,-0.06020856,0.2720262
7.849975,6.526572,3.3624563,11,0,0,00:00.0,00:00.0,uploads\f2e6d795-3777-11f0-84b6-581122bb7f2c\20210509T040000+1000_REC_140.wav,False,0,0,0,0,0,0,0,0,0,0,0,0,insects,-6.027098,0.104083404,-0.3157906,1.032447,-0.19021203,-0.13458233,0.36939257,0.44956934,-0.29671782,0.31308287,0.44238853,-0.09874567,0.2669111
8.704627,6.51883,4.223895,11,0,0,00:00.0,00:00.0,uploads\f2e6d795-3777-11f0-84b6-581122bb7f2c\20210509T040000+1000_REC_142.wav,False,0,0,0,0,0,0,0,0,0,0,0,0,insects,-6.013094,0.15255599,-0.28338152,1.0879359,-0.35313547,-0.035067774,0.4678183,0.32898995,-0.26404205,0.4157676,0.31129348,-0.15795918,0.3560566
8.180741,6.555702,3.7470021,11,0,0,00:00.0,00:00.0,uploads\f2e6d795-3777-11f0-84b6-581122bb7f2c\20210509T040000+1000_REC_143.wav,False,0,0,0,0,0,0,0,0,0,0,0,0,insects,-6.0407505,0.12077055,-0.28173754,0.95943725,-0.19425549,-0.13955382,0.43258366,0.4646185,-0.24914028,0.3327246,0.38248593,-0.119621985,0.23617713
8.187401,6.500793,3.7595735,11,0,0,00:00.0,00:00.0,uploads\f2e6d795-3777-11f0-84b6-581122bb7f2c\20210509T040000+1000_REC_144.wav,False,0,0,0,0,0,0,0,0,0,0,0,0,insects,-6.0364046,-0.052816402,-0.23890416,1.0090773,-0.15802678,-0.13411261,0.41774735,0.39055282,-0.28303358,0.3448833,0.37452206,-0.121780306,0.27949634
8.159771,6.357766,3.7172892,11,0,0,00:00.0,00:00.0,uploads\f2e6d795-3777-11f0-84b6-581122bb7f2c\20210509T040000+1000_REC_145.wav,False,0,0,0,0,0,0,0,0,0,0,0,0,insects,-6.026609,-0.09185634,-0.26080093,1.0342891,-0.2540061,-0.12217494,0.27349985,0.5312593,-0.27978837,0.34600714,0.33075395,-0.060364433,0.26432016
7.838749,6.523898,3.3501682,11,0,0,00:00.0,00:00.0,uploads\f2e6d795-3777-11f0-84b6-581122bb7f2c\20210509T040000+1000_REC_147.wav,False,0,0,0,0,0,0,0,0,0,0,0,0,insects,-6.0271716,0.14758192,-0.32993594,1.0403996,-0.16810149,-0.11200829,0.37097237,0.4499777,-0.2934174,0.28764334,0.42540687,-0.14366645,0.24367568
7.8430514,6.528547,3.3548582,11,0,0,00:00.0,00:00.0,uploads\f2e6d795-3777-11f0-84b6-581122bb7f2c\20210509T040000+1000_REC_148.wav,False,0,0,0,0,0,0,0,0,0,0,0,0,insects,-6.0223126,0.18113597,-0.34039423,1.0433639,-0.17996067,-0.20049562,0.3924892,0.4207644,-0.27612033,0.34608302,0.42600772,-0.11946372,0.22846204
7.895102,6.554863,3.4096732,11,0,0,00:00.0,00:00.0,uploads\f2e6d795-3777-11f0-84b6-581122bb7f2c\20210509T040000+1000_REC_149.wav,False,0,0,0,0,0,0,0,0,0,0,0,0,insects,-6.01949,0.15292823,-0.3100715,1.1052895,-0.20722483,-0.13675085,0.398625,0.3906233,-0.2915343,0.29384777,0.36253658,-0.14070621,0.26629132
8.231797,6.511586,3.7951624,11,0,0,00:00.0,00:00.0,uploads\f2e6d795-3777-11f0-84b6-581122bb7f2c\20210509T040000+1000_REC_150.wav,False,0,0,0,0,0,0,0,0,0,0,0,0,insects,-6.0373864,0.13264982,-0.26600465,1.031709,-0.20332864,-0.10397607,0.3892215,0.4191306,-0.25277826,0.32775766,0.3339881,-0.112014785,0.31412104
7.938575,6.5906696,3.4336758,11,0,0,00:00.0,00:00.0,uploads\f2e6d795-3777-11f0-84b6-581122bb7f2c\20210509T040000+1000_REC_151.wav,False,0,0,0,0,0,0,0,0,0,0,0,0,insects,-6.028498,0.048218098,-0.30536887,1.0367175,-0.13173185,-0.16030338,0.48618832,0.37321138,-0.29815343,0.37773725,0.34198442,-0.083026476,0.27674577
7.921233,6.571908,3.4143207,11,0,0,00:00.0,00:00.0,uploads\f2e6d795-3777-11f0-84b6-581122bb7f2c\20210509T040000+1000_REC_152.wav,False,0,0,0,0,0,0,0,0,0,0,0,0,insects,-6.04039,0.1132826,-0.31569612,0.9812618,-0.10690222,-0.1732568,0.44110966,0.4035185,-0.28897485,0.33426136,0.34414142,-0.0662957,0.27247962
7.883827,6.5317554,3.3980331,11,0,0,00:00.0,00:00.0,uploads\f2e6d795-3777-11f0-84b6-581122bb7f2c\20210509T040000+1000_REC_153.wav,False,0,0,0,0,0,0,0,0,0,0,0,0,insects,-6.0222187,0.094303764,-0.31479326,1.0757874,-0.21290223,-0.122439355,0.40897632,0.40929976,-0.30210307,0.3473988,0.3717627,-0.09542743,0.25099924
7.892853,6.542419,3.406892,11,0,0,00:00.0,00:00.0,uploads\f2e6d795-3777-11f0-84b6-581122bb7f2c\20210509T040000+1000_REC_154.wav,False,0,0,0,0,0,0,0,0,0,0,0,0,insects,-6.0247235,0.14458035,-0.3307268,1.0479168,-0.1815522,-0.14537537,0.3844093,0.44888756,-0.30675387,0.33912382,0.38425025,-0.094676785,0.2544326
8.368025,6.3454027,3.9056807,11,0,0,00:00.0,00:00.0,uploads\f2e6d795-3777-11f0-84b6-581122bb7f2c\20210509T040000+1000_REC_155.wav,False,0,0,0,0,0,0,0,0,0,0,0,0,insects,-6.045013,0.123291366,-0.23880729,1.000826,-0.18347207,-0.040413346,0.36198714,0.36352044,-0.29308626,0.32594112,0.37266624,-0.10934874,0.35200566
7.9443235,6.583411,3.4436872,11,0,0,00:00.0,00:00.0,uploads\f2e6d795-3777-11f0-84b6-581122bb7f2c\20210509T040000+1000_REC_156.wav,False,0,0,0,0,0,0,0,0,0,0,0,0,insects,-6.0319014,0.16814421,-0.30250892,0.9979471,-0.09195245,-0.19588652,0.44581497,0.4310531,-0.3366913,0.34705803,0.35384184,-0.1053012,0.24532889
8.269427,6.4627957,3.8378417,11,0,0,00:00.0,00:00.0,uploads\f2e6d795-3777-11f0-84b6-581122bb7f2c\20210509T040000+1000_REC_157.wav,True,0,0,0,0,1,0,0,0,0,0,0,0,insects,-6.0352077,0.06617781,-0.23391187,0.99885875,-0.17086834,-0.07225076,0.4212666,0.36917317,-0.3516041,0.37262633,0.3743069,-0.15749343,0.3043187
8.43648,6.7576394,4.177248,11,0,0,00:00.0,00:00.0,uploads\f2e6d795-3777-11f0-84b6-581122bb7f2c\20210509T040000+1000_REC_158.wav,False,0,0,0,0,0,0,0,0,0,0,0,0,insects,-6.047513,0.1845737,-0.27350938,0.9420765,-0.14489426,-0.1599687,0.46531138,0.36761883,-0.2548673,0.42109612,0.30204996,-0.09005004,0.2574325
8.559776,6.754079,4.371568,11,0,0,00:00.0,00:00.0,uploads\f2e6d795-3777-11f0-84b6-581122bb7f2c\20210509T040000+1000_REC_159.wav,False,0,0,0,0,0,0,0,0,0,0,0,0,insects,-6.0559525,0.14900398,-0.23151961,0.92522305,-0.18194151,-0.11255212,0.45952004,0.31997207,-0.2652921,0.4232102,0.26067507,-0.0419836,0.27530915
8.717033,6.196728,4.2653985,11,0,0,00:00.0,00:00.0,uploads\f2e6d795-3777-11f0-84b6-581122bb7f2c\20210509T040000+1000_REC_160.wav,False,0,0,0,0,0,0,0,0,0,0,0,0,insects,-6.0503364,0.14087689,-0.2129402,0.97513694,-0.19648841,-0.041866757,0.40474337,0.3502071,-0.2540897,0.38826326,0.30111533,-0.12223182,0.35385707
8.549207,6.7818575,4.303011,11,0,0,00:00.0,00:00.0,uploads\f2e6d795-3777-11f0-84b6-581122bb7f2c\20210509T040000+1000_REC_161.wav,False,0,0,0,0,0,0,0,0,0,0,0,0,insects,-6.041802,0.2605089,-0.27608135,0.9418085,-0.13877316,-0.20156246,0.51064384,0.32231647,-0.2810604,0.4731588,0.22541808,-0.056084618,0.2629186
8.227846,6.5819554,3.7998974,11,0,0,00:00.0,00:00.0,uploads\f2e6d795-3777-11f0-84b6-581122bb7f2c\20210509T040000+1000_REC_163.wav,False,0,0,0,0,0,0,0,0,0,0,0,0,insects,-6.0367746,0.18845978,-0.27762124,1.0197879,-0.15113086,-0.11454451,0.4030965,0.4086896,-0.28685147,0.38066605,0.3644815,-0.10615925,0.26379842
8.23823,6.590605,3.8022413,11,0,0,00:00.0,00:00.0,uploads\f2e6d795-3777-11f0-84b6-581122bb7f2c\20210509T040000+1000_REC_164.wav,False,0,0,0,0,0,0,0,0,0,0,0,0,insects,-6.032648,0.17474625,-0.26640072,1.0520945,-0.18324503,-0.115515806,0.4075496,0.38573426,-0.2925606,0.35964462,0.33153117,-0.119417496,0.2728821
8.310364,6.413534,3.8720503,11,0,0,00:00.0,00:00.0,uploads\f2e6d795-3777-11f0-84b6-581122bb7f2c\20210509T040000+1000_REC_165.wav,True,0,0,0,0,1,0,0,0,0,0,0,0,insects,-6.0371666,0.13901326,-0.2501516,1.0154952,-0.22575901,-0.05458176,0.3918774,0.3688067,-0.2739238,0.3565974,0.36410698,-0.15763481,0.33465028
8.301086,6.3302846,3.8316329,11,0,0,00:00.0,00:00.0,uploads\f2e6d795-3777-11f0-84b6-581122bb7f2c\20210509T040000+1000_REC_166.wav,True,0,0,0,0,1,0,0,0,0,0,0,0,insects,-6.025496,0.14761975,-0.2728126,1.0247737,-0.2591827,-0.11694007,0.3540842,0.48161826,-0.28981614,0.3671256,0.3606728,-0.15874703,0.30716616
8.189305,6.370076,3.7430246,11,0,0,00:00.0,00:00.0,uploads\f2e6d795-3777-11f0-84b6-581122bb7f2c\20210509T040000+1000_REC_167.wav,False,0,0,0,0,0,0,0,0,0,0,0,0,insects,-6.033301,0.048366413,-0.24826017,1.0137836,-0.25891235,-0.061057214,0.35055107,0.4657303,-0.30400452,0.3652874,0.36503223,-0.090948425,0.2883925
8.243446,6.32765,3.7896824,11,0,0,00:00.0,00:00.0,uploads\f2e6d795-3777-11f0-84b6-581122bb7f2c\20210509T040000+1000_REC_168.wav,False,0,0,0,0,0,0,0,0,0,0,0,0,insects,-6.043192,0.038059846,-0.181094,0.9939689,-0.24368751,-0.0570023,0.31957322,0.42490497,-0.28675535,0.3637696,0.35071158,-0.13532762,0.30643445
8.242464,6.339364,3.792673,11,0,0,00:00.0,00:00.0,uploads\f2e6d795-3777-11f0-84b6-581122bb7f2c\20210509T040000+1000_REC_169.wav,False,0,0,0,0,0,0,0,0,0,0,0,0,insects,-6.036279,0.040533785,-0.23501678,0.9820196,-0.21290323,-0.060315087,0.37013394,0.4585837,-0.31934407,0.45213416,0.29117227,-0.118720904,0.31915453
8.304794,6.327469,3.8483865,11,0,0,00:00.0,00:00.0,uploads\f2e6d795-3777-11f0-84b6-581122bb7f2c\20210509T040000+1000_REC_170.wav,True,0,0,0,0,1,0,0,0,0,0,0,0,insects,-6.033743,0.044519216,-0.2353788,1.0324312,-0.23822592,-0.031423975,0.34643233,0.39906302,-0.2593701,0.40946257,0.36947986,-0.17771414,0.30688277
8.223598,6.2927575,3.8162794,11,0,0,00:00.0,00:00.0,uploads\f2e6d795-3777-11f0-84b6-581122bb7f2c\20210509T040000+1000_REC_171.wav,False,0,0,0,0,0,0,0,0,0,0,0,0,insects,-6.0454273,0.19181164,-0.24110068,0.98039937,-0.1699125,-0.09287034,0.36344257,0.41782174,-0.2821218,0.36403644,0.36810428,-0.13045695,0.2590651
8.122191,6.454826,3.673687,11,0,0,00:00.0,00:00.0,uploads\f2e6d795-3777-11f0-84b6-581122bb7f2c\20210509T040000+1000_REC_172.wav,False,0,0,0,0,0,0,0,0,0,0,0,0,insects,-6.035759,0.09068684,-0.26927355,1.0079383,-0.20396121,-0.13684735,0.36649323,0.45419317,-0.2929803,0.31576943,0.37255824,-0.10599684,0.24625911
8.173675,6.332735,3.747859,11,0,0,00:00.0,00:00.0,uploads\f2e6d795-3777-11f0-84b6-581122bb7f2c\20210509T040000+1000_REC_173.wav,False,0,0,0,0,0,0,0,0,0,0,0,0,insects,-6.045394,0.052783173,-0.25615755,0.95233816,-0.21053515,-0.07495048,0.32869568,0.4660341,-0.27429566,0.33178717,0.41373146,-0.10717883,0.25946385
8.701424,6.6877537,4.3718343,11,0,0,00:00.0,00:00.0,uploads\f2e6d795-3777-11f0-84b6-581122bb7f2c\20210509T040000+1000_REC_174.wav,False,0,0,0,0,0,0,0,0,0,0,0,0,insects,-6.026973,0.204628,-0.30769107,1.017021,-0.23306574,-0.13887288,0.44218665,0.42040706,-0.2880042,0.458632,0.2515315,-0.0522554,0.32655907
8.665294,6.469328,4.168478,11,0,0,00:00.0,00:00.0,uploads\f2e6d795-3777-11f0-84b6-581122bb7f2c\20210509T040000+1000_REC_175.wav,False,0,0,0,0,0,0,0,0,0,0,0,0,insects,-6.026267,0.21348898,-0.27811345,1.0376654,-0.25490925,-0.05702269,0.3989415,0.3872583,-0.29115856,0.4056288,0.32221085,-0.17827262,0.33129948
8.622157,6.1198425,4.0975137,11,0,0,00:00.0,00:00.0,uploads\f2e6d795-3777-11f0-84b6-581122bb7f2c\20210509T040000+1000_REC_176.wav,False,0,0,0,0,0,0,0,0,0,0,0,0,insects,-6.0419903,0.22897305,-0.22809453,0.94647425,-0.25640944,-0.020207677,0.36171257,0.3937406,-0.29843456,0.40206957,0.3435214,-0.16910389,0.37505373
8.412216,6.1576104,3.895181,11,0,0,00:00.0,00:00.0,uploads\f2e6d795-3777-11f0-84b6-581122bb7f2c\20210509T040000+1000_REC_177.wav,False,0,0,0,0,0,0,0,0,0,0,0,0,insects,-6.037813,0.1645817,-0.26318285,1.0026065,-0.20602758,-0.054702695,0.31201226,0.4138299,-0.3019234,0.35598874,0.3795884,-0.1507106,0.33801392
8.782962,6.285574,4.4097695,11,0,0,00:00.0,00:00.0,uploads\f2e6d795-3777-11f0-84b6-581122bb7f2c\20210509T040000+1000_REC_178.wav,False,0,0,0,0,0,0,0,0,0,0,0,0,insects,-6.031393,0.32591993,-0.099105254,1.0620226,-0.12815914,-0.024271501,0.44466722,0.3630586,-0.34249327,0.4166949,0.2528623,-0.254381,0.26909357
8.362643,6.739483,4.024115,11,0,0,00:00.0,00:00.0,uploads\f2e6d795-3777-11f0-84b6-581122bb7f2c\20210509T040000+1000_REC_179.wav,True,0,0,0,0,1,0,0,0,0,0,0,0,insects,-6.0451427,0.24722049,-0.23035134,0.96755415,-0.15948968,-0.132543,0.42437607,0.35572043,-0.30524865,0.3976569,0.32458434,-0.09855072,0.29410163
8.5805435,6.122664,3.9793887,11,0,0,00:00.0,00:00.0,uploads\f2e6d795-3777-11f0-84b6-581122bb7f2c\20210509T040000+1000_REC_180.wav,False,0,0,0,0,0,0,0,0,0,0,0,0,insects,-6.0215197,0.18173234,-0.2253277,1.0874859,-0.260846,-0.024699064,0.30935234,0.42605647,-0.33069375,0.3015697,0.39711782,-0.18746743,0.34650868
8.559812,6.7871146,4.2874475,11,0,0,00:00.0,00:00.0,uploads\f2e6d795-3777-11f0-84b6-581122bb7f2c\20210509T040000+1000_REC_181.wav,False,0,0,0,0,0,0,0,0,0,0,0,0,insects,-6.0233955,0.3210063,-0.3242005,1.0427759,-0.1251654,-0.21534005,0.45981967,0.35982037,-0.31788585,0.43271056,0.24186616,-0.060499907,0.27066106
8.679393,6.356787,4.15302,11,0,0,00:00.0,00:00.0,uploads\f2e6d795-3777-11f0-84b6-581122bb7f2c\20210509T040000+1000_REC_182.wav,False,0,0,0,0,0,0,0,0,0,0,0,0,insects,-6.033016,0.26104736,-0.24785686,1.0321661,-0.26872528,-0.03831637,0.35793728,0.32685605,-0.2916378,0.38145757,0.32299903,-0.16929667,0.32968327
8.693772,6.2779565,4.5637383,11,0,0,00:00.0,00:00.0,uploads\f2e6d795-3777-11f0-84b6-581122bb7f2c\20210509T040000+1000_REC_183.wav,False,0,0,0,0,0,0,0,0,0,0,0,0,insects,-6.056794,0.3069959,-0.21834654,0.9119535,-0.16796276,-0.11092259,0.4302335,0.27336115,-0.27121264,0.47159007,0.23731627,-0.06902507,0.26099133
8.742794,6.229018,4.3861485,11,0,0,00:00.0,00:00.0,uploads\f2e6d795-3777-11f0-84b6-581122bb7f2c\20210509T040000+1000_REC_184.wav,False,0,0,0,0,0,0,0,0,0,0,0,0,insects,-6.0491652,0.2870735,-0.15445662,0.9896523,-0.16592255,-0.035589945,0.4325007,0.37426627,-0.2609911,0.40665582,0.28865454,-0.14544871,0.30634138
8.712626,6.267233,4.3251243,11,0,0,00:00.0,00:00.0,uploads\f2e6d795-3777-11f0-84b6-581122bb7f2c\20210509T040000+1000_REC_185.wav,False,0,0,0,0,0,0,0,0,0,0,0,0,insects,-6.041452,0.2791998,-0.19834226,1.0137936,-0.1843385,-0.0716534,0.40491652,0.35565123,-0.27814573,0.39813197,0.32725132,-0.15264685,0.30055535
8.741648,6.220726,4.383063,11,0,0,00:00.0,00:00.0,uploads\f2e6d795-3777-11f0-84b6-581122bb7f2c\20210509T040000+1000_REC_186.wav,False,0,0,0,0,0,0,0,0,0,0,0,0,insects,-6.0525413,0.22794871,-0.22639036,0.9413916,-0.18142794,-0.05547225,0.39780495,0.3029338,-0.28570265,0.41501474,0.28647605,-0.1450148,0.3183036
8.701697,6.1656594,4.149415,11,0,0,00:00.0,00:00.0,uploads\f2e6d795-3777-11f0-84b6-581122bb7f2c\20210509T040000+1000_REC_187.wav,False,0,0,0,0,0,0,0,0,0,0,0,0,insects,-6.0433116,0.16647996,-0.18866721,1.0062258,-0.24456091,-0.06830676,0.35574138,0.33604288,-0.269949,0.41212845,0.29361784,-0.12274374,0.37689513
8.728784,6.1768928,4.3454924,11,0,0,00:00.0,00:00.0,uploads\f2e6d795-3777-11f0-84b6-581122bb7f2c\20210509T040000+1000_REC_188.wav,False,0,0,0,0,0,0,0,0,0,0,0,0,insects,-6.052264,0.23374987,-0.17966388,0.9622464,-0.19605428,-0.0078040515,0.3888034,0.32328174,-0.28877813,0.40369803,0.29828852,-0.1621356,0.3099295
8.741441,6.0713525,4.4286966,11,0,0,00:00.0,00:00.0,uploads\f2e6d795-3777-11f0-84b6-581122bb7f2c\20210509T040000+1000_REC_189.wav,False,0,0,0,0,0,0,0,0,0,0,0,0,insects,-6.057469,0.22851841,-0.16999404,0.9125329,-0.20908232,-0.048441287,0.3888208,0.34091958,-0.27226543,0.39352462,0.31616098,-0.16865845,0.30956635
8.590512,6.1121144,4.009312,11,0,0,00:00.0,00:00.0,uploads\f2e6d795-3777-11f0-84b6-581122bb7f2c\20210509T040000+1000_REC_190.wav,False,0,0,0,0,0,0,0,0,0,0,0,0,insects,-6.0372047,0.19354805,-0.20928298,1.0068698,-0.21799754,-0.04916348,0.33245638,0.39737567,-0.31058338,0.37740007,0.36015832,-0.1796328,0.36027616
8.565505,6.140819,4.023974,11,0,0,00:00.0,00:00.0,uploads\f2e6d795-3777-11f0-84b6-581122bb7f2c\20210509T040000+1000_REC_191.wav,False,0,0,0,0,0,0,0,0,0,0,0,0,insects,-6.045752,0.19398709,-0.17820802,0.9859161,-0.22006626,-0.029271677,0.32620755,0.40035954,-0.31923607,0.39285335,0.30911723,-0.13967542,0.32303876
8.968474,5.9162583,3.9879537,11,0,0,00:00.0,00:00.0,uploads\f2e6d795-3777-11f0-84b6-581122bb7f2c\20210509T040000+1000_REC_192.wav,False,0,0,0,0,0,0,0,0,0,0,0,0,insects,-6.0436172,0.21295507,-0.20289287,0.99024075,-0.32321137,0.021398708,0.28645802,0.37534976,-0.2545142,0.36354214,0.29556835,-0.14994872,0.37522182
8.674093,6.0736527,4.1759233,11,0,0,00:00.0,00:00.0,uploads\f2e6d795-3777-11f0-84b6-581122bb7f2c\20210509T040000+1000_REC_193.wav,False,0,0,0,0,0,0,0,0,0,0,0,0,insects,-6.042273,0.2615031,-0.18631391,0.95675516,-0.2432325,-0.02744518,0.35798407,0.3521436,-0.3105942,0.42853865,0.33137906,-0.20110682,0.35096124
9.051894,5.9500375,3.990495,11,0,0,00:00.0,00:00.0,uploads\f2e6d795-3777-11f0-84b6-581122bb7f2c\20210509T040000+1000_REC_194.wav,True,0,0,0,0,1,0,0,0,0,0,0,0,insects,-6.0534973,0.19228783,-0.15921971,0.95321995,-0.25345197,0.0006786056,0.33288577,0.35452765,-0.2399796,0.3930643,0.27430722,-0.15734555,0.41428387
8.179598,6.253506,3.7818363,11,0,0,00:00.0,00:00.0,uploads\f2e6d795-3777-11f0-84b6-581122bb7f2c\20210509T040000+1000_REC_195.wav,True,0,0,0,0,1,0,0,0,0,0,0,0,insects,-6.051122,0.1347577,-0.23642722,0.9586008,-0.1519664,-0.08953326,0.34685817,0.44617355,-0.252475,0.3068748,0.3938918,-0.14143452,0.2633039
8.260141,6.607868,3.8493474,11,0,0,00:00.0,00:00.0,uploads\f2e6d795-3777-11f0-84b6-581122bb7f2c\20210509T040000+1000_REC_196.wav,False,0,0,0,0,0,0,0,0,0,0,0,0,insects,-6.0392118,0.20092344,-0.26384276,0.9960179,-0.194065,-0.1498441,0.4158498,0.36868155,-0.2757816,0.37908176,0.33534104,-0.11382463,0.27591595
8.947461,5.855817,3.9531453,11,0,0,00:00.0,00:00.0,uploads\f2e6d795-3777-11f0-84b6-581122bb7f2c\20210509T040000+1000_REC_197.wav,False,0,0,0,0,0,0,0,0,0,0,0,0,insects,-6.0561814,0.18070051,-0.12747224,0.97274446,-0.28230968,0.03219176,0.24495487,0.36146548,-0.17749655,0.35901806,0.34431103,-0.18646458,0.37187788
9.142171,6.019481,4.050892,11,0,0,00:00.0,00:00.0,uploads\f2e6d795-3777-11f0-84b6-581122bb7f2c\20210509T040000+1000_REC_198.wav,False,0,0,0,0,0,0,0,0,0,0,0,0,insects,-6.0651565,0.21570379,-0.17844513,0.9538876,-0.20033991,-0.01816947,0.33940405,0.2843383,-0.19273518,0.4148181,0.22670579,-0.06142114,0.36829862
9.14135,5.9944134,4.0183897,11,0,0,00:00.0,00:00.0,uploads\f2e6d795-3777-11f0-84b6-581122bb7f2c\20210509T040000+1000_REC_199.wav,False,0,0,0,0,0,0,0,0,0,0,0,0,insects,-6.0691566,0.21488968,-0.16675213,0.9119487,-0.2270149,0.04795834,0.31961048,0.28999224,-0.2055324,0.39790958,0.2537945,-0.096741095,0.38162112
9.132156,5.998526,4.0243497,11,0,0,00:00.0,00:00.0,uploads\f2e6d795-3777-11f0-84b6-581122bb7f2c\20210509T040000+1000_REC_200.wav,False,0,0,0,0,0,0,0,0,0,0,0,0,insects,-6.059604,0.2115885,-0.17508715,0.929247,-0.2668434,0.07470176,0.37449315,0.27297077,-0.23971395,0.40047693,0.23061787,-0.11591081,0.40398666
9.123383,5.971382,4.007541,11,0,0,00:00.0,00:00.0,uploads\f2e6d795-3777-11f0-84b6-581122bb7f2c\20210509T040000+1000_REC_201.wav,False,0,0,0,0,0,0,0,0,0,0,0,0,insects,-6.056923,0.2573833,-0.13368902,0.94552374,-0.271105,0.029393936,0.3350861,0.22041935,-0.23719199,0.47011307,0.24496305,-0.11895251,0.3985098
9.048263,6.441652,4.227363,11,0,0,00:00.0,00:00.0,uploads\f2e6d795-3777-11f0-84b6-581122bb7f2c\20210509T040000+1000_REC_203.wav,False,0,0,0,0,0,0,0,0,0,0,0,0,insects,-6.036467,0.31487378,-0.2037645,1.0669528,-0.2852951,0.019333124,0.4138754,0.23673938,-0.20646128,0.4529143,0.19552745,-0.093543164,0.36726615
8.715438,6.453224,4.2000685,11,0,0,00:00.0,00:00.0,uploads\f2e6d795-3777-11f0-84b6-581122bb7f2c\20210509T040000+1000_REC_204.wav,True,0,0,0,0,1,0,0,0,0,0,0,0,insects,-6.026569,0.2445629,-0.22513787,1.0537833,-0.31636262,-0.07118412,0.39582282,0.36365062,-0.2672501,0.4132362,0.3009128,-0.12522258,0.3654916
9.078307,5.8774676,4.0033345,11,0,0,00:00.0,00:00.0,uploads\f2e6d795-3777-11f0-84b6-581122bb7f2c\20210509T040000+1000_REC_205.wav,False,0,0,0,0,0,0,0,0,0,0,0,0,insects,-6.050028,0.40969053,-0.13197638,0.95497245,-0.3257354,-0.027314922,0.24659266,0.25955713,-0.23842947,0.45170605,0.27167282,-0.10793125,0.34927535
8.899412,5.6902213,3.9637063,11,0,0,00:00.0,00:00.0,uploads\f2e6d795-3777-11f0-84b6-581122bb7f2c\20210509T040000+1000_REC_206.wav,False,0,0,0,0,0,0,0,0,0,0,0,0,insects,-6.061229,0.24384482,-0.20239328,0.9287865,-0.23534821,0.026438534,0.23140417,0.3568305,-0.24847962,0.29157123,0.42707744,-0.11801451,0.27904433
8.71019,6.1812544,4.5676913,11,0,0,00:00.0,00:00.0,uploads\f2e6d795-3777-11f0-84b6-581122bb7f2c\20210509T040000+1000_REC_207.wav,False,0,0,0,0,0,0,0,0,0,0,0,0,insects,-6.0549917,0.39818048,-0.23271261,0.91624916,-0.21066782,-0.13695651,0.3634657,0.31812203,-0.26451588,0.39379758,0.28472754,-0.019003494,0.27514195
9.05727,5.817503,3.9898088,11,0,0,00:00.0,00:00.0,uploads\f2e6d795-3777-11f0-84b6-581122bb7f2c\20210509T040000+1000_REC_208.wav,False,0,0,0,0,0,0,0,0,0,0,0,0,insects,-6.0514455,0.39260724,-0.0010774835,0.94708484,-0.33550102,-0.0643426,0.22029671,0.31792712,-0.27455747,0.4467375,0.30260333,-0.09347626,0.3396789
8.70936,6.156439,4.5875063,11,0,0,00:00.0,00:00.0,uploads\f2e6d795-3777-11f0-84b6-581122bb7f2c\20210509T040000+1000_REC_209.wav,True,0,0,0,0,1,0,0,0,0,0,0,0,insects,-6.0610995,0.33192956,-0.15429534,0.91346264,-0.1950894,-0.06702625,0.37966788,0.28544143,-0.25939268,0.4570636,0.256452,-0.07666537,0.32079163
8.49035,6.232667,3.9985135,11,0,0,00:00.0,00:00.0,uploads\f2e6d795-3777-11f0-84b6-581122bb7f2c\20210509T040000+1000_REC_210.wav,False,0,0,0,0,0,0,0,0,0,0,0,0,insects,-6.0421853,0.24442557,-0.22578505,0.98989713,-0.20794947,-0.07272659,0.3589447,0.35823202,-0.31524533,0.37528747,0.37653714,-0.1019004,0.3283505
8.749211,6.2579703,4.4177723,11,0,0,00:00.0,00:00.0,uploads\f2e6d795-3777-11f0-84b6-581122bb7f2c\20210509T040000+1000_REC_211.wav,False,0,0,0,0,0,0,0,0,0,0,0,0,insects,-6.053431,0.29525253,-0.22341381,0.94173795,-0.17315502,-0.10125639,0.348141,0.33518144,-0.27316317,0.4022582,0.30671287,-0.12032008,0.31017226
9.108922,5.9671807,4.003679,11,0,0,00:00.0,00:00.0,uploads\f2e6d795-3777-11f0-84b6-581122bb7f2c\20210509T040000+1000_REC_212.wav,False,0,0,0,0,0,0,0,0,0,0,0,0,insects,-6.055365,0.25536078,-0.16536823,0.9057571,-0.2877648,0.04067326,0.3731434,0.33057174,-0.22605075,0.4432388,0.23156515,-0.15931697,0.42054686
8.920397,6.6174445,4.272464,11,0,0,00:00.0,00:00.0,uploads\f2e6d795-3777-11f0-84b6-581122bb7f2c\20210509T040000+1000_REC_213.wav,False,0,0,0,0,0,0,0,0,0,0,0,0,insects,-6.027411,0.3264392,-0.112153165,1.049033,-0.30343062,-0.010457041,0.39781788,0.30726588,-0.2733897,0.49408093,0.23946619,-0.15939169,0.44466728
8.974366,5.773398,3.9447436,11,0,0,00:00.0,00:00.0,uploads\f2e6d795-3777-11f0-84b6-581122bb7f2c\20210509T040000+1000_REC_214.wav,False,0,0,0,0,0,0,0,0,0,0,0,0,insects,-6.0608525,0.28140694,-0.16551001,0.93625927,-0.2807355,0.048168235,0.26689523,0.3625836,-0.2493477,0.34318638,0.31189647,-0.083260246,0.33003667
8.71625,6.459382,4.198349,11,0,0,00:00.0,00:00.0,uploads\f2e6d795-3777-11f0-84b6-581122bb7f2c\20210509T040000+1000_REC_216.wav,False,0,0,0,0,0,0,0,0,0,0,0,0,insects,-6.0226603,0.25527823,-0.19751889,1.0587986,-0.3122052,-0.015518257,0.38596022,0.35724092,-0.33466393,0.44449988,0.29758948,-0.15856692,0.34833372
8.942912,5.9555893,4.015338,11,0,0,00:00.0,00:00.0,uploads\f2e6d795-3777-11f0-84b6-581122bb7f2c\20210509T040000+1000_REC_217.wav,False,0,0,0,0,0,0,0,0,0,0,0,0,insects,-6.02793,0.30319783,-0.18955596,1.043237,-0.43260726,0.04976042,0.30515727,0.35357025,-0.21057245,0.43770945,0.3286922,-0.12476577,0.34594303
8.977732,5.777603,3.938218,11,0,0,00:00.0,00:00.0,uploads\f2e6d795-3777-11f0-84b6-581122bb7f2c\20210509T040000+1000_REC_218.wav,False,0,0,0,0,0,0,0,0,0,0,0,0,insects,-6.059632,0.4295641,-0.133751,0.91308403,-0.22387265,0.0705633,0.20755237,0.41173756,-0.23020676,0.33427003,0.34303907,-0.18749939,0.32021245
8.428214,6.160915,3.9276783,11,0,0,00:00.0,00:00.0,uploads\f2e6d795-3777-11f0-84b6-581122bb7f2c\20210509T040000+1000_REC_219.wav,False,0,0,0,0,0,0,0,0,0,0,0,0,insects,-6.0246015,0.2653524,-0.26685005,1.0817999,-0.30557436,-0.060704943,0.29359055,0.3494407,-0.28824815,0.37921143,0.39031127,-0.06406793,0.3391991
8.553162,6.5117645,4.056613,11,0,0,00:00.0,00:00.0,uploads\f2e6d795-3777-11f0-84b6-581122bb7f2c\20210509T040000+1000_REC_220.wav,False,0,0,0,0,0,0,0,0,0,0,0,0,insects,-5.9965954,0.29804456,-0.28573915,1.147583,-0.32245174,-0.098858796,0.3623449,0.3698287,-0.36700258,0.4203769,0.36447963,-0.15544191,0.32707193
8.869522,6.6155157,4.2615066,11,0,0,00:00.0,00:00.0,uploads\f2e6d795-3777-11f0-84b6-581122bb7f2c\20210509T040000+1000_REC_221.wav,False,0,0,0,0,0,0,0,0,0,0,0,0,insects,-6.0118423,0.43329883,-0.19491684,1.1232653,-0.30150834,-0.16410881,0.39498174,0.2857898,-0.3043372,0.46373126,0.3006577,-0.0434934,0.2750922
8.83056,5.98086,4.1371403,11,0,0,00:00.0,00:00.0,uploads\f2e6d795-3777-11f0-84b6-581122bb7f2c\20210509T040000+1000_REC_222.wav,True,0,0,0,0,1,0,0,0,0,0,0,0,insects,-6.024649,0.44228277,-0.30241874,0.94175565,-0.43818903,-0.0011576179,0.36568305,0.27735102,-0.21089195,0.47239468,0.27684057,-0.16902137,0.37387973
8.924851,6.6011825,4.267832,11,0,0,00:00.0,00:00.0,uploads\f2e6d795-3777-11f0-84b6-581122bb7f2c\20210509T040000+1000_REC_223.wav,False,0,0,0,0,0,0,0,0,0,0,0,0,insects,-6.0050783,0.47992975,-0.1919057,1.1592197,-0.39462975,-0.070214696,0.36077908,0.21413788,-0.25209627,0.50984895,0.19187626,-0.024937896,0.32145673
8.188068,6.27537,3.800449,11,0,0,00:00.0,00:00.0,uploads\f2e6d795-3777-11f0-84b6-581122bb7f2c\20210509T040000+1000_REC_228.wav,False,0,0,0,0,0,0,0,0,0,0,0,0,insects,-6.0511394,0.24376926,-0.22733888,0.96011883,-0.15502135,-0.10932995,0.3901713,0.4068256,-0.26167822,0.29356045,0.38790932,-0.11785007,0.26460424
8.88916,5.63106,3.9483047,11,0,0,00:00.0,00:00.0,uploads\f2e6d795-3777-11f0-84b6-581122bb7f2c\20210509T040000+1000_REC_229.wav,False,0,0,0,0,0,0,0,0,0,0,0,0,insects,-6.0683966,0.25516245,-0.13841385,0.9257882,-0.2060811,0.012912994,0.27982256,0.37040478,-0.24752523,0.2702218,0.41792405,-0.06475265,0.25653866
8.708975,6.5950346,4.330237,11,0,0,00:00.0,00:00.0,uploads\f2e6d795-3777-11f0-84b6-581122bb7f2c\20210509T040000+1000_REC_230.wav,False,0,0,0,0,0,0,0,0,0,0,0,0,insects,-6.0292716,0.34286296,-0.30191955,1.0094839,-0.23642187,-0.03083961,0.4433583,0.40363178,-0.28136203,0.44150195,0.26953453,-0.117754154,0.3043705
8.736794,6.028925,3.969605,11,0,0,00:00.0,00:00.0,uploads\f2e6d795-3777-11f0-84b6-581122bb7f2c\20210509T040000+1000_REC_234.wav,False,0,0,0,0,0,0,0,0,0,0,0,0,insects,-6.0146646,0.21615584,-0.20855048,1.115958,-0.3752487,0.098304935,0.29830775,0.3752029,-0.2742886,0.34925494,0.38389176,-0.21705392,0.3685275
8.710204,6.400494,4.2145934,11,0,0,00:00.0,00:00.0,uploads\f2e6d795-3777-11f0-84b6-581122bb7f2c\20210509T040000+1000_REC_237.wav,False,0,0,0,0,0,0,0,0,0,0,0,0,insects,-6.0375004,0.31712687,-0.16580524,1.028208,-0.27833197,-0.04612691,0.37368402,0.33083504,-0.30086142,0.40121326,0.29679576,-0.12429698,0.30921233
8.48176,5.9576883,3.965111,11,0,0,00:00.0,00:00.0,uploads\f2e6d795-3777-11f0-84b6-581122bb7f2c\20210509T040000+1000_REC_238.wav,False,0,0,0,0,0,0,0,0,0,0,0,0,insects,-6.047585,0.30620626,-0.18700904,0.97402215,-0.15520744,-0.029528003,0.30182037,0.44520777,-0.30061078,0.38928416,0.365851,-0.16264877,0.24960607
8.58037,6.0993795,3.9538946,11,0,0,00:00.0,00:00.0,uploads\f2e6d795-3777-11f0-84b6-581122bb7f2c\20210509T040000+1000_REC_239.wav,False,0,0,0,0,0,0,0,0,0,0,0,0,insects,-6.0064025,0.14461073,-0.26387143,1.0882875,-0.27127406,0.013456445,0.2634039,0.5128682,-0.3697386,0.27215728,0.511859,-0.22285531,0.31816313
8.716739,6.207059,4.547495,11,0,0,00:00.0,00:00.0,uploads\f2e6d795-3777-11f0-84b6-581122bb7f2c\20210509T040000+1000_REC_240.wav,False,0,0,0,0,0,0,0,0,0,0,0,0,insects,-6.06116,0.2648045,-0.19976293,0.92189854,-0.16919774,-0.0811923,0.3543482,0.34859717,-0.27686247,0.42276123,0.26288915,-0.05417471,0.28985754
8.602655,6.1106105,3.9908435,11,0,0,00:00.0,00:00.0,uploads\f2e6d795-3777-11f0-84b6-581122bb7f2c\20210509T040000+1000_REC_241.wav,False,0,0,0,0,0,0,0,0,0,0,0,0,insects,-6.031348,0.24702553,-0.15061784,1.0475398,-0.2264598,-0.0014480123,0.29323924,0.45067307,-0.32944795,0.3676717,0.37342286,-0.19790012,0.34669432
8.632468,6.338214,4.173249,11,0,0,00:00.0,00:00.0,uploads\f2e6d795-3777-11f0-84b6-581122bb7f2c\20210509T040000+1000_REC_242.wav,False,0,0,0,0,0,0,0,0,0,0,0,0,insects,-6.039874,0.3011308,-0.23043954,1.0306154,-0.22653323,-0.04544709,0.3600812,0.3843514,-0.26122075,0.38535997,0.30622137,-0.10558884,0.3118707
8.464673,5.9722295,3.9546194,11,0,0,00:00.0,00:00.0,uploads\f2e6d795-3777-11f0-84b6-581122bb7f2c\20210509T040000+1000_REC_243.wav,False,0,0,0,0,0,0,0,0,0,0,0,0,insects,-6.0438128,0.30333662,-0.21467973,0.975951,-0.21393432,-0.017003294,0.29799455,0.4585673,-0.26558396,0.3818434,0.41804826,-0.1368272,0.27923885
8.58898,6.18269,4.073806,11,0,0,00:00.0,00:00.0,uploads\f2e6d795-3777-11f0-84b6-581122bb7f2c\20210509T040000+1000_REC_244.wav,False,0,0,0,0,0,0,0,0,0,0,0,0,insects,-6.047664,0.25424358,-0.25604242,0.9724789,-0.23981617,-0.0011577385,0.3242038,0.36705795,-0.26217383,0.3868646,0.32906845,-0.11453225,0.33374023
8.838662,5.719266,3.956442,11,0,0,00:00.0,00:00.0,uploads\f2e6d795-3777-11f0-84b6-581122bb7f2c\20210509T040000+1000_REC_245.wav,True,0,0,0,0,1,0,0,0,0,0,0,0,insects,-6.059294,0.3014336,-0.18463676,0.9498609,-0.19207433,-0.030666579,0.28040436,0.39646047,-0.27554357,0.31430018,0.31568384,-0.10059148,0.29614133
8.463543,5.956327,3.9444215,11,0,0,00:00.0,00:00.0,uploads\f2e6d795-3777-11f0-84b6-581122bb7f2c\20210509T040000+1000_REC_246.wav,False,0,0,0,0,0,0,0,0,0,0,0,0,insects,-6.044557,0.2774388,-0.24440576,0.9787516,-0.21802296,-0.061359778,0.29440653,0.42091173,-0.29402894,0.30935583,0.40257308,-0.110833414,0.28042108
8.177951,6.6542325,3.7920995,11,0,0,00:00.0,00:00.0,uploads\f2e6d795-3777-11f0-84b6-581122bb7f2c\20210509T040000+1000_REC_247.wav,False,0,0,0,0,0,0,0,0,0,0,0,0,insects,-6.04345,0.26703247,-0.29023674,1.008197,-0.1483799,-0.13473864,0.39444622,0.39495137,-0.25809586,0.36321655,0.2889368,-0.06603456,0.22983749
8.4587,5.9240127,3.9563468,11,0,0,00:00.0,00:00.0,uploads\f2e6d795-3777-11f0-84b6-581122bb7f2c\20210509T040000+1000_REC_248.wav,False,0,0,0,0,0,0,0,0,0,0,0,0,insects,-6.0509086,0.29997334,-0.2552869,0.98131835,-0.14542606,-0.060103122,0.29205364,0.4593356,-0.25998387,0.28939697,0.3739034,-0.094218254,0.209517
8.196545,6.6572556,3.8173618,11,0,0,00:00.0,00:00.0,uploads\f2e6d795-3777-11f0-84b6-581122bb7f2c\20210509T040000+1000_REC_249.wav,False,0,0,0,0,0,0,0,0,0,0,0,0,insects,-6.045998,0.25538164,-0.3011154,0.9697713,-0.14571327,-0.13450171,0.41712624,0.3921556,-0.28179082,0.3692839,0.3146687,-0.02833105,0.24011357
8.181701,6.2755675,3.7899501,11,0,0,00:00.0,00:00.0,uploads\f2e6d795-3777-11f0-84b6-581122bb7f2c\20210509T040000+1000_REC_250.wav,False,0,0,0,0,0,0,0,0,0,0,0,0,insects,-6.045742,0.19114566,-0.23357753,0.98923737,-0.15895012,-0.10873446,0.36156574,0.44729972,-0.29121333,0.2888541,0.3752789,-0.11764863,0.21015428
8.178816,6.65264,3.791207,11,0,0,00:00.0,00:00.0,uploads\f2e6d795-3777-11f0-84b6-581122bb7f2c\20210509T040000+1000_REC_251.wav,False,0,0,0,0,0,0,0,0,0,0,0,0,insects,-6.044387,0.17248553,-0.2756473,1.0170549,-0.120596275,-0.14249788,0.41966304,0.4162515,-0.26007062,0.37186694,0.26995033,-0.033604775,0.22278045
8.323253,6.5998783,3.8872979,11,0,0,00:00.0,00:00.0,uploads\f2e6d795-3777-11f0-84b6-581122bb7f2c\20210509T040000+1000_REC_253.wav,False,0,0,0,0,0,0,0,0,0,0,0,0,insects,-6.0174108,0.28395158,-0.29777867,1.0998254,-0.19195756,-0.13019349,0.40736476,0.38184467,-0.3248588,0.40463316,0.3277451,-0.11184367,0.26754534
8.927039,5.8967214,3.9687102,11,0,0,00:00.0,00:00.0,uploads\f2e6d795-3777-11f0-84b6-581122bb7f2c\20210509T040000+1000_REC_254.wav,False,0,0,0,0,0,0,0,0,0,0,0,0,insects,-6.0380926,0.19428755,-0.19885829,1.0195576,-0.33091396,0.05241421,0.29828557,0.36545762,-0.23302324,0.37424028,0.34251234,-0.17446308,0.38775235
8.774041,6.5664635,4.3899336,11,0,0,00:00.0,00:00.0,uploads\f2e6d795-3777-11f0-84b6-581122bb7f2c\20210509T040000+1000_REC_255.wav,False,0,0,0,0,0,0,0,0,0,0,0,0,insects,-6.042155,0.19012308,-0.24945022,0.9699544,-0.21007982,-0.058940534,0.421954,0.3588851,-0.2908053,0.509447,0.21608026,-0.097266585,0.29388213
8.752892,6.4964514,4.345186,11,0,0,00:00.0,00:00.0,uploads\f2e6d795-3777-11f0-84b6-581122bb7f2c\20210509T040000+1000_REC_256.wav,True,0,0,0,0,1,0,0,0,0,0,0,0,insects,-6.045153,0.27998915,-0.25158748,0.9850746,-0.2187904,-0.055485092,0.3817041,0.34624395,-0.24266402,0.4557548,0.28120998,-0.09113776,0.31807548
8.234244,6.270523,3.812185,11,0,0,00:00.0,00:00.0,uploads\f2e6d795-3777-11f0-84b6-581122bb7f2c\20210509T040000+1000_REC_257.wav,False,0,0,0,0,0,0,0,0,0,0,0,0,insects,-6.0466304,0.18327743,-0.26474223,0.9837289,-0.18813084,-0.058160592,0.34986544,0.42165348,-0.25788847,0.33888978,0.36732814,-0.12147633,0.27660355
8.419595,6.111172,3.9115849,11,0,0,00:00.0,00:00.0,uploads\f2e6d795-3777-11f0-84b6-581122bb7f2c\20210509T040000+1000_REC_259.wav,False,0,0,0,0,0,0,0,0,0,0,0,0,insects,-6.0399923,0.22230756,-0.25883844,1.0145495,-0.23052473,-0.06406415,0.29558936,0.4043689,-0.29367438,0.3345659,0.3506745,-0.124035895,0.28064603
8.9515295,5.8736057,3.9616811,11,0,0,00:00.0,00:00.0,uploads\f2e6d795-3777-11f0-84b6-581122bb7f2c\20210509T040000+1000_REC_260.wav,False,0,0,0,0,0,0,0,0,0,0,0,0,insects,-6.0549474,0.19272356,-0.16983443,0.94245034,-0.27978596,0.0842007,0.26939872,0.35694137,-0.24910377,0.3527139,0.33504006,-0.1714991,0.39382294
8.714386,6.1687026,4.5594835,11,0,0,00:00.0,00:00.0,uploads\f2e6d795-3777-11f0-84b6-581122bb7f2c\20210509T040000+1000_REC_261.wav,False,0,0,0,0,0,0,0,0,0,0,0,0,insects,-6.0721,0.28346092,-0.19796103,0.86188823,-0.1598298,-0.025721008,0.40771788,0.25831774,-0.2221541,0.47278,0.17216615,-0.06399028,0.30131158
9.10661,6.143485,4.1131086,11,0,0,00:00.0,00:00.0,uploads\f2e6d795-3777-11f0-84b6-581122bb7f2c\20210509T040000+1000_REC_262.wav,False,0,0,0,0,0,0,0,0,0,0,0,0,insects,-6.0481124,0.18548296,-0.22706348,1.0169407,-0.2923262,0.036179606,0.34910002,0.2956755,-0.17528641,0.43661392,0.23095497,-0.08914453,0.36087316
9.129447,5.9960985,4.0324154,11,0,0,00:00.0,00:00.0,uploads\f2e6d795-3777-11f0-84b6-581122bb7f2c\20210509T040000+1000_REC_263.wav,False,0,0,0,0,0,0,0,0,0,0,0,0,insects,-6.057195,0.22387469,-0.20348288,0.93962044,-0.2943151,0.019669615,0.3268064,0.30461404,-0.21641985,0.41245052,0.24924348,-0.12561126,0.33495724
9.050589,6.360725,4.1968803,11,0,0,00:00.0,00:00.0,uploads\f2e6d795-3777-11f0-84b6-581122bb7f2c\20210509T040000+1000_REC_264.wav,False,0,0,0,0,0,0,0,0,0,0,0,0,insects,-6.04704,0.19887653,-0.23628521,0.98298645,-0.26616007,0.01088244,0.41737905,0.24716413,-0.22650579,0.47290853,0.15116586,-0.08805361,0.3780669
8.96403,5.902364,3.9640021,11,0,0,00:00.0,00:00.0,uploads\f2e6d795-3777-11f0-84b6-581122bb7f2c\20210509T040000+1000_REC_265.wav,False,0,0,0,0,0,0,0,0,0,0,0,0,insects,-6.0417976,0.19562224,-0.14842175,0.9977114,-0.36489144,0.1286194,0.29830962,0.31323043,-0.21750845,0.37586585,0.30410314,-0.18314001,0.45703244
9.10736,5.9631042,4.0040183,11,0,0,00:00.0,00:00.0,uploads\f2e6d795-3777-11f0-84b6-581122bb7f2c\20210509T040000+1000_REC_266.wav,False,0,0,0,0,0,0,0,0,0,0,0,0,insects,-6.0531507,0.2523886,-0.15429316,0.9507904,-0.27111346,0.058206394,0.31634086,0.3071429,-0.24303867,0.45348445,0.23269214,-0.14199471,0.42762932
8.468907,5.937091,3.9501808,11,0,0,00:00.0,00:00.0,uploads\f2e6d795-3777-11f0-84b6-581122bb7f2c\20210509T060000+1000_REC_12.wav,True,0,0,0,0,0,0,1,0,0,0,0,0,insects,-5.96696,1.4084456,-0.206354,0.6460171,-0.34159583,0.40805823,0.042709522,0.17696773,-0.15654509,0.27824548,0.0037099088,0.064459875,0.30426124
8.409426,6.484588,4.148578,11,0,0,00:00.0,00:00.0,uploads\f2e6d795-3777-11f0-84b6-581122bb7f2c\20210509T060000+1000_REC_205.wav,False,0,0,0,0,0,0,0,0,0,0,0,0,insects,-5.982866,0.5598915,-0.2518814,1.0440732,-0.7823213,0.47479472,0.1689354,0.17340735,0.060317125,0.28853604,0.03965386,-0.014608499,0.45378065
8.708101,6.5087285,4.2410035,11,0,0,00:00.0,00:00.0,uploads\f2e6d795-3777-11f0-84b6-581122bb7f2c\20210509T060000+1000_REC_250.wav,False,0,0,0,0,0,0,0,0,0,0,0,0,insects,-5.9423895,1.0500242,-0.1968563,0.957021,-0.7718506,0.34712622,0.25831047,0.15774901,0.018222833,0.37194872,-0.08986144,-0.050865445,0.47254747
8.778375,5.828365,4.390653,11,0,0,00:00.0,00:00.0,uploads\f2e6d795-3777-11f0-84b6-581122bb7f2c\20210509T180000+1000_REC_15.wav,False,0,0,0,0,0,0,0,0,0,0,0,0,insects,-5.958991,0.54594886,-0.7459295,0.80020654,8.652075e-06,0.2179616,0.011461988,0.321359,-0.38293487,0.69432503,0.44855422,-0.47836906,0.32877684
8.763508,5.90138,4.4724545,11,0,0,00:00.0,00:00.0,uploads\f2e6d795-3777-11f0-84b6-581122bb7f2c\20210509T180000+1000_REC_21.wav,False,0,0,0,0,0,0,0,0,0,0,0,0,insects,-5.970367,0.43088296,-0.7413466,0.741396,-0.007093969,0.13967007,0.09893045,0.28662422,-0.42795044,0.7170842,0.45014653,-0.45812213,0.3001981
8.750862,5.927996,4.50637,11,0,0,00:00.0,00:00.0,uploads\f2e6d795-3777-11f0-84b6-581122bb7f2c\20210509T180000+1000_REC_25.wav,False,0,0,0,0,0,0,0,0,0,0,0,0,insects,-6.0066943,0.45670524,-0.59569913,0.7568366,0.021833627,0.26970875,0.052381195,0.22734167,-0.33052647,0.62312704,0.40081614,-0.4392792,0.34775987
8.754664,5.92844,4.504269,11,0,0,00:00.0,00:00.0,uploads\f2e6d795-3777-11f0-84b6-581122bb7f2c\20210509T180000+1000_REC_26.wav,False,0,0,0,0,0,0,0,0,0,0,0,0,insects,-5.983396,0.43901587,-0.67697,0.78733635,-0.06436178,0.12214617,0.078942224,0.23869857,-0.37618405,0.6422125,0.42721224,-0.45513344,0.37818587
8.765783,5.867612,4.2025003,11,0,0,00:00.0,00:00.0,uploads\f2e6d795-3777-11f0-84b6-581122bb7f2c\20210509T180000+1000_REC_27.wav,False,0,0,0,0,0,0,0,0,0,0,0,0,insects,-5.9386706,0.45896718,-0.7838573,0.83350617,-0.13000903,0.25931135,-0.044460114,0.33245337,-0.3585893,0.65564626,0.51996267,-0.5619484,0.35334784
8.75149,5.9400015,4.4975142,11,0,0,00:00.0,00:00.0,uploads\f2e6d795-3777-11f0-84b6-581122bb7f2c\20210509T180000+1000_REC_28.wav,False,0,0,0,0,0,0,0,0,0,0,0,0,insects,-5.9910784,0.46991342,-0.70089,0.7373561,0.006457793,0.17883496,0.06590482,0.22889537,-0.30858967,0.73731965,0.35798156,-0.42255735,0.30750486
8.800091,5.864431,4.12759,11,0,0,00:00.0,00:00.0,uploads\f2e6d795-3777-11f0-84b6-581122bb7f2c\20210509T180000+1000_REC_29.wav,False,0,0,0,0,0,0,0,0,0,0,0,0,insects,-5.940049,0.40948623,-0.7828137,0.84936476,-0.07642282,0.32560235,-0.08039464,0.30899364,-0.3300006,0.6503932,0.5470389,-0.54532254,0.42439866
8.769681,5.908337,4.274881,11,0,0,00:00.0,00:00.0,uploads\f2e6d795-3777-11f0-84b6-581122bb7f2c\20210509T180000+1000_REC_30.wav,False,0,0,0,0,0,0,0,0,0,0,0,0,insects,-5.9385834,0.52027094,-0.85111064,0.8480033,0.027623901,0.23090787,-0.037415337,0.29555592,-0.37448233,0.69533366,0.4127011,-0.49016818,0.36149713
8.778774,5.8197603,4.2482076,11,0,0,00:00.0,00:00.0,uploads\f2e6d795-3777-11f0-84b6-581122bb7f2c\20210509T180000+1000_REC_35.wav,False,0,0,0,0,0,0,0,0,0,0,0,0,insects,-5.924792,0.4731702,-0.8080021,0.87898856,-0.11811177,0.30900487,-0.0023176554,0.15978873,-0.3409307,0.8005636,0.4753429,-0.5408509,0.3680795
8.789227,5.8259096,4.2249107,11,0,0,00:00.0,00:00.0,uploads\f2e6d795-3777-11f0-84b6-581122bb7f2c\20210509T180000+1000_REC_36.wav,False,0,0,0,0,0,0,0,0,0,0,0,0,insects,-5.9340415,0.37238845,-0.7566652,0.9169408,-0.15158035,0.38015807,0.0051144455,0.17246473,-0.33309412,0.6922824,0.5145387,-0.5744031,0.36060482
8.77346,5.8082495,4.2915125,11,0,0,00:00.0,00:00.0,uploads\f2e6d795-3777-11f0-84b6-581122bb7f2c\20210509T180000+1000_REC_37.wav,False,0,0,0,0,0,0,0,0,0,0,0,0,insects,-5.946977,0.45706075,-0.82014775,0.8452995,-0.011373407,0.28265464,0.10443318,0.13680758,-0.35855678,0.769211,0.41113374,-0.48542914,0.28516662
8.574749,6.84748,4.331192,11,0,0,00:00.0,00:00.0,uploads\f2e6d795-3777-11f0-84b6-581122bb7f2c\20210509T220000+1000_REC_9.wav,False,0,0,0,0,0,0,0,0,0,0,0,0,insects,-5.9983516,0.55302805,-0.35569143,0.8349976,-0.09496683,0.42067903,0.44943237,-0.12049692,-0.013611856,0.93953294,-0.010539606,-0.12410746,0.48425534
6.441769,0.50760263,9.684287,12,0,0,00:00.0,00:00.0,uploads\f2e6d795-3777-11f0-84b6-581122bb7f2c\20210509T020000+1000_REC_239.wav,True,0,1,0,0,1,0,0,0,0,0,0,0,rain (heavy),-6.1229763,-0.20706011,0.11800807,0.5660414,-0.1290032,0.038040243,0.25294486,0.28459108,-0.020259468,0.34016418,0.18458372,0.06830373,0.3142673
6.2157083,0.2728169,9.823021,12,0,0,00:00.0,00:00.0,uploads\f2e6d795-3777-11f0-84b6-581122bb7f2c\20210509T080000+1000_REC_2.wav,False,0,0,0,0,0,0,0,0,0,0,0,0,rain (heavy),-6.078317,0.6727643,0.14346783,0.6273977,-0.4563346,0.44093493,-0.08595634,0.37897485,0.08000245,0.25958577,0.12453541,0.18295933,0.15928492
6.647129,0.709561,9.449299,12,0,0,00:00.0,00:00.0,uploads\f2e6d795-3777-11f0-84b6-581122bb7f2c\20210509T080000+1000_REC_4.wav,False,0,0,0,0,0,0,0,0,0,0,0,0,rain (heavy),-6.058068,0.6960841,0.20821683,0.62098694,-0.5660758,0.3897276,-0.17927468,0.4506982,0.10414856,0.29842868,0.08237991,0.2568021,0.13465093
6.6941333,0.75628257,9.402765,12,0,0,00:00.0,00:00.0,uploads\f2e6d795-3777-11f0-84b6-581122bb7f2c\20210509T080000+1000_REC_6.wav,False,0,0,0,0,0,0,0,0,0,0,0,0,rain (heavy),-6.054189,0.6815087,0.13335209,0.6641759,-0.5579523,0.46844217,-0.14570048,0.4456819,0.1243228,0.34093684,0.06747333,0.23948926,0.1601191
6.719641,0.783988,9.395807,12,0,0,00:00.0,00:00.0,uploads\f2e6d795-3777-11f0-84b6-581122bb7f2c\20210509T080000+1000_REC_7.wav,False,0,0,0,0,0,0,0,0,0,0,0,0,rain (heavy),-6.0598936,0.51661336,0.1925504,0.6634598,-0.5941575,0.512238,-0.13181902,0.42417914,0.12833832,0.34797987,0.035338424,0.28164476,0.13914214
6.7073426,0.7678331,9.397675,12,0,0,00:00.0,00:00.0,uploads\f2e6d795-3777-11f0-84b6-581122bb7f2c\20210509T080000+1000_REC_8.wav,False,0,0,0,0,0,0,0,0,0,0,0,0,rain (heavy),-6.063973,0.5083654,0.1145249,0.6692577,-0.5641398,0.5240427,-0.13055584,0.45638868,0.12680882,0.2817838,0.0744656,0.27144352,0.13168523
6.8826575,0.831992,9.159607,12,0,0,00:00.0,00:00.0,uploads\f2e6d795-3777-11f0-84b6-581122bb7f2c\20210509T080000+1000_REC_9.wav,False,0,0,0,0,0,0,0,0,0,0,0,0,rain (heavy),-6.041796,0.6391673,-0.022785075,0.63932973,-0.6692163,0.45448244,-0.23159163,0.38412917,0.028819518,0.2954526,0.020114625,0.2521931,0.11908837
6.2041497,0.33765617,9.649331,12,0,0,00:00.0,00:00.0,uploads\f2e6d795-3777-11f0-84b6-581122bb7f2c\20210509T080000+1000_REC_10.wav,False,0,0,0,0,0,0,0,0,0,0,0,0,rain (heavy),-6.1155534,0.5988989,0.2381683,0.4222679,-0.20330192,0.32747728,0.06998664,0.40953216,0.2836752,0.2938227,0.26181924,0.25484118,0.23820005
6.892436,0.82154924,9.130072,12,0,0,00:00.0,00:00.0,uploads\f2e6d795-3777-11f0-84b6-581122bb7f2c\20210509T080000+1000_REC_11.wav,False,0,0,0,0,0,0,0,0,0,0,0,0,rain (heavy),-6.028002,0.47059333,-0.117058605,0.5910812,-0.7867279,0.3767972,-0.35685965,0.39700544,0.030964125,0.32279322,0.04439754,0.2771511,0.12347282
6.511139,0.42011422,9.170251,12,0,0,00:00.0,00:00.0,uploads\f2e6d795-3777-11f0-84b6-581122bb7f2c\20210509T080000+1000_REC_12.wav,False,0,0,0,0,0,0,0,0,0,0,0,0,rain (heavy),-6.1095376,0.40144476,-0.027066905,0.33785272,-0.46219656,0.23253234,-0.17379542,0.3332419,0.07396362,0.23347948,0.105029315,0.21610291,0.1223735
6.488328,0.43261167,9.192088,12,0,0,00:00.0,00:00.0,uploads\f2e6d795-3777-11f0-84b6-581122bb7f2c\20210509T080000+1000_REC_13.wav,True,0,0,0,0,0,0,0,1,0,0,0,0,rain (heavy),-6.107836,0.44744524,-0.055382635,0.3959585,-0.4261146,0.20673652,-0.18366154,0.34982103,0.08835884,0.25820038,0.12021543,0.22452296,0.12334114
6.47185,0.42611867,9.216638,12,0,0,00:00.0,00:00.0,uploads\f2e6d795-3777-11f0-84b6-581122bb7f2c\20210509T080000+1000_REC_14.wav,False,0,0,0,0,0,0,0,0,0,0,0,0,rain (heavy),-6.117537,0.4058648,-0.02349291,0.32971185,-0.431741,0.20629193,-0.10089182,0.32215878,0.1493857,0.25865683,0.11679759,0.2274024,0.17087352
6.4506807,0.4430234,9.269039,12,0,0,00:00.0,00:00.0,uploads\f2e6d795-3777-11f0-84b6-581122bb7f2c\20210509T080000+1000_REC_15.wav,False,0,0,0,0,0,0,0,0,0,0,0,0,rain (heavy),-6.114229,0.44061565,-0.01204097,0.33500353,-0.42785084,0.15498072,-0.1252293,0.328158,0.17093119,0.2855044,0.1944509,0.29198682,0.20769282
6.435713,0.4364302,9.285822,12,0,0,00:00.0,00:00.0,uploads\f2e6d795-3777-11f0-84b6-581122bb7f2c\20210509T080000+1000_REC_16.wav,False,0,0,0,0,0,0,0,0,0,0,0,0,rain (heavy),-6.100395,0.4904548,-0.039909344,0.24406788,-0.50462747,0.07250435,-0.11038943,0.37330288,0.265785,0.3441544,0.18963459,0.32050553,0.25821546
6.4793677,0.42806593,9.208224,12,0,0,00:00.0,00:00.0,uploads\f2e6d795-3777-11f0-84b6-581122bb7f2c\20210509T080000+1000_REC_17.wav,False,0,0,0,0,0,0,0,0,0,0,0,0,rain (heavy),-6.093776,0.5318425,-0.085187644,0.28284696,-0.5535704,0.1938525,-0.16313857,0.33447546,0.122921765,0.26243275,0.11071502,0.2334415,0.15013404
6.4285483,0.45322317,9.326357,12,0,0,00:00.0,00:00.0,uploads\f2e6d795-3777-11f0-84b6-581122bb7f2c\20210509T080000+1000_REC_18.wav,False,0,0,0,0,0,0,0,0,0,0,0,0,rain (heavy),-6.0950475,0.5751875,0.01843081,0.44262975,-0.47200656,0.24246281,-0.14699315,0.37394828,0.18698162,0.32318732,0.13754594,0.29412523,0.23321413
6.432507,0.4886473,9.381102,12,0,0,00:00.0,00:00.0,uploads\f2e6d795-3777-11f0-84b6-581122bb7f2c\20210509T080000+1000_REC_19.wav,False,0,0,0,0,0,0,0,0,0,0,0,0,rain (heavy),-6.0949297,0.6152306,0.059576202,0.5171081,-0.41423523,0.3358182,-0.06575444,0.4116911,0.17665225,0.3178332,0.16901226,0.2719669,0.18367967
6.5975785,0.40189192,9.043097,12,0,0,00:00.0,00:00.0,uploads\f2e6d795-3777-11f0-84b6-581122bb7f2c\20210509T080000+1000_REC_20.wav,False,0,0,0,0,0,0,0,0,0,0,0,0,rain (heavy),-6.091834,0.617585,-0.054026283,0.45467854,-0.48087275,0.2901468,-0.14998175,0.3116983,0.057118762,0.20826298,0.082514204,0.20324256,0.13381316
6.712379,0.4785786,8.9671955,12,0,0,00:00.0,00:00.0,uploads\f2e6d795-3777-11f0-84b6-581122bb7f2c\20210509T080000+1000_REC_21.wav,False,0,0,0,0,0,0,0,0,0,0,0,0,rain (heavy),-6.052003,0.7115009,-0.11574371,0.55488217,-0.6256136,0.32687426,-0.21719283,0.33740762,0.019534523,0.24148408,0.021081803,0.17309602,0.10137473
6.749928,0.5460851,8.991205,12,0,0,00:00.0,00:00.0,uploads\f2e6d795-3777-11f0-84b6-581122bb7f2c\20210509T080000+1000_REC_22.wav,False,0,0,0,0,0,0,0,0,0,0,0,0,rain (heavy),-6.0545526,0.6325484,-0.17890118,0.5508229,-0.5986519,0.37413675,-0.24787337,0.381869,0.03536352,0.22678545,0.022973724,0.23445155,0.12837915
6.8908515,0.8124466,9.1212,12,0,0,00:00.0,00:00.0,uploads\f2e6d795-3777-11f0-84b6-581122bb7f2c\20210509T080000+1000_REC_23.wav,False,0,0,0,0,0,0,0,0,0,0,0,0,rain (heavy),-6.0267425,0.55151874,-0.19794947,0.5942388,-0.757925,0.33388382,-0.33096066,0.4068363,0.027281802,0.2942215,0.023721814,0.25989896,0.117266335
6.9004803,0.82354236,9.124964,12,0,0,00:00.0,00:00.0,uploads\f2e6d795-3777-11f0-84b6-581122bb7f2c\20210509T080000+1000_REC_26.wav,False,0,0,0,0,0,0,0,0,0,0,0,0,rain (heavy),-6.040496,0.5312424,-0.051400356,0.5874334,-0.71702224,0.35979986,-0.32181716,0.4161717,0.04040158,0.29360592,0.02574348,0.22023615,0.02707684
6.496609,0.42595243,9.182449,12,0,0,00:00.0,00:00.0,uploads\f2e6d795-3777-11f0-84b6-581122bb7f2c\20210509T080000+1000_REC_27.wav,True,0,0,0,0,0,0,0,1,0,0,0,0,rain (heavy),-6.0871654,0.4451832,-0.02465544,0.50555193,-0.58294,0.1728088,-0.15302841,0.3863059,0.051215436,0.24716581,0.079819776,0.18437968,0.14825548
6.90716,0.83002985,9.125574,12,0,0,00:00.0,00:00.0,uploads\f2e6d795-3777-11f0-84b6-581122bb7f2c\20210509T080000+1000_REC_28.wav,False,0,0,0,0,0,0,0,0,0,0,0,0,rain (heavy),-6.004089,0.6602644,-0.03045457,0.69033176,-0.8211036,0.37023064,-0.35790586,0.42274883,0.010740732,0.31913048,0.0102418,0.2603369,0.07023454
6.2582164,0.378094,9.564103,12,0,0,00:00.0,00:00.0,uploads\f2e6d795-3777-11f0-84b6-581122bb7f2c\20210509T080000+1000_REC_29.wav,False,0,0,0,0,0,0,0,0,0,0,0,0,rain (heavy),-6.0818577,0.7671286,0.21558492,0.5760236,-0.35373083,0.28114676,0.056559034,0.4176817,0.2834003,0.33828995,0.2375951,0.25579536,0.21319646
6.938119,0.86386853,9.133381,12,0,0,00:00.0,00:00.0,uploads\f2e6d795-3777-11f0-84b6-581122bb7f2c\20210509T080000+1000_REC_30.wav,False,0,0,0,0,0,0,0,0,0,0,0,0,rain (heavy),-5.968789,0.88136935,-0.05319018,0.8101231,-0.8158181,0.46485668,-0.3141113,0.48053223,0.01845365,0.3159211,0.047342688,0.2605318,0.12508537
6.8912554,0.83256745,9.156209,12,0,0,00:00.0,00:00.0,uploads\f2e6d795-3777-11f0-84b6-581122bb7f2c\20210509T080000+1000_REC_31.wav,True,0,0,0,0,0,0,0,1,0,0,0,0,rain (heavy),-6.011827,0.7604577,0.053183,0.7327317,-0.72201216,0.42237473,-0.31931117,0.39884663,0.026435385,0.3455493,0.069598764,0.25297967,0.15704702
6.6614504,0.7265039,9.445356,12,0,0,00:00.0,00:00.0,uploads\f2e6d795-3777-11f0-84b6-581122bb7f2c\20210509T080000+1000_REC_33.wav,False,0,0,0,0,0,0,0,0,0,0,0,0,rain (heavy),-6.042764,0.69629115,0.18581888,0.66630346,-0.61266726,0.4773946,-0.21411672,0.41669226,0.05873937,0.33853585,0.081663,0.24962008,0.067245
6.0827107,0.21339391,9.820008,12,0,0,00:00.0,00:00.0,uploads\f2e6d795-3777-11f0-84b6-581122bb7f2c\20210509T080000+1000_REC_34.wav,False,0,0,0,0,0,0,0,0,0,0,0,0,rain (heavy),-6.1083617,0.53156865,0.36619595,0.602187,-0.2180157,0.4143132,0.03834773,0.36773285,0.18725841,0.2727369,0.16054282,0.18878181,0.17345482
6.5244403,0.59870213,9.6237135,12,0,0,00:00.0,00:00.0,uploads\f2e6d795-3777-11f0-84b6-581122bb7f2c\20210509T080000+1000_REC_35.wav,False,0,0,0,0,0,0,0,0,0,0,0,0,rain (heavy),-6.0732236,0.46449035,0.24994873,0.51957226,-0.6440319,0.35503203,-0.186519,0.3969665,0.044505853,0.24474905,-0.005245851,0.20494445,0.10156662
6.4748554,0.52554744,9.612328,12,0,0,00:00.0,00:00.0,uploads\f2e6d795-3777-11f0-84b6-581122bb7f2c\20210509T080000+1000_REC_37.wav,False,0,0,0,0,0,0,0,0,0,0,0,0,rain (heavy),-6.082898,0.504395,0.094001204,0.51836187,-0.5703226,0.36212105,-0.21152215,0.25946483,0.010202503,0.20924321,0.04641996,0.18592559,0.08627388
6.200915,0.24126717,9.85794,12,0,0,00:00.0,00:00.0,uploads\f2e6d795-3777-11f0-84b6-581122bb7f2c\20210509T080000+1000_REC_39.wav,False,0,0,0,0,0,0,0,0,0,0,0,0,rain (heavy),-6.1196923,0.44105145,0.15633076,0.5395748,-0.3251004,0.36309665,-0.007092741,0.3195105,0.10917077,0.20079882,0.14294198,0.19309053,0.17630152
6.733884,0.7722678,9.360098,12,0,0,00:00.0,00:00.0,uploads\f2e6d795-3777-11f0-84b6-581122bb7f2c\20210509T080000+1000_REC_40.wav,False,0,0,0,0,0,0,0,0,0,0,0,0,rain (heavy),-6.0487437,0.6452236,0.05307987,0.6976387,-0.62325555,0.40863112,-0.17595935,0.44628754,0.079757415,0.27139303,0.08454112,0.27094403,0.1374414
6.9255834,0.82117015,9.094325,12,0,0,00:00.0,00:00.0,uploads\f2e6d795-3777-11f0-84b6-581122bb7f2c\20210509T080000+1000_REC_47.wav,False,0,0,0,0,0,0,0,0,0,0,0,0,rain (heavy),-5.996362,0.8541454,0.006591497,0.6486202,-0.85798514,0.3460743,-0.25818047,0.3630606,0.054636657,0.3103115,-0.0010385654,0.20143965,0.09199676
6.597062,0.39910704,9.030384,12,0,0,00:00.0,00:00.0,uploads\f2e6d795-3777-11f0-84b6-581122bb7f2c\20210509T080000+1000_REC_48.wav,False,0,0,0,0,0,0,0,0,0,0,0,0,rain (heavy),-6.0931377,0.7278632,0.0012399105,0.41573012,-0.4640143,0.2247515,-0.08556222,0.29023203,0.11812293,0.22946776,0.09007617,0.17232373,0.1776009
6.7007236,0.47327253,8.989436,12,0,0,00:00.0,00:00.0,uploads\f2e6d795-3777-11f0-84b6-581122bb7f2c\20210509T080000+1000_REC_49.wav,False,0,0,0,0,0,0,0,0,0,0,0,0,rain (heavy),-6.0564733,0.8362406,-0.07267534,0.49183813,-0.58196723,0.27781925,-0.16878814,0.34620795,0.08077915,0.25608882,0.09521399,0.22456832,0.12982298
6.733345,0.46360007,8.918467,12,0,0,00:00.0,00:00.0,uploads\f2e6d795-3777-11f0-84b6-581122bb7f2c\20210509T080000+1000_REC_50.wav,False,0,0,0,0,0,0,0,0,0,0,0,0,rain (heavy),-6.0245504,0.8876969,-0.06043226,0.69840634,-0.66765076,0.34810472,-0.12073152,0.36764863,0.046596304,0.23082538,0.036420148,0.20883694,0.12097965
6.2449646,0.30571517,9.799916,12,0,0,00:00.0,00:00.0,uploads\f2e6d795-3777-11f0-84b6-581122bb7f2c\20210509T080000+1000_REC_68.wav,False,0,0,0,0,0,0,0,0,0,0,0,0,rain (heavy),-6.0888534,0.64958686,0.22080402,0.586053,-0.38578048,0.4148407,-0.15013379,0.35020903,0.12754378,0.25549388,0.0928579,0.19893683,0.16178073
6.51407,0.58719236,9.623462,12,0,0,00:00.0,00:00.0,uploads\f2e6d795-3777-11f0-84b6-581122bb7f2c\20210509T080000+1000_REC_76.wav,False,0,0,0,0,0,0,0,0,0,0,0,0,rain (heavy),-6.0863767,0.48735854,0.31644753,0.5981255,-0.4703067,0.3944041,-0.18131217,0.38263288,0.050424017,0.24236111,0.04758987,0.19864309,0.095163785
6.56158,0.6318425,9.580585,12,0,0,00:00.0,00:00.0,uploads\f2e6d795-3777-11f0-84b6-581122bb7f2c\20210509T080000+1000_REC_77.wav,False,0,0,0,0,0,0,0,0,0,0,0,0,rain (heavy),-6.0568924,0.7439114,0.2234707,0.6375039,-0.53994817,0.36871052,-0.20960055,0.41150144,0.04463383,0.21114255,0.029650697,0.20842,0.11185664
6.1022024,0.10513191,9.849281,12,0,0,00:00.0,00:00.0,uploads\f2e6d795-3777-11f0-84b6-581122bb7f2c\20210509T080000+1000_REC_80.wav,True,0,0,0,0,0,0,0,1,0,0,0,0,rain (heavy),-6.0609694,0.886861,0.1926587,0.64014447,-0.40549892,0.4581168,-0.073766895,0.34924182,0.100055546,0.20251562,0.10930968,0.17815775,0.15200853
6.6343637,0.7063097,9.496671,12,0,0,00:00.0,00:00.0,uploads\f2e6d795-3777-11f0-84b6-581122bb7f2c\20210509T080000+1000_REC_84.wav,False,0,0,0,0,0,0,0,0,0,0,0,0,rain (heavy),-6.047103,0.6301413,0.25999847,0.6852377,-0.61397475,0.45275518,-0.24725805,0.3838814,0.07718511,0.2779323,0.0035282385,0.25675693,0.118423514
6.2055893,0.2601703,9.829296,12,0,0,00:00.0,00:00.0,uploads\f2e6d795-3777-11f0-84b6-581122bb7f2c\20210509T080000+1000_REC_87.wav,True,0,1,0,0,0,0,0,1,0,0,0,0,rain (heavy),-6.0825973,0.61971307,0.16441679,0.64318305,-0.478117,0.40323585,-0.07424288,0.36028293,0.09561446,0.23469074,0.09056179,0.1470289,0.14260162
5.6913233,0.08095818,10.040779,12,0,0,00:00.0,00:00.0,uploads\f2e6d795-3777-11f0-84b6-581122bb7f2c\20210509T080000+1000_REC_89.wav,False,0,0,0,0,0,0,0,0,0,0,0,0,rain (heavy),-6.123178,0.5919384,0.36441734,0.47433406,-0.10538589,0.36938137,0.09948812,0.2394747,0.2471386,0.18893236,0.2364933,0.16743459,0.2271988
6.54304,0.62187433,9.613535,12,0,0,00:00.0,00:00.0,uploads\f2e6d795-3777-11f0-84b6-581122bb7f2c\20210509T080000+1000_REC_97.wav,False,0,0,0,0,0,0,0,0,0,0,0,0,rain (heavy),-6.037535,0.65308315,0.25480872,0.50798684,-0.75963587,0.2982965,-0.31817806,0.35177553,0.037141953,0.25930798,-0.07023912,0.21436445,0.1719433
5.441707,0.069195196,10.274862,12,0,0,00:00.0,00:00.0,uploads\f2e6d795-3777-11f0-84b6-581122bb7f2c\20210509T080000+1000_REC_99.wav,True,0,1,0,0,0,0,0,1,0,0,0,0,rain (heavy),-6.148669,0.34035,0.21343441,0.22239757,-0.20389016,0.17527059,0.03352887,0.14321311,0.18381308,0.13382602,0.17997167,0.16078039,0.23934782
6.1951475,0.24698019,9.833604,12,0,0,00:00.0,00:00.0,uploads\f2e6d795-3777-11f0-84b6-581122bb7f2c\20210509T080000+1000_REC_108.wav,False,0,0,0,0,0,0,0,0,0,0,0,0,rain (heavy),-6.08977,0.66328937,0.16159162,0.6408248,-0.40356714,0.38055578,-0.008748097,0.33957446,0.10424904,0.24230821,0.17684945,0.14149556,0.14634213
5.7137227,0.081695825,10.024337,12,0,0,00:00.0,00:00.0,uploads\f2e6d795-3777-11f0-84b6-581122bb7f2c\20210509T080000+1000_REC_126.wav,False,0,0,0,0,0,0,0,0,0,0,0,0,rain (heavy),-6.129475,0.5191775,0.283339,0.4555402,-0.1751369,0.3239362,0.06692058,0.2832568,0.2658661,0.1726083,0.18599765,0.1908382,0.237859
6.2216015,0.2766263,9.818446,12,0,0,00:00.0,00:00.0,uploads\f2e6d795-3777-11f0-84b6-581122bb7f2c\20210509T080000+1000_REC_127.wav,False,0,0,0,0,0,0,0,0,0,0,0,0,rain (heavy),-6.0579653,0.7493891,0.15689972,0.7222165,-0.45220786,0.5061474,-0.117618576,0.38841733,0.13950865,0.24062523,0.07847306,0.22461805,0.14220831
6.941852,0.8697885,9.13928,12,0,0,00:00.0,00:00.0,uploads\f2e6d795-3777-11f0-84b6-581122bb7f2c\20210509T080000+1000_REC_138.wav,False,0,0,0,0,0,0,0,0,0,0,0,0,rain (heavy),-6.0099816,0.79458755,-0.001571769,0.8810809,-0.622034,0.45340014,-0.19694482,0.45405647,0.03242522,0.27119815,0.031239336,0.24940267,0.12756461
6.6875043,0.42952007,8.924659,12,0,0,00:00.0,00:00.0,uploads\f2e6d795-3777-11f0-84b6-581122bb7f2c\20210509T080000+1000_REC_156.wav,False,0,0,0,0,0,0,0,0,0,0,0,0,rain (heavy),-6.0829453,0.76651436,-0.04207018,0.5041141,-0.42265743,0.21769412,-0.1407355,0.33571258,0.008097232,0.18699344,0.14647202,0.24075226,0.1161895
6.678695,0.4246056,8.930466,12,0,0,00:00.0,00:00.0,uploads\f2e6d795-3777-11f0-84b6-581122bb7f2c\20210509T080000+1000_REC_157.wav,False,0,0,0,0,0,0,0,0,0,0,0,0,rain (heavy),-6.1076937,0.69237095,0.0039273244,0.47933626,-0.26859742,0.22936614,-0.10749269,0.34080112,0.093072966,0.17053819,0.18840742,0.22174641,0.14387976
6.679777,0.42531005,8.929756,12,0,0,00:00.0,00:00.0,uploads\f2e6d795-3777-11f0-84b6-581122bb7f2c\20210509T080000+1000_REC_158.wav,False,0,0,0,0,0,0,0,0,0,0,0,0,rain (heavy),-6.0975575,0.6568016,-0.010716325,0.49950352,-0.37568796,0.14803797,-0.1787334,0.32261357,0.053394884,0.22071208,0.2045885,0.1774475,0.09884695
6.6670704,0.41128933,8.931508,12,0,0,00:00.0,00:00.0,uploads\f2e6d795-3777-11f0-84b6-581122bb7f2c\20210509T080000+1000_REC_159.wav,False,0,0,0,0,0,0,0,0,0,0,0,0,rain (heavy),-6.0916486,0.63703465,-0.019642865,0.57279015,-0.41529834,0.24396786,-0.15034968,0.33308488,0.039388,0.14900759,0.14447811,0.16197367,0.09002741
6.6756916,0.42264387,8.933076,12,0,0,00:00.0,00:00.0,uploads\f2e6d795-3777-11f0-84b6-581122bb7f2c\20210509T080000+1000_REC_160.wav,False,0,0,0,0,0,0,0,0,0,0,0,0,rain (heavy),-6.0921717,0.6271544,-0.020999247,0.5526414,-0.44351923,0.25391862,-0.12408559,0.31606787,0.028946646,0.15684202,0.14819428,0.15687309,0.081212595
6.4583344,0.51002157,9.62654,12,0,0,00:00.0,00:00.0,uploads\f2e6d795-3777-11f0-84b6-581122bb7f2c\20210509T080000+1000_REC_163.wav,False,0,0,0,0,0,0,0,0,0,0,0,0,rain (heavy),-6.1171756,0.38138983,0.2210619,0.3601195,-0.4467512,0.24864972,-0.15206274,0.17915185,0.06683911,0.19467255,0.07685072,0.18343966,0.1279885
6.6533713,0.7105344,9.458713,12,0,0,00:00.0,00:00.0,uploads\f2e6d795-3777-11f0-84b6-581122bb7f2c\20210509T080000+1000_REC_168.wav,False,0,0,0,0,0,0,0,0,0,0,0,0,rain (heavy),-6.0398927,0.65195376,0.17982545,0.7170928,-0.68258333,0.33757916,-0.23979044,0.38563403,0.035263475,0.29451746,0.053034715,0.2267991,0.098724455
6.5208063,0.59352887,9.6178465,12,0,0,00:00.0,00:00.0,uploads\f2e6d795-3777-11f0-84b6-581122bb7f2c\20210509T080000+1000_REC_174.wav,False,0,0,0,0,0,0,0,0,0,0,0,0,rain (heavy),-6.0756993,0.46550226,0.17587516,0.56221914,-0.60406166,0.3792278,-0.22796087,0.28449532,0.052672546,0.26653928,-0.009418483,0.18802534,0.086743146
6.2291756,0.28550422,9.816181,12,0,0,00:00.0,00:00.0,uploads\f2e6d795-3777-11f0-84b6-581122bb7f2c\20210509T080000+1000_REC_180.wav,False,0,0,0,0,0,0,0,0,0,0,0,0,rain (heavy),-6.062971,0.7728457,0.16697335,0.6479925,-0.4888007,0.4180196,-0.17506894,0.31671396,0.09778846,0.2598702,0.10916177,0.2263929,0.15071027
6.1208196,0.12629925,9.848669,12,0,0,00:00.0,00:00.0,uploads\f2e6d795-3777-11f0-84b6-581122bb7f2c\20210509T080000+1000_REC_181.wav,False,0,0,0,0,0,0,0,0,0,0,0,0,rain (heavy),-6.039061,0.90955573,0.21574746,0.73298985,-0.5058062,0.45568296,-0.08817897,0.3488425,0.086920746,0.2266175,0.10278853,0.19201589,0.14819257
6.0788465,0.064074345,9.844055,12,0,0,00:00.0,00:00.0,uploads\f2e6d795-3777-11f0-84b6-581122bb7f2c\20210509T080000+1000_REC_185.wav,False,0,0,0,0,0,0,0,0,0,0,0,0,rain (heavy),-6.0590405,0.89346284,0.18344918,0.67619455,-0.4347495,0.3888709,-0.07182822,0.3158054,0.12137558,0.2101037,0.10054112,0.16436528,0.16049029
6.023115,0.17501606,9.874288,12,0,0,00:00.0,00:00.0,uploads\f2e6d795-3777-11f0-84b6-581122bb7f2c\20210509T080000+1000_REC_186.wav,False,0,0,0,0,0,0,0,0,0,0,0,0,rain (heavy),-6.086225,0.8055326,0.3169522,0.60155123,-0.2684141,0.38181555,0.030864818,0.30083916,0.1969727,0.21246988,0.190019,0.20879234,0.23793307
6.1905723,0.23416942,9.854717,12,0,0,00:00.0,00:00.0,uploads\f2e6d795-3777-11f0-84b6-581122bb7f2c\20210509T080000+1000_REC_187.wav,False,0,0,0,0,0,0,0,0,0,0,0,0,rain (heavy),-6.0902457,0.67794406,0.16884793,0.59320515,-0.38436085,0.45326394,-0.10090849,0.23478778,0.07567097,0.19529416,0.11505617,0.2076017,0.14248876
6.175021,0.22165649,9.865516,12,0,0,00:00.0,00:00.0,uploads\f2e6d795-3777-11f0-84b6-581122bb7f2c\20210509T080000+1000_REC_188.wav,False,0,0,0,0,0,0,0,0,0,0,0,0,rain (heavy),-6.1008554,0.64296854,0.1834502,0.54887044,-0.34559596,0.4236045,-0.0954865,0.26123813,0.1155599,0.1951404,0.11414802,0.19154584,0.16308695
6.246839,0.30171418,9.813149,12,0,0,00:00.0,00:00.0,uploads\f2e6d795-3777-11f0-84b6-581122bb7f2c\20210509T080000+1000_REC_192.wav,False,0,0,0,0,0,0,0,0,0,0,0,0,rain (heavy),-6.0655403,0.687387,0.16093974,0.70534366,-0.47279972,0.46880597,-0.15184873,0.31821775,0.13522103,0.28504387,0.09123805,0.2284426,0.18750823
6.5962257,0.66567487,9.523498,12,0,0,00:00.0,00:00.0,uploads\f2e6d795-3777-11f0-84b6-581122bb7f2c\20210509T080000+1000_REC_193.wav,False,0,0,0,0,0,0,0,0,0,0,0,0,rain (heavy),-6.0432386,0.60356295,0.29980293,0.72542983,-0.6577877,0.417161,-0.20743224,0.34174317,0.09628315,0.333699,-0.037037198,0.18154229,0.16805436
6.067926,0.21096158,9.835369,12,0,0,00:00.0,00:00.0,uploads\f2e6d795-3777-11f0-84b6-581122bb7f2c\20210509T080000+1000_REC_194.wav,False,0,0,0,0,0,0,0,0,0,0,0,0,rain (heavy),-6.102552,0.5555318,0.33772177,0.6362388,-0.2529759,0.42370903,0.024284692,0.344036,0.18300793,0.25540635,0.1746395,0.21787941,0.22688761
5.7679453,0.10860369,9.997846,12,0,0,00:00.0,00:00.0,uploads\f2e6d795-3777-11f0-84b6-581122bb7f2c\20210509T080000+1000_REC_195.wav,False,0,0,0,0,0,0,0,0,0,0,0,0,rain (heavy),-6.1183085,0.5000643,0.43750492,0.57018226,-0.16199704,0.331867,0.08266858,0.26592913,0.24499905,0.22521475,0.21830004,0.18408446,0.21490732
6.2554545,0.3144934,9.800525,12,0,0,00:00.0,00:00.0,uploads\f2e6d795-3777-11f0-84b6-581122bb7f2c\20210509T080000+1000_REC_196.wav,True,0,0,0,0,0,0,0,1,0,0,0,0,rain (heavy),-6.045347,0.70844847,0.22764681,0.7977519,-0.52060336,0.48119533,-0.13830656,0.38905776,0.044239856,0.2701679,0.1333576,0.27169418,0.14838596
6.1534414,0.20995058,9.845981,12,0,0,00:00.0,00:00.0,uploads\f2e6d795-3777-11f0-84b6-581122bb7f2c\20210509T080000+1000_REC_198.wav,False,0,0,0,0,0,0,0,0,0,0,0,0,rain (heavy),-6.0713353,0.7759958,0.23417667,0.68000454,-0.42619145,0.41336435,-0.021154795,0.3161397,0.09360885,0.25522667,0.14040439,0.20191303,0.16811073
6.124873,0.18611541,9.876619,12,0,0,00:00.0,00:00.0,uploads\f2e6d795-3777-11f0-84b6-581122bb7f2c\20210509T080000+1000_REC_199.wav,False,0,0,0,0,0,0,0,0,0,0,0,0,rain (heavy),-6.094739,0.65751404,0.27445185,0.63300043,-0.36745602,0.35183826,-0.050394773,0.25122806,0.110489845,0.2110401,0.1511087,0.19319223,0.19054843
6.12644,0.16303612,9.864525,12,0,0,00:00.0,00:00.0,uploads\f2e6d795-3777-11f0-84b6-581122bb7f2c\20210509T080000+1000_REC_200.wav,False,0,0,0,0,0,0,0,0,0,0,0,0,rain (heavy),-6.07777,0.7235157,0.27656087,0.6609885,-0.41861525,0.40804377,-0.09212027,0.2904226,0.08436034,0.21902499,0.10695947,0.17655814,0.14499876
5.620117,0.06567362,10.10067,12,0,0,00:00.0,00:00.0,uploads\f2e6d795-3777-11f0-84b6-581122bb7f2c\20210509T080000+1000_REC_216.wav,True,0,1,0,0,0,0,0,1,0,0,0,0,rain (heavy),-6.125505,0.6280846,0.31906208,0.46358484,-0.13346021,0.3075343,0.104671426,0.19125369,0.2273938,0.19013679,0.1966123,0.16055346,0.21993865
5.3120294,0.13515455,10.431985,12,0,0,00:00.0,00:00.0,uploads\f2e6d795-3777-11f0-84b6-581122bb7f2c\20210509T080000+1000_REC_217.wav,True,0,1,0,0,0,0,0,1,0,0,0,0,rain (heavy),-6.146293,0.4643582,0.39681724,0.32141274,0.21984932,0.22516179,0.20516764,0.19790156,0.21454105,0.1798028,0.18515067,0.18326823,0.18449701
5.32862,0.11635655,10.410645,12,0,0,00:00.0,00:00.0,uploads\f2e6d795-3777-11f0-84b6-581122bb7f2c\20210509T080000+1000_REC_218.wav,False,0,0,0,0,0,0,0,0,0,0,0,0,rain (heavy),-6.1283426,0.66708183,0.41698578,0.35543597,0.05347659,0.23357962,0.2231238,0.20166124,0.2377859,0.19541688,0.23445514,0.1654784,0.1994902
5.349515,0.0813394,10.375269,12,0,0,00:00.0,00:00.0,uploads\f2e6d795-3777-11f0-84b6-581122bb7f2c\20210509T080000+1000_REC_219.wav,False,0,0,0,0,0,0,0,0,0,0,0,0,rain (heavy),-6.1185985,0.71138644,0.48122558,0.40642065,0.016735507,0.24030714,0.20033607,0.19104327,0.26241866,0.16384909,0.17702487,0.17561843,0.22711053
6.0839577,0.06940868,9.845849,12,0,0,00:00.0,00:00.0,uploads\f2e6d795-3777-11f0-84b6-581122bb7f2c\20210509T080000+1000_REC_220.wav,False,0,0,0,0,0,0,0,0,0,0,0,0,rain (heavy),-6.0332026,1.0871699,0.29390576,0.66902876,-0.4030576,0.3796768,-0.086108714,0.30154487,0.06426492,0.20504211,0.11552558,0.18118449,0.16185173
5.3579507,0.04846887,10.350337,12,0,0,00:00.0,00:00.0,uploads\f2e6d795-3777-11f0-84b6-581122bb7f2c\20210509T080000+1000_REC_222.wav,False,0,0,0,0,0,0,0,0,0,0,0,0,rain (heavy),-6.10514,0.89324474,0.43197063,0.35420653,-0.012921575,0.2069616,0.16738905,0.14571232,0.24161746,0.15778811,0.17031696,0.16480541,0.21637155
5.360201,0.04679271,10.348454,12,0,0,00:00.0,00:00.0,uploads\f2e6d795-3777-11f0-84b6-581122bb7f2c\20210509T080000+1000_REC_223.wav,False,0,0,0,0,0,0,0,0,0,0,0,0,rain (heavy),-6.115879,0.7843075,0.42073467,0.3985044,-0.023865575,0.15526868,0.22417527,0.16842125,0.23952633,0.16465099,0.16423911,0.16450767,0.22176877
5.3187213,0.12833735,10.424456,12,0,0,00:00.0,00:00.0,uploads\f2e6d795-3777-11f0-84b6-581122bb7f2c\20210509T080000+1000_REC_225.wav,False,0,0,0,0,0,0,0,0,0,0,0,0,rain (heavy),-6.1350803,0.6109443,0.40380543,0.34652925,0.13466284,0.13513695,0.24325319,0.22394225,0.18411501,0.21667051,0.21979114,0.17719972,0.21566787
5.3648753,0.036649037,10.335232,12,0,0,00:00.0,00:00.0,uploads\f2e6d795-3777-11f0-84b6-581122bb7f2c\20210509T080000+1000_REC_230.wav,False,0,0,0,0,0,0,0,0,0,0,0,0,rain (heavy),-6.1188016,0.8015856,0.3664068,0.3842015,-0.0041117063,0.1721686,0.16312142,0.17255557,0.18684001,0.1250316,0.2253263,0.14074709,0.18931128
5.302576,0.14355296,10.439815,12,0,0,00:00.0,00:00.0,uploads\f2e6d795-3777-11f0-84b6-581122bb7f2c\20210509T080000+1000_REC_232.wav,False,0,0,0,0,0,0,0,0,0,0,0,0,rain (heavy),-6.1389937,0.5450191,0.35517573,0.4187962,0.07014535,0.12176163,0.2543735,0.19512475,0.16427922,0.21430656,0.25556436,0.13902615,0.18990453
5.2662463,0.19008164,10.491594,12,0,0,00:00.0,00:00.0,uploads\f2e6d795-3777-11f0-84b6-581122bb7f2c\20210509T080000+1000_REC_233.wav,False,0,0,0,0,0,0,0,0,0,0,0,0,rain (heavy),-6.1320643,0.43261456,0.41101038,0.3846403,0.34440857,0.31681162,0.29527068,0.26882923,0.2573381,0.24516812,0.2266983,0.22162741,0.21205539
5.272403,0.1818065,10.483036,12,0,0,00:00.0,00:00.0,uploads\f2e6d795-3777-11f0-84b6-581122bb7f2c\20210509T080000+1000_REC_234.wav,False,0,0,0,0,0,0,0,0,0,0,0,0,rain (heavy),-6.150615,0.37857044,0.3242221,0.29033348,0.2605766,0.22616419,0.21200983,0.23032202,0.23708467,0.21819906,0.21080126,0.21907753,0.22157304
5.32771,0.12025366,10.416371,12,0,0,00:00.0,00:00.0,uploads\f2e6d795-3777-11f0-84b6-581122bb7f2c\20210509T080000+1000_REC_235.wav,False,0,0,0,0,0,0,0,0,0,0,0,0,rain (heavy),-6.135617,0.57594204,0.42898574,0.3404959,0.23366624,0.20402259,0.22600698,0.21064842,0.21138102,0.2316993,0.20757562,0.17290317,0.18589762
5.3609157,0.044922307,10.345726,12,0,0,00:00.0,00:00.0,uploads\f2e6d795-3777-11f0-84b6-581122bb7f2c\20210509T080000+1000_REC_238.wav,False,0,0,0,0,0,0,0,0,0,0,0,0,rain (heavy),-6.116819,0.8219579,0.42097872,0.31348515,0.014010734,0.1918008,0.15241763,0.15042643,0.2349919,0.13228235,0.19056913,0.17601198,0.1748938
5.314338,0.13360237,10.42997,12,0,0,00:00.0,00:00.0,uploads\f2e6d795-3777-11f0-84b6-581122bb7f2c\20210509T080000+1000_REC_256.wav,False,0,0,0,0,0,0,0,0,0,0,0,0,rain (heavy),-6.1421223,0.48144808,0.4075036,0.36062378,0.14571516,0.25770923,0.22316161,0.20226523,0.25434503,0.17924044,0.19625427,0.19466476,0.19745125
5.2706995,0.18464419,10.4855995,12,0,0,00:00.0,00:00.0,uploads\f2e6d795-3777-11f0-84b6-581122bb7f2c\20210509T080000+1000_REC_257.wav,False,0,0,0,0,0,0,0,0,0,0,0,0,rain (heavy),-6.137135,0.4192766,0.39254043,0.37266085,0.31494603,0.2975233,0.2824066,0.2585624,0.25185907,0.23974812,0.22531758,0.21114045,0.2088778
5.270572,0.18522063,10.48623,12,0,0,00:00.0,00:00.0,uploads\f2e6d795-3777-11f0-84b6-581122bb7f2c\20210509T080000+1000_REC_258.wav,False,0,0,0,0,0,0,0,0,0,0,0,0,rain (heavy),-6.136269,0.43693542,0.39316982,0.41138688,0.29761857,0.26913643,0.29466397,0.25021058,0.22793154,0.24427272,0.22774833,0.1956181,0.20643759
6.050223,0.000260055,9.8116865,12,0,0,00:00.0,00:00.0,uploads\f2e6d795-3777-11f0-84b6-581122bb7f2c\20210509T080000+1000_REC_263.wav,False,0,0,0,0,0,0,0,0,0,0,0,0,rain (heavy),-6.0674314,0.8371828,0.18720205,0.7186241,-0.36283493,0.38128135,-0.10359609,0.29852128,0.05168872,0.16810213,0.08263406,0.11815478,0.10977629
6.047509,-0.002065922,9.819876,12,0,0,00:00.0,00:00.0,uploads\f2e6d795-3777-11f0-84b6-581122bb7f2c\20210509T080000+1000_REC_264.wav,False,0,0,0,0,0,0,0,0,0,0,0,0,rain (heavy),-6.052568,0.969113,0.17933641,0.7379157,-0.3188433,0.432652,-0.04550575,0.27620706,0.0863158,0.21212417,0.09597079,0.15006492,0.15614168
5.3300614,0.11167358,10.408145,12,0,0,00:00.0,00:00.0,uploads\f2e6d795-3777-11f0-84b6-581122bb7f2c\20210509T080000+1000_REC_265.wav,False,0,0,0,0,0,0,0,0,0,0,0,0,rain (heavy),-6.122953,0.60510355,0.48730096,0.45188737,0.15038693,0.27949503,0.23140708,0.21411769,0.2657544,0.18600282,0.22101228,0.19183238,0.21333294
5.324016,0.12231257,10.417679,12,0,0,00:00.0,00:00.0,uploads\f2e6d795-3777-11f0-84b6-581122bb7f2c\20210509T080000+1000_REC_266.wav,False,0,0,0,0,0,0,0,0,0,0,0,0,rain (heavy),-6.127245,0.6134871,0.46243197,0.3954343,0.13435978,0.27376914,0.21925221,0.19322814,0.27383333,0.20340405,0.22158876,0.18946807,0.2008755
6.5293694,0.6023077,9.611791,12,0,0,00:00.0,00:00.0,uploads\f2e6d795-3777-11f0-84b6-581122bb7f2c\20210509T200000+1000_REC_25.wav,False,0,0,0,0,0,0,0,0,0,0,0,0,rain (heavy),-6.1073446,-0.024076456,-0.41676196,0.5444734,0.49032378,-0.0029567129,0.21914329,0.20984416,0.17602119,0.29504454,0.12003916,0.34386903,0.23661132
6.510951,0.58529854,9.671413,12,0,0,00:00.0,00:00.0,uploads\f2e6d795-3777-11f0-84b6-581122bb7f2c\20210509T200000+1000_REC_217.wav,False,0,0,0,0,0,0,0,0,0,0,0,0,rain (heavy),-6.1200466,0.15634093,-0.3222275,0.57411915,0.3788101,-0.060224622,0.13053401,0.31860417,0.12829736,0.15580977,0.2502114,0.3081358,0.15211861
1.6756978,2.0610988,-1.4759564,13,0,0,00:00.0,00:00.0,uploads\f2e6d795-3777-11f0-84b6-581122bb7f2c\20210509T020000+1000_REC_256.wav,True,0,0,0,0,1,0,0,0,0,0,0,0,insects,-6.0706587,0.29368323,-0.30213428,0.89970106,-0.27461582,-0.011541175,0.27282667,0.2621135,-0.077316165,0.39017376,0.19426228,0.04835641,0.34243584
0.7919309,1.8772638,-1.5012494,13,0,0,00:00.0,00:00.0,uploads\f2e6d795-3777-11f0-84b6-581122bb7f2c\20210509T060000+1000_REC_34.wav,False,0,0,0,0,0,0,0,0,0,0,0,0,insects,-5.869154,1.7337844,-0.42633408,-0.075440116,-0.3112257,-0.23685797,-0.20698023,0.17925526,0.2346191,-0.23718485,-0.012002406,0.31729603,0.34032962
1.4752207,2.029736,-1.465359,13,0,0,00:00.0,00:00.0,uploads\f2e6d795-3777-11f0-84b6-581122bb7f2c\20210509T180000+1000_REC_31.wav,False,0,0,0,0,0,0,0,0,0,0,0,0,insects,-5.9743814,0.49403697,-0.864068,0.80014706,0.09598273,0.13978219,-0.061652567,0.30354452,-0.2557808,0.55784446,0.42597032,-0.36984837,0.35808596
1.4609268,2.0333142,-1.4566374,13,0,0,00:00.0,00:00.0,uploads\f2e6d795-3777-11f0-84b6-581122bb7f2c\20210509T180000+1000_REC_32.wav,False,0,0,0,0,0,0,0,0,0,0,0,0,insects,-5.949567,0.4191883,-0.9388991,0.91322434,0.07941774,0.17159565,-0.13198632,0.31774926,-0.23847242,0.58586586,0.4199063,-0.34972534,0.36953697
1.4414641,2.0317807,-1.4563124,13,0,0,00:00.0,00:00.0,uploads\f2e6d795-3777-11f0-84b6-581122bb7f2c\20210509T180000+1000_REC_33.wav,False,0,0,0,0,0,0,0,0,0,0,0,0,insects,-5.947361,0.45707673,-1.0043865,0.85002166,0.16184686,0.12997128,-0.08464404,0.3199082,-0.2743485,0.5992626,0.37032005,-0.3055309,0.3789615
1.2388238,1.8996165,-1.7812833,13,0,0,00:00.0,00:00.0,uploads\f2e6d795-3777-11f0-84b6-581122bb7f2c\20210509T200000+1000_REC_35.wav,False,0,0,0,0,0,0,0,0,0,0,0,0,insects,-6.0074525,0.3148547,-0.90696645,0.88382375,0.4930468,0.117639005,0.06480529,0.37347597,0.22161259,0.1659512,0.25285688,0.40082178,0.2690404
1.1242816,1.8249216,-1.8742812,13,0,0,00:00.0,00:00.0,uploads\f2e6d795-3777-11f0-84b6-581122bb7f2c\20210509T200000+1000_REC_36.wav,False,0,0,0,0,0,0,0,0,0,0,0,0,insects,-6.009396,0.3262953,-0.9400319,0.8273323,0.4776792,0.04354291,0.05251464,0.40117612,0.21512416,0.18724407,0.2234774,0.37699142,0.21331125
0.76020616,1.8061023,-1.6245034,13,0,0,00:00.0,00:00.0,uploads\f2e6d795-3777-11f0-84b6-581122bb7f2c\20210509T200000+1000_REC_37.wav,False,0,0,0,0,0,0,0,0,0,0,0,0,insects,-6.012043,0.29808676,-0.93059087,0.84164464,0.46761614,0.04913651,0.14382777,0.38295406,0.12870136,0.14925385,0.31979695,0.35446292,0.13611324
0.76516205,1.8328323,-1.5681145,13,0,0,00:00.0,00:00.0,uploads\f2e6d795-3777-11f0-84b6-581122bb7f2c\20210509T200000+1000_REC_38.wav,False,0,0,0,0,0,0,0,0,0,0,0,0,insects,-6.015886,0.368823,-0.8709581,0.8620578,0.4832803,-0.014289029,0.12703891,0.3825558,0.15338235,0.12001929,0.25762424,0.38062808,0.11496921
1.1197073,1.8273584,-1.8652079,13,0,0,00:00.0,00:00.0,uploads\f2e6d795-3777-11f0-84b6-581122bb7f2c\20210509T200000+1000_REC_39.wav,False,0,0,0,0,0,0,0,0,0,0,0,0,insects,-6.015559,0.34124157,-0.9263432,0.826725,0.42123747,0.06426177,0.10304805,0.38478214,0.18715976,0.18456547,0.1835579,0.40060705,0.20336801
0.76338804,1.8046434,-1.6258398,13,0,0,00:00.0,00:00.0,uploads\f2e6d795-3777-11f0-84b6-581122bb7f2c\20210509T200000+1000_REC_40.wav,True,0,0,0,0,1,0,0,0,0,0,0,0,insects,-6.02762,0.2672215,-0.8764748,0.8025738,0.39405814,0.0057516685,0.11620047,0.40399957,0.13028522,0.1248391,0.30998626,0.36953798,0.15925872
0.76271635,1.792129,-1.6380264,13,0,0,00:00.0,00:00.0,uploads\f2e6d795-3777-11f0-84b6-581122bb7f2c\20210509T200000+1000_REC_41.wav,False,0,0,0,0,0,0,0,0,0,0,0,0,insects,-6.0224857,0.23087919,-0.88075495,0.81774646,0.3947756,0.034863003,0.060100783,0.433954,0.11834548,0.15024622,0.33009768,0.40795875,0.1673543
0.75494766,1.8027099,-1.6242107,13,0,0,00:00.0,00:00.0,uploads\f2e6d795-3777-11f0-84b6-581122bb7f2c\20210509T200000+1000_REC_42.wav,False,0,0,0,0,0,0,0,0,0,0,0,0,insects,-6.007037,0.25964242,-0.9168224,0.84927166,0.4704769,0.011763604,0.15009332,0.4433986,0.092278674,0.104408816,0.29148433,0.45544007,0.12621427
0.93999857,1.799577,-1.7707597,13,0,0,00:00.0,00:00.0,uploads\f2e6d795-3777-11f0-84b6-581122bb7f2c\20210509T200000+1000_REC_43.wav,False,0,0,0,0,0,0,0,0,0,0,0,0,insects,-6.004125,0.36046073,-0.92349803,0.8474009,0.48721722,0.07618347,0.14392348,0.44674942,0.18393905,0.15401682,0.258613,0.44874388,0.16471015
0.9050608,1.788638,-1.7668104,13,0,0,00:00.0,00:00.0,uploads\f2e6d795-3777-11f0-84b6-581122bb7f2c\20210509T200000+1000_REC_44.wav,False,0,0,0,0,0,0,0,0,0,0,0,0,insects,-6.006761,0.32894784,-0.9170444,0.8797838,0.41456738,0.06629332,0.09853198,0.44737446,0.17267047,0.16545749,0.2962438,0.4178514,0.1433916
0.76803714,1.8170784,-1.6047769,13,0,0,00:00.0,00:00.0,uploads\f2e6d795-3777-11f0-84b6-581122bb7f2c\20210509T200000+1000_REC_45.wav,False,0,0,0,0,0,0,0,0,0,0,0,0,insects,-6.0115337,0.2982819,-0.8868131,0.87991077,0.45180583,-0.013819863,0.15826504,0.44559592,0.12547258,0.119726636,0.2982943,0.37598708,0.14843512
1.0992545,1.9513038,-1.5307907,13,0,0,00:00.0,00:00.0,uploads\f2e6d795-3777-11f0-84b6-581122bb7f2c\20210509T200000+1000_REC_46.wav,False,0,0,0,0,0,0,0,0,0,0,0,0,insects,-6.007802,0.31653437,-0.9015663,0.89418703,0.4670833,0.02967863,0.14841811,0.3881579,0.11590279,0.17992482,0.24596857,0.41866255,0.24460201
0.9023302,1.7918355,-1.7624499,13,0,0,00:00.0,00:00.0,uploads\f2e6d795-3777-11f0-84b6-581122bb7f2c\20210509T200000+1000_REC_47.wav,False,0,0,0,0,0,0,0,0,0,0,0,0,insects,-6.014441,0.19648828,-0.88117146,0.8843268,0.4495256,0.021285431,0.1322317,0.4225959,0.1624497,0.109600395,0.28356218,0.4074907,0.20160277
0.77517253,1.7923855,-1.6487949,13,0,0,00:00.0,00:00.0,uploads\f2e6d795-3777-11f0-84b6-581122bb7f2c\20210509T200000+1000_REC_48.wav,True,0,0,0,0,1,0,0,0,0,0,0,0,insects,-6.0065374,0.1975716,-0.9100595,0.9111462,0.4173409,0.040752728,0.115220375,0.45276296,0.11468008,0.17914635,0.3132975,0.39737076,0.1332645
0.77734447,1.793284,-1.6481515,13,0,0,00:00.0,00:00.0,uploads\f2e6d795-3777-11f0-84b6-581122bb7f2c\20210509T200000+1000_REC_49.wav,False,0,0,0,0,0,0,0,0,0,0,0,0,insects,-6.014945,0.20300627,-0.8662438,0.8705243,0.46505022,0.032554016,0.11546374,0.49073458,0.1260237,0.1847039,0.32519692,0.3692031,0.1634758
0.8599488,1.928483,-1.4433528,13,0,0,00:00.0,00:00.0,uploads\f2e6d795-3777-11f0-84b6-581122bb7f2c\20210509T200000+1000_REC_50.wav,False,0,0,0,0,0,0,0,0,0,0,0,0,insects,-6.0124907,0.31634432,-0.89288086,0.8697972,0.4497624,-0.007942242,0.12691823,0.4415614,0.1429833,0.19618797,0.21892369,0.38029838,0.20527028
0.75367385,1.80186,-1.6265503,13,0,0,00:00.0,00:00.0,uploads\f2e6d795-3777-11f0-84b6-581122bb7f2c\20210509T200000+1000_REC_51.wav,False,0,0,0,0,0,0,0,0,0,0,0,0,insects,-6.012456,0.26713163,-0.9080396,0.85430205,0.4503725,0.00022067894,0.14365841,0.44633138,0.11334723,0.1391569,0.30409682,0.3617707,0.13044775
0.7976281,1.8831818,-1.4928337,13,0,0,00:00.0,00:00.0,uploads\f2e6d795-3777-11f0-84b6-581122bb7f2c\20210509T200000+1000_REC_52.wav,True,0,0,0,0,1,0,0,0,0,0,0,0,insects,-6.008258,0.34679678,-0.942261,0.80926263,0.46535233,-0.04891413,0.14443588,0.41446415,0.13211183,0.17702548,0.24115454,0.40898407,0.1544002
1.0289935,1.8039179,-1.842501,13,0,0,00:00.0,00:00.0,uploads\f2e6d795-3777-11f0-84b6-581122bb7f2c\20210509T200000+1000_REC_53.wav,False,0,0,0,0,0,0,0,0,0,0,0,0,insects,-6.012942,0.29194635,-0.94897944,0.8438,0.3735767,0.07914375,0.12204364,0.4245595,0.15072456,0.15471473,0.28684324,0.3168255,0.2317311
1.014964,1.80273,-1.834065,13,0,0,00:00.0,00:00.0,uploads\f2e6d795-3777-11f0-84b6-581122bb7f2c\20210509T200000+1000_REC_54.wav,False,0,0,0,0,0,0,0,0,0,0,0,0,insects,-6.014761,0.28175393,-0.89436424,0.86217684,0.45828354,0.06902413,0.14229614,0.42069674,0.19184406,0.12011409,0.26211697,0.37566325,0.2494064
1.1821243,1.9663217,-1.537748,13,0,0,00:00.0,00:00.0,uploads\f2e6d795-3777-11f0-84b6-581122bb7f2c\20210509T200000+1000_REC_55.wav,False,0,0,0,0,0,0,0,0,0,0,0,0,insects,-5.9952374,0.39241403,-0.96881783,0.8705957,0.4893418,0.037406836,0.15100017,0.38349974,0.14775896,0.24141683,0.20551284,0.41901085,0.23663425
1.0510362,1.8717145,-1.6846914,13,0,0,00:00.0,00:00.0,uploads\f2e6d795-3777-11f0-84b6-581122bb7f2c\20210509T200000+1000_REC_56.wav,False,0,0,0,0,0,0,0,0,0,0,0,0,insects,-6.0057645,0.43411714,-0.8869817,0.8520643,0.49814865,0.06593031,0.116823964,0.40020204,0.18723732,0.20653887,0.26412252,0.47279316,0.19719514
1.1119869,1.8223203,-1.8664626,13,0,0,00:00.0,00:00.0,uploads\f2e6d795-3777-11f0-84b6-581122bb7f2c\20210509T200000+1000_REC_57.wav,False,0,0,0,0,0,0,0,0,0,0,0,0,insects,-6.0161414,0.37532488,-0.91245764,0.82753694,0.36981928,0.07574219,0.10316558,0.3993712,0.24408548,0.1977779,0.2582869,0.40092674,0.22410396
1.1464183,1.8323362,-1.8694834,13,0,0,00:00.0,00:00.0,uploads\f2e6d795-3777-11f0-84b6-581122bb7f2c\20210509T200000+1000_REC_58.wav,True,0,0,0,0,1,0,0,0,0,0,0,0,insects,-6.000145,0.35243484,-0.9128004,0.9284881,0.4700459,0.033896837,0.09641908,0.42843893,0.22631352,0.21927433,0.22313288,0.36276132,0.23302677
1.0449531,1.806917,-1.8498825,13,0,0,00:00.0,00:00.0,uploads\f2e6d795-3777-11f0-84b6-581122bb7f2c\20210509T200000+1000_REC_59.wav,False,0,0,0,0,0,0,0,0,0,0,0,0,insects,-6.0205336,0.3926729,-0.86314434,0.8173928,0.4272656,0.0989353,0.10731536,0.45499027,0.22369303,0.119884,0.25256008,0.3946209,0.24212736
1.0862991,1.8478849,-1.8243712,13,0,0,00:00.0,00:00.0,uploads\f2e6d795-3777-11f0-84b6-581122bb7f2c\20210509T200000+1000_REC_60.wav,True,0,0,0,0,1,0,0,0,0,0,0,0,insects,-6.01579,0.34301463,-0.89183974,0.84479606,0.48504102,0.10166913,0.1263264,0.37671572,0.19368666,0.14498253,0.22707543,0.40754667,0.22604477
0.880204,1.886751,-1.5150919,13,0,0,00:00.0,00:00.0,uploads\f2e6d795-3777-11f0-84b6-581122bb7f2c\20210509T200000+1000_REC_61.wav,True,0,0,0,0,1,0,0,0,0,0,0,0,insects,-6.005969,0.4349613,-0.8725816,0.9257217,0.50068575,0.06026747,0.1242593,0.40913004,0.1418568,0.11671559,0.21402355,0.348325,0.17304349
0.8401717,1.9438543,-1.3979845,13,0,0,00:00.0,00:00.0,uploads\f2e6d795-3777-11f0-84b6-581122bb7f2c\20210509T200000+1000_REC_62.wav,False,0,0,0,0,0,0,0,0,0,0,0,0,insects,-5.996946,0.38366643,-0.92124504,0.8991919,0.52279276,0.009450196,0.1591555,0.43011114,0.1290398,0.17125855,0.2836523,0.395898,0.18159184
0.9194433,1.7832841,-1.7929573,13,0,0,00:00.0,00:00.0,uploads\f2e6d795-3777-11f0-84b6-581122bb7f2c\20210509T200000+1000_REC_63.wav,False,0,0,0,0,0,0,0,0,0,0,0,0,insects,-5.988295,0.29777604,-0.9916556,0.9182491,0.47143242,0.06503076,0.11672021,0.43076763,0.1646281,0.12399618,0.2965412,0.403022,0.17735319
0.9487177,1.7923616,-1.7994243,13,0,0,00:00.0,00:00.0,uploads\f2e6d795-3777-11f0-84b6-581122bb7f2c\20210509T200000+1000_REC_64.wav,False,0,0,0,0,0,0,0,0,0,0,0,0,insects,-6.0092793,0.30995545,-0.9227668,0.8508226,0.45974812,0.061359763,0.12520155,0.42732176,0.17525882,0.14198174,0.29263344,0.39794856,0.20223048
1.1236446,1.8258722,-1.8706092,13,0,0,00:00.0,00:00.0,uploads\f2e6d795-3777-11f0-84b6-581122bb7f2c\20210509T200000+1000_REC_65.wav,False,0,0,0,0,0,0,0,0,0,0,0,0,insects,-6.0254216,0.2882197,-0.859628,0.83256936,0.4365695,0.028231034,0.06496972,0.39230728,0.21490209,0.15003425,0.22998314,0.37918365,0.24096616
1.526811,2.0229628,-1.5501614,13,0,0,00:00.0,00:00.0,uploads\f2e6d795-3777-11f0-84b6-581122bb7f2c\20210509T200000+1000_REC_66.wav,False,0,0,0,0,0,0,0,0,0,0,0,0,insects,-6.05177,0.22702922,-0.7595936,0.75700533,0.4941954,0.052082647,0.11878216,0.293534,0.19923526,0.1867412,0.24010736,0.34845433,0.25140333
1.4868098,2.0177407,-1.5780016,13,0,0,00:00.0,00:00.0,uploads\f2e6d795-3777-11f0-84b6-581122bb7f2c\20210509T200000+1000_REC_67.wav,False,0,0,0,0,0,0,0,0,0,0,0,0,insects,-6.0283566,0.2621098,-0.80471414,0.88710123,0.48304462,0.0976824,0.14114128,0.34988672,0.17866306,0.16529526,0.2977333,0.353292,0.2463221
1.2903311,1.992801,-1.54344,13,0,0,00:00.0,00:00.0,uploads\f2e6d795-3777-11f0-84b6-581122bb7f2c\20210509T200000+1000_REC_68.wav,False,0,0,0,0,0,0,0,0,0,0,0,0,insects,-6.0152054,0.3507335,-0.8800369,0.8455694,0.5128885,0.070793234,0.18399492,0.3765744,0.1912349,0.23754573,0.2229279,0.3981121,0.19848368
1.1909819,2.0148823,-1.4403719,13,0,0,00:00.0,00:00.0,uploads\f2e6d795-3777-11f0-84b6-581122bb7f2c\20210509T200000+1000_REC_69.wav,False,0,0,0,0,0,0,0,0,0,0,0,0,insects,-6.014535,0.32613274,-0.8540137,0.8834525,0.5098137,0.016940415,0.19128807,0.39529854,0.20008197,0.23483604,0.23460828,0.3722522,0.23979644
1.0449837,1.7978637,-1.8731154,13,0,0,00:00.0,00:00.0,uploads\f2e6d795-3777-11f0-84b6-581122bb7f2c\20210509T200000+1000_REC_70.wav,False,0,0,0,0,0,0,0,0,0,0,0,0,insects,-6.0069976,0.36050403,-0.9458565,0.84721863,0.43429327,0.10648114,0.112654515,0.40900803,0.1991187,0.15571718,0.28994265,0.3805972,0.20698994
1.5029854,2.0210588,-1.5586581,13,0,0,00:00.0,00:00.0,uploads\f2e6d795-3777-11f0-84b6-581122bb7f2c\20210509T200000+1000_REC_71.wav,False,0,0,0,0,0,0,0,0,0,0,0,0,insects,-6.029683,0.2796002,-0.8613158,0.80443347,0.48920146,0.09839802,0.097099006,0.35110492,0.18396242,0.18387455,0.25706074,0.33758464,0.23437673
1.1610873,1.8505926,-1.8246967,13,0,0,00:00.0,00:00.0,uploads\f2e6d795-3777-11f0-84b6-581122bb7f2c\20210509T200000+1000_REC_72.wav,False,0,0,0,0,0,0,0,0,0,0,0,0,insects,-6.0072284,0.3603502,-0.9293888,0.86345655,0.47514126,0.080152474,0.12173716,0.3957074,0.17580232,0.25614867,0.24563599,0.3518714,0.21500795
1.1153774,1.8284012,-1.8557261,13,0,0,00:00.0,00:00.0,uploads\f2e6d795-3777-11f0-84b6-581122bb7f2c\20210509T200000+1000_REC_73.wav,False,0,0,0,0,0,0,0,0,0,0,0,0,insects,-6.011531,0.3921306,-0.9369232,0.82516456,0.43282512,0.08690755,0.123371065,0.37549955,0.19563307,0.18897729,0.2603985,0.3861457,0.20508409
1.3450785,1.9430326,-1.7006832,13,0,0,00:00.0,00:00.0,uploads\f2e6d795-3777-11f0-84b6-581122bb7f2c\20210509T200000+1000_REC_74.wav,False,0,0,0,0,0,0,0,0,0,0,0,0,insects,-6.029473,0.26832765,-0.8298469,0.84903914,0.42232528,0.039800905,0.0953841,0.36890036,0.18683372,0.25516352,0.2875334,0.37901726,0.1941876
1.1566542,1.9531204,-1.5520066,13,0,0,00:00.0,00:00.0,uploads\f2e6d795-3777-11f0-84b6-581122bb7f2c\20210509T200000+1000_REC_75.wav,False,0,0,0,0,0,0,0,0,0,0,0,0,insects,-6.0010047,0.39593056,-0.9370605,0.8567648,0.49542966,0.053721946,0.1589551,0.3910998,0.16938376,0.2177654,0.24877368,0.42383823,0.2472478
1.4841595,2.0202577,-1.576376,13,0,0,00:00.0,00:00.0,uploads\f2e6d795-3777-11f0-84b6-581122bb7f2c\20210509T200000+1000_REC_76.wav,False,0,0,0,0,0,0,0,0,0,0,0,0,insects,-6.024645,0.33792388,-0.860039,0.84726316,0.4550945,0.11038342,0.12042908,0.3458118,0.21840778,0.19345345,0.27337027,0.33857745,0.2434019
1.4520662,2.0254807,-1.6253847,13,0,0,00:00.0,00:00.0,uploads\f2e6d795-3777-11f0-84b6-581122bb7f2c\20210509T200000+1000_REC_77.wav,False,0,0,0,0,0,0,0,0,0,0,0,0,insects,-6.0122304,0.35114127,-0.87656,0.8831917,0.51574916,0.1455449,0.14061889,0.37449265,0.20466104,0.19766727,0.24725446,0.35409755,0.26586118
1.4219121,2.0221367,-1.6211486,13,0,0,00:00.0,00:00.0,uploads\f2e6d795-3777-11f0-84b6-581122bb7f2c\20210509T200000+1000_REC_78.wav,False,0,0,0,0,0,0,0,0,0,0,0,0,insects,-6.008382,0.37061343,-0.8955421,0.8550669,0.52913374,0.10339769,0.16589323,0.36899483,0.19524027,0.2504389,0.22597653,0.3965431,0.28662926
1.5016502,2.0243034,-1.5307021,13,0,0,00:00.0,00:00.0,uploads\f2e6d795-3777-11f0-84b6-581122bb7f2c\20210509T200000+1000_REC_79.wav,False,0,0,0,0,0,0,0,0,0,0,0,0,insects,-6.024899,0.3172927,-0.8540084,0.83427805,0.5109296,0.067248516,0.13903612,0.35516152,0.19725801,0.18572755,0.2295731,0.3412773,0.25095892
1.4398046,2.0228903,-1.627272,13,0,0,00:00.0,00:00.0,uploads\f2e6d795-3777-11f0-84b6-581122bb7f2c\20210509T200000+1000_REC_80.wav,False,0,0,0,0,0,0,0,0,0,0,0,0,insects,-6.0129337,0.32500455,-0.8673735,0.86350083,0.5661802,0.140138,0.13947721,0.37169823,0.20564508,0.21438067,0.22952022,0.37218523,0.27405527
1.5057019,2.0255175,-1.546599,13,0,0,00:00.0,00:00.0,uploads\f2e6d795-3777-11f0-84b6-581122bb7f2c\20210509T200000+1000_REC_81.wav,False,0,0,0,0,0,0,0,0,0,0,0,0,insects,-5.9989877,0.2464371,-0.9277372,0.93713415,0.5463627,0.11055056,0.08724198,0.3639916,0.15644933,0.2167275,0.28944665,0.3017944,0.26122412
1.5152923,2.0269601,-1.5463886,13,0,0,00:00.0,00:00.0,uploads\f2e6d795-3777-11f0-84b6-581122bb7f2c\20210509T200000+1000_REC_82.wav,False,0,0,0,0,0,0,0,0,0,0,0,0,insects,-6.0181036,0.2844154,-0.88938856,0.8683902,0.50433165,0.101627834,0.105947025,0.32121158,0.16948415,0.19633093,0.30343875,0.29125038,0.23341684
1.4861169,2.0260575,-1.4978118,13,0,0,00:00.0,00:00.0,uploads\f2e6d795-3777-11f0-84b6-581122bb7f2c\20210509T200000+1000_REC_83.wav,True,0,0,0,0,1,0,0,0,0,0,0,0,insects,-6.0069423,0.3246831,-0.9259681,0.8459571,0.59296834,0.06915988,0.12518762,0.33293122,0.17389394,0.25850168,0.19808714,0.31146434,0.2564009
1.5210986,2.0140262,-1.5362661,13,0,0,00:00.0,00:00.0,uploads\f2e6d795-3777-11f0-84b6-581122bb7f2c\20210509T200000+1000_REC_84.wav,False,0,0,0,0,0,0,0,0,0,0,0,0,insects,-6.0410542,0.23522836,-0.81794226,0.778034,0.4620303,0.04401669,0.1262619,0.3405743,0.21668607,0.17485024,0.24325575,0.3321089,0.27075535
1.5016196,2.0211835,-1.5454389,13,0,0,00:00.0,00:00.0,uploads\f2e6d795-3777-11f0-84b6-581122bb7f2c\20210509T200000+1000_REC_85.wav,False,0,0,0,0,0,0,0,0,0,0,0,0,insects,-6.0223203,0.29988354,-0.86685854,0.8711943,0.44644287,0.042503178,0.107216805,0.36089578,0.19477762,0.20649673,0.28216526,0.30779138,0.22208646
1.535735,1.9954785,-1.5489609,13,0,0,00:00.0,00:00.0,uploads\f2e6d795-3777-11f0-84b6-581122bb7f2c\20210509T200000+1000_REC_86.wav,False,0,0,0,0,0,0,0,0,0,0,0,0,insects,-6.032394,0.23122877,-0.7932191,0.8634001,0.49490646,0.002992399,0.12638858,0.36525983,0.17958577,0.17798765,0.25320673,0.31365374,0.28576
0.8625692,2.0880558,-1.156055,13,0,0,00:00.0,00:00.0,uploads\f2e6d795-3777-11f0-84b6-581122bb7f2c\20210509T200000+1000_REC_87.wav,False,0,0,0,0,0,0,0,0,0,0,0,0,insects,-5.995093,0.2745355,-0.92224365,0.9557289,0.49264187,-0.01959036,0.17284998,0.44042864,0.1331518,0.18708916,0.31100368,0.327958,0.19887136
0.83834916,2.1029649,-1.1332107,13,0,0,00:00.0,00:00.0,uploads\f2e6d795-3777-11f0-84b6-581122bb7f2c\20210509T200000+1000_REC_88.wav,False,0,0,0,0,0,0,0,0,0,0,0,0,insects,-5.998202,0.24964683,-0.91045886,0.9426618,0.5054282,-0.031852603,0.15928791,0.4282489,0.13943648,0.16789551,0.3832553,0.27935967,0.1646823
0.8300994,2.0720928,-1.1694685,13,0,0,00:00.0,00:00.0,uploads\f2e6d795-3777-11f0-84b6-581122bb7f2c\20210509T200000+1000_REC_89.wav,False,0,0,0,0,0,0,0,0,0,0,0,0,insects,-6.0182104,0.2490438,-0.8462041,0.8556617,0.53137606,-0.079015575,0.22682653,0.42280972,0.14334731,0.17820607,0.2986466,0.2979002,0.19879541
0.85946375,2.0940814,-1.1468546,13,0,0,00:00.0,00:00.0,uploads\f2e6d795-3777-11f0-84b6-581122bb7f2c\20210509T200000+1000_REC_90.wav,False,0,0,0,0,0,0,0,0,0,0,0,0,insects,-5.999662,0.32547954,-0.88455987,0.93910927,0.49130806,-0.06262447,0.15790935,0.46138477,0.15342039,0.20069134,0.3216431,0.3085567,0.2378363
0.87742496,2.0873785,-1.1643175,13,0,0,00:00.0,00:00.0,uploads\f2e6d795-3777-11f0-84b6-581122bb7f2c\20210509T200000+1000_REC_91.wav,False,0,0,0,0,0,0,0,0,0,0,0,0,insects,-5.997406,0.25578034,-0.8916915,0.9842977,0.48605806,-0.047981486,0.19213203,0.42681444,0.16395508,0.22947326,0.27729538,0.32309604,0.19233026
0.8818293,2.0738044,-1.1839464,13,0,0,00:00.0,00:00.0,uploads\f2e6d795-3777-11f0-84b6-581122bb7f2c\20210509T200000+1000_REC_92.wav,False,0,0,0,0,0,0,0,0,0,0,0,0,insects,-5.998048,0.30599496,-0.9509195,0.9257113,0.4581216,0.0011730208,0.20308028,0.4059519,0.12693556,0.2160414,0.26016876,0.33088875,0.17473999
1.1535435,1.8386593,-1.8558292,13,0,0,00:00.0,00:00.0,uploads\f2e6d795-3777-11f0-84b6-581122bb7f2c\20210509T200000+1000_REC_93.wav,False,0,0,0,0,0,0,0,0,0,0,0,0,insects,-6.0151916,0.3148171,-0.8935019,0.8805338,0.40929586,0.07514009,0.10757522,0.39714998,0.19895615,0.22033058,0.21667315,0.37409738,0.26244596
1.5392438,2.0106287,-1.5164967,13,0,0,00:00.0,00:00.0,uploads\f2e6d795-3777-11f0-84b6-581122bb7f2c\20210509T200000+1000_REC_94.wav,False,0,0,0,0,0,0,0,0,0,0,0,0,insects,-6.021313,0.26283434,-0.84845525,0.8801111,0.51340705,0.0641311,0.13906023,0.36732095,0.18463887,0.17939666,0.26365688,0.32749346,0.24172013
1.0091605,2.0537043,-1.282121,13,0,0,00:00.0,00:00.0,uploads\f2e6d795-3777-11f0-84b6-581122bb7f2c\20210509T200000+1000_REC_96.wav,False,0,0,0,0,0,0,0,0,0,0,0,0,insects,-5.9838114,0.34845215,-0.95820487,0.9687134,0.5108979,-0.013095714,0.18450364,0.40675694,0.168309,0.27389354,0.25576103,0.34378648,0.25407133
1.0546058,2.0511305,-1.3109057,13,0,0,00:00.0,00:00.0,uploads\f2e6d795-3777-11f0-84b6-581122bb7f2c\20210509T200000+1000_REC_97.wav,False,0,0,0,0,0,0,0,0,0,0,0,0,insects,-6.0089407,0.46178672,-0.84305006,0.93734604,0.42509246,-0.020414336,0.19580612,0.4011743,0.21263486,0.28404364,0.22568405,0.3098424,0.18706623
1.4619386,2.0372767,-1.561425,13,0,0,00:00.0,00:00.0,uploads\f2e6d795-3777-11f0-84b6-581122bb7f2c\20210509T200000+1000_REC_98.wav,False,0,0,0,0,0,0,0,0,0,0,0,0,insects,-6.0234165,0.36230382,-0.80860317,0.8662101,0.53402925,0.043605156,0.19371584,0.3290533,0.19687435,0.21698673,0.17569502,0.37979174,0.29102266
1.4879872,2.0273051,-1.5556877,13,0,0,00:00.0,00:00.0,uploads\f2e6d795-3777-11f0-84b6-581122bb7f2c\20210509T200000+1000_REC_99.wav,False,0,0,0,0,0,0,0,0,0,0,0,0,insects,-6.0252643,0.2795416,-0.80447906,0.8905728,0.5140305,0.07371591,0.16699988,0.3441864,0.22666736,0.19455527,0.23552148,0.36392188,0.27125287
1.4425719,2.0275967,-1.6358799,13,0,0,00:00.0,00:00.0,uploads\f2e6d795-3777-11f0-84b6-581122bb7f2c\20210509T200000+1000_REC_100.wav,False,0,0,0,0,0,0,0,0,0,0,0,0,insects,-6.0174527,0.2948789,-0.81038886,0.9130012,0.5229364,0.12159331,0.1550667,0.41179565,0.18221764,0.21929976,0.2637361,0.36759079,0.27396336
1.4486778,2.0233605,-1.6279027,13,0,0,00:00.0,00:00.0,uploads\f2e6d795-3777-11f0-84b6-581122bb7f2c\20210509T200000+1000_REC_101.wav,False,0,0,0,0,0,0,0,0,0,0,0,0,insects,-6.022154,0.31330156,-0.83830965,0.8763822,0.48019755,0.1497686,0.16336048,0.40656358,0.22169414,0.16649851,0.28280103,0.32530412,0.22581765
1.4768064,2.03431,-1.5285078,13,0,0,00:00.0,00:00.0,uploads\f2e6d795-3777-11f0-84b6-581122bb7f2c\20210509T200000+1000_REC_102.wav,False,0,0,0,0,0,0,0,0,0,0,0,0,insects,-6.0255117,0.33359668,-0.83394057,0.842068,0.53128046,0.07527831,0.1414443,0.32959098,0.19050641,0.21990123,0.21805534,0.378065,0.20751566
0.86921626,2.0346024,-1.2405137,13,0,0,00:00.0,00:00.0,uploads\f2e6d795-3777-11f0-84b6-581122bb7f2c\20210509T200000+1000_REC_103.wav,False,0,0,0,0,0,0,0,0,0,0,0,0,insects,-5.9982915,0.31544617,-0.8900993,0.92046875,0.5795498,0.030358465,0.1734287,0.4144086,0.15748866,0.18525591,0.29906774,0.3959617,0.19599162
0.84614295,2.0721471,-1.1752803,13,0,0,00:00.0,00:00.0,uploads\f2e6d795-3777-11f0-84b6-581122bb7f2c\20210509T200000+1000_REC_104.wav,False,0,0,0,0,0,0,0,0,0,0,0,0,insects,-6.006232,0.21593824,-0.8943282,0.91174763,0.51843727,0.021215875,0.16532283,0.42804477,0.17782292,0.148423,0.31521392,0.33157304,0.21577077
0.9070007,2.0379393,-1.2352022,13,0,0,00:00.0,00:00.0,uploads\f2e6d795-3777-11f0-84b6-581122bb7f2c\20210509T200000+1000_REC_105.wav,False,0,0,0,0,0,0,0,0,0,0,0,0,insects,-5.9889393,0.31314754,-0.96826035,0.91478705,0.5778234,0.0131068,0.18637235,0.3833845,0.11851138,0.228328,0.21905354,0.36527577,0.21520056
0.86283964,2.0455709,-1.2116666,13,0,0,00:00.0,00:00.0,uploads\f2e6d795-3777-11f0-84b6-581122bb7f2c\20210509T200000+1000_REC_106.wav,False,0,0,0,0,0,0,0,0,0,0,0,0,insects,-5.9925838,0.25334337,-0.9519613,0.93469715,0.53465986,-0.0156001225,0.14894179,0.40544558,0.1535517,0.16870442,0.267287,0.35677367,0.2018781
0.8429343,2.0639744,-1.1863489,13,0,0,00:00.0,00:00.0,uploads\f2e6d795-3777-11f0-84b6-581122bb7f2c\20210509T200000+1000_REC_107.wav,False,0,0,0,0,0,0,0,0,0,0,0,0,insects,-6.0171285,0.21814801,-0.86990875,0.8937562,0.5023964,-0.0061467155,0.15479103,0.36338112,0.18934007,0.17347878,0.30046293,0.3033363,0.17326754
0.837581,2.0743082,-1.168052,13,0,0,00:00.0,00:00.0,uploads\f2e6d795-3777-11f0-84b6-581122bb7f2c\20210509T200000+1000_REC_108.wav,False,0,0,0,0,0,0,0,0,0,0,0,0,insects,-6.0054526,0.21987826,-0.8934898,0.9256741,0.5223266,-0.03605666,0.17964278,0.4027066,0.14172733,0.13612036,0.29651943,0.30749035,0.2145544
0.8243158,2.0846825,-1.1612672,13,0,0,00:00.0,00:00.0,uploads\f2e6d795-3777-11f0-84b6-581122bb7f2c\20210509T200000+1000_REC_109.wav,False,0,0,0,0,0,0,0,0,0,0,0,0,insects,-6.0011454,0.24713595,-0.91983974,0.8964585,0.543498,-0.06584758,0.19750139,0.40164366,0.14469093,0.15966196,0.2725087,0.35308945,0.19674985
0.83549255,2.0713542,-1.178266,13,0,0,00:00.0,00:00.0,uploads\f2e6d795-3777-11f0-84b6-581122bb7f2c\20210509T200000+1000_REC_110.wav,False,0,0,0,0,0,0,0,0,0,0,0,0,insects,-6.002502,0.25663462,-0.9140604,0.8811838,0.55219597,-0.08832095,0.19621304,0.38524672,0.119198635,0.1829214,0.2609286,0.3762276,0.18370156
0.8723594,2.0527372,-1.2079532,13,0,0,00:00.0,00:00.0,uploads\f2e6d795-3777-11f0-84b6-581122bb7f2c\20210509T200000+1000_REC_112.wav,False,0,0,0,0,0,0,0,0,0,0,0,0,insects,-5.997784,0.30759677,-0.8936652,0.95118976,0.5436346,0.004538874,0.19602844,0.407453,0.1216457,0.18476051,0.27690223,0.36483347,0.2157594
0.8677838,2.0786355,-1.1571789,13,0,0,00:00.0,00:00.0,uploads\f2e6d795-3777-11f0-84b6-581122bb7f2c\20210509T200000+1000_REC_113.wav,False,0,0,0,0,0,0,0,0,0,0,0,0,insects,-5.987837,0.30878642,-0.9134333,0.9864584,0.5471847,-0.025065674,0.2259545,0.44795674,0.13445684,0.16587764,0.2969532,0.32587248,0.15852872
0.85818195,2.1233032,-1.1149642,13,0,0,00:00.0,00:00.0,uploads\f2e6d795-3777-11f0-84b6-581122bb7f2c\20210509T200000+1000_REC_114.wav,False,0,0,0,0,0,0,0,0,0,0,0,0,insects,-5.993197,0.36771503,-0.84326977,0.9847238,0.57002515,-0.03839796,0.24450937,0.4816214,0.14072903,0.18702742,0.30592665,0.30672637,0.19094762
9.6327095,13.339685,0.7180137,14,0,0,00:00.0,00:00.0,uploads\f2e6d795-3777-11f0-84b6-581122bb7f2c\20210509T040000+1000_REC_122.wav,False,0,0,0,0,0,0,0,0,0,0,0,0,insects + vehicles (aircraft/cars),-6.0312376,0.42391792,-0.27338964,1.0112822,-0.050021242,-0.17119306,0.46074495,0.49872416,-0.26681274,0.20937562,0.41402337,-0.09978048,0.10373928
9.622486,13.349286,0.7249367,14,0,0,00:00.0,00:00.0,uploads\f2e6d795-3777-11f0-84b6-581122bb7f2c\20210509T200000+1000_REC_115.wav,False,0,0,0,0,0,0,0,0,0,0,0,0,insects + vehicles (aircraft/cars),-5.952959,0.48256832,-0.7222359,1.1818529,0.79269546,0.018523263,0.31054994,0.4821441,0.13182358,0.18924724,0.26787898,0.30839074,0.086524665
9.630398,13.330136,0.7109657,14,0,0,00:00.0,00:00.0,uploads\f2e6d795-3777-11f0-84b6-581122bb7f2c\20210509T200000+1000_REC_116.wav,False,0,0,0,0,0,0,0,0,0,0,0,0,insects + vehicles (aircraft/cars),-5.9734545,0.41243118,-0.72843623,1.1514801,0.68118584,0.009061569,0.2680949,0.53051376,0.10078945,0.092721485,0.30151564,0.20329203,0.092944205
9.574463,13.401854,0.77534854,14,0,0,00:00.0,00:00.0,uploads\f2e6d795-3777-11f0-84b6-581122bb7f2c\20210509T200000+1000_REC_117.wav,False,0,0,0,0,0,0,0,0,0,0,0,0,insects + vehicles (aircraft/cars),-5.9639187,0.5123356,-0.6044902,1.1920202,0.7891678,0.046960764,0.34838215,0.49127325,0.061632477,0.1284099,0.29278567,0.24312559,0.018943174
9.43418,13.553152,0.919883,14,0,0,00:00.0,00:00.0,uploads\f2e6d795-3777-11f0-84b6-581122bb7f2c\20210509T200000+1000_REC_118.wav,False,0,0,0,0,0,0,0,0,0,0,0,0,insects + vehicles (aircraft/cars),-5.9164906,0.73100644,-0.62701464,1.3403877,0.84301424,0.116535515,0.2693783,0.45304507,0.083925925,0.111035325,0.15626778,0.18800688,0.03897619
9.488477,13.495434,0.86570734,14,0,0,00:00.0,00:00.0,uploads\f2e6d795-3777-11f0-84b6-581122bb7f2c\20210509T200000+1000_REC_119.wav,False,0,0,0,0,0,0,0,0,0,0,0,0,insects + vehicles (aircraft/cars),-5.9546247,0.6289894,-0.7183127,1.2154996,0.71177816,0.0692622,0.23128383,0.45308974,0.09794595,0.113907814,0.16958459,0.21660784,0.06282728
9.4203415,13.5687685,0.93290824,14,0,0,00:00.0,00:00.0,uploads\f2e6d795-3777-11f0-84b6-581122bb7f2c\20210509T200000+1000_REC_120.wav,False,0,0,0,0,0,0,0,0,0,0,0,0,insects + vehicles (aircraft/cars),-5.954231,0.62080824,-0.56377447,1.2983469,0.74159586,0.19171077,0.26151046,0.4377593,0.1107974,0.049915995,0.21832404,0.181236,0.04860276
9.460432,13.526852,0.89312327,14,0,0,00:00.0,00:00.0,uploads\f2e6d795-3777-11f0-84b6-581122bb7f2c\20210509T200000+1000_REC_121.wav,False,0,0,0,0,0,0,0,0,0,0,0,0,insects + vehicles (aircraft/cars),-5.9946632,0.6278642,-0.32272065,1.1406292,0.843958,0.14313531,0.3138949,0.38217744,0.13946468,0.022430565,0.13109691,0.18288708,0.018924685
9.465933,13.520974,0.88771373,14,0,0,00:00.0,00:00.0,uploads\f2e6d795-3777-11f0-84b6-581122bb7f2c\20210509T200000+1000_REC_122.wav,False,0,0,0,0,0,0,0,0,0,0,0,0,insects + vehicles (aircraft/cars),-5.9946566,0.7510272,-0.2863093,1.1111102,0.80164534,0.11378639,0.322522,0.38612005,0.12235001,0.040947415,0.13984962,0.1878175,0.005426097
9.401702,13.589279,0.9518504,14,0,0,00:00.0,00:00.0,uploads\f2e6d795-3777-11f0-84b6-581122bb7f2c\20210509T200000+1000_REC_123.wav,False,0,0,0,0,0,0,0,0,0,0,0,0,insects + vehicles (aircraft/cars),-5.91683,0.8203556,-0.50800633,1.3259666,0.8685079,0.20187025,0.24925497,0.44743305,0.079965614,0.00745898,0.13398865,0.1837675,-0.06724751
9.402969,13.587684,0.9503689,14,0,0,00:00.0,00:00.0,uploads\f2e6d795-3777-11f0-84b6-581122bb7f2c\20210509T200000+1000_REC_124.wav,False,0,0,0,0,0,0,0,0,0,0,0,0,insects + vehicles (aircraft/cars),-5.928685,0.7861133,-0.422338,1.3350242,0.8531504,0.21521977,0.26037377,0.46361548,0.06227647,0.012814708,0.15327789,0.13146505,-0.022956863
9.493852,13.490364,0.8595569,14,0,0,00:00.0,00:00.0,uploads\f2e6d795-3777-11f0-84b6-581122bb7f2c\20210509T200000+1000_REC_125.wav,False,0,0,0,0,0,0,0,0,0,0,0,0,insects + vehicles (aircraft/cars),-5.9476905,0.70032203,-0.5912136,1.256672,0.75040275,0.06367943,0.27529594,0.49524018,0.0665595,0.07300836,0.16008079,0.21226965,0.0034256652
9.400749,13.589987,0.9525917,14,0,0,00:00.0,00:00.0,uploads\f2e6d795-3777-11f0-84b6-581122bb7f2c\20210509T200000+1000_REC_126.wav,True,0,0,0,0,1,0,0,0,0,1,0,0,insects + vehicles (aircraft/cars),-5.919066,0.7832215,-0.4774498,1.354036,0.86802137,0.22724389,0.26726505,0.42803523,0.036819093,0.02576849,0.1699085,0.15434854,-0.042072777
9.520701,13.462265,0.8320113,14,0,0,00:00.0,00:00.0,uploads\f2e6d795-3777-11f0-84b6-581122bb7f2c\20210509T200000+1000_REC_127.wav,False,0,0,0,0,0,0,0,0,0,0,0,0,insects + vehicles (aircraft/cars),-5.9714246,0.53480405,-0.60742587,1.1894449,0.762128,0.12959369,0.29386207,0.46307185,0.0587914,0.08682127,0.2500792,0.21966328,0.03929651
9.524116,13.457475,0.8282307,14,0,0,00:00.0,00:00.0,uploads\f2e6d795-3777-11f0-84b6-581122bb7f2c\20210509T200000+1000_REC_128.wav,False,0,0,0,0,0,0,0,0,0,0,0,0,insects + vehicles (aircraft/cars),-5.968918,0.5510218,-0.6256746,1.20224,0.73957723,0.07149349,0.2523552,0.47433975,0.12746257,0.075799085,0.22334132,0.24633633,0.055935342
9.402534,13.588228,0.9508259,14,0,0,00:00.0,00:00.0,uploads\f2e6d795-3777-11f0-84b6-581122bb7f2c\20210509T200000+1000_REC_129.wav,False,0,0,0,0,0,0,0,0,0,0,0,0,insects + vehicles (aircraft/cars),-5.9213715,0.7276034,-0.5587437,1.3601062,0.789482,0.22700375,0.2289429,0.49499235,0.10738875,0.012812427,0.22478293,0.18381268,-0.02208594
9.4991,13.486312,0.85456437,14,0,0,00:00.0,00:00.0,uploads\f2e6d795-3777-11f0-84b6-581122bb7f2c\20210509T200000+1000_REC_130.wav,True,0,0,0,0,1,0,0,0,0,1,0,0,insects + vehicles (aircraft/cars),-5.9403415,0.6466287,-0.5706901,1.2619554,0.8530272,0.08064061,0.30596486,0.47813982,0.051770013,0.11461565,0.2617012,0.19916241,0.0028070305
9.598696,13.372296,0.7490709,14,0,0,00:00.0,00:00.0,uploads\f2e6d795-3777-11f0-84b6-581122bb7f2c\20210509T200000+1000_REC_131.wav,False,0,0,0,0,0,0,0,0,0,0,0,0,insects + vehicles (aircraft/cars),-5.9625106,0.46058664,-0.6437802,1.248614,0.6554813,0.120379485,0.33185518,0.54488516,0.14981842,0.049268264,0.33656898,0.18274294,0.03388714
9.499207,13.484941,0.85378593,14,0,0,00:00.0,00:00.0,uploads\f2e6d795-3777-11f0-84b6-581122bb7f2c\20210509T200000+1000_REC_132.wav,False,0,0,0,0,0,0,0,0,0,0,0,0,insects + vehicles (aircraft/cars),-5.9353323,0.6208539,-0.5944711,1.2836839,0.81563765,0.12207898,0.34704787,0.51619035,0.056125104,0.081297405,0.28459215,0.2085241,0.010035504
9.484044,13.501794,0.8698411,14,0,0,00:00.0,00:00.0,uploads\f2e6d795-3777-11f0-84b6-581122bb7f2c\20210509T200000+1000_REC_133.wav,False,0,0,0,0,0,0,0,0,0,0,0,0,insects + vehicles (aircraft/cars),-5.9476438,0.6758223,-0.44538367,1.243311,0.8549059,0.130607,0.39041185,0.5080727,0.07553019,0.018355986,0.23750964,0.14447516,-0.05028051
9.534283,13.447965,0.818119,14,0,0,00:00.0,00:00.0,uploads\f2e6d795-3777-11f0-84b6-581122bb7f2c\20210509T200000+1000_REC_134.wav,False,0,0,0,0,0,0,0,0,0,0,0,0,insects + vehicles (aircraft/cars),-5.9641023,0.6087304,-0.6326395,1.1849549,0.7423386,0.053488787,0.319502,0.46580055,0.08568733,0.07949755,0.25223106,0.1958111,-0.01600818
9.57625,13.39707,0.7717649,14,0,0,00:00.0,00:00.0,uploads\f2e6d795-3777-11f0-84b6-581122bb7f2c\20210509T200000+1000_REC_135.wav,False,0,0,0,0,0,0,0,0,0,0,0,0,insects + vehicles (aircraft/cars),-5.984354,0.49235037,-0.6267659,1.1124284,0.7292896,0.040165614,0.3042439,0.49734744,0.113245726,0.067152105,0.31921047,0.1829309,0.014759972
9.569842,13.406324,0.77974534,14,0,0,00:00.0,00:00.0,uploads\f2e6d795-3777-11f0-84b6-581122bb7f2c\20210509T200000+1000_REC_136.wav,False,0,0,0,0,0,0,0,0,0,0,0,0,insects + vehicles (aircraft/cars),-5.9870462,0.45248026,-0.5505467,1.1589509,0.75632554,0.069787025,0.28221288,0.4653082,0.07268774,0.025579523,0.32465172,0.13632447,-0.0050978977
9.568184,13.408652,0.7816449,14,0,0,00:00.0,00:00.0,uploads\f2e6d795-3777-11f0-84b6-581122bb7f2c\20210509T200000+1000_REC_137.wav,False,0,0,0,0,0,0,0,0,0,0,0,0,insects + vehicles (aircraft/cars),-5.9620266,0.47527993,-0.59570175,1.1888801,0.81260604,0.06484533,0.34312212,0.5237727,0.07520051,0.07461801,0.34450573,0.19361266,-0.0144094145
9.624842,13.345942,0.72266555,14,0,0,00:00.0,00:00.0,uploads\f2e6d795-3777-11f0-84b6-581122bb7f2c\20210509T200000+1000_REC_138.wav,False,0,0,0,0,0,0,0,0,0,0,0,0,insects + vehicles (aircraft/cars),-5.96241,0.5274967,-0.7068523,1.1466339,0.7436573,0.04662474,0.3375988,0.4894072,0.0703095,0.16333735,0.2891746,0.3026331,0.086218685
9.641306,13.31776,0.698961,14,0,0,00:00.0,00:00.0,uploads\f2e6d795-3777-11f0-84b6-581122bb7f2c\20210509T200000+1000_REC_139.wav,False,0,0,0,0,0,0,0,0,0,0,0,0,insects + vehicles (aircraft/cars),-5.9708557,0.43106315,-0.6956081,1.1747159,0.72214574,0.056788214,0.26597872,0.4839764,0.07133227,0.097461976,0.34484428,0.2029311,0.07012945
9.637173,13.325722,0.70585495,14,0,0,00:00.0,00:00.0,uploads\f2e6d795-3777-11f0-84b6-581122bb7f2c\20210509T200000+1000_REC_140.wav,False,0,0,0,0,0,0,0,0,0,0,0,0,insects + vehicles (aircraft/cars),-5.9707184,0.39810055,-0.7286822,1.1522025,0.6668294,0.09786968,0.3174765,0.5281193,0.11126191,0.09301463,0.38160086,0.24827886,0.08608633
9.626728,13.338592,0.7173137,14,0,0,00:00.0,00:00.0,uploads\f2e6d795-3777-11f0-84b6-581122bb7f2c\20210509T200000+1000_REC_141.wav,True,0,0,0,0,1,0,0,0,0,1,0,0,insects + vehicles (aircraft/cars),-5.9671183,0.44899514,-0.7093027,1.1435763,0.74016565,0.030445524,0.32692054,0.52810913,0.06600309,0.075532846,0.30903035,0.23552425,0.07701556
9.626554,13.339171,0.71774274,14,0,0,00:00.0,00:00.0,uploads\f2e6d795-3777-11f0-84b6-581122bb7f2c\20210509T200000+1000_REC_142.wav,False,0,0,0,0,0,0,0,0,0,0,0,0,insects + vehicles (aircraft/cars),-5.978249,0.4884488,-0.7201032,1.1293266,0.66662896,-0.017395776,0.2576579,0.47420877,0.08286469,0.1412657,0.2875403,0.24325939,0.06398136
-1.1502035,7.4127674,3.9610896,15,0,0,00:00.0,00:00.0,uploads\f2e6d795-3777-11f0-84b6-581122bb7f2c\20210509T060000+1000_REC_223.wav,False,0,0,0,0,0,0,0,0,0,0,0,0,insects,-6.1094294,0.42731234,-0.23137937,0.65917826,-0.00017385869,-0.11286279,0.34128362,0.15929607,0.11806244,0.28936547,0.057889674,0.11193718,0.3874813
-0.34554526,6.786049,3.3516195,15,0,0,00:00.0,00:00.0,uploads\f2e6d795-3777-11f0-84b6-581122bb7f2c\20210509T180000+1000_REC_53.wav,False,0,0,0,0,0,0,0,0,0,0,0,0,insects,-5.9442863,0.33628243,-0.98291737,0.92854244,0.14782506,-0.11474769,0.025039816,0.41827238,-0.39028224,0.45248488,0.5425268,-0.14133476,0.29851237
-0.3429741,6.783709,3.349335,15,0,0,00:00.0,00:00.0,uploads\f2e6d795-3777-11f0-84b6-581122bb7f2c\20210509T180000+1000_REC_54.wav,False,0,0,0,0,0,0,0,0,0,0,0,0,insects,-5.940222,0.32739162,-1.035065,0.8961739,0.18196505,-0.026068492,0.022282755,0.4134805,-0.33789536,0.42899984,0.5477358,-0.23757754,0.35541674
-0.31691843,6.7594132,3.3263874,15,0,0,00:00.0,00:00.0,uploads\f2e6d795-3777-11f0-84b6-581122bb7f2c\20210509T180000+1000_REC_55.wav,False,0,0,0,0,0,0,0,0,0,0,0,0,insects,-5.933264,0.3754655,-1.0911072,0.8855074,0.2588639,-0.042069655,0.008932508,0.3728032,-0.3485397,0.42490038,0.5462475,-0.17542301,0.30385473
-0.3517025,6.796564,3.3611915,15,0,0,00:00.0,00:00.0,uploads\f2e6d795-3777-11f0-84b6-581122bb7f2c\20210509T180000+1000_REC_60.wav,False,0,0,0,0,0,0,0,0,0,0,0,0,insects,-5.9353075,0.24075766,-1.0100664,0.86099356,0.2743375,-0.045088626,0.040130142,0.48805875,-0.4650197,0.53995806,0.4299431,-0.2605476,0.25897333
-0.36263442,6.7988687,3.36265,15,0,0,00:00.0,00:00.0,uploads\f2e6d795-3777-11f0-84b6-581122bb7f2c\20210509T180000+1000_REC_61.wav,False,0,0,0,0,0,0,0,0,0,0,0,0,insects,-5.9464493,0.24713972,-1.0368242,0.8662227,0.29297534,-0.06841763,0.10372918,0.36726534,-0.33242968,0.42912355,0.53488433,-0.25948763,0.2973074
-0.5100166,6.890729,3.435242,15,0,0,00:00.0,00:00.0,uploads\f2e6d795-3777-11f0-84b6-581122bb7f2c\20210509T180000+1000_REC_62.wav,False,0,0,0,0,0,0,0,0,0,0,0,0,insects,-5.948336,0.16752805,-0.97578096,0.8887326,0.28303885,-0.02481139,0.03975925,0.37389222,-0.21771325,0.42000055,0.5817115,-0.4031276,0.37846753
-0.5075966,6.9024296,3.4499493,15,0,0,00:00.0,00:00.0,uploads\f2e6d795-3777-11f0-84b6-581122bb7f2c\20210509T180000+1000_REC_63.wav,False,0,0,0,0,0,0,0,0,0,0,0,0,insects,-5.953409,0.16230163,-0.9679793,0.8929773,0.26732165,0.015952403,0.049256388,0.34303302,-0.2897539,0.3812759,0.58613634,-0.34684905,0.36721015
-0.39158565,6.8249006,3.387195,15,0,0,00:00.0,00:00.0,uploads\f2e6d795-3777-11f0-84b6-581122bb7f2c\20210509T180000+1000_REC_64.wav,False,0,0,0,0,0,0,0,0,0,0,0,0,insects,-5.9423738,0.17370477,-1.0212352,0.91589546,0.27869862,-0.019079184,0.16055115,0.402319,-0.34408543,0.44443858,0.57358176,-0.23729818,0.31125754
-0.8263834,7.172054,3.7151995,15,0,0,00:00.0,00:00.0,uploads\f2e6d795-3777-11f0-84b6-581122bb7f2c\20210509T180000+1000_REC_65.wav,False,0,0,0,0,0,0,0,0,0,0,0,0,insects,-5.9845424,0.16255625,-0.8938231,0.7881413,0.31337044,-0.05900106,0.22635056,0.34790742,-0.3329471,0.37855867,0.5621079,-0.22341771,0.3181401
-0.50578797,6.907759,3.4561777,15,0,0,00:00.0,00:00.0,uploads\f2e6d795-3777-11f0-84b6-581122bb7f2c\20210509T180000+1000_REC_66.wav,False,0,0,0,0,0,0,0,0,0,0,0,0,insects,-5.9548707,0.14322256,-0.97595066,0.84899604,0.26629788,-0.0019258814,0.13315648,0.39450243,-0.30182397,0.4070695,0.60864496,-0.3259803,0.34380662
-0.38475752,6.8191605,3.3819826,15,0,0,00:00.0,00:00.0,uploads\f2e6d795-3777-11f0-84b6-581122bb7f2c\20210509T180000+1000_REC_67.wav,False,0,0,0,0,0,0,0,0,0,0,0,0,insects,-5.9485273,0.13243584,-0.96157455,0.8973699,0.35258493,-0.045663558,0.13260463,0.405142,-0.34955406,0.4973225,0.5345011,-0.29739267,0.29103038
-0.47927085,6.8917513,3.4466388,15,0,0,00:00.0,00:00.0,uploads\f2e6d795-3777-11f0-84b6-581122bb7f2c\20210509T180000+1000_REC_68.wav,False,0,0,0,0,0,0,0,0,0,0,0,0,insects,-5.954707,0.15095729,-0.9921875,0.8521029,0.32089263,-0.03513385,0.16086236,0.36327302,-0.30294123,0.4304015,0.5710514,-0.29500306,0.33669072
-0.8116086,7.1560936,3.6977172,15,0,0,00:00.0,00:00.0,uploads\f2e6d795-3777-11f0-84b6-581122bb7f2c\20210509T180000+1000_REC_69.wav,False,0,0,0,0,0,0,0,0,0,0,0,0,insects,-5.972135,0.109500125,-0.9189825,0.83947587,0.35138434,-0.042664625,0.18158509,0.3495036,-0.3112416,0.39655185,0.5465923,-0.2824262,0.3234404
-0.97349757,7.2773323,3.8144195,15,0,0,00:00.0,00:00.0,uploads\f2e6d795-3777-11f0-84b6-581122bb7f2c\20210509T180000+1000_REC_70.wav,False,0,0,0,0,0,0,0,0,0,0,0,0,insects,-5.9683084,0.17822468,-0.94353384,0.84179676,0.33504763,-0.05064989,0.21169645,0.29623166,-0.3107842,0.43156952,0.5120971,-0.3054041,0.31348094
-0.40713233,6.835405,3.3965602,15,0,0,00:00.0,00:00.0,uploads\f2e6d795-3777-11f0-84b6-581122bb7f2c\20210509T180000+1000_REC_71.wav,True,0,0,0,0,1,0,0,0,0,0,0,0,insects,-5.9456744,0.20316026,-1.0302743,0.8674975,0.3059286,-0.033047542,0.14116439,0.35193658,-0.29887018,0.47037995,0.56341404,-0.2944936,0.32149822
-0.66326207,7.0470505,3.5896077,15,0,0,00:00.0,00:00.0,uploads\f2e6d795-3777-11f0-84b6-581122bb7f2c\20210509T180000+1000_REC_72.wav,False,0,0,0,0,0,0,0,0,0,0,0,0,insects,-5.966051,0.12023516,-0.949478,0.8886104,0.3169034,-0.031025466,0.14942679,0.33042666,-0.23773311,0.39155725,0.5754236,-0.2850172,0.33944243
-0.40600565,6.834603,3.3958457,15,0,0,00:00.0,00:00.0,uploads\f2e6d795-3777-11f0-84b6-581122bb7f2c\20210509T180000+1000_REC_73.wav,False,0,0,0,0,0,0,0,0,0,0,0,0,insects,-5.940119,0.16824482,-1.034698,0.8760096,0.32953218,-0.044668175,0.16160253,0.3655785,-0.3197761,0.47113857,0.5499395,-0.30718318,0.34657735
-0.64376295,7.026254,3.5718029,15,0,0,00:00.0,00:00.0,uploads\f2e6d795-3777-11f0-84b6-581122bb7f2c\20210509T180000+1000_REC_74.wav,False,0,0,0,0,0,0,0,0,0,0,0,0,insects,-5.9694586,0.06531838,-0.94802195,0.8278007,0.31196567,0.04631573,0.118332885,0.34899902,-0.2832417,0.42498195,0.56351405,-0.30304924,0.31496534
-0.4134988,6.8405023,3.4012113,15,0,0,00:00.0,00:00.0,uploads\f2e6d795-3777-11f0-84b6-581122bb7f2c\20210509T180000+1000_REC_75.wav,False,0,0,0,0,0,0,0,0,0,0,0,0,insects,-5.9435186,0.18737577,-1.0420854,0.88063467,0.35195133,-0.03266381,0.1587014,0.33233887,-0.30764905,0.45321277,0.52852595,-0.29656506,0.3191293
-0.45474973,6.872835,3.4308622,15,0,0,00:00.0,00:00.0,uploads\f2e6d795-3777-11f0-84b6-581122bb7f2c\20210509T180000+1000_REC_76.wav,False,0,0,0,0,0,0,0,0,0,0,0,0,insects,-5.9473705,0.14444654,-1.026745,0.915491,0.33377293,-0.03015206,0.15834373,0.33444777,-0.2856482,0.41574213,0.53096735,-0.2753213,0.32971904
-0.5063922,6.914333,3.4679542,15,0,0,00:00.0,00:00.0,uploads\f2e6d795-3777-11f0-84b6-581122bb7f2c\20210509T180000+1000_REC_77.wav,False,0,0,0,0,0,0,0,0,0,0,0,0,insects,-5.9584017,0.14704381,-0.9820997,0.86782104,0.3129534,-0.02707128,0.14674313,0.32513833,-0.27602565,0.4426755,0.55937004,-0.28769076,0.36114082
-0.52679586,6.9250164,3.4728737,15,0,0,00:00.0,00:00.0,uploads\f2e6d795-3777-11f0-84b6-581122bb7f2c\20210509T180000+1000_REC_79.wav,False,0,0,0,0,0,0,0,0,0,0,0,0,insects,-5.9493613,0.14283106,-0.99642915,0.9295088,0.27175668,0.04027723,0.14116201,0.35823298,-0.27010554,0.37574095,0.5932579,-0.3116063,0.3470938
-0.76348895,7.125636,3.666138,15,0,0,00:00.0,00:00.0,uploads\f2e6d795-3777-11f0-84b6-581122bb7f2c\20210509T180000+1000_REC_80.wav,False,0,0,0,0,0,0,0,0,0,0,0,0,insects,-5.9743605,0.102915786,-0.90824085,0.8608845,0.3564496,-0.04732416,0.20187165,0.37091053,-0.26605526,0.38504973,0.5659129,-0.26557145,0.32039094
-0.7323632,7.1035643,3.64379,15,0,0,00:00.0,00:00.0,uploads\f2e6d795-3777-11f0-84b6-581122bb7f2c\20210509T180000+1000_REC_82.wav,False,0,0,0,0,0,0,0,0,0,0,0,0,insects,-5.9704514,0.003595876,-0.8940327,0.9098211,0.3140628,-0.01738663,0.15979075,0.41686338,-0.27488628,0.39638975,0.5801529,-0.2292841,0.31261542
-0.6991932,7.0826964,3.6210063,15,0,0,00:00.0,00:00.0,uploads\f2e6d795-3777-11f0-84b6-581122bb7f2c\20210509T180000+1000_REC_83.wav,False,0,0,0,0,0,0,0,0,0,0,0,0,insects,-5.978293,0.050106827,-0.9260252,0.88215274,0.3237637,-7.679734e-06,0.24288212,0.359188,-0.17662273,0.37099224,0.5705774,-0.23908111,0.30792856
-0.70599633,7.0864277,3.6251755,15,0,0,00:00.0,00:00.0,uploads\f2e6d795-3777-11f0-84b6-581122bb7f2c\20210509T180000+1000_REC_84.wav,False,0,0,0,0,0,0,0,0,0,0,0,0,insects,-5.96678,0.098658346,-0.96302986,0.9053583,0.31143904,0.0016878254,0.21950854,0.32823306,-0.24684192,0.39507568,0.56081694,-0.21244624,0.36072314
-0.6839555,7.0693197,3.6078131,15,0,0,00:00.0,00:00.0,uploads\f2e6d795-3777-11f0-84b6-581122bb7f2c\20210509T180000+1000_REC_85.wav,False,0,0,0,0,0,0,0,0,0,0,0,0,insects,-5.968725,0.07539612,-0.9581972,0.9406134,0.22305442,0.004152707,0.23538674,0.36509958,-0.19398867,0.3539013,0.56613237,-0.226723,0.28670326
-0.6948557,7.0776258,3.616124,15,0,0,00:00.0,00:00.0,uploads\f2e6d795-3777-11f0-84b6-581122bb7f2c\20210509T180000+1000_REC_86.wav,False,0,0,0,0,0,0,0,0,0,0,0,0,insects,-5.979617,0.1023107,-0.92856187,0.8887378,0.3076134,-0.054009315,0.27189124,0.3669265,-0.19020995,0.39741617,0.54070926,-0.18992192,0.28148234
-0.68776387,7.0719743,3.6105695,15,0,0,00:00.0,00:00.0,uploads\f2e6d795-3777-11f0-84b6-581122bb7f2c\20210509T180000+1000_REC_87.wav,False,0,0,0,0,0,0,0,0,0,0,0,0,insects,-5.9610686,0.08034069,-0.9638672,0.9394364,0.29811427,-0.019340457,0.18753245,0.36112344,-0.22461987,0.3916428,0.58778036,-0.23372859,0.30673823
-0.70078385,7.081467,3.6201682,15,0,0,00:00.0,00:00.0,uploads\f2e6d795-3777-11f0-84b6-581122bb7f2c\20210509T180000+1000_REC_88.wav,True,0,1,0,0,1,0,0,0,0,0,0,0,insects,-5.9637,0.092147164,-0.94976246,0.93029165,0.345458,-0.01174204,0.20834605,0.3258985,-0.24757883,0.40623543,0.57472265,-0.23306565,0.30818233
-0.7335484,7.10557,3.6444829,15,0,0,00:00.0,00:00.0,uploads\f2e6d795-3777-11f0-84b6-581122bb7f2c\20210509T180000+1000_REC_89.wav,False,0,0,0,0,0,0,0,0,0,0,0,0,insects,-5.989244,0.031888057,-0.87066925,0.915979,0.3475806,-0.0024462224,0.26031378,0.3091535,-0.20207794,0.3751371,0.53507894,-0.17528161,0.26246774
-0.89834875,7.2196274,3.76404,15,0,0,00:00.0,00:00.0,uploads\f2e6d795-3777-11f0-84b6-581122bb7f2c\20210509T180000+1000_REC_90.wav,False,0,0,0,0,0,0,0,0,0,0,0,0,insects,-5.993028,0.06318781,-0.8657616,0.8358354,0.3556077,-0.03689768,0.27771598,0.30068403,-0.24894187,0.37324867,0.5413402,-0.2012877,0.3017668
-0.9844065,7.283404,3.822938,15,0,0,00:00.0,00:00.0,uploads\f2e6d795-3777-11f0-84b6-581122bb7f2c\20210509T180000+1000_REC_91.wav,False,0,0,0,0,0,0,0,0,0,0,0,0,insects,-5.9875207,0.06865154,-0.88641095,0.8189826,0.359865,-0.016152412,0.2558742,0.3252262,-0.2234322,0.43086237,0.5340296,-0.2534266,0.3327317
-0.9262707,7.2420416,3.782082,15,0,0,00:00.0,00:00.0,uploads\f2e6d795-3777-11f0-84b6-581122bb7f2c\20210509T180000+1000_REC_92.wav,False,0,0,0,0,0,0,0,0,0,0,0,0,insects,-5.984177,0.12628911,-0.8965855,0.8105457,0.31966612,-0.04009501,0.23939064,0.33988604,-0.26821947,0.43292263,0.53720903,-0.26268122,0.31001872
-1.0188057,7.3089147,3.8505266,15,0,0,00:00.0,00:00.0,uploads\f2e6d795-3777-11f0-84b6-581122bb7f2c\20210509T180000+1000_REC_93.wav,False,0,0,0,0,0,0,0,0,0,0,0,0,insects,-5.99178,0.06916912,-0.8448496,0.8167164,0.34326306,-0.053638067,0.26310292,0.3112493,-0.28169692,0.42846447,0.52672064,-0.24742849,0.3107101
-0.9598242,7.258074,3.7931294,15,0,0,00:00.0,00:00.0,uploads\f2e6d795-3777-11f0-84b6-581122bb7f2c\20210509T180000+1000_REC_95.wav,False,0,0,0,0,0,0,0,0,0,0,0,0,insects,-5.970204,0.0851497,-0.8832897,0.8578104,0.3570253,-0.046591528,0.2615782,0.33935753,-0.3041895,0.46004924,0.5606133,-0.29869467,0.35336486
-0.95006335,7.2447176,3.7791324,15,0,0,00:00.0,00:00.0,uploads\f2e6d795-3777-11f0-84b6-581122bb7f2c\20210509T180000+1000_REC_96.wav,False,0,0,0,0,0,0,0,0,0,0,0,0,insects,-5.977545,0.035254728,-0.8707401,0.8474534,0.34927994,0.013769149,0.22243181,0.29360014,-0.2604719,0.41276154,0.57874656,-0.33116725,0.36258852
-1.0588753,7.3388085,3.874586,15,0,0,00:00.0,00:00.0,uploads\f2e6d795-3777-11f0-84b6-581122bb7f2c\20210509T180000+1000_REC_97.wav,False,0,0,0,0,0,0,0,0,0,0,0,0,insects,-5.978589,0.081663765,-0.88346606,0.82121027,0.36614475,-0.080911346,0.24132912,0.30269754,-0.29463756,0.4797946,0.5064846,-0.27031618,0.3621904
-0.52628994,6.9267807,3.4752796,15,0,0,00:00.0,00:00.0,uploads\f2e6d795-3777-11f0-84b6-581122bb7f2c\20210509T180000+1000_REC_98.wav,False,0,0,0,0,0,0,0,0,0,0,0,0,insects,-5.9524965,0.08820074,-0.9459549,0.8864373,0.3203025,0.020799683,0.21704024,0.3528967,-0.3154865,0.3935976,0.5984159,-0.36657107,0.36701137
-1.213054,7.4397216,3.985229,15,0,0,00:00.0,00:00.0,uploads\f2e6d795-3777-11f0-84b6-581122bb7f2c\20210509T180000+1000_REC_99.wav,False,0,0,0,0,0,0,0,0,0,0,0,0,insects,-5.9967585,0.08695199,-0.83369666,0.7771406,0.3553432,-0.06651113,0.27626216,0.31095806,-0.24505213,0.45040774,0.5107085,-0.2685466,0.35366237
-0.92619604,7.200638,3.7304742,15,0,0,00:00.0,00:00.0,uploads\f2e6d795-3777-11f0-84b6-581122bb7f2c\20210509T180000+1000_REC_100.wav,False,0,0,0,0,0,0,0,0,0,0,0,0,insects,-5.9699173,0.06676295,-0.8496404,0.8331845,0.263723,0.03681979,0.29419222,0.24783775,-0.3440518,0.4970731,0.60270226,-0.38307592,0.33063078
-1.0068474,7.2994914,3.8355203,15,0,0,00:00.0,00:00.0,uploads\f2e6d795-3777-11f0-84b6-581122bb7f2c\20210509T180000+1000_REC_101.wav,False,0,0,0,0,0,0,0,0,0,0,0,0,insects,-5.9720926,0.06335832,-0.94272435,0.811886,0.3646183,-0.03749103,0.2573484,0.31886208,-0.2640605,0.43715897,0.5303853,-0.28058577,0.3613203
-0.78660303,7.1424665,3.6835194,15,0,0,00:00.0,00:00.0,uploads\f2e6d795-3777-11f0-84b6-581122bb7f2c\20210509T180000+1000_REC_102.wav,False,0,0,0,0,0,0,0,0,0,0,0,0,insects,-5.979892,0.044473916,-0.89311534,0.85111284,0.31518713,-0.03376245,0.2605075,0.3596679,-0.2765728,0.3442179,0.5625893,-0.24576828,0.34951362
-1.0005848,7.2956142,3.8317902,15,0,0,00:00.0,00:00.0,uploads\f2e6d795-3777-11f0-84b6-581122bb7f2c\20210509T180000+1000_REC_103.wav,False,0,0,0,0,0,0,0,0,0,0,0,0,insects,-5.9530144,0.08567746,-1.020516,0.85658836,0.38891855,-0.06042275,0.25535026,0.30241427,-0.29274765,0.43638194,0.5123801,-0.25184336,0.35370612
-0.47961113,6.8976064,3.4457934,15,0,0,00:00.0,00:00.0,uploads\f2e6d795-3777-11f0-84b6-581122bb7f2c\20210509T180000+1000_REC_104.wav,True,0,0,0,0,1,0,0,0,0,0,0,0,insects,-5.93954,0.009838407,-0.969441,0.91350377,0.24204984,0.019789722,0.1985209,0.42876768,-0.36710078,0.40663725,0.6532455,-0.31106466,0.30705065
-1.0349164,7.3210673,3.856593,15,0,0,00:00.0,00:00.0,uploads\f2e6d795-3777-11f0-84b6-581122bb7f2c\20210509T180000+1000_REC_105.wav,False,0,0,0,0,0,0,0,0,0,0,0,0,insects,-5.969338,0.08331502,-0.9500573,0.8216673,0.4064083,-0.03381013,0.20721303,0.33901674,-0.283687,0.45489097,0.4598376,-0.2968414,0.3503589
-1.7024913,7.71068,4.259675,15,0,0,00:00.0,00:00.0,uploads\f2e6d795-3777-11f0-84b6-581122bb7f2c\20210509T180000+1000_REC_106.wav,False,0,0,0,0,0,0,0,0,0,0,0,0,insects,-5.987372,0.030378813,-0.8995358,0.78397495,0.3905508,-0.077004075,0.22680788,0.3142961,-0.23698859,0.41317582,0.4942363,-0.23730455,0.37957463
-1.7112632,7.7171245,4.270431,15,0,0,00:00.0,00:00.0,uploads\f2e6d795-3777-11f0-84b6-581122bb7f2c\20210509T180000+1000_REC_107.wav,False,0,0,0,0,0,0,0,0,0,0,0,0,insects,-5.989657,-0.009053639,-0.8923528,0.7792775,0.4254434,-0.04289972,0.2257737,0.30732065,-0.212064,0.3965714,0.4904402,-0.25805464,0.36507696
-1.696081,7.7053638,4.2550206,15,0,0,00:00.0,00:00.0,uploads\f2e6d795-3777-11f0-84b6-581122bb7f2c\20210509T180000+1000_REC_108.wav,False,0,0,0,0,0,0,0,0,0,0,0,0,insects,-5.9901905,0.0049793744,-0.87598306,0.7749988,0.41852778,-0.06909003,0.18676682,0.34432468,-0.23064254,0.41052684,0.46546957,-0.27017647,0.37662622
-1.0240738,7.31366,3.8494565,15,0,0,00:00.0,00:00.0,uploads\f2e6d795-3777-11f0-84b6-581122bb7f2c\20210509T180000+1000_REC_109.wav,False,0,0,0,0,0,0,0,0,0,0,0,0,insects,-5.9613795,0.07814649,-1.002529,0.79824674,0.37138918,-0.10998972,0.23204793,0.3134401,-0.21784286,0.48125273,0.5072383,-0.29866365,0.34654537
-1.5896195,7.707779,4.234593,15,0,0,00:00.0,00:00.0,uploads\f2e6d795-3777-11f0-84b6-581122bb7f2c\20210509T180000+1000_REC_110.wav,False,0,0,0,0,0,0,0,0,0,0,0,0,insects,-5.9818535,-0.0045783687,-0.8778393,0.76689446,0.4162897,-0.09548741,0.22596343,0.35043147,-0.28415284,0.48347571,0.49849856,-0.26377952,0.3420138
-1.8854257,7.804548,4.3434887,15,0,0,00:00.0,00:00.0,uploads\f2e6d795-3777-11f0-84b6-581122bb7f2c\20210509T180000+1000_REC_111.wav,False,0,0,0,0,0,0,0,0,0,0,0,0,insects,-6.0184913,-0.091075346,-0.7129278,0.7559404,0.3807617,-0.044126466,0.22194217,0.32384142,-0.2214206,0.39412045,0.5102828,-0.2537902,0.32206962
-1.7239782,7.7214975,4.263327,15,0,0,00:00.0,00:00.0,uploads\f2e6d795-3777-11f0-84b6-581122bb7f2c\20210509T180000+1000_REC_112.wav,False,0,0,0,0,0,0,0,0,0,0,0,0,insects,-5.994137,-0.032899637,-0.8436202,0.771866,0.40368736,-0.0713289,0.23824605,0.31643453,-0.23154067,0.4213664,0.49503174,-0.27383992,0.35323223
-1.7551751,7.7280025,4.2751365,15,0,0,00:00.0,00:00.0,uploads\f2e6d795-3777-11f0-84b6-581122bb7f2c\20210509T180000+1000_REC_113.wav,False,0,0,0,0,0,0,0,0,0,0,0,0,insects,-6.0024095,-0.08098435,-0.78405565,0.7970211,0.33389616,-0.05195155,0.25195226,0.334735,-0.21849026,0.37903652,0.52165663,-0.2826199,0.3398101
-1.7111083,7.7963386,4.291016,15,0,0,00:00.0,00:00.0,uploads\f2e6d795-3777-11f0-84b6-581122bb7f2c\20210509T180000+1000_REC_114.wav,False,0,0,0,0,0,0,0,0,0,0,0,0,insects,-5.994475,-0.018049527,-0.8437746,0.7514513,0.39049077,-0.10442732,0.26084846,0.31073445,-0.2641189,0.4720585,0.4556399,-0.2540632,0.3483924
-2.0987647,7.869669,4.3721232,15,0,0,00:00.0,00:00.0,uploads\f2e6d795-3777-11f0-84b6-581122bb7f2c\20210509T180000+1000_REC_115.wav,True,0,0,0,0,1,0,0,0,0,0,0,0,insects,-6.007158,-0.033550438,-0.7864174,0.73509115,0.42535827,-0.08342034,0.27230203,0.27239302,-0.21970962,0.47678924,0.44960156,-0.26291797,0.34978107
-1.5999184,7.79563,4.325959,15,0,0,00:00.0,00:00.0,uploads\f2e6d795-3777-11f0-84b6-581122bb7f2c\20210509T180000+1000_REC_116.wav,False,0,0,0,0,0,0,0,0,0,0,0,0,insects,-5.9807143,-0.050064232,-0.8639458,0.7751292,0.422749,-0.053549755,0.21582171,0.3223331,-0.28850198,0.48677748,0.48141417,-0.29786527,0.38561562
-1.808521,7.7534304,4.2838616,15,0,0,00:00.0,00:00.0,uploads\f2e6d795-3777-11f0-84b6-581122bb7f2c\20210509T180000+1000_REC_118.wav,False,0,0,0,0,0,0,0,0,0,0,0,0,insects,-6.0043488,-0.058246262,-0.7979406,0.76659226,0.3862787,-0.05878755,0.2547412,0.2806066,-0.2400688,0.4257148,0.48944968,-0.2530349,0.3323308
-1.6971517,7.715998,4.275872,15,0,0,00:00.0,00:00.0,uploads\f2e6d795-3777-11f0-84b6-581122bb7f2c\20210509T180000+1000_REC_120.wav,False,0,0,0,0,0,0,0,0,0,0,0,0,insects,-5.988471,-0.009237582,-0.895993,0.77107626,0.40799692,-0.064578705,0.19616921,0.30869028,-0.18078336,0.43979928,0.4915954,-0.27180052,0.38091353
-1.8116134,7.806441,4.317429,15,0,0,00:00.0,00:00.0,uploads\f2e6d795-3777-11f0-84b6-581122bb7f2c\20210509T180000+1000_REC_121.wav,False,0,0,0,0,0,0,0,0,0,0,0,0,insects,-5.9953814,-0.039506756,-0.8326789,0.80505794,0.4109596,-0.10064663,0.20972157,0.32722652,-0.1862362,0.42699584,0.443861,-0.27226746,0.3733669
-1.7489041,7.732463,4.270577,15,0,0,00:00.0,00:00.0,uploads\f2e6d795-3777-11f0-84b6-581122bb7f2c\20210509T180000+1000_REC_122.wav,False,0,0,0,0,0,0,0,0,0,0,0,0,insects,-5.997024,-0.0665753,-0.83698493,0.7898492,0.37099767,-0.066740386,0.23612218,0.309936,-0.21517573,0.4166971,0.49483886,-0.23438169,0.37492594
-2.2118056,7.997601,4.4046,15,0,0,00:00.0,00:00.0,uploads\f2e6d795-3777-11f0-84b6-581122bb7f2c\20210509T180000+1000_REC_123.wav,False,0,0,0,0,0,0,0,0,0,0,0,0,insects,-6.0076795,-0.053257253,-0.77301526,0.7942361,0.3703019,-0.1370195,0.30293074,0.31921652,-0.22162496,0.43024138,0.43668914,-0.19538862,0.35562176
-1.8550959,8.093014,4.6440063,15,0,0,00:00.0,00:00.0,uploads\f2e6d795-3777-11f0-84b6-581122bb7f2c\20210509T180000+1000_REC_124.wav,False,0,0,0,0,0,0,0,0,0,0,0,0,insects,-5.997683,-0.103555694,-0.7805715,0.7828867,0.3640294,-0.051908463,0.23126657,0.34147564,-0.2827101,0.5067568,0.44301414,-0.25332168,0.37135106
-2.0859513,7.952006,4.360766,15,0,0,00:00.0,00:00.0,uploads\f2e6d795-3777-11f0-84b6-581122bb7f2c\20210509T180000+1000_REC_125.wav,False,0,0,0,0,0,0,0,0,0,0,0,0,insects,-6.0149975,-0.08703399,-0.7302438,0.75336707,0.39855993,-0.08201799,0.24379757,0.3288862,-0.23422469,0.48663172,0.41968775,-0.22336678,0.33987296
-1.7903112,7.832808,4.3245573,15,0,0,00:00.0,00:00.0,uploads\f2e6d795-3777-11f0-84b6-581122bb7f2c\20210509T180000+1000_REC_126.wav,False,0,0,0,0,0,0,0,0,0,0,0,0,insects,-5.9882135,0.010216221,-0.87770486,0.7790017,0.42757788,-0.08355469,0.2659897,0.28533822,-0.22935326,0.48363,0.44159737,-0.26033676,0.3682868
-2.066805,7.9390926,4.7266526,15,0,0,00:00.0,00:00.0,uploads\f2e6d795-3777-11f0-84b6-581122bb7f2c\20210509T180000+1000_REC_127.wav,True,0,1,0,0,1,0,0,0,0,0,0,0,insects,-5.9925165,-0.102984115,-0.7979516,0.8207218,0.361482,-0.012505675,0.22008523,0.33049485,-0.2425034,0.485353,0.46708807,-0.2896796,0.38915738
-1.8536404,8.008339,4.4630637,15,0,0,00:00.0,00:00.0,uploads\f2e6d795-3777-11f0-84b6-581122bb7f2c\20210509T180000+1000_REC_128.wav,False,0,0,0,0,0,0,0,0,0,0,0,0,insects,-5.9932837,-0.067491904,-0.82968736,0.7705663,0.41151562,-0.04550675,0.2528147,0.29607671,-0.26328388,0.5186962,0.4203184,-0.2558644,0.37891227
-1.8231217,7.8583417,4.340313,15,0,0,00:00.0,00:00.0,uploads\f2e6d795-3777-11f0-84b6-581122bb7f2c\20210509T180000+1000_REC_129.wav,True,0,0,0,0,1,0,0,0,0,0,0,0,insects,-5.994692,-0.03136955,-0.84117854,0.7855292,0.38351032,-0.06374521,0.22441941,0.32949674,-0.2260662,0.48032597,0.42867824,-0.26402983,0.38116512
-2.000007,7.9795537,4.360587,15,0,0,00:00.0,00:00.0,uploads\f2e6d795-3777-11f0-84b6-581122bb7f2c\20210509T180000+1000_REC_130.wav,True,0,1,0,0,1,0,0,0,0,0,0,0,insects,-6.0043974,-0.08343005,-0.7968421,0.74656796,0.41921666,-0.05714523,0.23818938,0.3088198,-0.226044,0.51691484,0.40278623,-0.23369008,0.37111646
-1.7881567,7.7803674,4.3003745,15,0,0,00:00.0,00:00.0,uploads\f2e6d795-3777-11f0-84b6-581122bb7f2c\20210509T180000+1000_REC_131.wav,False,0,0,0,0,0,0,0,0,0,0,0,0,insects,-5.991276,-0.050982848,-0.84803206,0.8109175,0.4074491,-0.04380015,0.258217,0.307596,-0.20476359,0.44497544,0.4736072,-0.27111644,0.36467713
-1.9627925,7.8067193,4.3534966,15,0,0,00:00.0,00:00.0,uploads\f2e6d795-3777-11f0-84b6-581122bb7f2c\20210509T180000+1000_REC_132.wav,False,0,0,0,0,0,0,0,0,0,0,0,0,insects,-6.0026255,-0.055157397,-0.81015414,0.79356575,0.41546604,-0.055653334,0.22419856,0.28561744,-0.18273526,0.42732802,0.46454424,-0.2531372,0.37374517
-2.1056855,7.912529,4.6736345,15,0,0,00:00.0,00:00.0,uploads\f2e6d795-3777-11f0-84b6-581122bb7f2c\20210509T180000+1000_REC_133.wav,False,0,0,0,0,0,0,0,0,0,0,0,0,insects,-6.008219,-0.11290281,-0.77530956,0.7594866,0.36924002,0.01399201,0.2192748,0.29082215,-0.17316087,0.41941106,0.500061,-0.30022794,0.3808803
-1.9521656,7.9432287,4.363178,15,0,0,00:00.0,00:00.0,uploads\f2e6d795-3777-11f0-84b6-581122bb7f2c\20210509T180000+1000_REC_134.wav,False,0,0,0,0,0,0,0,0,0,0,0,0,insects,-6.0010633,-0.1293626,-0.7588916,0.7959394,0.40150893,-0.10740608,0.21131235,0.35669738,-0.21613075,0.51034355,0.38531107,-0.25553122,0.37301403
-2.0662344,7.8623443,4.4118266,15,0,0,00:00.0,00:00.0,uploads\f2e6d795-3777-11f0-84b6-581122bb7f2c\20210509T180000+1000_REC_135.wav,False,0,0,0,0,0,0,0,0,0,0,0,0,insects,-6.012545,-0.11120849,-0.7544748,0.75034535,0.39103165,-0.018166544,0.22209914,0.27594513,-0.21336778,0.43559825,0.46574944,-0.25922173,0.38264367
-1.6916009,7.717849,4.282181,15,0,0,00:00.0,00:00.0,uploads\f2e6d795-3777-11f0-84b6-581122bb7f2c\20210509T180000+1000_REC_136.wav,False,0,0,0,0,0,0,0,0,0,0,0,0,insects,-5.9854674,-0.073431015,-0.8729089,0.81088096,0.35489205,-0.025854692,0.18328089,0.33985886,-0.18202265,0.40373534,0.5255793,-0.2941848,0.40997756
-1.7931111,8.105212,4.612542,15,0,0,00:00.0,00:00.0,uploads\f2e6d795-3777-11f0-84b6-581122bb7f2c\20210509T180000+1000_REC_137.wav,False,0,0,0,0,0,0,0,0,0,0,0,0,insects,-5.98057,-0.044381205,-0.878535,0.7888082,0.4374392,-0.06428333,0.22527757,0.3265086,-0.27667162,0.5227335,0.41520324,-0.2641825,0.3766025
-1.8386781,7.8642945,4.346779,15,0,0,00:00.0,00:00.0,uploads\f2e6d795-3777-11f0-84b6-581122bb7f2c\20210509T180000+1000_REC_138.wav,False,0,0,0,0,0,0,0,0,0,0,0,0,insects,-6.002376,0.039089933,-0.78530246,0.77048266,0.37364173,-0.068653256,0.23103121,0.37437835,-0.20040533,0.52110225,0.41243756,-0.31582657,0.3662773
-2.1206634,7.9258394,4.7274165,15,0,0,00:00.0,00:00.0,uploads\f2e6d795-3777-11f0-84b6-581122bb7f2c\20210509T180000+1000_REC_139.wav,True,0,0,0,0,1,0,0,0,0,0,0,0,insects,-5.999338,-0.14397436,-0.77504903,0.7972581,0.35453504,-0.015693385,0.23948379,0.2902218,-0.20425001,0.4391622,0.4901277,-0.3138381,0.3802323
-1.6849022,7.742625,4.3387713,15,0,0,00:00.0,00:00.0,uploads\f2e6d795-3777-11f0-84b6-581122bb7f2c\20210509T180000+1000_REC_140.wav,False,0,0,0,0,0,0,0,0,0,0,0,0,insects,-5.9857454,-0.10564729,-0.872521,0.78185564,0.41462538,-0.01618231,0.21993907,0.31822482,-0.21424694,0.4387525,0.48399562,-0.2930356,0.38161933
-2.1120946,7.885165,4.3741603,15,0,0,00:00.0,00:00.0,uploads\f2e6d795-3777-11f0-84b6-581122bb7f2c\20210509T180000+1000_REC_141.wav,False,0,0,0,0,0,0,0,0,0,0,0,0,insects,-6.006903,-0.08375922,-0.79525715,0.7495919,0.40904823,-0.087883264,0.30089283,0.2575584,-0.19075096,0.48566788,0.41726127,-0.23917344,0.35459438
-2.0648308,7.853151,4.375463,15,0,0,00:00.0,00:00.0,uploads\f2e6d795-3777-11f0-84b6-581122bb7f2c\20210509T180000+1000_REC_142.wav,False,0,0,0,0,0,0,0,0,0,0,0,0,insects,-6.0050077,-0.11512295,-0.77354604,0.78417665,0.38540134,-0.08427135,0.27159092,0.2847298,-0.18541747,0.45295003,0.45388535,-0.26511407,0.3615734
-2.08016,7.9313817,4.6968303,15,0,0,00:00.0,00:00.0,uploads\f2e6d795-3777-11f0-84b6-581122bb7f2c\20210509T180000+1000_REC_143.wav,True,0,0,0,0,1,0,0,0,0,0,0,0,insects,-6.0035567,-0.1830287,-0.7381335,0.77369285,0.36043933,-0.018586151,0.201182,0.3244756,-0.19827522,0.48670596,0.4773849,-0.30343273,0.39191762
-2.104349,7.879485,4.3652644,15,0,0,00:00.0,00:00.0,uploads\f2e6d795-3777-11f0-84b6-581122bb7f2c\20210509T180000+1000_REC_144.wav,False,0,0,0,0,0,0,0,0,0,0,0,0,insects,-6.0149107,-0.09251626,-0.75252616,0.74716604,0.39892617,-0.049214132,0.27730286,0.25838748,-0.20395519,0.48391584,0.4261366,-0.23375511,0.35447964
-1.9953284,7.958088,4.394879,15,0,0,00:00.0,00:00.0,uploads\f2e6d795-3777-11f0-84b6-581122bb7f2c\20210509T180000+1000_REC_145.wav,False,0,0,0,0,0,0,0,0,0,0,0,0,insects,-5.994863,-0.102269694,-0.82885367,0.7668065,0.40380844,-0.058882594,0.28156292,0.27863815,-0.23455201,0.4893834,0.39863184,-0.2648617,0.40471932
-1.957008,8.056254,4.783243,15,0,0,00:00.0,00:00.0,uploads\f2e6d795-3777-11f0-84b6-581122bb7f2c\20210509T180000+1000_REC_146.wav,False,0,0,0,0,0,0,0,0,0,0,0,0,insects,-5.97977,-0.17719434,-0.8181526,0.811982,0.3501911,0.025704002,0.14983454,0.3352182,-0.22832373,0.49896485,0.4721818,-0.36332193,0.44297248
-1.9096327,8.259348,5.1573033,15,0,0,00:00.0,00:00.0,uploads\f2e6d795-3777-11f0-84b6-581122bb7f2c\20210509T180000+1000_REC_147.wav,False,0,0,0,0,0,0,0,0,0,0,0,0,insects,-5.952469,-0.077160895,-0.9581647,0.8865941,0.39706683,-0.042460456,0.22336304,0.28953284,-0.24597593,0.4988743,0.44608957,-0.33101398,0.4398212
-1.7937695,8.234784,4.785381,15,0,0,00:00.0,00:00.0,uploads\f2e6d795-3777-11f0-84b6-581122bb7f2c\20210509T180000+1000_REC_148.wav,False,0,0,0,0,0,0,0,0,0,0,0,0,insects,-5.969359,-0.10626721,-0.88653606,0.8347709,0.41902655,-0.0630527,0.19305503,0.30628043,-0.26671994,0.54945505,0.39146736,-0.29807252,0.41978464
-2.070066,7.945181,4.7286353,15,0,0,00:00.0,00:00.0,uploads\f2e6d795-3777-11f0-84b6-581122bb7f2c\20210509T180000+1000_REC_149.wav,False,0,0,0,0,0,0,0,0,0,0,0,0,insects,-5.992044,-0.15744044,-0.7773299,0.80771863,0.38398528,-0.0268747,0.19187762,0.29879326,-0.230897,0.49149156,0.46452343,-0.3259657,0.38529024
-1.9271804,8.247852,5.1665955,15,0,0,00:00.0,00:00.0,uploads\f2e6d795-3777-11f0-84b6-581122bb7f2c\20210509T180000+1000_REC_150.wav,False,0,0,0,0,0,0,0,0,0,0,0,0,insects,-5.964796,-0.036981557,-0.9317982,0.83719176,0.4250402,-0.06660589,0.25495917,0.2777156,-0.2097068,0.51910394,0.44848981,-0.33028656,0.40570298
-1.7965091,8.254218,4.816911,15,0,0,00:00.0,00:00.0,uploads\f2e6d795-3777-11f0-84b6-581122bb7f2c\20210509T180000+1000_REC_151.wav,False,0,0,0,0,0,0,0,0,0,0,0,0,insects,-5.961133,-0.090872064,-0.93052566,0.81862974,0.4230415,-0.050793506,0.19999336,0.32744485,-0.28253895,0.5743802,0.41454962,-0.29802808,0.39496404
-1.98131,8.187385,5.076718,15,0,0,00:00.0,00:00.0,uploads\f2e6d795-3777-11f0-84b6-581122bb7f2c\20210509T180000+1000_REC_152.wav,False,0,0,0,0,0,0,0,0,0,0,0,0,insects,-5.9574275,-0.12226045,-0.92777085,0.8598894,0.3587821,0.023052078,0.1647942,0.32498854,-0.24912871,0.48032045,0.5280301,-0.34824625,0.42530105
-2.0708323,7.9387517,4.713074,15,0,0,00:00.0,00:00.0,uploads\f2e6d795-3777-11f0-84b6-581122bb7f2c\20210509T180000+1000_REC_153.wav,False,0,0,0,0,0,0,0,0,0,0,0,0,insects,-5.999309,-0.16818261,-0.77353245,0.7699846,0.37146583,-0.017381435,0.20564617,0.33605593,-0.22050507,0.4953811,0.47096175,-0.28855893,0.3655428
-2.0635052,7.9669976,4.3586507,15,0,0,00:00.0,00:00.0,uploads\f2e6d795-3777-11f0-84b6-581122bb7f2c\20210509T180000+1000_REC_154.wav,False,0,0,0,0,0,0,0,0,0,0,0,0,insects,-6.009344,-0.14276204,-0.7556145,0.7456932,0.42639676,-0.054884747,0.23902704,0.3196935,-0.22338966,0.49414372,0.40091047,-0.23128426,0.36781585
-2.0610325,7.8935137,4.451134,15,0,0,00:00.0,00:00.0,uploads\f2e6d795-3777-11f0-84b6-581122bb7f2c\20210509T180000+1000_REC_155.wav,False,0,0,0,0,0,0,0,0,0,0,0,0,insects,-6.01763,-0.16813737,-0.6640298,0.77517754,0.37690568,-0.04098258,0.24671465,0.34352264,-0.21361063,0.46513838,0.48343125,-0.2484008,0.35109848
-1.8113222,8.2049055,4.774584,15,0,0,00:00.0,00:00.0,uploads\f2e6d795-3777-11f0-84b6-581122bb7f2c\20210509T180000+1000_REC_156.wav,True,0,1,0,0,1,0,0,0,0,0,0,0,insects,-5.977914,-0.15531474,-0.8236798,0.82712775,0.42410782,-0.044407334,0.21325125,0.34294426,-0.2662002,0.5203206,0.44852573,-0.29091898,0.41434717
-1.8011895,8.206306,4.7643347,15,0,0,00:00.0,00:00.0,uploads\f2e6d795-3777-11f0-84b6-581122bb7f2c\20210509T180000+1000_REC_157.wav,False,0,0,0,0,0,0,0,0,0,0,0,0,insects,-5.98338,-0.12521699,-0.82876277,0.81115186,0.43317127,-0.066939,0.25290507,0.34870052,-0.2405741,0.5186114,0.43373942,-0.26017582,0.41029203
-2.1485293,7.9504914,4.786926,15,0,0,00:00.0,00:00.0,uploads\f2e6d795-3777-11f0-84b6-581122bb7f2c\20210509T180000+1000_REC_158.wav,False,0,0,0,0,0,0,0,0,0,0,0,0,insects,-5.995207,-0.13446152,-0.79747546,0.7933699,0.398183,-0.012665497,0.2752135,0.2788974,-0.19605005,0.45445746,0.49770007,-0.30891985,0.3697273
-2.0541317,8.074793,4.928436,15,0,0,00:00.0,00:00.0,uploads\f2e6d795-3777-11f0-84b6-581122bb7f2c\20210509T180000+1000_REC_159.wav,False,0,0,0,0,0,0,0,0,0,0,0,0,insects,-5.9849215,-0.101821065,-0.83765495,0.78817594,0.29770488,-0.06889694,0.21878624,0.35753578,-0.18669865,0.54095703,0.5155197,-0.31145892,0.38352168
-2.0923448,7.870593,4.387561,15,0,0,00:00.0,00:00.0,uploads\f2e6d795-3777-11f0-84b6-581122bb7f2c\20210509T180000+1000_REC_160.wav,False,0,0,0,0,0,0,0,0,0,0,0,0,insects,-6.0011396,-0.11869287,-0.7744731,0.78408545,0.4141748,-0.039096374,0.2638455,0.24410443,-0.18565987,0.5101175,0.45646578,-0.28690642,0.37208837
-2.139086,7.902524,4.3948236,15,0,0,00:00.0,00:00.0,uploads\f2e6d795-3777-11f0-84b6-581122bb7f2c\20210509T180000+1000_REC_161.wav,False,0,0,0,0,0,0,0,0,0,0,0,0,insects,-6.0059395,-0.09490881,-0.76356155,0.76617557,0.41824493,-0.056323115,0.30674756,0.22032036,-0.20773235,0.5140183,0.4436103,-0.26397642,0.34127313
-2.6827934,8.423621,5.039192,15,0,0,00:00.0,00:00.0,uploads\f2e6d795-3777-11f0-84b6-581122bb7f2c\20210509T180000+1000_REC_162.wav,False,0,0,0,0,0,0,0,0,0,0,0,0,insects,-5.983534,-0.09044885,-0.85818934,0.7760129,0.4301431,-0.068080574,0.3143582,0.23450822,-0.23560755,0.53380245,0.47180647,-0.27481037,0.35340223
-2.163289,8.144485,4.995829,15,0,0,00:00.0,00:00.0,uploads\f2e6d795-3777-11f0-84b6-581122bb7f2c\20210509T180000+1000_REC_163.wav,False,0,0,0,0,0,0,0,0,0,0,0,0,insects,-5.981391,-0.097552866,-0.8256376,0.8185237,0.37812617,-0.022571184,0.2580655,0.254254,-0.22196199,0.51137555,0.5469412,-0.33280894,0.37829378
-3.233681,8.605605,4.849296,15,0,0,00:00.0,00:00.0,uploads\f2e6d795-3777-11f0-84b6-581122bb7f2c\20210509T180000+1000_REC_164.wav,False,0,0,0,0,0,0,0,0,0,0,0,0,insects,-6.0430994,-0.1058849,-0.61045843,0.69495606,0.32283077,-0.11378573,0.2551743,0.3062902,-0.10262035,0.5003178,0.45070797,-0.23569839,0.25442177
-2.0827603,7.8920236,4.383939,15,0,0,00:00.0,00:00.0,uploads\f2e6d795-3777-11f0-84b6-581122bb7f2c\20210509T180000+1000_REC_165.wav,False,0,0,0,0,0,0,0,0,0,0,0,0,insects,-5.991218,-0.075347014,-0.81719923,0.7912952,0.45114195,-0.06351182,0.2533682,0.25882897,-0.22350265,0.5054539,0.42741045,-0.30405265,0.36726385
-2.010545,8.155858,5.0314746,15,0,0,00:00.0,00:00.0,uploads\f2e6d795-3777-11f0-84b6-581122bb7f2c\20210509T180000+1000_REC_166.wav,False,0,0,0,0,0,0,0,0,0,0,0,0,insects,-5.9737234,-0.12090836,-0.8912155,0.8185695,0.42104617,-0.021060996,0.24215734,0.29881683,-0.22387396,0.46766877,0.48193356,-0.31186467,0.405972
-1.8363929,8.144203,4.697617,15,0,0,00:00.0,00:00.0,uploads\f2e6d795-3777-11f0-84b6-581122bb7f2c\20210509T180000+1000_REC_167.wav,False,0,0,0,0,0,0,0,0,0,0,0,0,insects,-5.991944,-0.15242174,-0.7728964,0.79681784,0.4207793,-0.050894603,0.2552603,0.31567413,-0.2636784,0.524005,0.45160317,-0.2730222,0.37578928
-1.7983174,8.220663,4.7770586,15,0,0,00:00.0,00:00.0,uploads\f2e6d795-3777-11f0-84b6-581122bb7f2c\20210509T180000+1000_REC_168.wav,False,0,0,0,0,0,0,0,0,0,0,0,0,insects,-5.976757,-0.13171522,-0.8364823,0.811803,0.43496162,-0.06217922,0.2282221,0.3368403,-0.2626066,0.5615063,0.42290708,-0.2908842,0.4070766
-1.9618921,8.048987,4.7797875,15,0,0,00:00.0,00:00.0,uploads\f2e6d795-3777-11f0-84b6-581122bb7f2c\20210509T180000+1000_REC_169.wav,False,0,0,0,0,0,0,0,0,0,0,0,0,insects,-5.980087,-0.19613698,-0.79144955,0.84197676,0.39514518,0.006382345,0.21518569,0.3312641,-0.23556451,0.5282803,0.47390363,-0.3221226,0.415345
-1.9940362,8.157451,4.9839096,15,0,0,00:00.0,00:00.0,uploads\f2e6d795-3777-11f0-84b6-581122bb7f2c\20210509T180000+1000_REC_170.wav,False,0,0,0,0,0,0,0,0,0,0,0,0,insects,-5.973434,-0.16129468,-0.8589656,0.81975657,0.39127964,-0.05341107,0.24595326,0.31536293,-0.21992984,0.53182095,0.5047313,-0.30206165,0.39546278
-1.8009194,8.227867,4.793741,15,0,0,00:00.0,00:00.0,uploads\f2e6d795-3777-11f0-84b6-581122bb7f2c\20210509T180000+1000_REC_171.wav,False,0,0,0,0,0,0,0,0,0,0,0,0,insects,-5.975481,-0.16433796,-0.83863914,0.8270496,0.43826172,-0.06742154,0.2557422,0.32075307,-0.2564699,0.5572198,0.43413866,-0.27381343,0.37536442
-2.101839,7.891803,4.3805537,15,0,0,00:00.0,00:00.0,uploads\f2e6d795-3777-11f0-84b6-581122bb7f2c\20210509T180000+1000_REC_172.wav,False,0,0,0,0,0,0,0,0,0,0,0,0,insects,-5.994747,-0.09989759,-0.81438655,0.79321635,0.44074205,-0.09420243,0.29880372,0.25804716,-0.21752644,0.48024592,0.43090236,-0.24678029,0.36239275
-2.1192088,7.918288,4.718494,15,0,0,00:00.0,00:00.0,uploads\f2e6d795-3777-11f0-84b6-581122bb7f2c\20210509T180000+1000_REC_173.wav,False,0,0,0,0,0,0,0,0,0,0,0,0,insects,-5.994043,-0.16453338,-0.78790176,0.82701534,0.37804046,-0.050807793,0.25539503,0.29256105,-0.21015485,0.43081996,0.48953384,-0.2732185,0.38225788
-1.7917018,8.196045,4.756759,15,0,0,00:00.0,00:00.0,uploads\f2e6d795-3777-11f0-84b6-581122bb7f2c\20210509T180000+1000_REC_174.wav,False,0,0,0,0,0,0,0,0,0,0,0,0,insects,-5.9859757,-0.14024162,-0.8077028,0.82977897,0.4035506,-0.09662561,0.29168868,0.32572514,-0.26202595,0.4885449,0.46094698,-0.23485257,0.37492594
-1.7938179,8.264825,4.830923,15,0,0,00:00.0,00:00.0,uploads\f2e6d795-3777-11f0-84b6-581122bb7f2c\20210509T180000+1000_REC_175.wav,False,0,0,0,0,0,0,0,0,0,0,0,0,insects,-5.970141,-0.15970977,-0.84135604,0.8172415,0.43766388,-0.054575536,0.25510672,0.32782716,-0.28410178,0.6090812,0.4359119,-0.2857996,0.3779604
-2.0800521,7.86522,4.407895,15,0,0,00:00.0,00:00.0,uploads\f2e6d795-3777-11f0-84b6-581122bb7f2c\20210509T180000+1000_REC_176.wav,True,0,1,0,0,1,0,0,0,0,0,0,0,insects,-6.0104246,-0.13359167,-0.7138933,0.77729076,0.3461644,-0.09691004,0.19907601,0.2611985,-0.17035952,0.53692895,0.49137628,-0.24397929,0.39445627
-1.9336996,8.241189,5.1551766,15,0,0,00:00.0,00:00.0,uploads\f2e6d795-3777-11f0-84b6-581122bb7f2c\20210509T180000+1000_REC_177.wav,False,0,0,0,0,0,0,0,0,0,0,0,0,insects,-5.9642572,-0.061988067,-0.94087774,0.8185394,0.43713367,-0.0648737,0.29485542,0.26628426,-0.21262269,0.5152819,0.4648772,-0.30881113,0.40680048
-1.9253982,8.248746,5.1607037,15,0,0,00:00.0,00:00.0,uploads\f2e6d795-3777-11f0-84b6-581122bb7f2c\20210509T180000+1000_REC_178.wav,False,0,0,0,0,0,0,0,0,0,0,0,0,insects,-5.9561806,-0.05257984,-0.9341424,0.8801489,0.428983,-0.13094729,0.2978836,0.27087975,-0.21613513,0.53862125,0.45535082,-0.3019742,0.3942167
-1.9638164,8.2063,5.110585,15,0,0,00:00.0,00:00.0,uploads\f2e6d795-3777-11f0-84b6-581122bb7f2c\20210509T180000+1000_REC_179.wav,False,0,0,0,0,0,0,0,0,0,0,0,0,insects,-5.961186,-0.09048516,-0.91363454,0.85862017,0.41491798,-0.011408602,0.2547108,0.27905422,-0.21883988,0.50661093,0.5223574,-0.33838195,0.41395468
-2.0797818,8.180567,5.076757,15,0,0,00:00.0,00:00.0,uploads\f2e6d795-3777-11f0-84b6-581122bb7f2c\20210509T180000+1000_REC_180.wav,False,0,0,0,0,0,0,0,0,0,0,0,0,insects,-5.9727097,-0.10513694,-0.86944133,0.85781544,0.43065068,-0.047218286,0.26311722,0.26566643,-0.1914591,0.48910177,0.49763086,-0.33817917,0.3539193
-2.0120761,8.198505,5.1085234,15,0,0,00:00.0,00:00.0,uploads\f2e6d795-3777-11f0-84b6-581122bb7f2c\20210509T180000+1000_REC_181.wav,False,0,0,0,0,0,0,0,0,0,0,0,0,insects,-5.9729137,-0.061497517,-0.84974134,0.8764256,0.4250377,-0.09444956,0.28657085,0.2836234,-0.2219297,0.50621617,0.4734758,-0.3073573,0.3939248
-1.8372749,8.283883,4.9163027,15,0,0,00:00.0,00:00.0,uploads\f2e6d795-3777-11f0-84b6-581122bb7f2c\20210509T180000+1000_REC_182.wav,False,0,0,0,0,0,0,0,0,0,0,0,0,insects,-5.9514394,-0.120761015,-0.90601385,0.9195124,0.45194033,-0.055230055,0.267713,0.3354109,-0.26672184,0.5477026,0.46084163,-0.2866858,0.40524969
-2.0204022,8.168057,5.1018085,15,0,0,00:00.0,00:00.0,uploads\f2e6d795-3777-11f0-84b6-581122bb7f2c\20210509T180000+1000_REC_183.wav,False,0,0,0,0,0,0,0,0,0,0,0,0,insects,-5.954968,-0.12132416,-0.9036645,0.9147208,0.422761,0.0033237427,0.2581214,0.2862337,-0.19790563,0.5006958,0.54309785,-0.34781563,0.3993342
-2.0619059,8.164482,5.037307,15,0,0,00:00.0,00:00.0,uploads\f2e6d795-3777-11f0-84b6-581122bb7f2c\20210509T180000+1000_REC_184.wav,False,0,0,0,0,0,0,0,0,0,0,0,0,insects,-5.977407,-0.11563322,-0.8426834,0.8423899,0.42694056,-0.04864771,0.30372858,0.31449732,-0.2006693,0.50164396,0.51425886,-0.29689586,0.3675847
-1.8214617,8.275319,4.8739424,15,0,0,00:00.0,00:00.0,uploads\f2e6d795-3777-11f0-84b6-581122bb7f2c\20210509T180000+1000_REC_185.wav,False,0,0,0,0,0,0,0,0,0,0,0,0,insects,-5.9643526,-0.1471254,-0.8648627,0.82409763,0.4301173,-0.059604324,0.25265548,0.34635204,-0.29865766,0.5781254,0.45427433,-0.30652428,0.38199714
-1.836332,8.282806,4.9039917,15,0,0,00:00.0,00:00.0,uploads\f2e6d795-3777-11f0-84b6-581122bb7f2c\20210509T180000+1000_REC_186.wav,False,0,0,0,0,0,0,0,0,0,0,0,0,insects,-5.9538593,-0.19386174,-0.8978663,0.86308694,0.41570583,-0.050325543,0.22970775,0.3314854,-0.3010628,0.55757755,0.47262883,-0.3058975,0.37863585
-2.0942056,7.9236765,4.720292,15,0,0,00:00.0,00:00.0,uploads\f2e6d795-3777-11f0-84b6-581122bb7f2c\20210509T180000+1000_REC_187.wav,False,0,0,0,0,0,0,0,0,0,0,0,0,insects,-5.989908,-0.18250664,-0.7936667,0.80812126,0.4200694,-0.023077583,0.22110231,0.31610647,-0.22296298,0.4643764,0.48197782,-0.29838315,0.37228686
-2.0524504,8.167404,5.05348,15,0,0,00:00.0,00:00.0,uploads\f2e6d795-3777-11f0-84b6-581122bb7f2c\20210509T180000+1000_REC_188.wav,False,0,0,0,0,0,0,0,0,0,0,0,0,insects,-5.976092,-0.14564306,-0.8630885,0.83218265,0.44748825,-0.054415915,0.26141047,0.29795498,-0.215619,0.48751158,0.47079396,-0.29502106,0.36707833
-1.8039407,8.267682,4.8479023,15,0,0,00:00.0,00:00.0,uploads\f2e6d795-3777-11f0-84b6-581122bb7f2c\20210509T180000+1000_REC_189.wav,False,0,0,0,0,0,0,0,0,0,0,0,0,insects,-5.957257,-0.1476117,-0.89857346,0.8251934,0.4628173,-0.08874706,0.26869202,0.30752668,-0.2969725,0.5972761,0.433174,-0.29561388,0.37904993
-1.7959536,8.2242565,4.7780957,15,0,0,00:00.0,00:00.0,uploads\f2e6d795-3777-11f0-84b6-581122bb7f2c\20210509T180000+1000_REC_190.wav,False,0,0,0,0,0,0,0,0,0,0,0,0,insects,-5.9772754,-0.18663311,-0.8289468,0.80072075,0.44346324,-0.056424722,0.231558,0.30706057,-0.27374953,0.5369913,0.43869796,-0.2891727,0.397679
-1.8277242,8.285632,4.8913646,15,0,0,00:00.0,00:00.0,uploads\f2e6d795-3777-11f0-84b6-581122bb7f2c\20210509T180000+1000_REC_191.wav,False,0,0,0,0,0,0,0,0,0,0,0,0,insects,-5.958827,-0.21425429,-0.8903585,0.8377463,0.4074002,-0.059536237,0.21936333,0.3460172,-0.2867014,0.52821654,0.48272154,-0.29633248,0.39770383
-1.8243979,8.2113085,4.800919,15,0,0,00:00.0,00:00.0,uploads\f2e6d795-3777-11f0-84b6-581122bb7f2c\20210509T180000+1000_REC_192.wav,False,0,0,0,0,0,0,0,0,0,0,0,0,insects,-5.9799232,-0.17679465,-0.8363913,0.8164196,0.42860264,-0.064973466,0.27749115,0.30218008,-0.24336474,0.5156458,0.45177075,-0.27215964,0.3653903
-2.97524,8.659227,5.027513,15,0,0,00:00.0,00:00.0,uploads\f2e6d795-3777-11f0-84b6-581122bb7f2c\20210509T180000+1000_REC_193.wav,False,0,0,0,0,0,0,0,0,0,0,0,0,insects,-5.9820766,-0.03445349,-0.8568116,0.79111296,0.35865292,-0.21570961,0.30949414,0.32582316,-0.15590152,0.55588853,0.47354156,-0.2779059,0.31530526
-1.8814515,8.281713,4.925035,15,0,0,00:00.0,00:00.0,uploads\f2e6d795-3777-11f0-84b6-581122bb7f2c\20210509T180000+1000_REC_194.wav,False,0,0,0,0,0,0,0,0,0,0,0,0,insects,-5.965598,-0.15522827,-0.87403905,0.8334744,0.44181806,-0.080650695,0.27022818,0.3341224,-0.27361304,0.54456973,0.4834252,-0.27705818,0.36097857
-1.8467779,8.27132,4.908246,15,0,0,00:00.0,00:00.0,uploads\f2e6d795-3777-11f0-84b6-581122bb7f2c\20210509T180000+1000_REC_195.wav,False,0,0,0,0,0,0,0,0,0,0,0,0,insects,-5.970601,-0.19455762,-0.8443815,0.82755333,0.43378145,-0.048728045,0.22333002,0.33465087,-0.27839363,0.52402616,0.49051622,-0.27792612,0.3905866
-1.8246087,8.2939005,4.910139,15,0,0,00:00.0,00:00.0,uploads\f2e6d795-3777-11f0-84b6-581122bb7f2c\20210509T180000+1000_REC_196.wav,False,0,0,0,0,0,0,0,0,0,0,0,0,insects,-5.9610353,-0.16455626,-0.8923641,0.85163206,0.4124822,-0.0736455,0.18594182,0.32703617,-0.26293364,0.5418688,0.5125447,-0.27097002,0.39729142
-2.1373284,7.9201784,4.3657556,15,0,0,00:00.0,00:00.0,uploads\f2e6d795-3777-11f0-84b6-581122bb7f2c\20210509T180000+1000_REC_197.wav,False,0,0,0,0,0,0,0,0,0,0,0,0,insects,-5.998924,-0.08092085,-0.7724466,0.8076081,0.4577191,-0.107997626,0.279256,0.28413564,-0.19740227,0.5180097,0.42344028,-0.25722244,0.32949865
-2.6819715,8.423129,5.037443,15,0,0,00:00.0,00:00.0,uploads\f2e6d795-3777-11f0-84b6-581122bb7f2c\20210509T180000+1000_REC_198.wav,False,0,0,0,0,0,0,0,0,0,0,0,0,insects,-5.9822707,-0.08693268,-0.83405244,0.83067226,0.43894348,-0.13348947,0.32654586,0.25939345,-0.22621572,0.51077753,0.46744227,-0.25167736,0.34151763
-2.6797833,8.4237175,5.0310493,15,0,0,00:00.0,00:00.0,uploads\f2e6d795-3777-11f0-84b6-581122bb7f2c\20210509T180000+1000_REC_199.wav,False,0,0,0,0,0,0,0,0,0,0,0,0,insects,-5.9827666,-0.14326671,-0.8214684,0.8432093,0.4214593,-0.08428906,0.29031786,0.2501799,-0.20211908,0.5030171,0.48870903,-0.29005134,0.32737604
-2.246324,8.165536,4.9791336,15,0,0,00:00.0,00:00.0,uploads\f2e6d795-3777-11f0-84b6-581122bb7f2c\20210509T180000+1000_REC_200.wav,False,0,0,0,0,0,0,0,0,0,0,0,0,insects,-5.9870105,-0.17120044,-0.7827006,0.8350837,0.3907392,-0.05073143,0.27730256,0.28644863,-0.20386615,0.48925877,0.51333827,-0.31444627,0.3569746
-1.9587592,8.210484,4.9796286,15,0,0,00:00.0,00:00.0,uploads\f2e6d795-3777-11f0-84b6-581122bb7f2c\20210509T180000+1000_REC_201.wav,False,0,0,0,0,0,0,0,0,0,0,0,0,insects,-5.9675756,-0.17726368,-0.84942997,0.8477713,0.4424983,-0.07880086,0.24153413,0.3140161,-0.23308188,0.5330756,0.50364053,-0.31266823,0.3632466
-2.684747,8.425824,5.0364313,15,0,0,00:00.0,00:00.0,uploads\f2e6d795-3777-11f0-84b6-581122bb7f2c\20210509T180000+1000_REC_202.wav,False,0,0,0,0,0,0,0,0,0,0,0,0,insects,-5.978435,-0.10987893,-0.84366024,0.81591284,0.44862142,-0.123075984,0.32637185,0.25780985,-0.24337633,0.52035904,0.44554994,-0.28613248,0.33571625
-2.7443786,8.453653,5.0267525,15,0,0,00:00.0,00:00.0,uploads\f2e6d795-3777-11f0-84b6-581122bb7f2c\20210509T180000+1000_REC_203.wav,False,0,0,0,0,0,0,0,0,0,0,0,0,insects,-5.9821405,-0.1572089,-0.7948341,0.8375288,0.40717614,-0.081705585,0.3112753,0.28706515,-0.24951702,0.5090233,0.50652796,-0.29504555,0.3146164
-2.7163646,8.454714,5.01361,15,0,0,00:00.0,00:00.0,uploads\f2e6d795-3777-11f0-84b6-581122bb7f2c\20210509T180000+1000_REC_204.wav,False,0,0,0,0,0,0,0,0,0,0,0,0,insects,-5.9880447,-0.20697393,-0.7939499,0.8210558,0.3998791,-0.08200108,0.28525683,0.27595004,-0.21143378,0.4838216,0.48866716,-0.27364737,0.3344698
-2.691068,8.4278,5.0340376,15,0,0,00:00.0,00:00.0,uploads\f2e6d795-3777-11f0-84b6-581122bb7f2c\20210509T180000+1000_REC_205.wav,False,0,0,0,0,0,0,0,0,0,0,0,0,insects,-5.9853983,-0.1377831,-0.8243913,0.823276,0.41365254,-0.08525677,0.31261462,0.25846344,-0.22133881,0.4903559,0.4863525,-0.26995888,0.33038712
-2.6810706,8.422263,5.0394,15,0,0,00:00.0,00:00.0,uploads\f2e6d795-3777-11f0-84b6-581122bb7f2c\20210509T180000+1000_REC_206.wav,False,0,0,0,0,0,0,0,0,0,0,0,0,insects,-5.9743333,-0.05894449,-0.86521494,0.8378925,0.41918665,-0.11436006,0.29667792,0.24364534,-0.2722097,0.50307184,0.48902857,-0.27953207,0.3410799
-1.8555032,8.26269,4.9078255,15,0,0,00:00.0,00:00.0,uploads\f2e6d795-3777-11f0-84b6-581122bb7f2c\20210509T180000+1000_REC_208.wav,False,0,0,0,0,0,0,0,0,0,0,0,0,insects,-5.9755716,-0.16691515,-0.8349728,0.8002089,0.40374422,-0.04376053,0.2438419,0.2820314,-0.31939456,0.5264215,0.5020925,-0.28425547,0.36128733
-2.761129,8.499537,5.0402737,15,0,0,00:00.0,00:00.0,uploads\f2e6d795-3777-11f0-84b6-581122bb7f2c\20210509T180000+1000_REC_209.wav,False,0,0,0,0,0,0,0,0,0,0,0,0,insects,-5.9965987,-0.18559709,-0.7625197,0.795346,0.40946606,-0.08144329,0.27159506,0.29937723,-0.23313636,0.49185422,0.4780196,-0.25992832,0.309618
-3.0574365,8.76765,5.0561953,15,0,0,00:00.0,00:00.0,uploads\f2e6d795-3777-11f0-84b6-581122bb7f2c\20210509T180000+1000_REC_210.wav,False,0,0,0,0,0,0,0,0,0,0,0,0,insects,-5.9931374,-0.16243269,-0.7564193,0.80935264,0.42378545,-0.10517231,0.29585615,0.32280084,-0.28600708,0.51250505,0.47073692,-0.21925484,0.30671185
-1.8739091,8.260104,4.9207573,15,0,0,00:00.0,00:00.0,uploads\f2e6d795-3777-11f0-84b6-581122bb7f2c\20210509T180000+1000_REC_211.wav,False,0,0,0,0,0,0,0,0,0,0,0,0,insects,-5.974776,-0.21343233,-0.8471016,0.8205664,0.4307608,-0.030659974,0.23456544,0.32218623,-0.2575097,0.4926025,0.5031153,-0.2694475,0.36372513
-1.7588412,7.822234,4.3123646,15,0,0,00:00.0,00:00.0,uploads\f2e6d795-3777-11f0-84b6-581122bb7f2c\20210509T180000+1000_REC_212.wav,True,0,1,0,0,1,0,0,0,0,0,0,0,insects,-5.9910927,-0.056186955,-0.84089386,0.78631884,0.39781842,-0.078126065,0.22887717,0.31504768,-0.24691637,0.45172882,0.44001478,-0.29611412,0.35223162
-2.13285,7.932299,4.3201976,15,0,0,00:00.0,00:00.0,uploads\f2e6d795-3777-11f0-84b6-581122bb7f2c\20210509T180000+1000_REC_213.wav,False,0,0,0,0,0,0,0,0,0,0,0,0,insects,-6.006025,-0.13012841,-0.7423523,0.78520757,0.44275776,-0.1132741,0.25848207,0.2906145,-0.23054856,0.48379967,0.41540733,-0.23516159,0.3198647
-1.2430518,7.461215,4.0138717,15,0,0,00:00.0,00:00.0,uploads\f2e6d795-3777-11f0-84b6-581122bb7f2c\20210509T180000+1000_REC_216.wav,False,0,0,0,0,0,0,0,0,0,0,0,0,insects,-6.0077133,0.42533538,-0.7204708,0.7337085,0.2855451,-0.123962305,0.25616875,0.39152706,-0.25940686,0.47122797,0.48839557,-0.25197288,0.42355865
-1.2328242,7.4540896,4.0010614,15,0,0,00:00.0,00:00.0,uploads\f2e6d795-3777-11f0-84b6-581122bb7f2c\20210509T180000+1000_REC_218.wav,True,0,1,0,0,1,0,0,0,0,0,0,0,insects,-6.003423,0.088269375,-0.81393963,0.73591906,0.26702714,-0.13203399,0.23166013,0.33775604,-0.28268716,0.4176945,0.49181402,-0.26134598,0.34679416
-2.781995,8.477846,4.992895,15,0,0,00:00.0,00:00.0,uploads\f2e6d795-3777-11f0-84b6-581122bb7f2c\20210509T180000+1000_REC_219.wav,False,0,0,0,0,0,0,0,0,0,0,0,0,insects,-5.9910383,0.05346762,-0.76403785,0.8959815,0.46428445,-0.15418482,0.24470146,0.2787668,-0.24159658,0.44698027,0.48024282,-0.2713874,0.26285595
-3.1455595,8.787675,5.0098505,15,0,0,00:00.0,00:00.0,uploads\f2e6d795-3777-11f0-84b6-581122bb7f2c\20210509T180000+1000_REC_220.wav,False,0,0,0,0,0,0,0,0,0,0,0,0,insects,-6.004454,-0.10134607,-0.772024,0.7604459,0.3962311,-0.0900382,0.31532124,0.3803185,-0.25181183,0.46327907,0.47582057,-0.19994938,0.29148608
-3.124312,8.813132,5.052975,15,0,0,00:00.0,00:00.0,uploads\f2e6d795-3777-11f0-84b6-581122bb7f2c\20210509T180000+1000_REC_221.wav,False,0,0,0,0,0,0,0,0,0,0,0,0,insects,-5.9890027,-0.13363543,-0.793232,0.8351011,0.41420886,-0.14010234,0.26061705,0.32642448,-0.2801166,0.4873256,0.47856474,-0.1827241,0.31124312
-3.2302089,8.61796,4.864116,15,0,0,00:00.0,00:00.0,uploads\f2e6d795-3777-11f0-84b6-581122bb7f2c\20210509T180000+1000_REC_222.wav,False,0,0,0,0,0,0,0,0,0,0,0,0,insects,-6.0078297,-0.1667773,-0.7352374,0.79574597,0.4053989,-0.16322434,0.3160941,0.3156982,-0.23055185,0.44179398,0.4404273,-0.1618955,0.27159598
-3.0466015,8.715591,4.995803,15,0,0,00:00.0,00:00.0,uploads\f2e6d795-3777-11f0-84b6-581122bb7f2c\20210509T180000+1000_REC_223.wav,False,0,0,0,0,0,0,0,0,0,0,0,0,insects,-5.9802175,-0.12614283,-0.8545661,0.8421282,0.4143988,-0.13972998,0.28734586,0.3263617,-0.2728001,0.43996543,0.5001036,-0.18036957,0.30455324
-3.143317,8.810739,5.0308824,15,0,0,00:00.0,00:00.0,uploads\f2e6d795-3777-11f0-84b6-581122bb7f2c\20210509T180000+1000_REC_224.wav,True,0,1,0,0,1,0,0,0,0,0,0,0,insects,-5.98706,-0.15660435,-0.8063864,0.8267787,0.40258434,-0.15950175,0.26669595,0.36362374,-0.27862704,0.46525335,0.4700693,-0.16818827,0.32469985
-3.2475896,8.61099,4.8500853,15,0,0,00:00.0,00:00.0,uploads\f2e6d795-3777-11f0-84b6-581122bb7f2c\20210509T180000+1000_REC_225.wav,False,0,0,0,0,0,0,0,0,0,0,0,0,insects,-6.0096326,-0.1671667,-0.68249583,0.8311353,0.39044932,-0.2139547,0.28960782,0.34580284,-0.19505507,0.4664589,0.41321364,-0.19142559,0.26733273
-3.0195267,8.622447,4.974419,15,0,0,00:00.0,00:00.0,uploads\f2e6d795-3777-11f0-84b6-581122bb7f2c\20210509T180000+1000_REC_226.wav,True,0,0,0,0,1,0,0,0,0,0,0,0,insects,-5.9923024,-0.12317506,-0.80512154,0.84574205,0.43167016,-0.17549852,0.33388776,0.28749275,-0.22550708,0.4280083,0.46325418,-0.16071394,0.28299794
-3.2067049,8.615028,4.8746157,15,0,0,00:00.0,00:00.0,uploads\f2e6d795-3777-11f0-84b6-581122bb7f2c\20210509T180000+1000_REC_227.wav,False,0,0,0,0,0,0,0,0,0,0,0,0,insects,-6.009735,-0.10107674,-0.75623256,0.77106833,0.41279557,-0.13329056,0.3277056,0.31965023,-0.23419847,0.41997635,0.44759768,-0.19966732,0.25580034
-3.0253553,8.706645,5.0484896,15,0,0,00:00.0,00:00.0,uploads\f2e6d795-3777-11f0-84b6-581122bb7f2c\20210509T180000+1000_REC_228.wav,False,0,0,0,0,0,0,0,0,0,0,0,0,insects,-5.9918127,-0.063932836,-0.8814099,0.7394748,0.4361936,-0.12111094,0.29695156,0.35381335,-0.2565155,0.42925364,0.38918173,-0.20246936,0.3507972
-3.2433937,8.616581,4.8575034,15,0,0,00:00.0,00:00.0,uploads\f2e6d795-3777-11f0-84b6-581122bb7f2c\20210509T180000+1000_REC_229.wav,False,0,0,0,0,0,0,0,0,0,0,0,0,insects,-6.0139065,-0.10821986,-0.7170642,0.7800064,0.3983752,-0.1798054,0.29368472,0.33255628,-0.22272706,0.47518513,0.44403002,-0.14442907,0.2810902
-3.2025156,8.880934,5.07905,15,0,0,00:00.0,00:00.0,uploads\f2e6d795-3777-11f0-84b6-581122bb7f2c\20210509T180000+1000_REC_230.wav,False,0,0,0,0,0,0,0,0,0,0,0,0,insects,-5.9822736,-0.2099845,-0.7959296,0.8488534,0.42382956,-0.16065948,0.27916205,0.37128466,-0.2927335,0.4804788,0.45102215,-0.15118411,0.30957723
-3.18971,8.869999,5.082799,15,0,0,00:00.0,00:00.0,uploads\f2e6d795-3777-11f0-84b6-581122bb7f2c\20210509T180000+1000_REC_231.wav,True,0,0,0,0,1,0,0,0,0,0,0,0,insects,-5.9858847,-0.21440828,-0.80037576,0.8277879,0.42255217,-0.109129995,0.28879097,0.3871829,-0.28819123,0.46920565,0.462644,-0.15292464,0.30298948
-3.231454,8.905767,5.0493073,15,0,0,00:00.0,00:00.0,uploads\f2e6d795-3777-11f0-84b6-581122bb7f2c\20210509T180000+1000_REC_232.wav,False,0,0,0,0,0,0,0,0,0,0,0,0,insects,-5.985288,-0.15532547,-0.7675637,0.87278396,0.45952022,-0.14234388,0.2709049,0.38525316,-0.27246463,0.4959448,0.4318966,-0.19627927,0.30236518
-3.140654,8.820337,5.0634046,15,0,0,00:00.0,00:00.0,uploads\f2e6d795-3777-11f0-84b6-581122bb7f2c\20210509T180000+1000_REC_233.wav,False,0,0,0,0,0,0,0,0,0,0,0,0,insects,-5.9803295,-0.09486016,-0.84757054,0.82120514,0.38777116,-0.23601444,0.2449977,0.35538694,-0.19838719,0.56386715,0.47731778,-0.17676857,0.28397673
-3.147785,8.820293,5.0456905,15,0,0,00:00.0,00:00.0,uploads\f2e6d795-3777-11f0-84b6-581122bb7f2c\20210509T180000+1000_REC_234.wav,False,0,0,0,0,0,0,0,0,0,0,0,0,insects,-5.985518,-0.11558817,-0.8469208,0.7941029,0.37868145,-0.14843006,0.29587147,0.3955308,-0.2569708,0.48495147,0.4291055,-0.22081327,0.30462506
-3.0063152,8.6654215,4.997773,15,0,0,00:00.0,00:00.0,uploads\f2e6d795-3777-11f0-84b6-581122bb7f2c\20210509T180000+1000_REC_235.wav,False,0,0,0,0,0,0,0,0,0,0,0,0,insects,-5.984669,-0.11503276,-0.87135357,0.8138399,0.43892893,-0.1502518,0.2963017,0.3172722,-0.20728873,0.45422655,0.4423697,-0.19538665,0.32336286
-2.8523269,8.584317,5.009142,15,0,0,00:00.0,00:00.0,uploads\f2e6d795-3777-11f0-84b6-581122bb7f2c\20210509T180000+1000_REC_236.wav,False,0,0,0,0,0,0,0,0,0,0,0,0,insects,-5.9658337,-0.064473234,-0.91728735,0.8642935,0.44067973,-0.21097252,0.27493522,0.29928285,-0.22801982,0.47238326,0.50300896,-0.19133593,0.3181511
-2.9030015,8.616421,5.010968,15,0,0,00:00.0,00:00.0,uploads\f2e6d795-3777-11f0-84b6-581122bb7f2c\20210509T180000+1000_REC_237.wav,True,0,1,0,0,1,0,0,0,0,0,0,0,insects,-5.965061,-0.121986076,-0.9310325,0.8628419,0.46978593,-0.1452781,0.30514327,0.317337,-0.23120104,0.45679623,0.43794227,-0.20613055,0.3274788
-3.205947,8.882332,5.1007123,15,0,0,00:00.0,00:00.0,uploads\f2e6d795-3777-11f0-84b6-581122bb7f2c\20210509T180000+1000_REC_238.wav,False,0,0,0,0,0,0,0,0,0,0,0,0,insects,-5.967846,-0.17437407,-0.86944854,0.85885644,0.47778955,-0.14082353,0.28189585,0.3875888,-0.27124545,0.53418726,0.39782855,-0.1792357,0.3361585
-3.144219,8.7953615,5.022964,15,0,0,00:00.0,00:00.0,uploads\f2e6d795-3777-11f0-84b6-581122bb7f2c\20210509T180000+1000_REC_239.wav,False,0,0,0,0,0,0,0,0,0,0,0,0,insects,-5.9966083,-0.12944523,-0.7899318,0.7996307,0.401154,-0.14494562,0.29434675,0.3511676,-0.256686,0.47909108,0.4613493,-0.15968378,0.31231403
-3.0088913,8.690733,5.04403,15,0,0,00:00.0,00:00.0,uploads\f2e6d795-3777-11f0-84b6-581122bb7f2c\20210509T180000+1000_REC_240.wav,False,0,0,0,0,0,0,0,0,0,0,0,0,insects,-5.984161,0.022300662,-0.93223757,0.761666,0.42861545,-0.14959064,0.33685568,0.3189363,-0.21989115,0.440303,0.3718662,-0.21549115,0.351578
-2.9719477,8.6732025,5.0378523,15,0,0,00:00.0,00:00.0,uploads\f2e6d795-3777-11f0-84b6-581122bb7f2c\20210509T180000+1000_REC_241.wav,False,0,0,0,0,0,0,0,0,0,0,0,0,insects,-5.969861,-0.018596608,-0.977538,0.79386795,0.44382042,-0.10065669,0.33882523,0.3028571,-0.24109381,0.39762548,0.3585886,-0.2784217,0.35568938
-2.8669376,8.591526,5.0091095,15,0,0,00:00.0,00:00.0,uploads\f2e6d795-3777-11f0-84b6-581122bb7f2c\20210509T180000+1000_REC_242.wav,False,0,0,0,0,0,0,0,0,0,0,0,0,insects,-5.964902,-0.1358588,-0.9246827,0.8770214,0.41482553,-0.1339594,0.3119615,0.3039354,-0.21635439,0.46165115,0.4628819,-0.22232111,0.35389265
-3.1586025,8.848219,5.0836754,15,0,0,00:00.0,00:00.0,uploads\f2e6d795-3777-11f0-84b6-581122bb7f2c\20210509T180000+1000_REC_243.wav,False,0,0,0,0,0,0,0,0,0,0,0,0,insects,-5.9848447,-0.123637915,-0.8381053,0.81317216,0.42430398,-0.13650583,0.30525607,0.35052526,-0.25256708,0.5176567,0.4395861,-0.188744,0.30548736
-3.189922,8.863554,5.092445,15,0,0,00:00.0,00:00.0,uploads\f2e6d795-3777-11f0-84b6-581122bb7f2c\20210509T180000+1000_REC_244.wav,False,0,0,0,0,0,0,0,0,0,0,0,0,insects,-5.980128,-0.18086344,-0.80838615,0.88278717,0.4668448,-0.115546905,0.30373287,0.3569195,-0.21737105,0.513339,0.43940696,-0.17862087,0.33691797
-3.0481384,8.6585,4.9854784,15,0,0,00:00.0,00:00.0,uploads\f2e6d795-3777-11f0-84b6-581122bb7f2c\20210509T180000+1000_REC_245.wav,False,0,0,0,0,0,0,0,0,0,0,0,0,insects,-5.9937143,-0.17070292,-0.771869,0.8622451,0.43215546,-0.1280421,0.31707555,0.31760514,-0.18661828,0.48085833,0.43649867,-0.19638072,0.32002544
-3.0317578,8.673525,5.024508,15,0,0,00:00.0,00:00.0,uploads\f2e6d795-3777-11f0-84b6-581122bb7f2c\20210509T180000+1000_REC_246.wav,False,0,0,0,0,0,0,0,0,0,0,0,0,insects,-5.9956455,0.011766792,-0.8624087,0.7862102,0.41415998,-0.14608803,0.40031558,0.29384324,-0.2076694,0.43142456,0.39689752,-0.2045993,0.2728197
-3.0327146,8.69881,5.041625,15,0,0,00:00.0,00:00.0,uploads\f2e6d795-3777-11f0-84b6-581122bb7f2c\20210509T180000+1000_REC_247.wav,False,0,0,0,0,0,0,0,0,0,0,0,0,insects,-5.9905868,-0.096429095,-0.85559386,0.77984667,0.41796714,-0.12739532,0.36769417,0.34111983,-0.26347283,0.47271863,0.37935528,-0.17606117,0.30340484
-2.9249408,8.6353,5.0042152,15,0,0,00:00.0,00:00.0,uploads\f2e6d795-3777-11f0-84b6-581122bb7f2c\20210509T180000+1000_REC_248.wav,False,0,0,0,0,0,0,0,0,0,0,0,0,insects,-5.968397,-0.0978018,-0.9140443,0.8710838,0.44522002,-0.15752049,0.321898,0.2817631,-0.24211767,0.4515881,0.481183,-0.17250414,0.33367687
-3.2554805,8.606014,4.843865,15,0,0,00:00.0,00:00.0,uploads\f2e6d795-3777-11f0-84b6-581122bb7f2c\20210509T180000+1000_REC_249.wav,False,0,0,0,0,0,0,0,0,0,0,0,0,insects,-6.0179253,-0.14554413,-0.707938,0.79859036,0.40682006,-0.1491004,0.31619292,0.3072102,-0.19554178,0.4171937,0.4238289,-0.14419977,0.29319566
-3.0967495,8.699169,4.9766264,15,0,0,00:00.0,00:00.0,uploads\f2e6d795-3777-11f0-84b6-581122bb7f2c\20210509T180000+1000_REC_250.wav,False,0,0,0,0,0,0,0,0,0,0,0,0,insects,-5.9946733,-0.18192539,-0.7756279,0.8257568,0.43972626,-0.15040234,0.28403112,0.37002036,-0.23849243,0.45858192,0.42114803,-0.16568004,0.31645903
-3.0143297,8.648963,4.9966583,15,0,0,00:00.0,00:00.0,uploads\f2e6d795-3777-11f0-84b6-581122bb7f2c\20210509T180000+1000_REC_251.wav,True,0,0,0,0,1,0,0,0,0,0,0,0,insects,-5.989198,-0.15367548,-0.82226014,0.82893777,0.43076098,-0.16123614,0.3270068,0.33060905,-0.21356094,0.4551666,0.42283684,-0.1846144,0.31674826
-3.2071726,8.885122,5.0738487,15,0,0,00:00.0,00:00.0,uploads\f2e6d795-3777-11f0-84b6-581122bb7f2c\20210509T180000+1000_REC_252.wav,False,0,0,0,0,0,0,0,0,0,0,0,0,insects,-5.976869,-0.1754434,-0.8086323,0.86725086,0.4032476,-0.17556848,0.24413659,0.40475628,-0.28645468,0.4853941,0.45101997,-0.191402,0.33736202
-3.0546026,8.662151,4.979944,15,0,0,00:00.0,00:00.0,uploads\f2e6d795-3777-11f0-84b6-581122bb7f2c\20210509T180000+1000_REC_253.wav,False,0,0,0,0,0,0,0,0,0,0,0,0,insects,-5.9904504,-0.15246278,-0.79144686,0.8551807,0.41969812,-0.18073866,0.3297557,0.36009514,-0.21128568,0.4332801,0.4296179,-0.18476902,0.3215941
-3.2062004,8.883362,5.100925,15,0,0,00:00.0,00:00.0,uploads\f2e6d795-3777-11f0-84b6-581122bb7f2c\20210509T180000+1000_REC_254.wav,False,0,0,0,0,0,0,0,0,0,0,0,0,insects,-5.9702454,-0.2157599,-0.84251475,0.88368565,0.4521182,-0.1349376,0.28643423,0.3679268,-0.2688006,0.49413523,0.44180006,-0.17887317,0.31994128
-3.0321138,8.632832,4.967707,15,0,0,00:00.0,00:00.0,uploads\f2e6d795-3777-11f0-84b6-581122bb7f2c\20210509T180000+1000_REC_255.wav,False,0,0,0,0,0,0,0,0,0,0,0,0,insects,-5.988948,-0.18272829,-0.8071801,0.8451474,0.414307,-0.15399857,0.31867626,0.33055964,-0.22826773,0.44918776,0.43977565,-0.17226839,0.3123582
-3.1073616,8.690906,4.9613357,15,0,0,00:00.0,00:00.0,uploads\f2e6d795-3777-11f0-84b6-581122bb7f2c\20210509T180000+1000_REC_256.wav,False,0,0,0,0,0,0,0,0,0,0,0,0,insects,-5.9977303,-0.14713238,-0.7677216,0.8281515,0.41547418,-0.16377954,0.2764243,0.32986078,-0.2314087,0.48057827,0.4468174,-0.16343004,0.3083485
-3.2005372,8.877038,5.098188,15,0,0,00:00.0,00:00.0,uploads\f2e6d795-3777-11f0-84b6-581122bb7f2c\20210509T180000+1000_REC_257.wav,False,0,0,0,0,0,0,0,0,0,0,0,0,insects,-5.976368,-0.17612483,-0.83256775,0.8496406,0.4216527,-0.15373854,0.32789946,0.358195,-0.2951964,0.5157774,0.4216983,-0.16529809,0.3186408
-3.187875,8.867153,5.0918956,15,0,0,00:00.0,00:00.0,uploads\f2e6d795-3777-11f0-84b6-581122bb7f2c\20210509T180000+1000_REC_258.wav,False,0,0,0,0,0,0,0,0,0,0,0,0,insects,-5.983749,-0.20493817,-0.8089245,0.8391693,0.4417548,-0.12677993,0.29259893,0.32933053,-0.26666832,0.506876,0.4307948,-0.1738547,0.3079322
-3.2219334,8.909219,5.1427875,15,0,0,00:00.0,00:00.0,uploads\f2e6d795-3777-11f0-84b6-581122bb7f2c\20210509T180000+1000_REC_259.wav,False,0,0,0,0,0,0,0,0,0,0,0,0,insects,-5.9822745,-0.20484495,-0.79596394,0.84070176,0.43352914,-0.11948448,0.30737585,0.3698928,-0.26542795,0.5254081,0.4483167,-0.18015647,0.3265221
-3.1791825,8.860805,5.0854273,15,0,0,00:00.0,00:00.0,uploads\f2e6d795-3777-11f0-84b6-581122bb7f2c\20210509T180000+1000_REC_260.wav,True,0,1,0,0,1,0,0,0,0,0,0,0,insects,-5.985201,-0.18001606,-0.79989755,0.8485985,0.4341897,-0.135622,0.32002762,0.3566909,-0.2515807,0.50355005,0.46453547,-0.15821427,0.28079662
-2.7648797,8.485364,5.02183,15,0,0,00:00.0,00:00.0,uploads\f2e6d795-3777-11f0-84b6-581122bb7f2c\20210509T180000+1000_REC_261.wav,False,0,0,0,0,0,0,0,0,0,0,0,0,insects,-5.991042,-0.061470985,-0.7193599,0.8376223,0.3409865,-0.14610524,0.3916566,0.30991322,-0.27021948,0.55742365,0.5175522,-0.28675705,0.24940348
-2.7286,8.503941,5.004161,15,0,0,00:00.0,00:00.0,uploads\f2e6d795-3777-11f0-84b6-581122bb7f2c\20210509T180000+1000_REC_262.wav,False,0,0,0,0,0,0,0,0,0,0,0,0,insects,-5.967196,-0.16274858,-0.8739187,0.87180805,0.4234462,-0.10341313,0.31515664,0.31238896,-0.2475563,0.4928521,0.502985,-0.24794355,0.32564783
-3.1725054,8.853895,5.0810466,15,0,0,00:00.0,00:00.0,uploads\f2e6d795-3777-11f0-84b6-581122bb7f2c\20210509T180000+1000_REC_263.wav,False,0,0,0,0,0,0,0,0,0,0,0,0,insects,-5.9877844,-0.20798308,-0.80346227,0.8057486,0.4266213,-0.12908497,0.28437203,0.3378952,-0.27638212,0.5007553,0.43859392,-0.18005039,0.28796017
-3.256116,8.607903,4.8439302,15,0,0,00:00.0,00:00.0,uploads\f2e6d795-3777-11f0-84b6-581122bb7f2c\20210509T180000+1000_REC_264.wav,False,0,0,0,0,0,0,0,0,0,0,0,0,insects,-6.0127144,-0.21517116,-0.68432635,0.79427606,0.3972931,-0.14843057,0.28479582,0.3310646,-0.21917489,0.48273247,0.39435685,-0.18609759,0.28992224
-2.7161794,8.456171,5.027977,15,0,0,00:00.0,00:00.0,uploads\f2e6d795-3777-11f0-84b6-581122bb7f2c\20210509T180000+1000_REC_265.wav,True,0,0,0,0,1,0,0,0,0,0,0,0,insects,-5.9752946,-0.15940623,-0.8529559,0.83368134,0.46513742,-0.10350408,0.2927633,0.28487334,-0.23484911,0.5261956,0.45652717,-0.26267686,0.2992213
-2.8731546,8.527272,4.9948597,15,0,0,00:00.0,00:00.0,uploads\f2e6d795-3777-11f0-84b6-581122bb7f2c\20210509T180000+1000_REC_266.wav,False,0,0,0,0,0,0,0,0,0,0,0,0,insects,-5.992063,-0.16789907,-0.7932865,0.82743424,0.41959286,-0.13056377,0.3157649,0.29026914,-0.2317888,0.45993215,0.45794737,-0.21964192,0.28414246
10.12134,0.7846013,6.3478928,16,0,0,00:00.0,00:00.0,uploads\f2e6d795-3777-11f0-84b6-581122bb7f2c\20210509T080000+1000_REC_211.wav,True,0,1,0,0,0,0,0,0,0,0,0,1,birds + wind (light),-5.748655,1.7643846,-0.07824549,1.0174032,-0.932883,0.49724123,-0.2731362,0.33074164,-0.17011829,0.22525287,-0.022023043,0.17118241,0.058501597
10.122136,0.78676885,6.3483243,16,0,0,00:00.0,00:00.0,uploads\f2e6d795-3777-11f0-84b6-581122bb7f2c\20210509T080000+1000_REC_212.wav,False,0,0,0,0,0,0,0,0,0,0,0,0,birds + wind (light),-5.716019,1.8302987,-0.122885585,1.048649,-0.9773898,0.44974688,-0.26253867,0.33361435,-0.13873994,0.23679033,-0.13054617,0.1880509,0.07034843
10.121238,0.78419995,6.34847,16,0,0,00:00.0,00:00.0,uploads\f2e6d795-3777-11f0-84b6-581122bb7f2c\20210509T080000+1000_REC_214.wav,False,0,0,0,0,0,0,0,0,0,0,0,0,birds + wind (light),-5.7810006,1.6820737,0.016771806,0.993569,-0.9049145,0.50608444,-0.29639277,0.33025068,-0.08266423,0.23757462,-0.08567088,0.18835853,0.03802701
10.091869,0.75746316,6.3441,16,0,0,00:00.0,00:00.0,uploads\f2e6d795-3777-11f0-84b6-581122bb7f2c\20210509T080000+1000_REC_250.wav,False,0,0,0,0,0,0,0,0,0,0,0,0,birds + wind (light),-5.830585,1.5590272,-0.00078205176,1.0230238,-0.742029,0.56595665,-0.30518448,0.32560498,-0.014125103,0.23027068,-0.048190244,0.2757512,0.09264357
10.107484,0.7615226,6.3374133,16,0,0,00:00.0,00:00.0,uploads\f2e6d795-3777-11f0-84b6-581122bb7f2c\20210509T080000+1000_REC_251.wav,False,0,0,0,0,0,0,0,0,0,0,0,0,birds + wind (light),-5.81461,1.5549381,0.042008758,1.0717571,-0.8427947,0.5367933,-0.2562422,0.30672237,-0.056754503,0.2745149,-0.027129145,0.20117582,0.021783652
10.1254,0.79200727,6.3555136,16,0,0,00:00.0,00:00.0,uploads\f2e6d795-3777-11f0-84b6-581122bb7f2c\20210509T080000+1000_REC_253.wav,False,0,0,0,0,0,0,0,0,0,0,0,0,birds + wind (light),-5.766831,1.615933,-0.088702805,1.1708753,-0.89282703,0.41263157,-0.35393384,0.4086826,-0.086379014,0.17387857,-0.05259559,0.1626451,-0.029216468
10.128998,10.19646,-0.97959924,17,0,0,00:00.0,00:00.0,uploads\f2e6d795-3777-11f0-84b6-581122bb7f2c\20210509T200000+1000_REC_95.wav,False,0,0,0,0,0,0,0,0,0,0,0,0,insects,-5.9901595,0.3138355,-0.90995014,0.9904164,0.55533445,0.07542501,0.22532298,0.3959739,0.16037527,0.2432954,0.27750093,0.30300638,0.25251216
10.296173,10.134442,-0.8455926,17,0,0,00:00.0,00:00.0,uploads\f2e6d795-3777-11f0-84b6-581122bb7f2c\20210509T200000+1000_REC_150.wav,False,0,0,0,0,0,0,0,0,0,0,0,0,insects,-5.947075,0.42038727,-0.9409036,1.0740355,0.76131755,0.13153976,0.27060458,0.43583226,0.16642547,0.2997842,0.23689522,0.28899238,0.1943973
10.044838,10.263393,-1.1006639,17,0,0,00:00.0,00:00.0,uploads\f2e6d795-3777-11f0-84b6-581122bb7f2c\20210509T200000+1000_REC_151.wav,False,0,0,0,0,0,0,0,0,0,0,0,0,insects,-5.910015,0.36645067,-1.1364679,1.1412445,0.6969457,0.0709701,0.108984165,0.44072008,0.14964773,0.30772826,0.25457564,0.23909773,0.22556485
10.037265,10.265705,-1.0892632,17,0,0,00:00.0,00:00.0,uploads\f2e6d795-3777-11f0-84b6-581122bb7f2c\20210509T200000+1000_REC_152.wav,False,0,0,0,0,0,0,0,0,0,0,0,0,insects,-5.942594,0.32923442,-0.99125767,1.151504,0.6044174,0.052946992,0.08652118,0.47428182,0.21462934,0.33672372,0.28396845,0.18212675,0.2231945
9.973762,10.309673,-1.002598,17,0,0,00:00.0,00:00.0,uploads\f2e6d795-3777-11f0-84b6-581122bb7f2c\20210509T200000+1000_REC_153.wav,True,0,0,0,0,1,0,0,0,0,0,0,0,insects,-5.9749107,0.32093158,-0.8600453,1.0939893,0.6321828,0.014886966,0.17733182,0.43765,0.21429838,0.27624074,0.26641384,0.27023825,0.20732163
9.98484,10.273855,-0.97373796,17,0,0,00:00.0,00:00.0,uploads\f2e6d795-3777-11f0-84b6-581122bb7f2c\20210509T200000+1000_REC_154.wav,False,0,0,0,0,0,0,0,0,0,0,0,0,insects,-5.986879,0.35844794,-0.9294504,0.9516425,0.6293396,0.04100482,0.19173168,0.36659864,0.19292806,0.3218299,0.26052356,0.24030662,0.19565451
9.973491,10.28278,-1.0257299,17,0,0,00:00.0,00:00.0,uploads\f2e6d795-3777-11f0-84b6-581122bb7f2c\20210509T200000+1000_REC_155.wav,False,0,0,0,0,0,0,0,0,0,0,0,0,insects,-5.984501,0.22446495,-0.9707105,0.96063536,0.5673165,0.03958288,0.12281082,0.41538453,0.22291082,0.2379398,0.35064918,0.22912069,0.17086938
10.09869,10.23486,-1.0792785,17,0,0,00:00.0,00:00.0,uploads\f2e6d795-3777-11f0-84b6-581122bb7f2c\20210509T200000+1000_REC_156.wav,False,0,0,0,0,0,0,0,0,0,0,0,0,insects,-5.9529324,0.28326634,-1.0194618,1.0822252,0.59554976,0.13144088,0.12350102,0.41463745,0.114439696,0.29934382,0.3282888,0.3166405,0.17103635
10.076812,10.229591,-0.9442234,17,0,0,00:00.0,00:00.0,uploads\f2e6d795-3777-11f0-84b6-581122bb7f2c\20210509T200000+1000_REC_157.wav,False,0,0,0,0,0,0,0,0,0,0,0,0,insects,-5.960045,0.33904383,-0.9907876,1.0019294,0.66434735,0.036474068,0.2085496,0.4267469,0.1390564,0.35825026,0.27406442,0.3247479,0.19851641
9.95872,10.308559,-1.0646832,17,0,0,00:00.0,00:00.0,uploads\f2e6d795-3777-11f0-84b6-581122bb7f2c\20210509T200000+1000_REC_158.wav,True,0,0,0,0,1,0,0,0,0,0,0,0,insects,-5.9743285,0.34877115,-0.99959695,0.993403,0.48190427,0.0024436186,0.18153879,0.454639,0.18791765,0.30233103,0.29337773,0.26285672,0.16237512
10.186398,10.201903,-1.0008304,17,0,0,00:00.0,00:00.0,uploads\f2e6d795-3777-11f0-84b6-581122bb7f2c\20210509T200000+1000_REC_159.wav,False,0,0,0,0,0,0,0,0,0,0,0,0,insects,-5.9657574,0.34825784,-1.04878,0.99116135,0.48651677,0.13115866,0.14617807,0.41448444,0.15636626,0.28304502,0.35447928,0.27150613,0.26217967
9.962515,10.31053,-1.0697185,17,0,0,00:00.0,00:00.0,uploads\f2e6d795-3777-11f0-84b6-581122bb7f2c\20210509T200000+1000_REC_160.wav,False,0,0,0,0,0,0,0,0,0,0,0,0,insects,-5.9553638,0.37195718,-1.0815035,0.98612726,0.52219725,0.061767627,0.1960607,0.46379796,0.1756862,0.35675168,0.2465498,0.2813091,0.18055464
10.074109,10.225927,-0.9125554,17,0,0,00:00.0,00:00.0,uploads\f2e6d795-3777-11f0-84b6-581122bb7f2c\20210509T200000+1000_REC_161.wav,False,0,0,0,0,0,0,0,0,0,0,0,0,insects,-5.917883,0.38130382,-1.1730723,1.05642,0.5981874,0.068313,0.16375399,0.38180116,0.08114788,0.41197592,0.273707,0.367718,0.24074647
10.080875,10.238226,-1.043435,17,0,0,00:00.0,00:00.0,uploads\f2e6d795-3777-11f0-84b6-581122bb7f2c\20210509T200000+1000_REC_162.wav,False,0,0,0,0,0,0,0,0,0,0,0,0,insects,-5.980362,0.28605244,-0.9518172,0.9653816,0.55639863,0.07686233,0.1897271,0.4641737,0.1564403,0.24586637,0.38315347,0.32518914,0.2281935
9.945693,10.167902,-1.0499327,17,0,0,00:00.0,00:00.0,uploads\f2e6d795-3777-11f0-84b6-581122bb7f2c\20210509T200000+1000_REC_163.wav,False,0,0,0,0,0,0,0,0,0,0,0,0,insects,-5.9808655,0.41169208,-0.94740623,0.98716843,0.5231143,0.00084696244,0.13895676,0.39575538,0.09888739,0.2947563,0.32075533,0.3077351,0.18399738
10.01443,10.312947,-1.126445,17,0,0,00:00.0,00:00.0,uploads\f2e6d795-3777-11f0-84b6-581122bb7f2c\20210509T200000+1000_REC_164.wav,False,0,0,0,0,0,0,0,0,0,0,0,0,insects,-5.95617,0.40582258,-1.0265573,0.9959722,0.6097635,0.06024986,0.15616283,0.42091835,0.17528173,0.3827637,0.33698392,0.2615284,0.17525905
10.049359,10.218959,-0.9624387,17,0,0,00:00.0,00:00.0,uploads\f2e6d795-3777-11f0-84b6-581122bb7f2c\20210509T200000+1000_REC_165.wav,True,0,0,0,0,1,0,0,0,0,0,0,0,insects,-5.974066,0.36223537,-0.953535,0.97816175,0.5961741,0.04394808,0.16348667,0.40425792,0.13790742,0.30802017,0.35323215,0.3699526,0.20926137
10.063665,10.2598095,-1.1004403,17,0,0,00:00.0,00:00.0,uploads\f2e6d795-3777-11f0-84b6-581122bb7f2c\20210509T200000+1000_REC_166.wav,False,0,0,0,0,0,0,0,0,0,0,0,0,insects,-5.9536552,0.29185513,-1.0393422,1.0297434,0.644583,0.08894839,0.12023995,0.4092197,0.15535055,0.32527575,0.30757132,0.26695812,0.22504082
10.020134,10.248082,-1.0007366,17,0,0,00:00.0,00:00.0,uploads\f2e6d795-3777-11f0-84b6-581122bb7f2c\20210509T200000+1000_REC_167.wav,False,0,0,0,0,0,0,0,0,0,0,0,0,insects,-5.98177,0.30724397,-0.9507486,0.9584401,0.62412393,0.05181098,0.15374994,0.3736897,0.14935657,0.3214737,0.31913945,0.30696574,0.19010492
10.105649,10.23099,-1.0479538,17,0,0,00:00.0,00:00.0,uploads\f2e6d795-3777-11f0-84b6-581122bb7f2c\20210509T200000+1000_REC_168.wav,False,0,0,0,0,0,0,0,0,0,0,0,0,insects,-5.964864,0.34377915,-1.0028906,0.98421323,0.6234324,0.103096135,0.16035527,0.4084738,0.14106722,0.30552807,0.37040067,0.30478972,0.2056486
9.966812,10.302128,-1.0715468,17,0,0,00:00.0,00:00.0,uploads\f2e6d795-3777-11f0-84b6-581122bb7f2c\20210509T200000+1000_REC_169.wav,False,0,0,0,0,0,0,0,0,0,0,0,0,insects,-5.9667854,0.41759118,-0.99649405,0.98819894,0.5404848,-0.022708815,0.15586802,0.4456371,0.18945216,0.35195458,0.3111798,0.26640508,0.17023781
9.983429,10.244404,-1.0207249,17,0,0,00:00.0,00:00.0,uploads\f2e6d795-3777-11f0-84b6-581122bb7f2c\20210509T200000+1000_REC_171.wav,False,0,0,0,0,0,0,0,0,0,0,0,0,insects,-5.977209,0.34038502,-0.9851846,0.94384986,0.6044319,0.04332857,0.09514351,0.42302808,0.121153645,0.23359537,0.34318617,0.31631938,0.13834894
9.943061,10.27549,-1.0072932,17,0,0,00:00.0,00:00.0,uploads\f2e6d795-3777-11f0-84b6-581122bb7f2c\20210509T200000+1000_REC_172.wav,False,0,0,0,0,0,0,0,0,0,0,0,0,insects,-6.0039544,0.3010964,-0.9211357,0.8654477,0.553699,0.030406184,0.13788606,0.40190244,0.18253092,0.24523485,0.35745943,0.29424128,0.14881551
10.0202,10.251314,-0.8965051,17,0,0,00:00.0,00:00.0,uploads\f2e6d795-3777-11f0-84b6-581122bb7f2c\20210509T200000+1000_REC_173.wav,False,0,0,0,0,0,0,0,0,0,0,0,0,insects,-5.947646,0.39062357,-1.1035376,0.9721956,0.6036923,0.046000864,0.15451767,0.38529482,0.07282878,0.29261935,0.30025595,0.37724385,0.1989295
10.004122,10.260278,-0.9849029,17,0,0,00:00.0,00:00.0,uploads\f2e6d795-3777-11f0-84b6-581122bb7f2c\20210509T200000+1000_REC_174.wav,False,0,0,0,0,0,0,0,0,0,0,0,0,insects,-5.949348,0.3680914,-1.0655171,0.9972688,0.5721016,0.05614935,0.2020382,0.47550082,0.1419004,0.32693562,0.29269624,0.38676158,0.16189635
10.014379,10.24769,-0.90153515,17,0,0,00:00.0,00:00.0,uploads\f2e6d795-3777-11f0-84b6-581122bb7f2c\20210509T200000+1000_REC_175.wav,False,0,0,0,0,0,0,0,0,0,0,0,0,insects,-5.9753003,0.35062996,-0.9741551,0.93936604,0.64506274,0.04702033,0.17968938,0.37273496,0.110650696,0.29260927,0.33947796,0.35833535,0.18119831
10.027235,10.246957,-1.0219566,17,0,0,00:00.0,00:00.0,uploads\f2e6d795-3777-11f0-84b6-581122bb7f2c\20210509T200000+1000_REC_176.wav,False,0,0,0,0,0,0,0,0,0,0,0,0,insects,-5.9653254,0.32119077,-0.98604214,1.0279987,0.5465168,0.027651096,0.15005833,0.42651188,0.16517006,0.2912816,0.39425054,0.33657867,0.17621057
10.083833,10.21883,-1.0372247,17,0,0,00:00.0,00:00.0,uploads\f2e6d795-3777-11f0-84b6-581122bb7f2c\20210509T200000+1000_REC_177.wav,False,0,0,0,0,0,0,0,0,0,0,0,0,insects,-5.9710183,0.34398696,-0.9920994,0.9905605,0.5804827,0.07567563,0.17412747,0.3912998,0.13757557,0.26892072,0.35200372,0.3274077,0.19953151
10.035561,10.236848,-0.8345056,17,0,0,00:00.0,00:00.0,uploads\f2e6d795-3777-11f0-84b6-581122bb7f2c\20210509T200000+1000_REC_178.wav,False,0,0,0,0,0,0,0,0,0,0,0,0,insects,-5.9649034,0.33457795,-1.0174057,0.97288054,0.6241489,-0.002692254,0.19182262,0.36006972,0.08744091,0.32367143,0.30493152,0.35539225,0.17953186
10.1527,10.167716,-0.82333684,17,0,0,00:00.0,00:00.0,uploads\f2e6d795-3777-11f0-84b6-581122bb7f2c\20210509T200000+1000_REC_179.wav,False,0,0,0,0,0,0,0,0,0,0,0,0,insects,-5.9958644,0.32995662,-0.89757854,0.8976093,0.6155677,0.0028500108,0.23272055,0.38439372,0.076478705,0.31625253,0.3311723,0.33259717,0.151105
10.187843,10.15488,-0.8257658,17,0,0,00:00.0,00:00.0,uploads\f2e6d795-3777-11f0-84b6-581122bb7f2c\20210509T200000+1000_REC_180.wav,False,0,0,0,0,0,0,0,0,0,0,0,0,insects,-5.9985237,0.31973273,-0.88758874,0.9281882,0.54519516,0.060156774,0.2428532,0.37543777,0.104605995,0.29991245,0.36764,0.33065835,0.23714414
10.274665,10.15922,-0.9806746,17,0,0,00:00.0,00:00.0,uploads\f2e6d795-3777-11f0-84b6-581122bb7f2c\20210509T200000+1000_REC_181.wav,False,0,0,0,0,0,0,0,0,0,0,0,0,insects,-5.9938726,0.28409532,-0.90607077,0.95032007,0.5515285,0.13452779,0.18897955,0.41845545,0.16991808,0.29070047,0.40365726,0.23590259,0.20375383
10.123819,10.202275,-0.89812124,17,0,0,00:00.0,00:00.0,uploads\f2e6d795-3777-11f0-84b6-581122bb7f2c\20210509T200000+1000_REC_182.wav,False,0,0,0,0,0,0,0,0,0,0,0,0,insects,-5.971537,0.37519628,-0.95294887,0.9896632,0.60286826,0.054498143,0.18313119,0.3807117,0.12774462,0.35636902,0.36176723,0.32967138,0.23338117
10.217108,10.186986,-0.98028725,17,0,0,00:00.0,00:00.0,uploads\f2e6d795-3777-11f0-84b6-581122bb7f2c\20210509T200000+1000_REC_183.wav,False,0,0,0,0,0,0,0,0,0,0,0,0,insects,-5.9842196,0.3566248,-0.9774923,0.91980207,0.54337984,0.08484506,0.19303575,0.3743406,0.13503514,0.32976887,0.3748226,0.28290743,0.23610805
10.138259,10.19695,-0.91777694,17,0,0,00:00.0,00:00.0,uploads\f2e6d795-3777-11f0-84b6-581122bb7f2c\20210509T200000+1000_REC_184.wav,False,0,0,0,0,0,0,0,0,0,0,0,0,insects,-5.9683747,0.39928815,-0.96903485,0.96488965,0.59877384,0.08135831,0.22426312,0.42546678,0.12335765,0.39478832,0.32784098,0.32321796,0.25053734
10.182439,10.186852,-0.8855212,17,0,0,00:00.0,00:00.0,uploads\f2e6d795-3777-11f0-84b6-581122bb7f2c\20210509T200000+1000_REC_185.wav,False,0,0,0,0,0,0,0,0,0,0,0,0,insects,-5.984371,0.363619,-0.85139203,0.98852336,0.6610665,0.04564537,0.21862464,0.37041065,0.16396146,0.40122032,0.32330978,0.3108239,0.20313542
10.23604,10.14529,-0.861518,17,0,0,00:00.0,00:00.0,uploads\f2e6d795-3777-11f0-84b6-581122bb7f2c\20210509T200000+1000_REC_186.wav,True,0,0,0,0,1,0,0,0,0,0,0,0,insects,-5.986799,0.4246947,-0.8742136,0.9761067,0.56637716,0.07449889,0.22599794,0.39800763,0.15720238,0.36837843,0.3722225,0.3021015,0.15395689
10.316855,10.139525,-0.96475786,17,0,0,00:00.0,00:00.0,uploads\f2e6d795-3777-11f0-84b6-581122bb7f2c\20210509T200000+1000_REC_187.wav,False,0,0,0,0,0,0,0,0,0,0,0,0,insects,-5.997112,0.2771712,-0.89655495,0.96739924,0.5142366,0.15048105,0.23035623,0.3886017,0.16470082,0.30044016,0.39484024,0.23125343,0.17574877
10.229605,10.142835,-0.820062,17,0,0,00:00.0,00:00.0,uploads\f2e6d795-3777-11f0-84b6-581122bb7f2c\20210509T200000+1000_REC_188.wav,False,0,0,0,0,0,0,0,0,0,0,0,0,insects,-5.9937806,0.3901653,-0.86440563,0.9822548,0.5641372,0.062237594,0.2620437,0.3481504,0.093184344,0.35405973,0.31893504,0.28757572,0.15661997
10.14585,10.142101,-0.7811993,17,0,0,00:00.0,00:00.0,uploads\f2e6d795-3777-11f0-84b6-581122bb7f2c\20210509T200000+1000_REC_189.wav,False,0,0,0,0,0,0,0,0,0,0,0,0,insects,-6.0010095,0.37791395,-0.8838408,0.9064967,0.54927427,0.009833836,0.23277614,0.34843192,0.08804512,0.33726606,0.32191926,0.32090315,0.22591916
10.221887,10.178391,-0.9610041,17,0,0,00:00.0,00:00.0,uploads\f2e6d795-3777-11f0-84b6-581122bb7f2c\20210509T200000+1000_REC_190.wav,True,0,0,0,0,1,0,0,0,0,0,0,0,insects,-5.98123,0.31516558,-0.95831233,0.985284,0.5467158,0.11156324,0.21043275,0.37385166,0.12832169,0.32794863,0.3459987,0.2862692,0.2204598
9.9846325,10.272028,-0.9511601,17,0,0,00:00.0,00:00.0,uploads\f2e6d795-3777-11f0-84b6-581122bb7f2c\20210509T200000+1000_REC_191.wav,False,0,0,0,0,0,0,0,0,0,0,0,0,insects,-5.9887958,0.32160276,-0.90046835,0.9813962,0.55552024,-0.018466858,0.23231977,0.38212594,0.1878177,0.4093136,0.24942006,0.2579446,0.19641037
10.263802,10.138664,-0.86082464,17,0,0,00:00.0,00:00.0,uploads\f2e6d795-3777-11f0-84b6-581122bb7f2c\20210509T200000+1000_REC_192.wav,False,0,0,0,0,0,0,0,0,0,0,0,0,insects,-5.9797387,0.31432652,-0.92894936,1.0027941,0.57984346,0.07405498,0.26258838,0.35307077,0.11737926,0.34407234,0.35029814,0.32020968,0.19208136
10.343617,10.11096,-0.8953618,17,0,0,00:00.0,00:00.0,uploads\f2e6d795-3777-11f0-84b6-581122bb7f2c\20210509T200000+1000_REC_193.wav,False,0,0,0,0,0,0,0,0,0,0,0,0,insects,-5.9853396,0.28046802,-0.9319681,0.95386267,0.6242564,0.11953054,0.21551742,0.33855763,0.16587046,0.37253588,0.36999464,0.21700986,0.21713813
10.335981,10.095482,-0.8520205,17,0,0,00:00.0,00:00.0,uploads\f2e6d795-3777-11f0-84b6-581122bb7f2c\20210509T200000+1000_REC_194.wav,False,0,0,0,0,0,0,0,0,0,0,0,0,insects,-5.96389,0.3431511,-0.96957046,0.990553,0.6998244,0.115047514,0.23161459,0.34352204,0.13323131,0.39304388,0.29306427,0.3075909,0.22839206
10.3618145,10.097209,-0.8841388,17,0,0,00:00.0,00:00.0,uploads\f2e6d795-3777-11f0-84b6-581122bb7f2c\20210509T200000+1000_REC_195.wav,True,0,0,0,0,1,0,0,0,0,0,0,0,insects,-5.994966,0.26263413,-0.8652681,0.96285415,0.6486346,0.12419086,0.23401518,0.32476813,0.1465693,0.34930268,0.32934985,0.26410297,0.23871455
10.24275,10.169826,-0.96982986,17,0,0,00:00.0,00:00.0,uploads\f2e6d795-3777-11f0-84b6-581122bb7f2c\20210509T200000+1000_REC_196.wav,False,0,0,0,0,0,0,0,0,0,0,0,0,insects,-5.9720573,0.2558988,-1.0129253,0.9730666,0.5668748,0.13144352,0.18951124,0.3665627,0.14556384,0.35499358,0.38786724,0.24864022,0.21450064
10.319761,10.106994,-0.8755509,17,0,0,00:00.0,00:00.0,uploads\f2e6d795-3777-11f0-84b6-581122bb7f2c\20210509T200000+1000_REC_197.wav,False,0,0,0,0,0,0,0,0,0,0,0,0,insects,-5.9649067,0.30168918,-1.0018524,1.0110166,0.6041867,0.10104146,0.253502,0.37642184,0.15439427,0.39994302,0.26899895,0.2667831,0.20818305
10.329021,10.098803,-0.87949026,17,0,0,00:00.0,00:00.0,uploads\f2e6d795-3777-11f0-84b6-581122bb7f2c\20210509T200000+1000_REC_198.wav,False,0,0,0,0,0,0,0,0,0,0,0,0,insects,-5.9651895,0.3335402,-0.9996516,0.96287364,0.6628455,0.07971868,0.24622695,0.33751377,0.15860221,0.4140535,0.28587708,0.26695463,0.27640128
10.310754,10.137407,-0.9315171,17,0,0,00:00.0,00:00.0,uploads\f2e6d795-3777-11f0-84b6-581122bb7f2c\20210509T200000+1000_REC_199.wav,False,0,0,0,0,0,0,0,0,0,0,0,0,insects,-5.992267,0.29976976,-0.9329945,0.9340213,0.5653405,0.1381041,0.2577573,0.3627741,0.14140348,0.31854138,0.34155518,0.23120287,0.26121613
10.370248,10.083164,-0.84958804,17,0,0,00:00.0,00:00.0,uploads\f2e6d795-3777-11f0-84b6-581122bb7f2c\20210509T200000+1000_REC_200.wav,False,0,0,0,0,0,0,0,0,0,0,0,0,insects,-5.988901,0.29032034,-0.8711203,0.9696727,0.65871185,0.11288992,0.2802313,0.3278817,0.11538038,0.39218575,0.34625524,0.25214273,0.19801465
10.366707,10.08113,-0.8556162,17,0,0,00:00.0,00:00.0,uploads\f2e6d795-3777-11f0-84b6-581122bb7f2c\20210509T200000+1000_REC_201.wav,False,0,0,0,0,0,0,0,0,0,0,0,0,insects,-5.9771895,0.3328572,-0.9105133,0.9745826,0.6616738,0.10442258,0.29102653,0.38212398,0.112974726,0.3892446,0.36296287,0.22918876,0.21899363
10.291417,10.12663,-0.9271371,17,0,0,00:00.0,00:00.0,uploads\f2e6d795-3777-11f0-84b6-581122bb7f2c\20210509T200000+1000_REC_202.wav,False,0,0,0,0,0,0,0,0,0,0,0,0,insects,-5.954031,0.29200366,-1.0034065,1.046685,0.6133308,0.14524116,0.2595035,0.4002585,0.14299238,0.37813556,0.38433948,0.2682882,0.23058562
10.245795,10.150767,-0.92762744,17,0,0,00:00.0,00:00.0,uploads\f2e6d795-3777-11f0-84b6-581122bb7f2c\20210509T200000+1000_REC_203.wav,False,0,0,0,0,0,0,0,0,0,0,0,0,insects,-5.945785,0.3067658,-0.99071544,1.0991303,0.66206694,0.18060875,0.20862895,0.39754695,0.14194296,0.33792314,0.37471882,0.29150826,0.21797481
10.251639,10.121445,-0.7906625,17,0,0,00:00.0,00:00.0,uploads\f2e6d795-3777-11f0-84b6-581122bb7f2c\20210509T200000+1000_REC_204.wav,False,0,0,0,0,0,0,0,0,0,0,0,0,insects,-5.9721003,0.30782065,-0.9421861,1.0130877,0.5649444,0.08287808,0.3219015,0.35219824,0.04615839,0.35120326,0.4192675,0.3286658,0.12680978
10.202964,10.194105,-1.0132364,17,0,0,00:00.0,00:00.0,uploads\f2e6d795-3777-11f0-84b6-581122bb7f2c\20210509T200000+1000_REC_205.wav,False,0,0,0,0,0,0,0,0,0,0,0,0,insects,-5.97475,0.22972353,-0.97775745,0.995342,0.60532814,0.11076738,0.16340002,0.36691594,0.17553544,0.2929991,0.3743206,0.27799988,0.22530578
10.315107,10.099517,-0.8541033,17,0,0,00:00.0,00:00.0,uploads\f2e6d795-3777-11f0-84b6-581122bb7f2c\20210509T200000+1000_REC_206.wav,False,0,0,0,0,0,0,0,0,0,0,0,0,insects,-5.970479,0.32712966,-0.94678354,0.9895031,0.6753206,0.07531265,0.28085852,0.36394164,0.1552641,0.33834925,0.3209781,0.3070537,0.21008839
10.155274,10.197088,-0.90205544,17,0,0,00:00.0,00:00.0,uploads\f2e6d795-3777-11f0-84b6-581122bb7f2c\20210509T200000+1000_REC_207.wav,False,0,0,0,0,0,0,0,0,0,0,0,0,insects,-5.95744,0.34690297,-1.0200278,0.9952642,0.6389362,0.053063028,0.22622229,0.37429214,0.14981696,0.34766027,0.3444246,0.33592463,0.2120832
10.264466,10.163009,-0.9828095,17,0,0,00:00.0,00:00.0,uploads\f2e6d795-3777-11f0-84b6-581122bb7f2c\20210509T200000+1000_REC_208.wav,False,0,0,0,0,0,0,0,0,0,0,0,0,insects,-5.9933805,0.1434065,-0.9049266,0.95919144,0.57110095,0.22893396,0.16179992,0.40639347,0.15314452,0.3092476,0.3519723,0.30857748,0.20581654
10.045211,10.229138,-0.8024968,17,0,0,00:00.0,00:00.0,uploads\f2e6d795-3777-11f0-84b6-581122bb7f2c\20210509T200000+1000_REC_209.wav,False,0,0,0,0,0,0,0,0,0,0,0,0,insects,-5.9743285,0.37041497,-0.9832905,0.94641715,0.600311,0.010917195,0.22392024,0.33103603,0.08956201,0.35679546,0.291989,0.37189108,0.21863382
10.22659,10.16047,-0.88293415,17,0,0,00:00.0,00:00.0,uploads\f2e6d795-3777-11f0-84b6-581122bb7f2c\20210509T200000+1000_REC_210.wav,False,0,0,0,0,0,0,0,0,0,0,0,0,insects,-5.9730353,0.27834377,-0.9731176,0.9921182,0.6198032,0.10670907,0.2181146,0.34839702,0.14469057,0.330653,0.3270557,0.33999795,0.20642921
10.194791,10.204758,-1.0231856,17,0,0,00:00.0,00:00.0,uploads\f2e6d795-3777-11f0-84b6-581122bb7f2c\20210509T200000+1000_REC_211.wav,True,0,0,0,0,1,0,0,0,0,0,0,0,insects,-5.967403,0.24264972,-1.0389763,0.99062455,0.59804827,0.09444977,0.19135799,0.3440375,0.10823973,0.285649,0.35343453,0.2522029,0.16656937
9.988615,10.26856,-0.9455781,17,0,0,00:00.0,00:00.0,uploads\f2e6d795-3777-11f0-84b6-581122bb7f2c\20210509T200000+1000_REC_212.wav,False,0,0,0,0,0,0,0,0,0,0,0,0,insects,-5.967405,0.27566826,-1.0014516,0.99714345,0.62272394,-0.015584793,0.2142426,0.36521363,0.16847983,0.36647958,0.25707686,0.2788026,0.19731906
10.196873,10.197199,-1.0006131,17,0,0,00:00.0,00:00.0,uploads\f2e6d795-3777-11f0-84b6-581122bb7f2c\20210509T200000+1000_REC_213.wav,False,0,0,0,0,0,0,0,0,0,0,0,0,insects,-5.983094,0.28282273,-1.0158261,0.91814905,0.5565859,0.074321315,0.20904373,0.33303967,0.13590509,0.30035913,0.3553426,0.26136827,0.1745045
10.037962,10.236998,-0.8382772,17,0,0,00:00.0,00:00.0,uploads\f2e6d795-3777-11f0-84b6-581122bb7f2c\20210509T200000+1000_REC_214.wav,False,0,0,0,0,0,0,0,0,0,0,0,0,insects,-5.962204,0.32895407,-1.0749067,0.97025514,0.5795398,0.061990086,0.18931812,0.30007845,0.13768144,0.28920928,0.28054464,0.37008414,0.17014976
10.034492,10.238078,-0.83359194,17,0,0,00:00.0,00:00.0,uploads\f2e6d795-3777-11f0-84b6-581122bb7f2c\20210509T200000+1000_REC_215.wav,False,0,0,0,0,0,0,0,0,0,0,0,0,insects,-5.9725857,0.33634153,-1.0229266,0.92618865,0.62993044,0.01887338,0.20206349,0.32019547,0.13562515,0.32358238,0.27553096,0.34496656,0.1838908
10.163917,10.210606,-1.0160227,17,0,0,00:00.0,00:00.0,uploads\f2e6d795-3777-11f0-84b6-581122bb7f2c\20210509T200000+1000_REC_216.wav,False,0,0,0,0,0,0,0,0,0,0,0,0,insects,-5.97174,0.2993929,-1.0398409,0.92290777,0.6140229,0.08030563,0.22776295,0.39394423,0.13146791,0.27659857,0.31746182,0.2967847,0.16368917
-1.5695252,5.155111,0.8274489,18,0,0,00:00.0,00:00.0,uploads\f2e6d795-3777-11f0-84b6-581122bb7f2c\20210509T200000+1000_REC_111.wav,False,0,0,0,0,0,0,0,0,0,0,0,0,insects,-5.9727545,0.19838734,-0.97688776,1.0328182,0.5048109,-0.0513529,0.19466394,0.40893355,0.04955122,0.20371193,0.40017545,0.27778924,0.21783341
-1.3173561,5.1766033,1.1378801,18,0,0,00:00.0,00:00.0,uploads\f2e6d795-3777-11f0-84b6-581122bb7f2c\20210509T200000+1000_REC_147.wav,False,0,0,0,0,0,0,0,0,0,0,0,0,insects,-5.9878716,0.36856988,-0.8310318,0.9931584,0.7457054,-0.031475138,0.21149929,0.3640352,0.12106742,0.1998673,0.29227507,0.20900919,0.1188456
-1.3194497,5.142841,1.1237963,18,0,0,00:00.0,00:00.0,uploads\f2e6d795-3777-11f0-84b6-581122bb7f2c\20210509T200000+1000_REC_218.wav,False,0,0,0,0,0,0,0,0,0,0,0,0,insects,-5.969964,0.3048518,-0.99557287,0.9397025,0.6404004,-0.039826762,0.20352288,0.40091085,0.10287727,0.2572099,0.39987457,0.3248289,0.14199117
-1.3372955,5.1395516,1.1097637,18,0,0,00:00.0,00:00.0,uploads\f2e6d795-3777-11f0-84b6-581122bb7f2c\20210509T200000+1000_REC_219.wav,False,0,0,0,0,0,0,0,0,0,0,0,0,insects,-5.9698124,0.2219036,-1.0002941,0.95436525,0.64544225,0.013540315,0.18569805,0.43784046,0.12670153,0.21706833,0.41527167,0.26953083,0.118520945
-1.3306409,5.139329,1.1147631,18,0,0,00:00.0,00:00.0,uploads\f2e6d795-3777-11f0-84b6-581122bb7f2c\20210509T200000+1000_REC_220.wav,False,0,0,0,0,0,0,0,0,0,0,0,0,insects,-5.973778,0.22930968,-1.0125148,0.88181615,0.6657084,0.0008751433,0.21086471,0.43320143,0.121348046,0.22570744,0.41988564,0.29419127,0.13900784
-1.2978857,5.1415706,1.1393721,18,0,0,00:00.0,00:00.0,uploads\f2e6d795-3777-11f0-84b6-581122bb7f2c\20210509T200000+1000_REC_221.wav,False,0,0,0,0,0,0,0,0,0,0,0,0,insects,-5.982334,0.3531575,-0.93004316,0.92731094,0.62982965,-0.11013359,0.19372706,0.40585104,0.10021401,0.20952748,0.35643736,0.3329973,0.17164932
-1.3542035,5.1526,1.1040567,18,0,0,00:00.0,00:00.0,uploads\f2e6d795-3777-11f0-84b6-581122bb7f2c\20210509T200000+1000_REC_222.wav,False,0,0,0,0,0,0,0,0,0,0,0,0,insects,-5.9808526,0.23079856,-0.8952306,0.99962014,0.6704431,0.03102219,0.24829295,0.39150625,0.11086838,0.21256316,0.42116976,0.2731032,0.10156991
-1.454014,5.1489506,1.0028207,18,0,0,00:00.0,00:00.0,uploads\f2e6d795-3777-11f0-84b6-581122bb7f2c\20210509T200000+1000_REC_223.wav,False,0,0,0,0,0,0,0,0,0,0,0,0,insects,-5.9945793,0.23239231,-0.90073484,0.93012935,0.5903448,-0.016735263,0.16960175,0.36702642,0.0820343,0.20027389,0.4727078,0.2656084,0.10485653
-1.3640269,5.164846,1.0909845,18,0,0,00:00.0,00:00.0,uploads\f2e6d795-3777-11f0-84b6-581122bb7f2c\20210509T200000+1000_REC_224.wav,False,0,0,0,0,0,0,0,0,0,0,0,0,insects,-6.001842,0.24035923,-0.84482676,0.9083022,0.62886935,-0.072084635,0.2511867,0.39392886,0.1269209,0.25382304,0.413226,0.27442923,0.14879732
-1.3632023,5.156186,1.0983667,18,0,0,00:00.0,00:00.0,uploads\f2e6d795-3777-11f0-84b6-581122bb7f2c\20210509T200000+1000_REC_225.wav,False,0,0,0,0,0,0,0,0,0,0,0,0,insects,-6.0013485,0.20855953,-0.8834395,0.8907257,0.61200637,-0.006160129,0.29014844,0.36454758,0.109285004,0.23412229,0.422833,0.28823477,0.12771685
-1.4608614,5.157526,0.9994225,18,0,0,00:00.0,00:00.0,uploads\f2e6d795-3777-11f0-84b6-581122bb7f2c\20210509T200000+1000_REC_226.wav,False,0,0,0,0,0,0,0,0,0,0,0,0,insects,-6.001198,0.18444186,-0.90642244,0.8893516,0.6014498,0.002089328,0.21301213,0.37942743,0.06726504,0.2201631,0.40956098,0.25068802,0.1359986
-1.4781682,5.1469507,0.9951526,18,0,0,00:00.0,00:00.0,uploads\f2e6d795-3777-11f0-84b6-581122bb7f2c\20210509T200000+1000_REC_227.wav,False,0,0,0,0,0,0,0,0,0,0,0,0,insects,-6.0085864,0.21169154,-0.888234,0.84151846,0.6015078,-0.020936882,0.16391431,0.38239256,0.056514066,0.18725114,0.43270123,0.2455256,0.121148504
-1.5235544,5.1649437,0.96570104,18,0,0,00:00.0,00:00.0,uploads\f2e6d795-3777-11f0-84b6-581122bb7f2c\20210509T200000+1000_REC_228.wav,True,0,0,0,0,1,0,0,0,0,0,0,0,insects,-6.0112467,0.20637624,-0.8553385,0.8184166,0.6134108,-0.030691395,0.12068144,0.43841442,0.084515415,0.15876555,0.4789317,0.23981504,0.14800234
-1.4963799,5.158921,0.9641497,18,0,0,00:00.0,00:00.0,uploads\f2e6d795-3777-11f0-84b6-581122bb7f2c\20210509T200000+1000_REC_229.wav,False,0,0,0,0,0,0,0,0,0,0,0,0,insects,-5.9980273,0.22336781,-0.9082658,0.8857511,0.6060525,-0.024219152,0.20762533,0.43861076,0.062796466,0.18243325,0.40010986,0.25261948,0.1579889
-1.5139287,5.124878,0.9433306,18,0,0,00:00.0,00:00.0,uploads\f2e6d795-3777-11f0-84b6-581122bb7f2c\20210509T200000+1000_REC_230.wav,False,0,0,0,0,0,0,0,0,0,0,0,0,insects,-5.9879055,0.25610846,-0.9033816,0.9180857,0.6631336,0.041440975,0.20947373,0.4428053,0.06453386,0.21937335,0.45273364,0.23282242,0.16510263
-1.5740561,5.1239605,0.90126336,18,0,0,00:00.0,00:00.0,uploads\f2e6d795-3777-11f0-84b6-581122bb7f2c\20210509T200000+1000_REC_231.wav,False,0,0,0,0,0,0,0,0,0,0,0,0,insects,-5.9932837,0.21157137,-0.90031254,0.93794256,0.5712784,0.064996175,0.17311998,0.4652826,0.084580354,0.16938758,0.4701364,0.20581011,0.2015401
-1.4552058,5.1294827,1.0057738,18,0,0,00:00.0,00:00.0,uploads\f2e6d795-3777-11f0-84b6-581122bb7f2c\20210509T200000+1000_REC_232.wav,False,0,0,0,0,0,0,0,0,0,0,0,0,insects,-5.9872713,0.18593536,-0.9163497,0.94772583,0.62276006,0.03654266,0.2113459,0.41158986,0.10946336,0.2354497,0.45503154,0.25285283,0.16408683
-1.4490974,5.1253242,1.0052502,18,0,0,00:00.0,00:00.0,uploads\f2e6d795-3777-11f0-84b6-581122bb7f2c\20210509T200000+1000_REC_233.wav,False,0,0,0,0,0,0,0,0,0,0,0,0,insects,-6.0039983,0.21889293,-0.87724066,0.8712422,0.6104673,0.029368484,0.24138264,0.43309724,0.10135897,0.1989745,0.43606505,0.25406796,0.1630914
-1.5174546,5.119048,0.9460969,18,0,0,00:00.0,00:00.0,uploads\f2e6d795-3777-11f0-84b6-581122bb7f2c\20210509T200000+1000_REC_234.wav,False,0,0,0,0,0,0,0,0,0,0,0,0,insects,-5.98925,0.23149875,-0.91370136,0.9325961,0.599366,0.045694523,0.17416428,0.43486837,0.097782,0.20588693,0.48776114,0.23966289,0.15491916
-1.5831714,5.08529,0.8400574,18,0,0,00:00.0,00:00.0,uploads\f2e6d795-3777-11f0-84b6-581122bb7f2c\20210509T200000+1000_REC_235.wav,False,0,0,0,0,0,0,0,0,0,0,0,0,insects,-5.9657736,0.18581824,-0.9556232,0.9991977,0.66041356,0.007976568,0.22273462,0.4537522,0.041497726,0.23893401,0.4736743,0.2470071,0.16506366
-1.553497,5.1594324,0.82510537,18,0,0,00:00.0,00:00.0,uploads\f2e6d795-3777-11f0-84b6-581122bb7f2c\20210509T200000+1000_REC_236.wav,False,0,0,0,0,0,0,0,0,0,0,0,0,insects,-5.9905725,0.16566667,-0.89275956,0.9826687,0.55130243,-0.016606126,0.19144665,0.41547722,0.04221114,0.2162132,0.46439373,0.19655252,0.2158076
-1.5943195,5.130645,0.90514153,18,0,0,00:00.0,00:00.0,uploads\f2e6d795-3777-11f0-84b6-581122bb7f2c\20210509T200000+1000_REC_237.wav,False,0,0,0,0,0,0,0,0,0,0,0,0,insects,-5.9926953,0.15860988,-0.9507354,0.88409823,0.56972134,0.01797082,0.1704225,0.4475194,0.06263244,0.16630544,0.45999226,0.21872728,0.15568234
-1.5964493,5.106313,0.85929257,18,0,0,00:00.0,00:00.0,uploads\f2e6d795-3777-11f0-84b6-581122bb7f2c\20210509T200000+1000_REC_238.wav,False,0,0,0,0,0,0,0,0,0,0,0,0,insects,-5.9739323,0.15559354,-1.0149283,0.94502836,0.5615363,0.0052949847,0.15678926,0.43627843,0.073799714,0.1638973,0.45980766,0.23859778,0.17347907
-1.5943044,5.0998254,0.820279,18,0,0,00:00.0,00:00.0,uploads\f2e6d795-3777-11f0-84b6-581122bb7f2c\20210509T200000+1000_REC_239.wav,False,0,0,0,0,0,0,0,0,0,0,0,0,insects,-5.9729466,0.11457528,-0.99118876,0.964434,0.5708802,-0.0033086545,0.18309146,0.42119738,0.04165422,0.21400008,0.4928071,0.22816236,0.17834233
-1.3893427,5.16849,1.0505487,18,0,0,00:00.0,00:00.0,uploads\f2e6d795-3777-11f0-84b6-581122bb7f2c\20210509T200000+1000_REC_240.wav,True,0,0,0,0,1,0,0,0,0,0,0,0,insects,-5.9750786,0.17105001,-0.9838278,0.94930816,0.6060055,-0.07977097,0.24680206,0.3881231,0.020020207,0.24058329,0.40798837,0.26753396,0.14448376
-1.3718891,5.160982,1.0833398,18,0,0,00:00.0,00:00.0,uploads\f2e6d795-3777-11f0-84b6-581122bb7f2c\20210509T200000+1000_REC_241.wav,False,0,0,0,0,0,0,0,0,0,0,0,0,insects,-5.988087,0.18222809,-0.94078183,0.9104382,0.62632895,-0.040417377,0.25533822,0.37563688,0.08340152,0.24314448,0.41124246,0.27982855,0.096670456
-1.3469017,5.132547,1.0924381,18,0,0,00:00.0,00:00.0,uploads\f2e6d795-3777-11f0-84b6-581122bb7f2c\20210509T200000+1000_REC_242.wav,False,0,0,0,0,0,0,0,0,0,0,0,0,insects,-5.986462,0.24626811,-0.9715172,0.8891791,0.5667112,-0.019548375,0.17672765,0.46634895,0.117441274,0.22477753,0.41523257,0.28993192,0.13712952
-1.4161743,5.1373835,1.0171007,18,0,0,00:00.0,00:00.0,uploads\f2e6d795-3777-11f0-84b6-581122bb7f2c\20210509T200000+1000_REC_243.wav,False,0,0,0,0,0,0,0,0,0,0,0,0,insects,-5.981035,0.23196998,-0.9735352,0.9291887,0.5611859,-0.014530893,0.19296098,0.43136877,0.095283434,0.17776811,0.47975472,0.2700136,0.124860585
-1.6321725,5.036764,0.7604104,18,0,0,00:00.0,00:00.0,uploads\f2e6d795-3777-11f0-84b6-581122bb7f2c\20210509T200000+1000_REC_244.wav,False,0,0,0,0,0,0,0,0,0,0,0,0,insects,-5.9671416,0.17255303,-0.98247916,0.94079363,0.6524366,-0.007637879,0.18611154,0.48821557,0.0115087675,0.1851317,0.5035639,0.19664282,0.18016027
-1.6136948,5.0715485,0.79470223,18,0,0,00:00.0,00:00.0,uploads\f2e6d795-3777-11f0-84b6-581122bb7f2c\20210509T200000+1000_REC_245.wav,False,0,0,0,0,0,0,0,0,0,0,0,0,insects,-5.979425,0.17062098,-0.9585795,0.91000867,0.5472379,-0.0021815312,0.26797593,0.5208911,0.006028976,0.2056638,0.5173555,0.1892597,0.15596819
-1.5498875,5.160002,0.8411543,18,0,0,00:00.0,00:00.0,uploads\f2e6d795-3777-11f0-84b6-581122bb7f2c\20210509T200000+1000_REC_246.wav,False,0,0,0,0,0,0,0,0,0,0,0,0,insects,-5.9813323,0.23458253,-0.98885834,0.9244789,0.51620907,-0.030997256,0.19656223,0.44612893,0.07633055,0.23680004,0.469325,0.21037944,0.14698908
-1.5066514,5.15161,0.89879143,18,0,0,00:00.0,00:00.0,uploads\f2e6d795-3777-11f0-84b6-581122bb7f2c\20210509T200000+1000_REC_247.wav,False,0,0,0,0,0,0,0,0,0,0,0,0,insects,-5.972407,0.18664908,-0.9936149,0.95268655,0.5581378,-0.08769081,0.2785509,0.43959513,0.01966242,0.2493215,0.4395962,0.1918821,0.15912065
-1.3218719,5.150247,1.1197284,18,0,0,00:00.0,00:00.0,uploads\f2e6d795-3777-11f0-84b6-581122bb7f2c\20210509T200000+1000_REC_248.wav,False,0,0,0,0,0,0,0,0,0,0,0,0,insects,-5.9826245,0.30040613,-0.98486453,0.8890556,0.54031307,-0.09996677,0.25984237,0.43185624,0.07317734,0.26649025,0.38307607,0.30573064,0.1432657
-1.619762,5.064689,0.79290354,18,0,0,00:00.0,00:00.0,uploads\f2e6d795-3777-11f0-84b6-581122bb7f2c\20210509T200000+1000_REC_249.wav,False,0,0,0,0,0,0,0,0,0,0,0,0,insects,-5.967569,0.1252246,-0.98489887,1.0000718,0.5429611,0.04139011,0.17846109,0.47039595,0.0034055286,0.16473645,0.52226853,0.21492143,0.18625547
-1.5478702,5.1684813,0.8233437,18,0,0,00:00.0,00:00.0,uploads\f2e6d795-3777-11f0-84b6-581122bb7f2c\20210509T200000+1000_REC_250.wav,False,0,0,0,0,0,0,0,0,0,0,0,0,insects,-5.988334,0.123104565,-0.88715154,1.0086863,0.52968,-0.07546807,0.1410153,0.46069756,0.07453575,0.24110535,0.41534424,0.18739529,0.20314917
-1.6242149,5.062003,0.78737676,18,0,0,00:00.0,00:00.0,uploads\f2e6d795-3777-11f0-84b6-581122bb7f2c\20210509T200000+1000_REC_251.wav,False,0,0,0,0,0,0,0,0,0,0,0,0,insects,-5.9662895,0.1443546,-1.0063977,0.97714365,0.5843746,-0.023873692,0.16354263,0.44973665,-0.003952948,0.19438055,0.46956867,0.23138836,0.16982906
-1.6248496,5.058356,0.7774697,18,0,0,00:00.0,00:00.0,uploads\f2e6d795-3777-11f0-84b6-581122bb7f2c\20210509T200000+1000_REC_252.wav,False,0,0,0,0,0,0,0,0,0,0,0,0,insects,-5.9504657,0.113806464,-1.0609766,0.9935266,0.5668745,0.02329071,0.16693194,0.45509654,-0.043790083,0.24887316,0.5294211,0.17022733,0.20884258
-1.6236771,5.058875,0.77916837,18,0,0,00:00.0,00:00.0,uploads\f2e6d795-3777-11f0-84b6-581122bb7f2c\20210509T200000+1000_REC_253.wav,False,0,0,0,0,0,0,0,0,0,0,0,0,insects,-5.9561577,0.1385093,-1.0662754,0.9576862,0.5332192,-0.027753983,0.19174811,0.45455763,-0.026023276,0.23678525,0.53171736,0.1529902,0.18920761
-1.5861663,5.14196,0.90194196,18,0,0,00:00.0,00:00.0,uploads\f2e6d795-3777-11f0-84b6-581122bb7f2c\20210509T200000+1000_REC_254.wav,False,0,0,0,0,0,0,0,0,0,0,0,0,insects,-5.9840174,0.18138112,-0.99091995,0.9262361,0.52559996,0.06253035,0.15860508,0.42955762,0.053158045,0.20988853,0.46499667,0.20893337,0.14168279
-1.6046159,5.1023993,0.8407508,18,0,0,00:00.0,00:00.0,uploads\f2e6d795-3777-11f0-84b6-581122bb7f2c\20210509T200000+1000_REC_255.wav,False,0,0,0,0,0,0,0,0,0,0,0,0,insects,-5.9934163,0.10244785,-0.9326446,0.91763896,0.4933843,0.048118714,0.19069317,0.49632117,0.044000104,0.19420096,0.46742317,0.1997871,0.19363907
-1.566628,5.1565566,0.90736645,18,0,0,00:00.0,00:00.0,uploads\f2e6d795-3777-11f0-84b6-581122bb7f2c\20210509T200000+1000_REC_256.wav,True,0,0,0,0,1,0,0,0,0,0,0,0,insects,-5.99125,0.14220674,-0.9588729,0.89433706,0.5590361,0.008635506,0.20072655,0.42712605,0.019890718,0.23864892,0.39752433,0.30054,0.15571785
-1.5879531,5.1500754,0.84216005,18,0,0,00:00.0,00:00.0,uploads\f2e6d795-3777-11f0-84b6-581122bb7f2c\20210509T200000+1000_REC_257.wav,False,0,0,0,0,0,0,0,0,0,0,0,0,insects,-5.9951143,0.10732808,-0.9464661,0.86638457,0.5335558,-0.010046879,0.2016479,0.4555528,0.032401703,0.23026048,0.4619669,0.2464015,0.13419831
-1.6357392,5.1647696,0.9363302,18,0,0,00:00.0,00:00.0,uploads\f2e6d795-3777-11f0-84b6-581122bb7f2c\20210509T200000+1000_REC_258.wav,False,0,0,0,0,0,0,0,0,0,0,0,0,insects,-6.0023537,0.089041024,-0.9220517,0.90826565,0.5066871,0.05816949,0.14219472,0.4110631,0.06768609,0.18483365,0.41142058,0.27629894,0.1660384
-1.5558931,5.1581306,0.8460444,18,0,0,00:00.0,00:00.0,uploads\f2e6d795-3777-11f0-84b6-581122bb7f2c\20210509T200000+1000_REC_259.wav,True,0,0,0,0,1,0,0,0,0,0,0,0,insects,-5.9912653,0.19972417,-0.9955266,0.86565346,0.46383128,-0.037965987,0.20378767,0.47526172,0.043258373,0.19053747,0.42114726,0.22605057,0.14800905
-1.5533718,5.1597033,0.83884245,18,0,0,00:00.0,00:00.0,uploads\f2e6d795-3777-11f0-84b6-581122bb7f2c\20210509T200000+1000_REC_260.wav,False,0,0,0,0,0,0,0,0,0,0,0,0,insects,-5.985275,0.16850002,-0.9982073,0.91985315,0.48498958,-0.0551562,0.16100371,0.4599045,0.079217315,0.21096392,0.3960007,0.21362884,0.1618477
-1.6723218,5.153893,0.9285093,18,0,0,00:00.0,00:00.0,uploads\f2e6d795-3777-11f0-84b6-581122bb7f2c\20210509T200000+1000_REC_261.wav,False,0,0,0,0,0,0,0,0,0,0,0,0,insects,-5.983269,0.14589573,-0.9729103,0.9460017,0.54568386,0.082839146,0.12412291,0.41114512,0.054174673,0.16798633,0.46682638,0.26901028,0.22841786
-1.6144723,5.0710025,0.8082863,18,0,0,00:00.0,00:00.0,uploads\f2e6d795-3777-11f0-84b6-581122bb7f2c\20210509T200000+1000_REC_262.wav,True,0,0,0,0,1,0,0,0,0,0,0,0,insects,-5.969697,0.11661746,-0.99370337,0.9347558,0.59720206,0.007692744,0.14354002,0.52112377,0.060940694,0.18810049,0.5012071,0.2236647,0.14785855
-1.6090744,5.161555,0.9211092,18,0,0,00:00.0,00:00.0,uploads\f2e6d795-3777-11f0-84b6-581122bb7f2c\20210509T200000+1000_REC_263.wav,False,0,0,0,0,0,0,0,0,0,0,0,0,insects,-5.9982457,0.11855213,-0.94233686,0.8647995,0.5539594,0.021802615,0.14459525,0.44068685,0.04210626,0.18040739,0.43057144,0.2699101,0.16289043
-1.6045518,5.167149,0.9258515,18,0,0,00:00.0,00:00.0,uploads\f2e6d795-3777-11f0-84b6-581122bb7f2c\20210509T200000+1000_REC_264.wav,False,0,0,0,0,0,0,0,0,0,0,0,0,insects,-6.014894,0.13748208,-0.8940819,0.83874875,0.49392584,0.007762783,0.15116316,0.4233446,0.07808978,0.16882181,0.44002387,0.21080628,0.14766206
-1.6656333,5.1490097,0.92620283,18,0,0,00:00.0,00:00.0,uploads\f2e6d795-3777-11f0-84b6-581122bb7f2c\20210509T200000+1000_REC_265.wav,False,0,0,0,0,0,0,0,0,0,0,0,0,insects,-5.985997,0.22081672,-1.0078702,0.92809665,0.49914783,0.09245309,0.08672812,0.4098001,0.06271631,0.18459259,0.39093363,0.22739862,0.21456729
-1.6562253,5.150117,0.92717075,18,0,0,00:00.0,00:00.0,uploads\f2e6d795-3777-11f0-84b6-581122bb7f2c\20210509T200000+1000_REC_266.wav,False,0,0,0,0,0,0,0,0,0,0,0,0,insects,-5.9960694,0.21002276,-0.9524678,0.9127745,0.46897852,0.05513526,0.059565503,0.46249706,0.10548204,0.1657037,0.41267842,0.23826087,0.21447627
9.551969,12.5607395,0.25477377,19,0,0,00:00.0,00:00.0,uploads\f2e6d795-3777-11f0-84b6-581122bb7f2c\20210509T200000+1000_REC_143.wav,True,0,0,0,0,1,0,0,0,0,1,0,0,insects + vehicles (aircraft/cars),-5.9837785,0.4364283,-0.7589085,1.0786831,0.72743374,0.11125825,0.2580005,0.41725424,0.17314823,0.19737075,0.26867208,0.16759758,0.104820214
9.553357,12.578689,0.26514354,19,0,0,00:00.0,00:00.0,uploads\f2e6d795-3777-11f0-84b6-581122bb7f2c\20210509T200000+1000_REC_144.wav,False,0,0,0,0,0,0,0,0,0,0,0,0,insects + vehicles (aircraft/cars),-5.9520545,0.4530796,-0.82484037,1.1453565,0.7944101,0.082582995,0.26566076,0.4708059,0.109434515,0.16478182,0.2806262,0.16724505,0.10535566
9.552137,12.563178,0.25604457,19,0,0,00:00.0,00:00.0,uploads\f2e6d795-3777-11f0-84b6-581122bb7f2c\20210509T200000+1000_REC_145.wav,False,0,0,0,0,0,0,0,0,0,0,0,0,insects + vehicles (aircraft/cars),-5.959068,0.41189724,-0.8139195,1.1326221,0.76933503,0.09221535,0.23977776,0.49626586,0.13686943,0.19670556,0.2921217,0.16142794,0.14809747
9.555191,12.564204,0.25441372,19,0,0,00:00.0,00:00.0,uploads\f2e6d795-3777-11f0-84b6-581122bb7f2c\20210509T200000+1000_REC_146.wav,False,0,0,0,0,0,0,0,0,0,0,0,0,insects + vehicles (aircraft/cars),-5.987578,0.3964083,-0.81782675,1.0020964,0.72202796,0.122033715,0.1916845,0.43670008,0.20148866,0.17464091,0.31842583,0.19824015,0.13542773
9.552459,12.5621195,0.2550388,19,0,0,00:00.0,00:00.0,uploads\f2e6d795-3777-11f0-84b6-581122bb7f2c\20210509T200000+1000_REC_148.wav,False,0,0,0,0,0,0,0,0,0,0,0,0,insects + vehicles (aircraft/cars),-5.9710703,0.3763262,-0.76878977,1.1413392,0.7359867,0.049695816,0.20517407,0.46971673,0.21029048,0.19824365,0.29109195,0.12577288,0.1341989
9.552643,12.553573,0.2510048,19,0,0,00:00.0,00:00.0,uploads\f2e6d795-3777-11f0-84b6-581122bb7f2c\20210509T200000+1000_REC_149.wav,False,0,0,0,0,0,0,0,0,0,0,0,0,insects + vehicles (aircraft/cars),-5.968921,0.3687356,-0.85855985,1.0522329,0.7514437,0.058068413,0.25438517,0.42747614,0.18778704,0.25379035,0.33543733,0.21121696,0.15011415
